sample_index,timestamp_index,is_synthetic,source_id,scenario_name,phase,true_alert_label,severity,incident_start,incident_peak,incident_end,generation_config_id
0,0,True,synthetic_stress_public_baseline,flash_crowd,background,False,0.0,-1,-1,-1,882e3f3f4815385e
1,1,True,synthetic_stress_public_baseline,flash_crowd,background,False,0.0,-1,-1,-1,882e3f3f4815385e
2,2,True,synthetic_stress_public_baseline,flash_crowd,background,False,0.0,-1,-1,-1,882e3f3f4815385e
3,3,True,synthetic_stress_public_baseline,flash_crowd,background,False,0.0,-1,-1,-1,882e3f3f4815385e
4,4,True,synthetic_stress_public_baseline,flash_crowd,background,False,0.0,-1,-1,-1,882e3f3f4815385e
5,5,True,synthetic_stress_public_baseline,flash_crowd,background,False,0.0,-1,-1,-1,882e3f3f4815385e
6,6,True,synthetic_stress_public_baseline,flash_crowd,background,False,0.0,-1,-1,-1,882e3f3f4815385e
7,7,True,synthetic_stress_public_baseline,flash_crowd,background,False,0.0,-1,-1,-1,882e3f3f4815385e
8,8,True,synthetic_stress_public_baseline,flash_crowd,background,False,0.0,-1,-1,-1,882e3f3f4815385e
9,9,True,synthetic_stress_public_baseline,flash_crowd,background,False,0.0,-1,-1,-1,882e3f3f4815385e
10,10,True,synthetic_stress_public_baseline,flash_crowd,background,False,0.0,-1,-1,-1,882e3f3f4815385e
11,11,True,synthetic_stress_public_baseline,flash_crowd,background,False,0.0,-1,-1,-1,882e3f3f4815385e
12,12,True,synthetic_stress_public_baseline,flash_crowd,background,False,0.0,-1,-1,-1,882e3f3f4815385e
13,13,True,synthetic_stress_public_baseline,flash_crowd,background,False,0.0,-1,-1,-1,882e3f3f4815385e
14,14,True,synthetic_stress_public_baseline,flash_crowd,background,False,0.0,-1,-1,-1,882e3f3f4815385e
15,15,True,synthetic_stress_public_baseline,flash_crowd,background,False,0.0,-1,-1,-1,882e3f3f4815385e
16,16,True,synthetic_stress_public_baseline,flash_crowd,background,False,0.0,-1,-1,-1,882e3f3f4815385e
17,17,True,synthetic_stress_public_baseline,flash_crowd,background,False,0.0,-1,-1,-1,882e3f3f4815385e
18,18,True,synthetic_stress_public_baseline,flash_crowd,background,False,0.0,-1,-1,-1,882e3f3f4815385e
19,19,True,synthetic_stress_public_baseline,flash_crowd,background,False,0.0,-1,-1,-1,882e3f3f4815385e
20,20,True,synthetic_stress_public_baseline,flash_crowd,background,False,0.0,-1,-1,-1,882e3f3f4815385e
21,21,True,synthetic_stress_public_baseline,flash_crowd,background,False,0.0,-1,-1,-1,882e3f3f4815385e
22,22,True,synthetic_stress_public_baseline,flash_crowd,background,False,0.0,-1,-1,-1,882e3f3f4815385e
23,23,True,synthetic_stress_public_baseline,flash_crowd,background,False,0.0,-1,-1,-1,882e3f3f4815385e
24,24,True,synthetic_stress_public_baseline,flash_crowd,background,False,0.0,-1,-1,-1,882e3f3f4815385e
25,25,True,synthetic_stress_public_baseline,flash_crowd,background,False,0.0,-1,-1,-1,882e3f3f4815385e
26,26,True,synthetic_stress_public_baseline,flash_crowd,background,False,0.0,-1,-1,-1,882e3f3f4815385e
27,27,True,synthetic_stress_public_baseline,flash_crowd,background,False,0.0,-1,-1,-1,882e3f3f4815385e
28,28,True,synthetic_stress_public_baseline,flash_crowd,background,False,0.0,-1,-1,-1,882e3f3f4815385e
29,29,True,synthetic_stress_public_baseline,flash_crowd,background,False,0.0,-1,-1,-1,882e3f3f4815385e
30,30,True,synthetic_stress_public_baseline,flash_crowd,background,False,0.0,-1,-1,-1,882e3f3f4815385e
31,31,True,synthetic_stress_public_baseline,flash_crowd,background,False,0.0,-1,-1,-1,882e3f3f4815385e
32,32,True,synthetic_stress_public_baseline,flash_crowd,background,False,0.0,-1,-1,-1,882e3f3f4815385e
33,33,True,synthetic_stress_public_baseline,flash_crowd,background,False,0.0,-1,-1,-1,882e3f3f4815385e
34,34,True,synthetic_stress_public_baseline,flash_crowd,background,False,0.0,-1,-1,-1,882e3f3f4815385e
35,35,True,synthetic_stress_public_baseline,flash_crowd,background,False,0.0,-1,-1,-1,882e3f3f4815385e
36,36,True,synthetic_stress_public_baseline,flash_crowd,background,False,0.0,-1,-1,-1,882e3f3f4815385e
37,37,True,synthetic_stress_public_baseline,flash_crowd,background,False,0.0,-1,-1,-1,882e3f3f4815385e
38,38,True,synthetic_stress_public_baseline,flash_crowd,background,False,0.0,-1,-1,-1,882e3f3f4815385e
39,39,True,synthetic_stress_public_baseline,flash_crowd,background,False,0.0,-1,-1,-1,882e3f3f4815385e
40,40,True,synthetic_stress_public_baseline,flash_crowd,background,False,0.0,-1,-1,-1,882e3f3f4815385e
41,41,True,synthetic_stress_public_baseline,flash_crowd,background,False,0.0,-1,-1,-1,882e3f3f4815385e
42,42,True,synthetic_stress_public_baseline,flash_crowd,background,False,0.0,-1,-1,-1,882e3f3f4815385e
43,43,True,synthetic_stress_public_baseline,flash_crowd,background,False,0.0,-1,-1,-1,882e3f3f4815385e
44,44,True,synthetic_stress_public_baseline,flash_crowd,background,False,0.0,-1,-1,-1,882e3f3f4815385e
45,45,True,synthetic_stress_public_baseline,flash_crowd,background,False,0.0,-1,-1,-1,882e3f3f4815385e
46,46,True,synthetic_stress_public_baseline,flash_crowd,background,False,0.0,-1,-1,-1,882e3f3f4815385e
47,47,True,synthetic_stress_public_baseline,flash_crowd,background,False,0.0,-1,-1,-1,882e3f3f4815385e
48,48,True,synthetic_stress_public_baseline,flash_crowd,background,False,0.0,-1,-1,-1,882e3f3f4815385e
49,49,True,synthetic_stress_public_baseline,flash_crowd,background,False,0.0,-1,-1,-1,882e3f3f4815385e
50,50,True,synthetic_stress_public_baseline,flash_crowd,background,False,0.0,-1,-1,-1,882e3f3f4815385e
51,51,True,synthetic_stress_public_baseline,flash_crowd,background,False,0.0,-1,-1,-1,882e3f3f4815385e
52,52,True,synthetic_stress_public_baseline,flash_crowd,background,False,0.0,-1,-1,-1,882e3f3f4815385e
53,53,True,synthetic_stress_public_baseline,flash_crowd,background,False,0.0,-1,-1,-1,882e3f3f4815385e
54,54,True,synthetic_stress_public_baseline,flash_crowd,background,False,0.0,-1,-1,-1,882e3f3f4815385e
55,55,True,synthetic_stress_public_baseline,flash_crowd,background,False,0.0,-1,-1,-1,882e3f3f4815385e
56,56,True,synthetic_stress_public_baseline,flash_crowd,background,False,0.0,-1,-1,-1,882e3f3f4815385e
57,57,True,synthetic_stress_public_baseline,flash_crowd,background,False,0.0,-1,-1,-1,882e3f3f4815385e
58,58,True,synthetic_stress_public_baseline,flash_crowd,background,False,0.0,-1,-1,-1,882e3f3f4815385e
59,59,True,synthetic_stress_public_baseline,flash_crowd,background,False,0.0,-1,-1,-1,882e3f3f4815385e
60,60,True,synthetic_stress_public_baseline,flash_crowd,background,False,0.0,-1,-1,-1,882e3f3f4815385e
61,61,True,synthetic_stress_public_baseline,flash_crowd,background,False,0.0,-1,-1,-1,882e3f3f4815385e
62,62,True,synthetic_stress_public_baseline,flash_crowd,background,False,0.0,-1,-1,-1,882e3f3f4815385e
63,63,True,synthetic_stress_public_baseline,flash_crowd,background,False,0.0,-1,-1,-1,882e3f3f4815385e
64,64,True,synthetic_stress_public_baseline,flash_crowd,background,False,0.0,-1,-1,-1,882e3f3f4815385e
65,65,True,synthetic_stress_public_baseline,flash_crowd,background,False,0.0,-1,-1,-1,882e3f3f4815385e
66,66,True,synthetic_stress_public_baseline,flash_crowd,background,False,0.0,-1,-1,-1,882e3f3f4815385e
67,67,True,synthetic_stress_public_baseline,flash_crowd,background,False,0.0,-1,-1,-1,882e3f3f4815385e
68,68,True,synthetic_stress_public_baseline,flash_crowd,background,False,0.0,-1,-1,-1,882e3f3f4815385e
69,69,True,synthetic_stress_public_baseline,flash_crowd,background,False,0.0,-1,-1,-1,882e3f3f4815385e
70,70,True,synthetic_stress_public_baseline,flash_crowd,background,False,0.0,-1,-1,-1,882e3f3f4815385e
71,71,True,synthetic_stress_public_baseline,flash_crowd,background,False,0.0,-1,-1,-1,882e3f3f4815385e
72,72,True,synthetic_stress_public_baseline,flash_crowd,background,False,0.0,-1,-1,-1,882e3f3f4815385e
73,73,True,synthetic_stress_public_baseline,flash_crowd,background,False,0.0,-1,-1,-1,882e3f3f4815385e
74,74,True,synthetic_stress_public_baseline,flash_crowd,background,False,0.0,-1,-1,-1,882e3f3f4815385e
75,75,True,synthetic_stress_public_baseline,flash_crowd,background,False,0.0,-1,-1,-1,882e3f3f4815385e
76,76,True,synthetic_stress_public_baseline,flash_crowd,background,False,0.0,-1,-1,-1,882e3f3f4815385e
77,77,True,synthetic_stress_public_baseline,flash_crowd,background,False,0.0,-1,-1,-1,882e3f3f4815385e
78,78,True,synthetic_stress_public_baseline,flash_crowd,background,False,0.0,-1,-1,-1,882e3f3f4815385e
79,79,True,synthetic_stress_public_baseline,flash_crowd,background,False,0.0,-1,-1,-1,882e3f3f4815385e
80,80,True,synthetic_stress_public_baseline,flash_crowd,background,False,0.0,-1,-1,-1,882e3f3f4815385e
81,81,True,synthetic_stress_public_baseline,flash_crowd,background,False,0.0,-1,-1,-1,882e3f3f4815385e
82,82,True,synthetic_stress_public_baseline,flash_crowd,background,False,0.0,-1,-1,-1,882e3f3f4815385e
83,83,True,synthetic_stress_public_baseline,flash_crowd,background,False,0.0,-1,-1,-1,882e3f3f4815385e
84,84,True,synthetic_stress_public_baseline,flash_crowd,background,False,0.0,-1,-1,-1,882e3f3f4815385e
85,85,True,synthetic_stress_public_baseline,flash_crowd,background,False,0.0,-1,-1,-1,882e3f3f4815385e
86,86,True,synthetic_stress_public_baseline,flash_crowd,background,False,0.0,-1,-1,-1,882e3f3f4815385e
87,87,True,synthetic_stress_public_baseline,flash_crowd,background,False,0.0,-1,-1,-1,882e3f3f4815385e
88,88,True,synthetic_stress_public_baseline,flash_crowd,background,False,0.0,-1,-1,-1,882e3f3f4815385e
89,89,True,synthetic_stress_public_baseline,flash_crowd,background,False,0.0,-1,-1,-1,882e3f3f4815385e
90,90,True,synthetic_stress_public_baseline,flash_crowd,background,False,0.0,-1,-1,-1,882e3f3f4815385e
91,91,True,synthetic_stress_public_baseline,flash_crowd,background,False,0.0,-1,-1,-1,882e3f3f4815385e
92,92,True,synthetic_stress_public_baseline,flash_crowd,background,False,0.0,-1,-1,-1,882e3f3f4815385e
93,93,True,synthetic_stress_public_baseline,flash_crowd,background,False,0.0,-1,-1,-1,882e3f3f4815385e
94,94,True,synthetic_stress_public_baseline,flash_crowd,background,False,0.0,-1,-1,-1,882e3f3f4815385e
95,95,True,synthetic_stress_public_baseline,flash_crowd,background,False,0.0,-1,-1,-1,882e3f3f4815385e
96,96,True,synthetic_stress_public_baseline,flash_crowd,background,False,0.0,-1,-1,-1,882e3f3f4815385e
97,97,True,synthetic_stress_public_baseline,flash_crowd,background,False,0.0,-1,-1,-1,882e3f3f4815385e
98,98,True,synthetic_stress_public_baseline,flash_crowd,background,False,0.0,-1,-1,-1,882e3f3f4815385e
99,99,True,synthetic_stress_public_baseline,flash_crowd,background,False,0.0,-1,-1,-1,882e3f3f4815385e
100,100,True,synthetic_stress_public_baseline,flash_crowd,background,False,0.0,-1,-1,-1,882e3f3f4815385e
101,101,True,synthetic_stress_public_baseline,flash_crowd,background,False,0.0,-1,-1,-1,882e3f3f4815385e
102,102,True,synthetic_stress_public_baseline,flash_crowd,background,False,0.0,-1,-1,-1,882e3f3f4815385e
103,103,True,synthetic_stress_public_baseline,flash_crowd,background,False,0.0,-1,-1,-1,882e3f3f4815385e
104,104,True,synthetic_stress_public_baseline,flash_crowd,background,False,0.0,-1,-1,-1,882e3f3f4815385e
105,105,True,synthetic_stress_public_baseline,flash_crowd,background,False,0.0,-1,-1,-1,882e3f3f4815385e
106,106,True,synthetic_stress_public_baseline,flash_crowd,background,False,0.0,-1,-1,-1,882e3f3f4815385e
107,107,True,synthetic_stress_public_baseline,flash_crowd,background,False,0.0,-1,-1,-1,882e3f3f4815385e
108,108,True,synthetic_stress_public_baseline,flash_crowd,background,False,0.0,-1,-1,-1,882e3f3f4815385e
109,109,True,synthetic_stress_public_baseline,flash_crowd,background,False,0.0,-1,-1,-1,882e3f3f4815385e
110,110,True,synthetic_stress_public_baseline,flash_crowd,background,False,0.0,-1,-1,-1,882e3f3f4815385e
111,111,True,synthetic_stress_public_baseline,flash_crowd,background,False,0.0,-1,-1,-1,882e3f3f4815385e
112,112,True,synthetic_stress_public_baseline,flash_crowd,background,False,0.0,-1,-1,-1,882e3f3f4815385e
113,113,True,synthetic_stress_public_baseline,flash_crowd,background,False,0.0,-1,-1,-1,882e3f3f4815385e
114,114,True,synthetic_stress_public_baseline,flash_crowd,background,False,0.0,-1,-1,-1,882e3f3f4815385e
115,115,True,synthetic_stress_public_baseline,flash_crowd,background,False,0.0,-1,-1,-1,882e3f3f4815385e
116,116,True,synthetic_stress_public_baseline,flash_crowd,background,False,0.0,-1,-1,-1,882e3f3f4815385e
117,117,True,synthetic_stress_public_baseline,flash_crowd,background,False,0.0,-1,-1,-1,882e3f3f4815385e
118,118,True,synthetic_stress_public_baseline,flash_crowd,background,False,0.0,-1,-1,-1,882e3f3f4815385e
119,119,True,synthetic_stress_public_baseline,flash_crowd,background,False,0.0,-1,-1,-1,882e3f3f4815385e
120,120,True,synthetic_stress_public_baseline,flash_crowd,background,False,0.0,-1,-1,-1,882e3f3f4815385e
121,121,True,synthetic_stress_public_baseline,flash_crowd,background,False,0.0,-1,-1,-1,882e3f3f4815385e
122,122,True,synthetic_stress_public_baseline,flash_crowd,background,False,0.0,-1,-1,-1,882e3f3f4815385e
123,123,True,synthetic_stress_public_baseline,flash_crowd,background,False,0.0,-1,-1,-1,882e3f3f4815385e
124,124,True,synthetic_stress_public_baseline,flash_crowd,background,False,0.0,-1,-1,-1,882e3f3f4815385e
125,125,True,synthetic_stress_public_baseline,flash_crowd,background,False,0.0,-1,-1,-1,882e3f3f4815385e
126,126,True,synthetic_stress_public_baseline,flash_crowd,background,False,0.0,-1,-1,-1,882e3f3f4815385e
127,127,True,synthetic_stress_public_baseline,flash_crowd,background,False,0.0,-1,-1,-1,882e3f3f4815385e
128,128,True,synthetic_stress_public_baseline,flash_crowd,background,False,0.0,-1,-1,-1,882e3f3f4815385e
129,129,True,synthetic_stress_public_baseline,flash_crowd,background,False,0.0,-1,-1,-1,882e3f3f4815385e
130,130,True,synthetic_stress_public_baseline,flash_crowd,background,False,0.0,-1,-1,-1,882e3f3f4815385e
131,131,True,synthetic_stress_public_baseline,flash_crowd,background,False,0.0,-1,-1,-1,882e3f3f4815385e
132,132,True,synthetic_stress_public_baseline,flash_crowd,background,False,0.0,-1,-1,-1,882e3f3f4815385e
133,133,True,synthetic_stress_public_baseline,flash_crowd,background,False,0.0,-1,-1,-1,882e3f3f4815385e
134,134,True,synthetic_stress_public_baseline,flash_crowd,background,False,0.0,-1,-1,-1,882e3f3f4815385e
135,135,True,synthetic_stress_public_baseline,flash_crowd,background,False,0.0,-1,-1,-1,882e3f3f4815385e
136,136,True,synthetic_stress_public_baseline,flash_crowd,background,False,0.0,-1,-1,-1,882e3f3f4815385e
137,137,True,synthetic_stress_public_baseline,flash_crowd,background,False,0.0,-1,-1,-1,882e3f3f4815385e
138,138,True,synthetic_stress_public_baseline,flash_crowd,background,False,0.0,-1,-1,-1,882e3f3f4815385e
139,139,True,synthetic_stress_public_baseline,flash_crowd,background,False,0.0,-1,-1,-1,882e3f3f4815385e
140,140,True,synthetic_stress_public_baseline,flash_crowd,background,False,0.0,-1,-1,-1,882e3f3f4815385e
141,141,True,synthetic_stress_public_baseline,flash_crowd,background,False,0.0,-1,-1,-1,882e3f3f4815385e
142,142,True,synthetic_stress_public_baseline,flash_crowd,background,False,0.0,-1,-1,-1,882e3f3f4815385e
143,143,True,synthetic_stress_public_baseline,flash_crowd,background,False,0.0,-1,-1,-1,882e3f3f4815385e
144,144,True,synthetic_stress_public_baseline,flash_crowd,background,False,0.0,-1,-1,-1,882e3f3f4815385e
145,145,True,synthetic_stress_public_baseline,flash_crowd,background,False,0.0,-1,-1,-1,882e3f3f4815385e
146,146,True,synthetic_stress_public_baseline,flash_crowd,background,False,0.0,-1,-1,-1,882e3f3f4815385e
147,147,True,synthetic_stress_public_baseline,flash_crowd,background,False,0.0,-1,-1,-1,882e3f3f4815385e
148,148,True,synthetic_stress_public_baseline,flash_crowd,background,False,0.0,-1,-1,-1,882e3f3f4815385e
149,149,True,synthetic_stress_public_baseline,flash_crowd,background,False,0.0,-1,-1,-1,882e3f3f4815385e
150,150,True,synthetic_stress_public_baseline,flash_crowd,pre_incident,False,0.21710811246496883,19,32,46,882e3f3f4815385e
151,151,True,synthetic_stress_public_baseline,flash_crowd,pre_incident,False,0.21730586707700947,22,34,46,882e3f3f4815385e
152,152,True,synthetic_stress_public_baseline,flash_crowd,pre_incident,False,0.1643737460335435,27,33,40,882e3f3f4815385e
153,153,True,synthetic_stress_public_baseline,flash_crowd,pre_incident,False,0.20060487149573947,26,37,49,882e3f3f4815385e
154,154,True,synthetic_stress_public_baseline,flash_crowd,pre_incident,False,0.21994643094391322,22,36,50,882e3f3f4815385e
155,155,True,synthetic_stress_public_baseline,flash_crowd,pre_incident,False,0.1873747473546998,17,24,31,882e3f3f4815385e
156,156,True,synthetic_stress_public_baseline,flash_crowd,pre_incident,False,0.1722354869249425,20,34,48,882e3f3f4815385e
157,157,True,synthetic_stress_public_baseline,flash_crowd,pre_incident,False,0.22022583853938682,20,33,47,882e3f3f4815385e
158,158,True,synthetic_stress_public_baseline,flash_crowd,pre_incident,False,0.22164344060561714,29,34,40,882e3f3f4815385e
159,159,True,synthetic_stress_public_baseline,flash_crowd,pre_incident,False,0.1704522543776637,26,31,37,882e3f3f4815385e
160,160,True,synthetic_stress_public_baseline,flash_crowd,pre_incident,False,0.18774142149242884,21,32,43,882e3f3f4815385e
161,161,True,synthetic_stress_public_baseline,flash_crowd,pre_incident,False,0.23317067843762096,23,27,32,882e3f3f4815385e
162,162,True,synthetic_stress_public_baseline,flash_crowd,pre_incident,False,0.21425297935795157,25,35,46,882e3f3f4815385e
163,163,True,synthetic_stress_public_baseline,flash_crowd,pre_incident,False,0.16946665649404086,16,26,37,882e3f3f4815385e
164,164,True,synthetic_stress_public_baseline,flash_crowd,pre_incident,False,0.1897135500174548,15,19,24,882e3f3f4815385e
165,165,True,synthetic_stress_public_baseline,flash_crowd,pre_incident,False,0.21098067720466124,25,28,32,882e3f3f4815385e
166,166,True,synthetic_stress_public_baseline,flash_crowd,pre_incident,False,0.19111675887412405,28,42,57,882e3f3f4815385e
167,167,True,synthetic_stress_public_baseline,flash_crowd,pre_incident,False,0.24158113509241924,19,21,24,882e3f3f4815385e
168,168,True,synthetic_stress_public_baseline,flash_crowd,pre_incident,False,0.20264931229414823,26,29,32,882e3f3f4815385e
169,169,True,synthetic_stress_public_baseline,flash_crowd,pre_incident,False,0.20966756432102623,21,35,49,882e3f3f4815385e
170,170,True,synthetic_stress_public_baseline,flash_crowd,pre_incident,False,0.20545547320390187,19,33,47,882e3f3f4815385e
171,171,True,synthetic_stress_public_baseline,flash_crowd,pre_incident,False,0.2306690837460345,19,21,24,882e3f3f4815385e
172,172,True,synthetic_stress_public_baseline,flash_crowd,pre_incident,False,0.1714574986436741,17,23,29,882e3f3f4815385e
173,173,True,synthetic_stress_public_baseline,flash_crowd,pre_incident,False,0.2169023673620819,16,22,28,882e3f3f4815385e
174,174,True,synthetic_stress_public_baseline,flash_crowd,pre_incident,False,0.23807097722385265,26,32,39,882e3f3f4815385e
175,175,True,synthetic_stress_public_baseline,flash_crowd,pre_incident,False,0.20827532872479737,18,20,23,882e3f3f4815385e
176,176,True,synthetic_stress_public_baseline,flash_crowd,pre_incident,False,0.18866395865787403,27,35,43,882e3f3f4815385e
177,177,True,synthetic_stress_public_baseline,flash_crowd,pre_incident,False,0.20499221316161645,24,30,36,882e3f3f4815385e
178,178,True,synthetic_stress_public_baseline,flash_crowd,pre_incident,False,0.16620512609986715,29,33,38,882e3f3f4815385e
179,179,True,synthetic_stress_public_baseline,flash_crowd,pre_incident,False,0.2360633744660304,29,43,58,882e3f3f4815385e
180,180,True,synthetic_stress_public_baseline,flash_crowd,pre_incident,False,0.20530581473188203,28,33,38,882e3f3f4815385e
181,181,True,synthetic_stress_public_baseline,flash_crowd,pre_incident,False,0.21708705421134028,15,27,39,882e3f3f4815385e
182,182,True,synthetic_stress_public_baseline,flash_crowd,pre_incident,False,0.18415299256363635,16,27,39,882e3f3f4815385e
183,183,True,synthetic_stress_public_baseline,flash_crowd,pre_incident,False,0.1726275294239476,29,34,40,882e3f3f4815385e
184,184,True,synthetic_stress_public_baseline,flash_crowd,pre_incident,False,0.2119490803004696,17,28,40,882e3f3f4815385e
185,185,True,synthetic_stress_public_baseline,flash_crowd,pre_incident,False,0.18810170301425783,15,19,24,882e3f3f4815385e
186,186,True,synthetic_stress_public_baseline,flash_crowd,pre_incident,False,0.1743715439604782,29,37,46,882e3f3f4815385e
187,187,True,synthetic_stress_public_baseline,flash_crowd,pre_incident,False,0.173375332967388,17,22,27,882e3f3f4815385e
188,188,True,synthetic_stress_public_baseline,flash_crowd,pre_incident,False,0.21977665094053814,16,22,28,882e3f3f4815385e
189,189,True,synthetic_stress_public_baseline,flash_crowd,pre_incident,False,0.22884027341003665,21,25,30,882e3f3f4815385e
190,190,True,synthetic_stress_public_baseline,flash_crowd,pre_incident,False,0.17270968880115342,26,38,51,882e3f3f4815385e
191,191,True,synthetic_stress_public_baseline,flash_crowd,pre_incident,False,0.18732826707192754,16,23,30,882e3f3f4815385e
192,192,True,synthetic_stress_public_baseline,flash_crowd,pre_incident,False,0.18613181371776955,24,30,36,882e3f3f4815385e
193,193,True,synthetic_stress_public_baseline,flash_crowd,pre_incident,False,0.20830383849196304,22,24,27,882e3f3f4815385e
194,194,True,synthetic_stress_public_baseline,flash_crowd,pre_incident,False,0.19707693134359505,16,27,39,882e3f3f4815385e
195,195,True,synthetic_stress_public_baseline,flash_crowd,incident,True,0.9578976631280697,17,26,36,882e3f3f4815385e
196,196,True,synthetic_stress_public_baseline,flash_crowd,incident,True,0.655886138712406,22,32,42,882e3f3f4815385e
197,197,True,synthetic_stress_public_baseline,flash_crowd,incident,True,0.9129496391473033,19,31,44,882e3f3f4815385e
198,198,True,synthetic_stress_public_baseline,flash_crowd,incident,True,0.9363538547460837,22,34,46,882e3f3f4815385e
199,199,True,synthetic_stress_public_baseline,flash_crowd,incident,True,0.7734807343243703,19,26,34,882e3f3f4815385e
200,200,True,synthetic_stress_public_baseline,flash_crowd,incident,True,0.7997859710851789,24,38,53,882e3f3f4815385e
201,201,True,synthetic_stress_public_baseline,flash_crowd,incident,True,0.8961847124803373,19,24,29,882e3f3f4815385e
202,202,True,synthetic_stress_public_baseline,flash_crowd,incident,True,0.8461631090396291,16,29,43,882e3f3f4815385e
203,203,True,synthetic_stress_public_baseline,flash_crowd,incident,True,0.7524104423949446,17,29,42,882e3f3f4815385e
204,204,True,synthetic_stress_public_baseline,flash_crowd,incident,True,0.7439576271715187,28,37,47,882e3f3f4815385e
205,205,True,synthetic_stress_public_baseline,flash_crowd,incident,True,0.6569788453910252,21,24,28,882e3f3f4815385e
206,206,True,synthetic_stress_public_baseline,flash_crowd,incident,True,0.8450774593166205,17,29,42,882e3f3f4815385e
207,207,True,synthetic_stress_public_baseline,flash_crowd,incident,True,0.7549370619941763,27,34,41,882e3f3f4815385e
208,208,True,synthetic_stress_public_baseline,flash_crowd,incident,True,0.6643467704642214,28,40,52,882e3f3f4815385e
209,209,True,synthetic_stress_public_baseline,flash_crowd,incident,True,0.7322979000246299,28,33,38,882e3f3f4815385e
210,210,True,synthetic_stress_public_baseline,flash_crowd,incident,True,0.7732926656916587,21,27,33,882e3f3f4815385e
211,211,True,synthetic_stress_public_baseline,flash_crowd,incident,True,0.9250413227502248,28,31,35,882e3f3f4815385e
212,212,True,synthetic_stress_public_baseline,flash_crowd,incident,True,0.9283797340272584,28,39,50,882e3f3f4815385e
213,213,True,synthetic_stress_public_baseline,flash_crowd,incident,True,0.9146685404902859,18,32,47,882e3f3f4815385e
214,214,True,synthetic_stress_public_baseline,flash_crowd,incident,True,0.6944022287763385,24,34,44,882e3f3f4815385e
215,215,True,synthetic_stress_public_baseline,flash_crowd,incident,True,0.932998807560444,19,27,36,882e3f3f4815385e
216,216,True,synthetic_stress_public_baseline,flash_crowd,incident,True,0.7379328947752792,20,31,42,882e3f3f4815385e
217,217,True,synthetic_stress_public_baseline,flash_crowd,incident,True,0.7875734916363121,21,29,37,882e3f3f4815385e
218,218,True,synthetic_stress_public_baseline,flash_crowd,incident,True,0.75807353625614,20,28,37,882e3f3f4815385e
219,219,True,synthetic_stress_public_baseline,flash_crowd,incident,True,0.7479692366085242,17,28,39,882e3f3f4815385e
220,220,True,synthetic_stress_public_baseline,flash_crowd,incident,True,0.7583591976515474,28,41,54,882e3f3f4815385e
221,221,True,synthetic_stress_public_baseline,flash_crowd,incident,True,0.8653538223848336,29,42,55,882e3f3f4815385e
222,222,True,synthetic_stress_public_baseline,flash_crowd,incident,True,0.7450913526802123,22,34,46,882e3f3f4815385e
223,223,True,synthetic_stress_public_baseline,flash_crowd,incident,True,0.8792833825101044,15,20,25,882e3f3f4815385e
224,224,True,synthetic_stress_public_baseline,flash_crowd,incident,True,0.6813815969158784,16,30,44,882e3f3f4815385e
225,225,True,synthetic_stress_public_baseline,flash_crowd,incident,True,0.9588601414912066,23,26,30,882e3f3f4815385e
226,226,True,synthetic_stress_public_baseline,flash_crowd,incident,True,0.8459150614738968,29,33,38,882e3f3f4815385e
227,227,True,synthetic_stress_public_baseline,flash_crowd,incident,True,0.962188930729719,29,41,53,882e3f3f4815385e
228,228,True,synthetic_stress_public_baseline,flash_crowd,incident,True,0.8533346810079601,23,26,29,882e3f3f4815385e
229,229,True,synthetic_stress_public_baseline,flash_crowd,incident,True,0.8389020696311704,16,25,35,882e3f3f4815385e
230,230,True,synthetic_stress_public_baseline,flash_crowd,incident,True,0.913750756448982,22,33,45,882e3f3f4815385e
231,231,True,synthetic_stress_public_baseline,flash_crowd,incident,True,0.9573079577777336,18,27,37,882e3f3f4815385e
232,232,True,synthetic_stress_public_baseline,flash_crowd,incident,True,0.8670948840633742,16,27,39,882e3f3f4815385e
233,233,True,synthetic_stress_public_baseline,flash_crowd,incident,True,0.8715063663918355,28,40,52,882e3f3f4815385e
234,234,True,synthetic_stress_public_baseline,flash_crowd,incident,True,0.739276530500358,28,40,53,882e3f3f4815385e
235,235,True,synthetic_stress_public_baseline,flash_crowd,incident,True,0.7020118440462499,22,28,34,882e3f3f4815385e
236,236,True,synthetic_stress_public_baseline,flash_crowd,incident,True,0.7764955415165453,29,38,47,882e3f3f4815385e
237,237,True,synthetic_stress_public_baseline,flash_crowd,incident,True,0.9589261956566926,17,26,35,882e3f3f4815385e
238,238,True,synthetic_stress_public_baseline,flash_crowd,incident,True,0.9755884098250263,22,26,30,882e3f3f4815385e
239,239,True,synthetic_stress_public_baseline,flash_crowd,incident,True,0.6890979304816237,27,41,55,882e3f3f4815385e
240,240,True,synthetic_stress_public_baseline,flash_crowd,incident,True,0.8441251399898428,24,28,32,882e3f3f4815385e
241,241,True,synthetic_stress_public_baseline,flash_crowd,incident,True,0.7999249274077764,23,25,28,882e3f3f4815385e
242,242,True,synthetic_stress_public_baseline,flash_crowd,incident,True,0.7959636619324048,19,33,48,882e3f3f4815385e
243,243,True,synthetic_stress_public_baseline,flash_crowd,incident,True,0.9078270316924002,22,35,49,882e3f3f4815385e
244,244,True,synthetic_stress_public_baseline,flash_crowd,incident,True,0.7436897844951329,29,32,35,882e3f3f4815385e
245,245,True,synthetic_stress_public_baseline,flash_crowd,incident,True,0.9797045610564987,15,18,22,882e3f3f4815385e
246,246,True,synthetic_stress_public_baseline,flash_crowd,incident,True,0.9460210216358863,24,34,44,882e3f3f4815385e
247,247,True,synthetic_stress_public_baseline,flash_crowd,incident,True,0.6971972188049895,18,23,29,882e3f3f4815385e
248,248,True,synthetic_stress_public_baseline,flash_crowd,incident,True,0.8665687829780717,17,19,22,882e3f3f4815385e
249,249,True,synthetic_stress_public_baseline,flash_crowd,incident,True,0.6670471126147517,15,17,20,882e3f3f4815385e
250,250,True,synthetic_stress_public_baseline,flash_crowd,incident,True,0.9303049181646141,27,41,56,882e3f3f4815385e
251,251,True,synthetic_stress_public_baseline,flash_crowd,incident,True,0.9561724919568525,25,37,50,882e3f3f4815385e
252,252,True,synthetic_stress_public_baseline,flash_crowd,incident,True,0.6632499288505319,25,37,50,882e3f3f4815385e
253,253,True,synthetic_stress_public_baseline,flash_crowd,incident,True,0.8164952267636856,16,20,24,882e3f3f4815385e
254,254,True,synthetic_stress_public_baseline,flash_crowd,incident,True,0.70122028750556,24,27,31,882e3f3f4815385e
255,255,True,synthetic_stress_public_baseline,flash_crowd,incident,True,0.7393503879348741,15,19,24,882e3f3f4815385e
256,256,True,synthetic_stress_public_baseline,flash_crowd,incident,True,0.6679851039471276,29,40,52,882e3f3f4815385e
257,257,True,synthetic_stress_public_baseline,flash_crowd,incident,True,0.9417680847510497,15,18,21,882e3f3f4815385e
258,258,True,synthetic_stress_public_baseline,flash_crowd,incident,True,0.7105659655305053,17,24,31,882e3f3f4815385e
259,259,True,synthetic_stress_public_baseline,flash_crowd,incident,True,0.9087467129526646,23,31,39,882e3f3f4815385e
260,260,True,synthetic_stress_public_baseline,flash_crowd,incident,True,0.9621880696741714,23,31,39,882e3f3f4815385e
261,261,True,synthetic_stress_public_baseline,flash_crowd,incident,True,0.8809260617143918,21,30,40,882e3f3f4815385e
262,262,True,synthetic_stress_public_baseline,flash_crowd,incident,True,0.8177564036874909,29,33,37,882e3f3f4815385e
263,263,True,synthetic_stress_public_baseline,flash_crowd,incident,True,0.6893417836452558,28,36,44,882e3f3f4815385e
264,264,True,synthetic_stress_public_baseline,flash_crowd,incident,True,0.7912080605148455,19,22,26,882e3f3f4815385e
265,265,True,synthetic_stress_public_baseline,flash_crowd,incident,True,0.7858975958732382,21,31,41,882e3f3f4815385e
266,266,True,synthetic_stress_public_baseline,flash_crowd,incident,True,0.7546235007346885,18,32,46,882e3f3f4815385e
267,267,True,synthetic_stress_public_baseline,flash_crowd,incident,True,0.8064637827797563,19,26,34,882e3f3f4815385e
268,268,True,synthetic_stress_public_baseline,flash_crowd,incident,True,0.8816607197664226,23,29,36,882e3f3f4815385e
269,269,True,synthetic_stress_public_baseline,flash_crowd,incident,True,0.7543506701019342,23,33,44,882e3f3f4815385e
270,270,True,synthetic_stress_public_baseline,flash_crowd,recovery,True,0.385462853419747,23,27,32,882e3f3f4815385e
271,271,True,synthetic_stress_public_baseline,flash_crowd,recovery,True,0.4019007947396097,29,37,46,882e3f3f4815385e
272,272,True,synthetic_stress_public_baseline,flash_crowd,recovery,True,0.3697608545389745,28,41,54,882e3f3f4815385e
273,273,True,synthetic_stress_public_baseline,flash_crowd,recovery,True,0.4168512808082427,18,24,30,882e3f3f4815385e
274,274,True,synthetic_stress_public_baseline,flash_crowd,recovery,True,0.4175359918393603,16,19,22,882e3f3f4815385e
275,275,True,synthetic_stress_public_baseline,flash_crowd,recovery,True,0.34211831101447954,16,22,28,882e3f3f4815385e
276,276,True,synthetic_stress_public_baseline,flash_crowd,recovery,True,0.29468040226867054,19,22,25,882e3f3f4815385e
277,277,True,synthetic_stress_public_baseline,flash_crowd,recovery,True,0.3477808436189449,25,38,51,882e3f3f4815385e
278,278,True,synthetic_stress_public_baseline,flash_crowd,recovery,True,0.3466905251201205,24,34,45,882e3f3f4815385e
279,279,True,synthetic_stress_public_baseline,flash_crowd,recovery,True,0.40715757636615596,16,30,45,882e3f3f4815385e
280,280,True,synthetic_stress_public_baseline,flash_crowd,recovery,True,0.350094491731802,25,29,33,882e3f3f4815385e
281,281,True,synthetic_stress_public_baseline,flash_crowd,recovery,True,0.32354506230243285,20,22,25,882e3f3f4815385e
282,282,True,synthetic_stress_public_baseline,flash_crowd,recovery,True,0.41669118714671033,17,28,39,882e3f3f4815385e
283,283,True,synthetic_stress_public_baseline,flash_crowd,recovery,True,0.41710185503593444,29,38,47,882e3f3f4815385e
284,284,True,synthetic_stress_public_baseline,flash_crowd,recovery,True,0.3507970483025251,17,25,34,882e3f3f4815385e
285,285,True,synthetic_stress_public_baseline,flash_crowd,recovery,False,0.15862941580329115,27,38,50,882e3f3f4815385e
286,286,True,synthetic_stress_public_baseline,flash_crowd,recovery,False,0.1898688390623102,17,23,29,882e3f3f4815385e
287,287,True,synthetic_stress_public_baseline,flash_crowd,recovery,False,0.14927591580075888,24,29,34,882e3f3f4815385e
288,288,True,synthetic_stress_public_baseline,flash_crowd,recovery,False,0.13555161208075422,23,34,46,882e3f3f4815385e
289,289,True,synthetic_stress_public_baseline,flash_crowd,recovery,False,0.1720808542315783,27,40,53,882e3f3f4815385e
290,290,True,synthetic_stress_public_baseline,flash_crowd,recovery,False,0.13383515979361554,25,37,49,882e3f3f4815385e
291,291,True,synthetic_stress_public_baseline,flash_crowd,recovery,False,0.15233812789762352,26,35,44,882e3f3f4815385e
292,292,True,synthetic_stress_public_baseline,flash_crowd,recovery,False,0.18623302411415718,22,31,40,882e3f3f4815385e
293,293,True,synthetic_stress_public_baseline,flash_crowd,recovery,False,0.16875018007544074,21,34,48,882e3f3f4815385e
294,294,True,synthetic_stress_public_baseline,flash_crowd,recovery,False,0.16507312870630214,20,29,39,882e3f3f4815385e
295,295,True,synthetic_stress_public_baseline,flash_crowd,recovery,False,0.19054428638841064,15,22,29,882e3f3f4815385e
296,296,True,synthetic_stress_public_baseline,flash_crowd,recovery,False,0.14264579863773819,17,19,22,882e3f3f4815385e
297,297,True,synthetic_stress_public_baseline,flash_crowd,recovery,False,0.1595816836649535,24,38,52,882e3f3f4815385e
298,298,True,synthetic_stress_public_baseline,flash_crowd,recovery,False,0.14834945903565372,23,32,42,882e3f3f4815385e
299,299,True,synthetic_stress_public_baseline,flash_crowd,recovery,False,0.19479919253780734,22,32,42,882e3f3f4815385e
300,300,True,synthetic_stress_public_baseline,burst_traffic,background,False,0.0,-1,-1,-1,882e3f3f4815385e
301,301,True,synthetic_stress_public_baseline,burst_traffic,background,False,0.0,-1,-1,-1,882e3f3f4815385e
302,302,True,synthetic_stress_public_baseline,burst_traffic,background,False,0.0,-1,-1,-1,882e3f3f4815385e
303,303,True,synthetic_stress_public_baseline,burst_traffic,background,False,0.0,-1,-1,-1,882e3f3f4815385e
304,304,True,synthetic_stress_public_baseline,burst_traffic,background,False,0.0,-1,-1,-1,882e3f3f4815385e
305,305,True,synthetic_stress_public_baseline,burst_traffic,background,False,0.0,-1,-1,-1,882e3f3f4815385e
306,306,True,synthetic_stress_public_baseline,burst_traffic,background,False,0.0,-1,-1,-1,882e3f3f4815385e
307,307,True,synthetic_stress_public_baseline,burst_traffic,background,False,0.0,-1,-1,-1,882e3f3f4815385e
308,308,True,synthetic_stress_public_baseline,burst_traffic,background,False,0.0,-1,-1,-1,882e3f3f4815385e
309,309,True,synthetic_stress_public_baseline,burst_traffic,background,False,0.0,-1,-1,-1,882e3f3f4815385e
310,310,True,synthetic_stress_public_baseline,burst_traffic,background,False,0.0,-1,-1,-1,882e3f3f4815385e
311,311,True,synthetic_stress_public_baseline,burst_traffic,background,False,0.0,-1,-1,-1,882e3f3f4815385e
312,312,True,synthetic_stress_public_baseline,burst_traffic,background,False,0.0,-1,-1,-1,882e3f3f4815385e
313,313,True,synthetic_stress_public_baseline,burst_traffic,background,False,0.0,-1,-1,-1,882e3f3f4815385e
314,314,True,synthetic_stress_public_baseline,burst_traffic,background,False,0.0,-1,-1,-1,882e3f3f4815385e
315,315,True,synthetic_stress_public_baseline,burst_traffic,background,False,0.0,-1,-1,-1,882e3f3f4815385e
316,316,True,synthetic_stress_public_baseline,burst_traffic,background,False,0.0,-1,-1,-1,882e3f3f4815385e
317,317,True,synthetic_stress_public_baseline,burst_traffic,background,False,0.0,-1,-1,-1,882e3f3f4815385e
318,318,True,synthetic_stress_public_baseline,burst_traffic,background,False,0.0,-1,-1,-1,882e3f3f4815385e
319,319,True,synthetic_stress_public_baseline,burst_traffic,background,False,0.0,-1,-1,-1,882e3f3f4815385e
320,320,True,synthetic_stress_public_baseline,burst_traffic,background,False,0.0,-1,-1,-1,882e3f3f4815385e
321,321,True,synthetic_stress_public_baseline,burst_traffic,background,False,0.0,-1,-1,-1,882e3f3f4815385e
322,322,True,synthetic_stress_public_baseline,burst_traffic,background,False,0.0,-1,-1,-1,882e3f3f4815385e
323,323,True,synthetic_stress_public_baseline,burst_traffic,background,False,0.0,-1,-1,-1,882e3f3f4815385e
324,324,True,synthetic_stress_public_baseline,burst_traffic,background,False,0.0,-1,-1,-1,882e3f3f4815385e
325,325,True,synthetic_stress_public_baseline,burst_traffic,background,False,0.0,-1,-1,-1,882e3f3f4815385e
326,326,True,synthetic_stress_public_baseline,burst_traffic,background,False,0.0,-1,-1,-1,882e3f3f4815385e
327,327,True,synthetic_stress_public_baseline,burst_traffic,background,False,0.0,-1,-1,-1,882e3f3f4815385e
328,328,True,synthetic_stress_public_baseline,burst_traffic,background,False,0.0,-1,-1,-1,882e3f3f4815385e
329,329,True,synthetic_stress_public_baseline,burst_traffic,background,False,0.0,-1,-1,-1,882e3f3f4815385e
330,330,True,synthetic_stress_public_baseline,burst_traffic,background,False,0.0,-1,-1,-1,882e3f3f4815385e
331,331,True,synthetic_stress_public_baseline,burst_traffic,background,False,0.0,-1,-1,-1,882e3f3f4815385e
332,332,True,synthetic_stress_public_baseline,burst_traffic,background,False,0.0,-1,-1,-1,882e3f3f4815385e
333,333,True,synthetic_stress_public_baseline,burst_traffic,background,False,0.0,-1,-1,-1,882e3f3f4815385e
334,334,True,synthetic_stress_public_baseline,burst_traffic,background,False,0.0,-1,-1,-1,882e3f3f4815385e
335,335,True,synthetic_stress_public_baseline,burst_traffic,background,False,0.0,-1,-1,-1,882e3f3f4815385e
336,336,True,synthetic_stress_public_baseline,burst_traffic,background,False,0.0,-1,-1,-1,882e3f3f4815385e
337,337,True,synthetic_stress_public_baseline,burst_traffic,background,False,0.0,-1,-1,-1,882e3f3f4815385e
338,338,True,synthetic_stress_public_baseline,burst_traffic,background,False,0.0,-1,-1,-1,882e3f3f4815385e
339,339,True,synthetic_stress_public_baseline,burst_traffic,background,False,0.0,-1,-1,-1,882e3f3f4815385e
340,340,True,synthetic_stress_public_baseline,burst_traffic,background,False,0.0,-1,-1,-1,882e3f3f4815385e
341,341,True,synthetic_stress_public_baseline,burst_traffic,background,False,0.0,-1,-1,-1,882e3f3f4815385e
342,342,True,synthetic_stress_public_baseline,burst_traffic,background,False,0.0,-1,-1,-1,882e3f3f4815385e
343,343,True,synthetic_stress_public_baseline,burst_traffic,background,False,0.0,-1,-1,-1,882e3f3f4815385e
344,344,True,synthetic_stress_public_baseline,burst_traffic,background,False,0.0,-1,-1,-1,882e3f3f4815385e
345,345,True,synthetic_stress_public_baseline,burst_traffic,background,False,0.0,-1,-1,-1,882e3f3f4815385e
346,346,True,synthetic_stress_public_baseline,burst_traffic,background,False,0.0,-1,-1,-1,882e3f3f4815385e
347,347,True,synthetic_stress_public_baseline,burst_traffic,background,False,0.0,-1,-1,-1,882e3f3f4815385e
348,348,True,synthetic_stress_public_baseline,burst_traffic,background,False,0.0,-1,-1,-1,882e3f3f4815385e
349,349,True,synthetic_stress_public_baseline,burst_traffic,background,False,0.0,-1,-1,-1,882e3f3f4815385e
350,350,True,synthetic_stress_public_baseline,burst_traffic,background,False,0.0,-1,-1,-1,882e3f3f4815385e
351,351,True,synthetic_stress_public_baseline,burst_traffic,background,False,0.0,-1,-1,-1,882e3f3f4815385e
352,352,True,synthetic_stress_public_baseline,burst_traffic,background,False,0.0,-1,-1,-1,882e3f3f4815385e
353,353,True,synthetic_stress_public_baseline,burst_traffic,background,False,0.0,-1,-1,-1,882e3f3f4815385e
354,354,True,synthetic_stress_public_baseline,burst_traffic,background,False,0.0,-1,-1,-1,882e3f3f4815385e
355,355,True,synthetic_stress_public_baseline,burst_traffic,background,False,0.0,-1,-1,-1,882e3f3f4815385e
356,356,True,synthetic_stress_public_baseline,burst_traffic,background,False,0.0,-1,-1,-1,882e3f3f4815385e
357,357,True,synthetic_stress_public_baseline,burst_traffic,background,False,0.0,-1,-1,-1,882e3f3f4815385e
358,358,True,synthetic_stress_public_baseline,burst_traffic,background,False,0.0,-1,-1,-1,882e3f3f4815385e
359,359,True,synthetic_stress_public_baseline,burst_traffic,background,False,0.0,-1,-1,-1,882e3f3f4815385e
360,360,True,synthetic_stress_public_baseline,burst_traffic,background,False,0.0,-1,-1,-1,882e3f3f4815385e
361,361,True,synthetic_stress_public_baseline,burst_traffic,background,False,0.0,-1,-1,-1,882e3f3f4815385e
362,362,True,synthetic_stress_public_baseline,burst_traffic,background,False,0.0,-1,-1,-1,882e3f3f4815385e
363,363,True,synthetic_stress_public_baseline,burst_traffic,background,False,0.0,-1,-1,-1,882e3f3f4815385e
364,364,True,synthetic_stress_public_baseline,burst_traffic,background,False,0.0,-1,-1,-1,882e3f3f4815385e
365,365,True,synthetic_stress_public_baseline,burst_traffic,background,False,0.0,-1,-1,-1,882e3f3f4815385e
366,366,True,synthetic_stress_public_baseline,burst_traffic,background,False,0.0,-1,-1,-1,882e3f3f4815385e
367,367,True,synthetic_stress_public_baseline,burst_traffic,background,False,0.0,-1,-1,-1,882e3f3f4815385e
368,368,True,synthetic_stress_public_baseline,burst_traffic,background,False,0.0,-1,-1,-1,882e3f3f4815385e
369,369,True,synthetic_stress_public_baseline,burst_traffic,background,False,0.0,-1,-1,-1,882e3f3f4815385e
370,370,True,synthetic_stress_public_baseline,burst_traffic,background,False,0.0,-1,-1,-1,882e3f3f4815385e
371,371,True,synthetic_stress_public_baseline,burst_traffic,background,False,0.0,-1,-1,-1,882e3f3f4815385e
372,372,True,synthetic_stress_public_baseline,burst_traffic,background,False,0.0,-1,-1,-1,882e3f3f4815385e
373,373,True,synthetic_stress_public_baseline,burst_traffic,background,False,0.0,-1,-1,-1,882e3f3f4815385e
374,374,True,synthetic_stress_public_baseline,burst_traffic,background,False,0.0,-1,-1,-1,882e3f3f4815385e
375,375,True,synthetic_stress_public_baseline,burst_traffic,background,False,0.0,-1,-1,-1,882e3f3f4815385e
376,376,True,synthetic_stress_public_baseline,burst_traffic,background,False,0.0,-1,-1,-1,882e3f3f4815385e
377,377,True,synthetic_stress_public_baseline,burst_traffic,background,False,0.0,-1,-1,-1,882e3f3f4815385e
378,378,True,synthetic_stress_public_baseline,burst_traffic,background,False,0.0,-1,-1,-1,882e3f3f4815385e
379,379,True,synthetic_stress_public_baseline,burst_traffic,background,False,0.0,-1,-1,-1,882e3f3f4815385e
380,380,True,synthetic_stress_public_baseline,burst_traffic,background,False,0.0,-1,-1,-1,882e3f3f4815385e
381,381,True,synthetic_stress_public_baseline,burst_traffic,background,False,0.0,-1,-1,-1,882e3f3f4815385e
382,382,True,synthetic_stress_public_baseline,burst_traffic,background,False,0.0,-1,-1,-1,882e3f3f4815385e
383,383,True,synthetic_stress_public_baseline,burst_traffic,background,False,0.0,-1,-1,-1,882e3f3f4815385e
384,384,True,synthetic_stress_public_baseline,burst_traffic,background,False,0.0,-1,-1,-1,882e3f3f4815385e
385,385,True,synthetic_stress_public_baseline,burst_traffic,background,False,0.0,-1,-1,-1,882e3f3f4815385e
386,386,True,synthetic_stress_public_baseline,burst_traffic,background,False,0.0,-1,-1,-1,882e3f3f4815385e
387,387,True,synthetic_stress_public_baseline,burst_traffic,background,False,0.0,-1,-1,-1,882e3f3f4815385e
388,388,True,synthetic_stress_public_baseline,burst_traffic,background,False,0.0,-1,-1,-1,882e3f3f4815385e
389,389,True,synthetic_stress_public_baseline,burst_traffic,background,False,0.0,-1,-1,-1,882e3f3f4815385e
390,390,True,synthetic_stress_public_baseline,burst_traffic,background,False,0.0,-1,-1,-1,882e3f3f4815385e
391,391,True,synthetic_stress_public_baseline,burst_traffic,background,False,0.0,-1,-1,-1,882e3f3f4815385e
392,392,True,synthetic_stress_public_baseline,burst_traffic,background,False,0.0,-1,-1,-1,882e3f3f4815385e
393,393,True,synthetic_stress_public_baseline,burst_traffic,background,False,0.0,-1,-1,-1,882e3f3f4815385e
394,394,True,synthetic_stress_public_baseline,burst_traffic,background,False,0.0,-1,-1,-1,882e3f3f4815385e
395,395,True,synthetic_stress_public_baseline,burst_traffic,background,False,0.0,-1,-1,-1,882e3f3f4815385e
396,396,True,synthetic_stress_public_baseline,burst_traffic,background,False,0.0,-1,-1,-1,882e3f3f4815385e
397,397,True,synthetic_stress_public_baseline,burst_traffic,background,False,0.0,-1,-1,-1,882e3f3f4815385e
398,398,True,synthetic_stress_public_baseline,burst_traffic,background,False,0.0,-1,-1,-1,882e3f3f4815385e
399,399,True,synthetic_stress_public_baseline,burst_traffic,background,False,0.0,-1,-1,-1,882e3f3f4815385e
400,400,True,synthetic_stress_public_baseline,burst_traffic,background,False,0.0,-1,-1,-1,882e3f3f4815385e
401,401,True,synthetic_stress_public_baseline,burst_traffic,background,False,0.0,-1,-1,-1,882e3f3f4815385e
402,402,True,synthetic_stress_public_baseline,burst_traffic,background,False,0.0,-1,-1,-1,882e3f3f4815385e
403,403,True,synthetic_stress_public_baseline,burst_traffic,background,False,0.0,-1,-1,-1,882e3f3f4815385e
404,404,True,synthetic_stress_public_baseline,burst_traffic,background,False,0.0,-1,-1,-1,882e3f3f4815385e
405,405,True,synthetic_stress_public_baseline,burst_traffic,background,False,0.0,-1,-1,-1,882e3f3f4815385e
406,406,True,synthetic_stress_public_baseline,burst_traffic,background,False,0.0,-1,-1,-1,882e3f3f4815385e
407,407,True,synthetic_stress_public_baseline,burst_traffic,background,False,0.0,-1,-1,-1,882e3f3f4815385e
408,408,True,synthetic_stress_public_baseline,burst_traffic,background,False,0.0,-1,-1,-1,882e3f3f4815385e
409,409,True,synthetic_stress_public_baseline,burst_traffic,background,False,0.0,-1,-1,-1,882e3f3f4815385e
410,410,True,synthetic_stress_public_baseline,burst_traffic,background,False,0.0,-1,-1,-1,882e3f3f4815385e
411,411,True,synthetic_stress_public_baseline,burst_traffic,background,False,0.0,-1,-1,-1,882e3f3f4815385e
412,412,True,synthetic_stress_public_baseline,burst_traffic,background,False,0.0,-1,-1,-1,882e3f3f4815385e
413,413,True,synthetic_stress_public_baseline,burst_traffic,background,False,0.0,-1,-1,-1,882e3f3f4815385e
414,414,True,synthetic_stress_public_baseline,burst_traffic,background,False,0.0,-1,-1,-1,882e3f3f4815385e
415,415,True,synthetic_stress_public_baseline,burst_traffic,background,False,0.0,-1,-1,-1,882e3f3f4815385e
416,416,True,synthetic_stress_public_baseline,burst_traffic,background,False,0.0,-1,-1,-1,882e3f3f4815385e
417,417,True,synthetic_stress_public_baseline,burst_traffic,background,False,0.0,-1,-1,-1,882e3f3f4815385e
418,418,True,synthetic_stress_public_baseline,burst_traffic,background,False,0.0,-1,-1,-1,882e3f3f4815385e
419,419,True,synthetic_stress_public_baseline,burst_traffic,background,False,0.0,-1,-1,-1,882e3f3f4815385e
420,420,True,synthetic_stress_public_baseline,burst_traffic,background,False,0.0,-1,-1,-1,882e3f3f4815385e
421,421,True,synthetic_stress_public_baseline,burst_traffic,background,False,0.0,-1,-1,-1,882e3f3f4815385e
422,422,True,synthetic_stress_public_baseline,burst_traffic,background,False,0.0,-1,-1,-1,882e3f3f4815385e
423,423,True,synthetic_stress_public_baseline,burst_traffic,background,False,0.0,-1,-1,-1,882e3f3f4815385e
424,424,True,synthetic_stress_public_baseline,burst_traffic,background,False,0.0,-1,-1,-1,882e3f3f4815385e
425,425,True,synthetic_stress_public_baseline,burst_traffic,background,False,0.0,-1,-1,-1,882e3f3f4815385e
426,426,True,synthetic_stress_public_baseline,burst_traffic,background,False,0.0,-1,-1,-1,882e3f3f4815385e
427,427,True,synthetic_stress_public_baseline,burst_traffic,background,False,0.0,-1,-1,-1,882e3f3f4815385e
428,428,True,synthetic_stress_public_baseline,burst_traffic,background,False,0.0,-1,-1,-1,882e3f3f4815385e
429,429,True,synthetic_stress_public_baseline,burst_traffic,background,False,0.0,-1,-1,-1,882e3f3f4815385e
430,430,True,synthetic_stress_public_baseline,burst_traffic,background,False,0.0,-1,-1,-1,882e3f3f4815385e
431,431,True,synthetic_stress_public_baseline,burst_traffic,background,False,0.0,-1,-1,-1,882e3f3f4815385e
432,432,True,synthetic_stress_public_baseline,burst_traffic,background,False,0.0,-1,-1,-1,882e3f3f4815385e
433,433,True,synthetic_stress_public_baseline,burst_traffic,background,False,0.0,-1,-1,-1,882e3f3f4815385e
434,434,True,synthetic_stress_public_baseline,burst_traffic,background,False,0.0,-1,-1,-1,882e3f3f4815385e
435,435,True,synthetic_stress_public_baseline,burst_traffic,background,False,0.0,-1,-1,-1,882e3f3f4815385e
436,436,True,synthetic_stress_public_baseline,burst_traffic,background,False,0.0,-1,-1,-1,882e3f3f4815385e
437,437,True,synthetic_stress_public_baseline,burst_traffic,background,False,0.0,-1,-1,-1,882e3f3f4815385e
438,438,True,synthetic_stress_public_baseline,burst_traffic,background,False,0.0,-1,-1,-1,882e3f3f4815385e
439,439,True,synthetic_stress_public_baseline,burst_traffic,background,False,0.0,-1,-1,-1,882e3f3f4815385e
440,440,True,synthetic_stress_public_baseline,burst_traffic,background,False,0.0,-1,-1,-1,882e3f3f4815385e
441,441,True,synthetic_stress_public_baseline,burst_traffic,background,False,0.0,-1,-1,-1,882e3f3f4815385e
442,442,True,synthetic_stress_public_baseline,burst_traffic,background,False,0.0,-1,-1,-1,882e3f3f4815385e
443,443,True,synthetic_stress_public_baseline,burst_traffic,background,False,0.0,-1,-1,-1,882e3f3f4815385e
444,444,True,synthetic_stress_public_baseline,burst_traffic,background,False,0.0,-1,-1,-1,882e3f3f4815385e
445,445,True,synthetic_stress_public_baseline,burst_traffic,background,False,0.0,-1,-1,-1,882e3f3f4815385e
446,446,True,synthetic_stress_public_baseline,burst_traffic,background,False,0.0,-1,-1,-1,882e3f3f4815385e
447,447,True,synthetic_stress_public_baseline,burst_traffic,background,False,0.0,-1,-1,-1,882e3f3f4815385e
448,448,True,synthetic_stress_public_baseline,burst_traffic,background,False,0.0,-1,-1,-1,882e3f3f4815385e
449,449,True,synthetic_stress_public_baseline,burst_traffic,background,False,0.0,-1,-1,-1,882e3f3f4815385e
450,450,True,synthetic_stress_public_baseline,burst_traffic,pre_incident,False,0.20349561918075382,20,28,37,882e3f3f4815385e
451,451,True,synthetic_stress_public_baseline,burst_traffic,pre_incident,False,0.22970767155722532,23,33,44,882e3f3f4815385e
452,452,True,synthetic_stress_public_baseline,burst_traffic,pre_incident,False,0.21886881450685206,28,36,44,882e3f3f4815385e
453,453,True,synthetic_stress_public_baseline,burst_traffic,pre_incident,False,0.16407031719494264,26,32,39,882e3f3f4815385e
454,454,True,synthetic_stress_public_baseline,burst_traffic,pre_incident,False,0.16399824487293505,29,41,54,882e3f3f4815385e
455,455,True,synthetic_stress_public_baseline,burst_traffic,pre_incident,False,0.2437269101806872,28,40,52,882e3f3f4815385e
456,456,True,synthetic_stress_public_baseline,burst_traffic,pre_incident,False,0.23575907835996035,17,19,22,882e3f3f4815385e
457,457,True,synthetic_stress_public_baseline,burst_traffic,pre_incident,False,0.16497950274779727,18,22,27,882e3f3f4815385e
458,458,True,synthetic_stress_public_baseline,burst_traffic,pre_incident,False,0.23855282713778708,22,29,36,882e3f3f4815385e
459,459,True,synthetic_stress_public_baseline,burst_traffic,pre_incident,False,0.2165802134133018,16,22,29,882e3f3f4815385e
460,460,True,synthetic_stress_public_baseline,burst_traffic,pre_incident,False,0.21284376416574277,21,32,43,882e3f3f4815385e
461,461,True,synthetic_stress_public_baseline,burst_traffic,pre_incident,False,0.2394643145490934,21,28,36,882e3f3f4815385e
462,462,True,synthetic_stress_public_baseline,burst_traffic,pre_incident,False,0.2030287393272877,25,37,50,882e3f3f4815385e
463,463,True,synthetic_stress_public_baseline,burst_traffic,pre_incident,False,0.17957627567036927,18,31,45,882e3f3f4815385e
464,464,True,synthetic_stress_public_baseline,burst_traffic,pre_incident,False,0.22642990202895957,19,29,40,882e3f3f4815385e
465,465,True,synthetic_stress_public_baseline,burst_traffic,pre_incident,False,0.17812248806301045,19,25,31,882e3f3f4815385e
466,466,True,synthetic_stress_public_baseline,burst_traffic,pre_incident,False,0.17549567565869206,16,18,21,882e3f3f4815385e
467,467,True,synthetic_stress_public_baseline,burst_traffic,pre_incident,False,0.17915404825778714,24,34,44,882e3f3f4815385e
468,468,True,synthetic_stress_public_baseline,burst_traffic,pre_incident,False,0.19118307487396202,27,39,51,882e3f3f4815385e
469,469,True,synthetic_stress_public_baseline,burst_traffic,pre_incident,False,0.1929650094106299,21,32,43,882e3f3f4815385e
470,470,True,synthetic_stress_public_baseline,burst_traffic,pre_incident,False,0.1780790046892402,17,24,31,882e3f3f4815385e
471,471,True,synthetic_stress_public_baseline,burst_traffic,pre_incident,False,0.22259093467407876,26,30,34,882e3f3f4815385e
472,472,True,synthetic_stress_public_baseline,burst_traffic,pre_incident,False,0.18285481691205638,26,40,55,882e3f3f4815385e
473,473,True,synthetic_stress_public_baseline,burst_traffic,pre_incident,False,0.20635806579237376,24,31,38,882e3f3f4815385e
474,474,True,synthetic_stress_public_baseline,burst_traffic,pre_incident,False,0.22130184973530723,24,31,39,882e3f3f4815385e
475,475,True,synthetic_stress_public_baseline,burst_traffic,pre_incident,False,0.19887941712333804,29,34,39,882e3f3f4815385e
476,476,True,synthetic_stress_public_baseline,burst_traffic,pre_incident,False,0.18039558013147755,21,30,40,882e3f3f4815385e
477,477,True,synthetic_stress_public_baseline,burst_traffic,pre_incident,False,0.23252534933372732,23,35,48,882e3f3f4815385e
478,478,True,synthetic_stress_public_baseline,burst_traffic,pre_incident,False,0.1749243586975478,24,38,53,882e3f3f4815385e
479,479,True,synthetic_stress_public_baseline,burst_traffic,pre_incident,False,0.20167733900924556,17,31,46,882e3f3f4815385e
480,480,True,synthetic_stress_public_baseline,burst_traffic,pre_incident,False,0.19666964553139532,16,27,39,882e3f3f4815385e
481,481,True,synthetic_stress_public_baseline,burst_traffic,pre_incident,False,0.20681674348696252,19,33,47,882e3f3f4815385e
482,482,True,synthetic_stress_public_baseline,burst_traffic,pre_incident,False,0.198069953964142,19,31,43,882e3f3f4815385e
483,483,True,synthetic_stress_public_baseline,burst_traffic,pre_incident,False,0.2019060234897701,27,41,55,882e3f3f4815385e
484,484,True,synthetic_stress_public_baseline,burst_traffic,pre_incident,False,0.2125112053832444,24,38,52,882e3f3f4815385e
485,485,True,synthetic_stress_public_baseline,burst_traffic,pre_incident,False,0.23775694058371577,20,32,44,882e3f3f4815385e
486,486,True,synthetic_stress_public_baseline,burst_traffic,pre_incident,False,0.23891003119267623,27,41,55,882e3f3f4815385e
487,487,True,synthetic_stress_public_baseline,burst_traffic,pre_incident,False,0.20143015877543288,21,27,33,882e3f3f4815385e
488,488,True,synthetic_stress_public_baseline,burst_traffic,pre_incident,False,0.1944987820693162,25,35,46,882e3f3f4815385e
489,489,True,synthetic_stress_public_baseline,burst_traffic,pre_incident,False,0.1810870304495425,29,31,34,882e3f3f4815385e
490,490,True,synthetic_stress_public_baseline,burst_traffic,pre_incident,False,0.16653221859019723,26,31,36,882e3f3f4815385e
491,491,True,synthetic_stress_public_baseline,burst_traffic,pre_incident,False,0.2103223393430799,27,40,53,882e3f3f4815385e
492,492,True,synthetic_stress_public_baseline,burst_traffic,pre_incident,False,0.19811368919710454,29,37,45,882e3f3f4815385e
493,493,True,synthetic_stress_public_baseline,burst_traffic,pre_incident,False,0.1971568941374803,18,31,44,882e3f3f4815385e
494,494,True,synthetic_stress_public_baseline,burst_traffic,pre_incident,False,0.22827413086245876,25,38,52,882e3f3f4815385e
495,495,True,synthetic_stress_public_baseline,burst_traffic,incident,True,0.8065000518703775,20,26,33,882e3f3f4815385e
496,496,True,synthetic_stress_public_baseline,burst_traffic,incident,True,0.6821897532350842,18,23,28,882e3f3f4815385e
497,497,True,synthetic_stress_public_baseline,burst_traffic,incident,True,0.8887745868502951,16,28,41,882e3f3f4815385e
498,498,True,synthetic_stress_public_baseline,burst_traffic,incident,True,0.968241112749032,19,31,43,882e3f3f4815385e
499,499,True,synthetic_stress_public_baseline,burst_traffic,incident,True,0.8642995636455544,28,40,53,882e3f3f4815385e
500,500,True,synthetic_stress_public_baseline,burst_traffic,incident,True,0.832494292093654,16,30,45,882e3f3f4815385e
501,501,True,synthetic_stress_public_baseline,burst_traffic,incident,True,0.7527036260373938,16,19,23,882e3f3f4815385e
502,502,True,synthetic_stress_public_baseline,burst_traffic,incident,True,0.9053704212352702,17,26,36,882e3f3f4815385e
503,503,True,synthetic_stress_public_baseline,burst_traffic,incident,True,0.8546104090948512,24,29,34,882e3f3f4815385e
504,504,True,synthetic_stress_public_baseline,burst_traffic,incident,True,0.6503275131367076,25,37,50,882e3f3f4815385e
505,505,True,synthetic_stress_public_baseline,burst_traffic,incident,True,0.9705162343687266,16,30,45,882e3f3f4815385e
506,506,True,synthetic_stress_public_baseline,burst_traffic,incident,True,0.9113676701338251,15,27,39,882e3f3f4815385e
507,507,True,synthetic_stress_public_baseline,burst_traffic,incident,True,0.9213020003883552,19,22,25,882e3f3f4815385e
508,508,True,synthetic_stress_public_baseline,burst_traffic,incident,True,0.6689059464183543,21,31,42,882e3f3f4815385e
509,509,True,synthetic_stress_public_baseline,burst_traffic,incident,True,0.7305407170017528,21,32,44,882e3f3f4815385e
510,510,True,synthetic_stress_public_baseline,burst_traffic,incident,True,0.8185496406270099,17,19,22,882e3f3f4815385e
511,511,True,synthetic_stress_public_baseline,burst_traffic,incident,True,0.7044759386889781,19,21,24,882e3f3f4815385e
512,512,True,synthetic_stress_public_baseline,burst_traffic,incident,True,0.812130165790967,27,35,43,882e3f3f4815385e
513,513,True,synthetic_stress_public_baseline,burst_traffic,incident,True,0.6566476755938788,19,27,36,882e3f3f4815385e
514,514,True,synthetic_stress_public_baseline,burst_traffic,incident,True,0.7569609908184685,18,32,46,882e3f3f4815385e
515,515,True,synthetic_stress_public_baseline,burst_traffic,incident,True,0.7806692100198217,25,28,32,882e3f3f4815385e
516,516,True,synthetic_stress_public_baseline,burst_traffic,incident,True,0.8418115175416061,16,25,35,882e3f3f4815385e
517,517,True,synthetic_stress_public_baseline,burst_traffic,incident,True,0.8185894592592086,24,37,51,882e3f3f4815385e
518,518,True,synthetic_stress_public_baseline,burst_traffic,incident,True,0.9788467356794044,21,28,35,882e3f3f4815385e
519,519,True,synthetic_stress_public_baseline,burst_traffic,incident,True,0.8228481818920589,21,26,31,882e3f3f4815385e
520,520,True,synthetic_stress_public_baseline,burst_traffic,incident,True,0.8213164587731765,28,33,39,882e3f3f4815385e
521,521,True,synthetic_stress_public_baseline,burst_traffic,incident,True,0.9720452154528367,25,31,38,882e3f3f4815385e
522,522,True,synthetic_stress_public_baseline,burst_traffic,incident,True,0.7895623272041487,25,33,42,882e3f3f4815385e
523,523,True,synthetic_stress_public_baseline,burst_traffic,incident,True,0.9601942559226475,17,23,30,882e3f3f4815385e
524,524,True,synthetic_stress_public_baseline,burst_traffic,incident,True,0.7535825965833678,25,38,51,882e3f3f4815385e
525,525,True,synthetic_stress_public_baseline,burst_traffic,incident,True,0.8465296449765426,26,34,42,882e3f3f4815385e
526,526,True,synthetic_stress_public_baseline,burst_traffic,incident,True,0.811488534885718,25,32,39,882e3f3f4815385e
527,527,True,synthetic_stress_public_baseline,burst_traffic,incident,True,0.8080430745773017,19,21,24,882e3f3f4815385e
528,528,True,synthetic_stress_public_baseline,burst_traffic,incident,True,0.9395509361414083,23,35,47,882e3f3f4815385e
529,529,True,synthetic_stress_public_baseline,burst_traffic,incident,True,0.6622630184003879,24,38,53,882e3f3f4815385e
530,530,True,synthetic_stress_public_baseline,burst_traffic,incident,True,0.8607350947890787,18,28,39,882e3f3f4815385e
531,531,True,synthetic_stress_public_baseline,burst_traffic,incident,True,0.8411538846452,21,25,30,882e3f3f4815385e
532,532,True,synthetic_stress_public_baseline,burst_traffic,incident,True,0.9059895186273517,18,27,36,882e3f3f4815385e
533,533,True,synthetic_stress_public_baseline,burst_traffic,incident,True,0.7244605352580185,23,28,33,882e3f3f4815385e
534,534,True,synthetic_stress_public_baseline,burst_traffic,incident,True,0.8625486629210913,23,34,45,882e3f3f4815385e
535,535,True,synthetic_stress_public_baseline,burst_traffic,incident,True,0.7494823504360456,21,26,32,882e3f3f4815385e
536,536,True,synthetic_stress_public_baseline,burst_traffic,incident,True,0.8213735894471783,25,30,36,882e3f3f4815385e
537,537,True,synthetic_stress_public_baseline,burst_traffic,incident,True,0.9398663494716755,19,32,46,882e3f3f4815385e
538,538,True,synthetic_stress_public_baseline,burst_traffic,incident,True,0.8054792145957785,18,31,45,882e3f3f4815385e
539,539,True,synthetic_stress_public_baseline,burst_traffic,incident,True,0.9004251992855645,19,31,44,882e3f3f4815385e
540,540,True,synthetic_stress_public_baseline,burst_traffic,incident,True,0.80639829065049,17,20,24,882e3f3f4815385e
541,541,True,synthetic_stress_public_baseline,burst_traffic,incident,True,0.666003212149749,15,26,38,882e3f3f4815385e
542,542,True,synthetic_stress_public_baseline,burst_traffic,incident,True,0.8486889825805584,26,35,45,882e3f3f4815385e
543,543,True,synthetic_stress_public_baseline,burst_traffic,incident,True,0.7979580599183914,26,32,39,882e3f3f4815385e
544,544,True,synthetic_stress_public_baseline,burst_traffic,incident,True,0.9540060658970617,17,31,45,882e3f3f4815385e
545,545,True,synthetic_stress_public_baseline,burst_traffic,incident,True,0.7858426245729487,21,24,28,882e3f3f4815385e
546,546,True,synthetic_stress_public_baseline,burst_traffic,incident,True,0.9667809983836515,20,22,25,882e3f3f4815385e
547,547,True,synthetic_stress_public_baseline,burst_traffic,incident,True,0.790887513722891,27,37,48,882e3f3f4815385e
548,548,True,synthetic_stress_public_baseline,burst_traffic,incident,True,0.7656211412559328,15,18,22,882e3f3f4815385e
549,549,True,synthetic_stress_public_baseline,burst_traffic,incident,True,0.827271760927921,23,31,39,882e3f3f4815385e
550,550,True,synthetic_stress_public_baseline,burst_traffic,incident,True,0.8685487052643245,28,39,51,882e3f3f4815385e
551,551,True,synthetic_stress_public_baseline,burst_traffic,incident,True,0.6768173490026824,18,30,42,882e3f3f4815385e
552,552,True,synthetic_stress_public_baseline,burst_traffic,incident,True,0.6708835990226723,27,30,33,882e3f3f4815385e
553,553,True,synthetic_stress_public_baseline,burst_traffic,incident,True,0.9141484380650888,25,38,52,882e3f3f4815385e
554,554,True,synthetic_stress_public_baseline,burst_traffic,incident,True,0.8239172762664839,28,41,54,882e3f3f4815385e
555,555,True,synthetic_stress_public_baseline,burst_traffic,incident,True,0.8485406618158247,29,34,40,882e3f3f4815385e
556,556,True,synthetic_stress_public_baseline,burst_traffic,incident,True,0.6780018158529577,26,39,52,882e3f3f4815385e
557,557,True,synthetic_stress_public_baseline,burst_traffic,incident,True,0.7638341045006217,18,28,39,882e3f3f4815385e
558,558,True,synthetic_stress_public_baseline,burst_traffic,incident,True,0.9630948937177201,27,35,44,882e3f3f4815385e
559,559,True,synthetic_stress_public_baseline,burst_traffic,incident,True,0.6591291796990829,26,31,36,882e3f3f4815385e
560,560,True,synthetic_stress_public_baseline,burst_traffic,incident,True,0.6774854427269184,16,25,35,882e3f3f4815385e
561,561,True,synthetic_stress_public_baseline,burst_traffic,incident,True,0.6501375825780243,16,25,34,882e3f3f4815385e
562,562,True,synthetic_stress_public_baseline,burst_traffic,incident,True,0.7894306329610746,29,35,41,882e3f3f4815385e
563,563,True,synthetic_stress_public_baseline,burst_traffic,incident,True,0.9101122838599087,16,23,31,882e3f3f4815385e
564,564,True,synthetic_stress_public_baseline,burst_traffic,incident,True,0.9201046382793685,28,42,56,882e3f3f4815385e
565,565,True,synthetic_stress_public_baseline,burst_traffic,incident,True,0.7174593055037691,19,26,34,882e3f3f4815385e
566,566,True,synthetic_stress_public_baseline,burst_traffic,incident,True,0.7324421423051,23,28,34,882e3f3f4815385e
567,567,True,synthetic_stress_public_baseline,burst_traffic,incident,True,0.8176287283384875,19,26,34,882e3f3f4815385e
568,568,True,synthetic_stress_public_baseline,burst_traffic,incident,True,0.6923647941386502,28,36,45,882e3f3f4815385e
569,569,True,synthetic_stress_public_baseline,burst_traffic,incident,True,0.8756251952757583,22,30,38,882e3f3f4815385e
570,570,True,synthetic_stress_public_baseline,burst_traffic,recovery,True,0.3312594071571856,19,33,48,882e3f3f4815385e
571,571,True,synthetic_stress_public_baseline,burst_traffic,recovery,True,0.4225025786094449,25,29,33,882e3f3f4815385e
572,572,True,synthetic_stress_public_baseline,burst_traffic,recovery,True,0.38186119621333353,29,35,42,882e3f3f4815385e
573,573,True,synthetic_stress_public_baseline,burst_traffic,recovery,True,0.3987079431418387,16,22,28,882e3f3f4815385e
574,574,True,synthetic_stress_public_baseline,burst_traffic,recovery,True,0.39191344284394863,24,33,43,882e3f3f4815385e
575,575,True,synthetic_stress_public_baseline,burst_traffic,recovery,True,0.4240673042942639,15,29,43,882e3f3f4815385e
576,576,True,synthetic_stress_public_baseline,burst_traffic,recovery,True,0.30460037105056226,22,29,37,882e3f3f4815385e
577,577,True,synthetic_stress_public_baseline,burst_traffic,recovery,True,0.3410650972996271,27,33,40,882e3f3f4815385e
578,578,True,synthetic_stress_public_baseline,burst_traffic,recovery,True,0.29472387748158424,20,29,38,882e3f3f4815385e
579,579,True,synthetic_stress_public_baseline,burst_traffic,recovery,True,0.3888125905546101,25,28,31,882e3f3f4815385e
580,580,True,synthetic_stress_public_baseline,burst_traffic,recovery,True,0.4316907286397416,16,28,41,882e3f3f4815385e
581,581,True,synthetic_stress_public_baseline,burst_traffic,recovery,True,0.3959852023544326,25,39,53,882e3f3f4815385e
582,582,True,synthetic_stress_public_baseline,burst_traffic,recovery,True,0.426383787584087,26,33,40,882e3f3f4815385e
583,583,True,synthetic_stress_public_baseline,burst_traffic,recovery,True,0.2926418670133869,24,38,53,882e3f3f4815385e
584,584,True,synthetic_stress_public_baseline,burst_traffic,recovery,True,0.4048773471489634,18,32,46,882e3f3f4815385e
585,585,True,synthetic_stress_public_baseline,burst_traffic,recovery,False,0.16818444845484845,26,28,31,882e3f3f4815385e
586,586,True,synthetic_stress_public_baseline,burst_traffic,recovery,False,0.13143911533351432,17,25,34,882e3f3f4815385e
587,587,True,synthetic_stress_public_baseline,burst_traffic,recovery,False,0.18194693831322378,24,33,43,882e3f3f4815385e
588,588,True,synthetic_stress_public_baseline,burst_traffic,recovery,False,0.13336296255170613,28,39,50,882e3f3f4815385e
589,589,True,synthetic_stress_public_baseline,burst_traffic,recovery,False,0.17353970358371384,18,26,34,882e3f3f4815385e
590,590,True,synthetic_stress_public_baseline,burst_traffic,recovery,False,0.17675572963490344,28,35,42,882e3f3f4815385e
591,591,True,synthetic_stress_public_baseline,burst_traffic,recovery,False,0.13090279052206275,22,27,32,882e3f3f4815385e
592,592,True,synthetic_stress_public_baseline,burst_traffic,recovery,False,0.13063776154817638,25,35,45,882e3f3f4815385e
593,593,True,synthetic_stress_public_baseline,burst_traffic,recovery,False,0.14242287454515798,22,31,41,882e3f3f4815385e
594,594,True,synthetic_stress_public_baseline,burst_traffic,recovery,False,0.1842945473511225,24,32,41,882e3f3f4815385e
595,595,True,synthetic_stress_public_baseline,burst_traffic,recovery,False,0.1695999213649397,25,33,42,882e3f3f4815385e
596,596,True,synthetic_stress_public_baseline,burst_traffic,recovery,False,0.19038864154036123,20,23,27,882e3f3f4815385e
597,597,True,synthetic_stress_public_baseline,burst_traffic,recovery,False,0.1954673410083875,24,34,44,882e3f3f4815385e
598,598,True,synthetic_stress_public_baseline,burst_traffic,recovery,False,0.18076137264995965,18,30,43,882e3f3f4815385e
599,599,True,synthetic_stress_public_baseline,burst_traffic,recovery,False,0.18037940786199283,18,27,36,882e3f3f4815385e
600,600,True,synthetic_stress_public_baseline,error_surge,background,False,0.0,-1,-1,-1,882e3f3f4815385e
601,601,True,synthetic_stress_public_baseline,error_surge,background,False,0.0,-1,-1,-1,882e3f3f4815385e
602,602,True,synthetic_stress_public_baseline,error_surge,background,False,0.0,-1,-1,-1,882e3f3f4815385e
603,603,True,synthetic_stress_public_baseline,error_surge,background,False,0.0,-1,-1,-1,882e3f3f4815385e
604,604,True,synthetic_stress_public_baseline,error_surge,background,False,0.0,-1,-1,-1,882e3f3f4815385e
605,605,True,synthetic_stress_public_baseline,error_surge,background,False,0.0,-1,-1,-1,882e3f3f4815385e
606,606,True,synthetic_stress_public_baseline,error_surge,background,False,0.0,-1,-1,-1,882e3f3f4815385e
607,607,True,synthetic_stress_public_baseline,error_surge,background,False,0.0,-1,-1,-1,882e3f3f4815385e
608,608,True,synthetic_stress_public_baseline,error_surge,background,False,0.0,-1,-1,-1,882e3f3f4815385e
609,609,True,synthetic_stress_public_baseline,error_surge,background,False,0.0,-1,-1,-1,882e3f3f4815385e
610,610,True,synthetic_stress_public_baseline,error_surge,background,False,0.0,-1,-1,-1,882e3f3f4815385e
611,611,True,synthetic_stress_public_baseline,error_surge,background,False,0.0,-1,-1,-1,882e3f3f4815385e
612,612,True,synthetic_stress_public_baseline,error_surge,background,False,0.0,-1,-1,-1,882e3f3f4815385e
613,613,True,synthetic_stress_public_baseline,error_surge,background,False,0.0,-1,-1,-1,882e3f3f4815385e
614,614,True,synthetic_stress_public_baseline,error_surge,background,False,0.0,-1,-1,-1,882e3f3f4815385e
615,615,True,synthetic_stress_public_baseline,error_surge,background,False,0.0,-1,-1,-1,882e3f3f4815385e
616,616,True,synthetic_stress_public_baseline,error_surge,background,False,0.0,-1,-1,-1,882e3f3f4815385e
617,617,True,synthetic_stress_public_baseline,error_surge,background,False,0.0,-1,-1,-1,882e3f3f4815385e
618,618,True,synthetic_stress_public_baseline,error_surge,background,False,0.0,-1,-1,-1,882e3f3f4815385e
619,619,True,synthetic_stress_public_baseline,error_surge,background,False,0.0,-1,-1,-1,882e3f3f4815385e
620,620,True,synthetic_stress_public_baseline,error_surge,background,False,0.0,-1,-1,-1,882e3f3f4815385e
621,621,True,synthetic_stress_public_baseline,error_surge,background,False,0.0,-1,-1,-1,882e3f3f4815385e
622,622,True,synthetic_stress_public_baseline,error_surge,background,False,0.0,-1,-1,-1,882e3f3f4815385e
623,623,True,synthetic_stress_public_baseline,error_surge,background,False,0.0,-1,-1,-1,882e3f3f4815385e
624,624,True,synthetic_stress_public_baseline,error_surge,background,False,0.0,-1,-1,-1,882e3f3f4815385e
625,625,True,synthetic_stress_public_baseline,error_surge,background,False,0.0,-1,-1,-1,882e3f3f4815385e
626,626,True,synthetic_stress_public_baseline,error_surge,background,False,0.0,-1,-1,-1,882e3f3f4815385e
627,627,True,synthetic_stress_public_baseline,error_surge,background,False,0.0,-1,-1,-1,882e3f3f4815385e
628,628,True,synthetic_stress_public_baseline,error_surge,background,False,0.0,-1,-1,-1,882e3f3f4815385e
629,629,True,synthetic_stress_public_baseline,error_surge,background,False,0.0,-1,-1,-1,882e3f3f4815385e
630,630,True,synthetic_stress_public_baseline,error_surge,background,False,0.0,-1,-1,-1,882e3f3f4815385e
631,631,True,synthetic_stress_public_baseline,error_surge,background,False,0.0,-1,-1,-1,882e3f3f4815385e
632,632,True,synthetic_stress_public_baseline,error_surge,background,False,0.0,-1,-1,-1,882e3f3f4815385e
633,633,True,synthetic_stress_public_baseline,error_surge,background,False,0.0,-1,-1,-1,882e3f3f4815385e
634,634,True,synthetic_stress_public_baseline,error_surge,background,False,0.0,-1,-1,-1,882e3f3f4815385e
635,635,True,synthetic_stress_public_baseline,error_surge,background,False,0.0,-1,-1,-1,882e3f3f4815385e
636,636,True,synthetic_stress_public_baseline,error_surge,background,False,0.0,-1,-1,-1,882e3f3f4815385e
637,637,True,synthetic_stress_public_baseline,error_surge,background,False,0.0,-1,-1,-1,882e3f3f4815385e
638,638,True,synthetic_stress_public_baseline,error_surge,background,False,0.0,-1,-1,-1,882e3f3f4815385e
639,639,True,synthetic_stress_public_baseline,error_surge,background,False,0.0,-1,-1,-1,882e3f3f4815385e
640,640,True,synthetic_stress_public_baseline,error_surge,background,False,0.0,-1,-1,-1,882e3f3f4815385e
641,641,True,synthetic_stress_public_baseline,error_surge,background,False,0.0,-1,-1,-1,882e3f3f4815385e
642,642,True,synthetic_stress_public_baseline,error_surge,background,False,0.0,-1,-1,-1,882e3f3f4815385e
643,643,True,synthetic_stress_public_baseline,error_surge,background,False,0.0,-1,-1,-1,882e3f3f4815385e
644,644,True,synthetic_stress_public_baseline,error_surge,background,False,0.0,-1,-1,-1,882e3f3f4815385e
645,645,True,synthetic_stress_public_baseline,error_surge,background,False,0.0,-1,-1,-1,882e3f3f4815385e
646,646,True,synthetic_stress_public_baseline,error_surge,background,False,0.0,-1,-1,-1,882e3f3f4815385e
647,647,True,synthetic_stress_public_baseline,error_surge,background,False,0.0,-1,-1,-1,882e3f3f4815385e
648,648,True,synthetic_stress_public_baseline,error_surge,background,False,0.0,-1,-1,-1,882e3f3f4815385e
649,649,True,synthetic_stress_public_baseline,error_surge,background,False,0.0,-1,-1,-1,882e3f3f4815385e
650,650,True,synthetic_stress_public_baseline,error_surge,background,False,0.0,-1,-1,-1,882e3f3f4815385e
651,651,True,synthetic_stress_public_baseline,error_surge,background,False,0.0,-1,-1,-1,882e3f3f4815385e
652,652,True,synthetic_stress_public_baseline,error_surge,background,False,0.0,-1,-1,-1,882e3f3f4815385e
653,653,True,synthetic_stress_public_baseline,error_surge,background,False,0.0,-1,-1,-1,882e3f3f4815385e
654,654,True,synthetic_stress_public_baseline,error_surge,background,False,0.0,-1,-1,-1,882e3f3f4815385e
655,655,True,synthetic_stress_public_baseline,error_surge,background,False,0.0,-1,-1,-1,882e3f3f4815385e
656,656,True,synthetic_stress_public_baseline,error_surge,background,False,0.0,-1,-1,-1,882e3f3f4815385e
657,657,True,synthetic_stress_public_baseline,error_surge,background,False,0.0,-1,-1,-1,882e3f3f4815385e
658,658,True,synthetic_stress_public_baseline,error_surge,background,False,0.0,-1,-1,-1,882e3f3f4815385e
659,659,True,synthetic_stress_public_baseline,error_surge,background,False,0.0,-1,-1,-1,882e3f3f4815385e
660,660,True,synthetic_stress_public_baseline,error_surge,background,False,0.0,-1,-1,-1,882e3f3f4815385e
661,661,True,synthetic_stress_public_baseline,error_surge,background,False,0.0,-1,-1,-1,882e3f3f4815385e
662,662,True,synthetic_stress_public_baseline,error_surge,background,False,0.0,-1,-1,-1,882e3f3f4815385e
663,663,True,synthetic_stress_public_baseline,error_surge,background,False,0.0,-1,-1,-1,882e3f3f4815385e
664,664,True,synthetic_stress_public_baseline,error_surge,background,False,0.0,-1,-1,-1,882e3f3f4815385e
665,665,True,synthetic_stress_public_baseline,error_surge,background,False,0.0,-1,-1,-1,882e3f3f4815385e
666,666,True,synthetic_stress_public_baseline,error_surge,background,False,0.0,-1,-1,-1,882e3f3f4815385e
667,667,True,synthetic_stress_public_baseline,error_surge,background,False,0.0,-1,-1,-1,882e3f3f4815385e
668,668,True,synthetic_stress_public_baseline,error_surge,background,False,0.0,-1,-1,-1,882e3f3f4815385e
669,669,True,synthetic_stress_public_baseline,error_surge,background,False,0.0,-1,-1,-1,882e3f3f4815385e
670,670,True,synthetic_stress_public_baseline,error_surge,background,False,0.0,-1,-1,-1,882e3f3f4815385e
671,671,True,synthetic_stress_public_baseline,error_surge,background,False,0.0,-1,-1,-1,882e3f3f4815385e
672,672,True,synthetic_stress_public_baseline,error_surge,background,False,0.0,-1,-1,-1,882e3f3f4815385e
673,673,True,synthetic_stress_public_baseline,error_surge,background,False,0.0,-1,-1,-1,882e3f3f4815385e
674,674,True,synthetic_stress_public_baseline,error_surge,background,False,0.0,-1,-1,-1,882e3f3f4815385e
675,675,True,synthetic_stress_public_baseline,error_surge,background,False,0.0,-1,-1,-1,882e3f3f4815385e
676,676,True,synthetic_stress_public_baseline,error_surge,background,False,0.0,-1,-1,-1,882e3f3f4815385e
677,677,True,synthetic_stress_public_baseline,error_surge,background,False,0.0,-1,-1,-1,882e3f3f4815385e
678,678,True,synthetic_stress_public_baseline,error_surge,background,False,0.0,-1,-1,-1,882e3f3f4815385e
679,679,True,synthetic_stress_public_baseline,error_surge,background,False,0.0,-1,-1,-1,882e3f3f4815385e
680,680,True,synthetic_stress_public_baseline,error_surge,background,False,0.0,-1,-1,-1,882e3f3f4815385e
681,681,True,synthetic_stress_public_baseline,error_surge,background,False,0.0,-1,-1,-1,882e3f3f4815385e
682,682,True,synthetic_stress_public_baseline,error_surge,background,False,0.0,-1,-1,-1,882e3f3f4815385e
683,683,True,synthetic_stress_public_baseline,error_surge,background,False,0.0,-1,-1,-1,882e3f3f4815385e
684,684,True,synthetic_stress_public_baseline,error_surge,background,False,0.0,-1,-1,-1,882e3f3f4815385e
685,685,True,synthetic_stress_public_baseline,error_surge,background,False,0.0,-1,-1,-1,882e3f3f4815385e
686,686,True,synthetic_stress_public_baseline,error_surge,background,False,0.0,-1,-1,-1,882e3f3f4815385e
687,687,True,synthetic_stress_public_baseline,error_surge,background,False,0.0,-1,-1,-1,882e3f3f4815385e
688,688,True,synthetic_stress_public_baseline,error_surge,background,False,0.0,-1,-1,-1,882e3f3f4815385e
689,689,True,synthetic_stress_public_baseline,error_surge,background,False,0.0,-1,-1,-1,882e3f3f4815385e
690,690,True,synthetic_stress_public_baseline,error_surge,background,False,0.0,-1,-1,-1,882e3f3f4815385e
691,691,True,synthetic_stress_public_baseline,error_surge,background,False,0.0,-1,-1,-1,882e3f3f4815385e
692,692,True,synthetic_stress_public_baseline,error_surge,background,False,0.0,-1,-1,-1,882e3f3f4815385e
693,693,True,synthetic_stress_public_baseline,error_surge,background,False,0.0,-1,-1,-1,882e3f3f4815385e
694,694,True,synthetic_stress_public_baseline,error_surge,background,False,0.0,-1,-1,-1,882e3f3f4815385e
695,695,True,synthetic_stress_public_baseline,error_surge,background,False,0.0,-1,-1,-1,882e3f3f4815385e
696,696,True,synthetic_stress_public_baseline,error_surge,background,False,0.0,-1,-1,-1,882e3f3f4815385e
697,697,True,synthetic_stress_public_baseline,error_surge,background,False,0.0,-1,-1,-1,882e3f3f4815385e
698,698,True,synthetic_stress_public_baseline,error_surge,background,False,0.0,-1,-1,-1,882e3f3f4815385e
699,699,True,synthetic_stress_public_baseline,error_surge,background,False,0.0,-1,-1,-1,882e3f3f4815385e
700,700,True,synthetic_stress_public_baseline,error_surge,background,False,0.0,-1,-1,-1,882e3f3f4815385e
701,701,True,synthetic_stress_public_baseline,error_surge,background,False,0.0,-1,-1,-1,882e3f3f4815385e
702,702,True,synthetic_stress_public_baseline,error_surge,background,False,0.0,-1,-1,-1,882e3f3f4815385e
703,703,True,synthetic_stress_public_baseline,error_surge,background,False,0.0,-1,-1,-1,882e3f3f4815385e
704,704,True,synthetic_stress_public_baseline,error_surge,background,False,0.0,-1,-1,-1,882e3f3f4815385e
705,705,True,synthetic_stress_public_baseline,error_surge,background,False,0.0,-1,-1,-1,882e3f3f4815385e
706,706,True,synthetic_stress_public_baseline,error_surge,background,False,0.0,-1,-1,-1,882e3f3f4815385e
707,707,True,synthetic_stress_public_baseline,error_surge,background,False,0.0,-1,-1,-1,882e3f3f4815385e
708,708,True,synthetic_stress_public_baseline,error_surge,background,False,0.0,-1,-1,-1,882e3f3f4815385e
709,709,True,synthetic_stress_public_baseline,error_surge,background,False,0.0,-1,-1,-1,882e3f3f4815385e
710,710,True,synthetic_stress_public_baseline,error_surge,background,False,0.0,-1,-1,-1,882e3f3f4815385e
711,711,True,synthetic_stress_public_baseline,error_surge,background,False,0.0,-1,-1,-1,882e3f3f4815385e
712,712,True,synthetic_stress_public_baseline,error_surge,background,False,0.0,-1,-1,-1,882e3f3f4815385e
713,713,True,synthetic_stress_public_baseline,error_surge,background,False,0.0,-1,-1,-1,882e3f3f4815385e
714,714,True,synthetic_stress_public_baseline,error_surge,background,False,0.0,-1,-1,-1,882e3f3f4815385e
715,715,True,synthetic_stress_public_baseline,error_surge,background,False,0.0,-1,-1,-1,882e3f3f4815385e
716,716,True,synthetic_stress_public_baseline,error_surge,background,False,0.0,-1,-1,-1,882e3f3f4815385e
717,717,True,synthetic_stress_public_baseline,error_surge,background,False,0.0,-1,-1,-1,882e3f3f4815385e
718,718,True,synthetic_stress_public_baseline,error_surge,background,False,0.0,-1,-1,-1,882e3f3f4815385e
719,719,True,synthetic_stress_public_baseline,error_surge,background,False,0.0,-1,-1,-1,882e3f3f4815385e
720,720,True,synthetic_stress_public_baseline,error_surge,background,False,0.0,-1,-1,-1,882e3f3f4815385e
721,721,True,synthetic_stress_public_baseline,error_surge,background,False,0.0,-1,-1,-1,882e3f3f4815385e
722,722,True,synthetic_stress_public_baseline,error_surge,background,False,0.0,-1,-1,-1,882e3f3f4815385e
723,723,True,synthetic_stress_public_baseline,error_surge,background,False,0.0,-1,-1,-1,882e3f3f4815385e
724,724,True,synthetic_stress_public_baseline,error_surge,background,False,0.0,-1,-1,-1,882e3f3f4815385e
725,725,True,synthetic_stress_public_baseline,error_surge,background,False,0.0,-1,-1,-1,882e3f3f4815385e
726,726,True,synthetic_stress_public_baseline,error_surge,background,False,0.0,-1,-1,-1,882e3f3f4815385e
727,727,True,synthetic_stress_public_baseline,error_surge,background,False,0.0,-1,-1,-1,882e3f3f4815385e
728,728,True,synthetic_stress_public_baseline,error_surge,background,False,0.0,-1,-1,-1,882e3f3f4815385e
729,729,True,synthetic_stress_public_baseline,error_surge,background,False,0.0,-1,-1,-1,882e3f3f4815385e
730,730,True,synthetic_stress_public_baseline,error_surge,background,False,0.0,-1,-1,-1,882e3f3f4815385e
731,731,True,synthetic_stress_public_baseline,error_surge,background,False,0.0,-1,-1,-1,882e3f3f4815385e
732,732,True,synthetic_stress_public_baseline,error_surge,background,False,0.0,-1,-1,-1,882e3f3f4815385e
733,733,True,synthetic_stress_public_baseline,error_surge,background,False,0.0,-1,-1,-1,882e3f3f4815385e
734,734,True,synthetic_stress_public_baseline,error_surge,background,False,0.0,-1,-1,-1,882e3f3f4815385e
735,735,True,synthetic_stress_public_baseline,error_surge,background,False,0.0,-1,-1,-1,882e3f3f4815385e
736,736,True,synthetic_stress_public_baseline,error_surge,background,False,0.0,-1,-1,-1,882e3f3f4815385e
737,737,True,synthetic_stress_public_baseline,error_surge,background,False,0.0,-1,-1,-1,882e3f3f4815385e
738,738,True,synthetic_stress_public_baseline,error_surge,background,False,0.0,-1,-1,-1,882e3f3f4815385e
739,739,True,synthetic_stress_public_baseline,error_surge,background,False,0.0,-1,-1,-1,882e3f3f4815385e
740,740,True,synthetic_stress_public_baseline,error_surge,background,False,0.0,-1,-1,-1,882e3f3f4815385e
741,741,True,synthetic_stress_public_baseline,error_surge,background,False,0.0,-1,-1,-1,882e3f3f4815385e
742,742,True,synthetic_stress_public_baseline,error_surge,background,False,0.0,-1,-1,-1,882e3f3f4815385e
743,743,True,synthetic_stress_public_baseline,error_surge,background,False,0.0,-1,-1,-1,882e3f3f4815385e
744,744,True,synthetic_stress_public_baseline,error_surge,background,False,0.0,-1,-1,-1,882e3f3f4815385e
745,745,True,synthetic_stress_public_baseline,error_surge,background,False,0.0,-1,-1,-1,882e3f3f4815385e
746,746,True,synthetic_stress_public_baseline,error_surge,background,False,0.0,-1,-1,-1,882e3f3f4815385e
747,747,True,synthetic_stress_public_baseline,error_surge,background,False,0.0,-1,-1,-1,882e3f3f4815385e
748,748,True,synthetic_stress_public_baseline,error_surge,background,False,0.0,-1,-1,-1,882e3f3f4815385e
749,749,True,synthetic_stress_public_baseline,error_surge,background,False,0.0,-1,-1,-1,882e3f3f4815385e
750,750,True,synthetic_stress_public_baseline,error_surge,pre_incident,False,0.20667826275783333,22,32,43,882e3f3f4815385e
751,751,True,synthetic_stress_public_baseline,error_surge,pre_incident,False,0.2106865416102465,20,32,44,882e3f3f4815385e
752,752,True,synthetic_stress_public_baseline,error_surge,pre_incident,False,0.21394945842108243,20,26,33,882e3f3f4815385e
753,753,True,synthetic_stress_public_baseline,error_surge,pre_incident,False,0.23088250857979348,17,24,31,882e3f3f4815385e
754,754,True,synthetic_stress_public_baseline,error_surge,pre_incident,False,0.19640168602111419,17,21,25,882e3f3f4815385e
755,755,True,synthetic_stress_public_baseline,error_surge,pre_incident,False,0.23920573621926777,28,37,46,882e3f3f4815385e
756,756,True,synthetic_stress_public_baseline,error_surge,pre_incident,False,0.21001334029662821,27,39,52,882e3f3f4815385e
757,757,True,synthetic_stress_public_baseline,error_surge,pre_incident,False,0.2196603687789413,21,26,31,882e3f3f4815385e
758,758,True,synthetic_stress_public_baseline,error_surge,pre_incident,False,0.21388588152680946,26,30,35,882e3f3f4815385e
759,759,True,synthetic_stress_public_baseline,error_surge,pre_incident,False,0.17633452519373022,18,21,25,882e3f3f4815385e
760,760,True,synthetic_stress_public_baseline,error_surge,pre_incident,False,0.18319982580575925,22,31,41,882e3f3f4815385e
761,761,True,synthetic_stress_public_baseline,error_surge,pre_incident,False,0.21315053370892217,28,42,57,882e3f3f4815385e
762,762,True,synthetic_stress_public_baseline,error_surge,pre_incident,False,0.19219940556936066,27,37,48,882e3f3f4815385e
763,763,True,synthetic_stress_public_baseline,error_surge,pre_incident,False,0.21951634231448125,17,23,29,882e3f3f4815385e
764,764,True,synthetic_stress_public_baseline,error_surge,pre_incident,False,0.2324976759444965,25,33,42,882e3f3f4815385e
765,765,True,synthetic_stress_public_baseline,error_surge,pre_incident,False,0.163663972640972,17,25,34,882e3f3f4815385e
766,766,True,synthetic_stress_public_baseline,error_surge,pre_incident,False,0.23700539975935014,22,36,50,882e3f3f4815385e
767,767,True,synthetic_stress_public_baseline,error_surge,pre_incident,False,0.22588617187452958,28,35,42,882e3f3f4815385e
768,768,True,synthetic_stress_public_baseline,error_surge,pre_incident,False,0.23322562197383248,27,37,48,882e3f3f4815385e
769,769,True,synthetic_stress_public_baseline,error_surge,pre_incident,False,0.1904763318079867,27,36,45,882e3f3f4815385e
770,770,True,synthetic_stress_public_baseline,error_surge,pre_incident,False,0.20864401002640628,24,38,52,882e3f3f4815385e
771,771,True,synthetic_stress_public_baseline,error_surge,pre_incident,False,0.20750306076812097,26,28,31,882e3f3f4815385e
772,772,True,synthetic_stress_public_baseline,error_surge,pre_incident,False,0.2218762356784295,19,33,48,882e3f3f4815385e
773,773,True,synthetic_stress_public_baseline,error_surge,pre_incident,False,0.22106437849106686,18,26,35,882e3f3f4815385e
774,774,True,synthetic_stress_public_baseline,error_surge,pre_incident,False,0.24066116774695595,23,28,34,882e3f3f4815385e
775,775,True,synthetic_stress_public_baseline,error_surge,pre_incident,False,0.24187457878549767,20,33,47,882e3f3f4815385e
776,776,True,synthetic_stress_public_baseline,error_surge,pre_incident,False,0.18884463147693892,17,26,36,882e3f3f4815385e
777,777,True,synthetic_stress_public_baseline,error_surge,pre_incident,False,0.23156161735594483,22,36,50,882e3f3f4815385e
778,778,True,synthetic_stress_public_baseline,error_surge,pre_incident,False,0.23932006767598324,28,36,44,882e3f3f4815385e
779,779,True,synthetic_stress_public_baseline,error_surge,pre_incident,False,0.1949411994170832,23,31,40,882e3f3f4815385e
780,780,True,synthetic_stress_public_baseline,error_surge,pre_incident,False,0.21106384378936555,26,40,54,882e3f3f4815385e
781,781,True,synthetic_stress_public_baseline,error_surge,pre_incident,False,0.1817257356993831,28,31,35,882e3f3f4815385e
782,782,True,synthetic_stress_public_baseline,error_surge,pre_incident,False,0.17301851000474125,20,24,28,882e3f3f4815385e
783,783,True,synthetic_stress_public_baseline,error_surge,pre_incident,False,0.18123474195665362,21,25,30,882e3f3f4815385e
784,784,True,synthetic_stress_public_baseline,error_surge,pre_incident,False,0.182508521245677,26,28,31,882e3f3f4815385e
785,785,True,synthetic_stress_public_baseline,error_surge,pre_incident,False,0.2101389355016819,24,30,36,882e3f3f4815385e
786,786,True,synthetic_stress_public_baseline,error_surge,pre_incident,False,0.200673753909073,18,22,27,882e3f3f4815385e
787,787,True,synthetic_stress_public_baseline,error_surge,pre_incident,False,0.16617976955401564,18,31,44,882e3f3f4815385e
788,788,True,synthetic_stress_public_baseline,error_surge,pre_incident,False,0.23935325945170322,20,28,36,882e3f3f4815385e
789,789,True,synthetic_stress_public_baseline,error_surge,pre_incident,False,0.16465548708422142,25,30,35,882e3f3f4815385e
790,790,True,synthetic_stress_public_baseline,error_surge,pre_incident,False,0.18691311994589696,20,30,40,882e3f3f4815385e
791,791,True,synthetic_stress_public_baseline,error_surge,pre_incident,False,0.21054553752498953,16,27,39,882e3f3f4815385e
792,792,True,synthetic_stress_public_baseline,error_surge,pre_incident,False,0.21024644592728509,20,27,34,882e3f3f4815385e
793,793,True,synthetic_stress_public_baseline,error_surge,pre_incident,False,0.2201274353490952,20,27,35,882e3f3f4815385e
794,794,True,synthetic_stress_public_baseline,error_surge,pre_incident,False,0.22852339837324703,28,41,55,882e3f3f4815385e
795,795,True,synthetic_stress_public_baseline,error_surge,incident,True,0.9040314195245172,23,26,30,882e3f3f4815385e
796,796,True,synthetic_stress_public_baseline,error_surge,incident,True,0.7615448946120846,20,26,32,882e3f3f4815385e
797,797,True,synthetic_stress_public_baseline,error_surge,incident,True,0.680598701433201,18,22,26,882e3f3f4815385e
798,798,True,synthetic_stress_public_baseline,error_surge,incident,True,0.8558916002312733,22,35,49,882e3f3f4815385e
799,799,True,synthetic_stress_public_baseline,error_surge,incident,True,0.7791997569764433,18,23,29,882e3f3f4815385e
800,800,True,synthetic_stress_public_baseline,error_surge,incident,True,0.8717676273602082,28,35,42,882e3f3f4815385e
801,801,True,synthetic_stress_public_baseline,error_surge,incident,True,0.8777028850796322,20,32,45,882e3f3f4815385e
802,802,True,synthetic_stress_public_baseline,error_surge,incident,True,0.8564167210869855,29,42,56,882e3f3f4815385e
803,803,True,synthetic_stress_public_baseline,error_surge,incident,True,0.8181572808613484,18,32,47,882e3f3f4815385e
804,804,True,synthetic_stress_public_baseline,error_surge,incident,True,0.7863668926154394,29,36,43,882e3f3f4815385e
805,805,True,synthetic_stress_public_baseline,error_surge,incident,True,0.9551155425951541,27,30,33,882e3f3f4815385e
806,806,True,synthetic_stress_public_baseline,error_surge,incident,True,0.7978226545338584,26,31,36,882e3f3f4815385e
807,807,True,synthetic_stress_public_baseline,error_surge,incident,True,0.7490826265674948,18,29,40,882e3f3f4815385e
808,808,True,synthetic_stress_public_baseline,error_surge,incident,True,0.96710896926124,27,37,47,882e3f3f4815385e
809,809,True,synthetic_stress_public_baseline,error_surge,incident,True,0.6707638329467956,24,29,34,882e3f3f4815385e
810,810,True,synthetic_stress_public_baseline,error_surge,incident,True,0.7524915262505152,26,38,51,882e3f3f4815385e
811,811,True,synthetic_stress_public_baseline,error_surge,incident,True,0.8803719137553059,19,26,34,882e3f3f4815385e
812,812,True,synthetic_stress_public_baseline,error_surge,incident,True,0.7189102483141915,17,22,27,882e3f3f4815385e
813,813,True,synthetic_stress_public_baseline,error_surge,incident,True,0.8216162729580492,16,30,45,882e3f3f4815385e
814,814,True,synthetic_stress_public_baseline,error_surge,incident,True,0.9782174486057991,15,29,43,882e3f3f4815385e
815,815,True,synthetic_stress_public_baseline,error_surge,incident,True,0.7791189045027698,17,29,41,882e3f3f4815385e
816,816,True,synthetic_stress_public_baseline,error_surge,incident,True,0.9250096742810147,27,38,50,882e3f3f4815385e
817,817,True,synthetic_stress_public_baseline,error_surge,incident,True,0.837241199715809,18,28,39,882e3f3f4815385e
818,818,True,synthetic_stress_public_baseline,error_surge,incident,True,0.8697528674002104,21,35,49,882e3f3f4815385e
819,819,True,synthetic_stress_public_baseline,error_surge,incident,True,0.8108807289866566,25,37,50,882e3f3f4815385e
820,820,True,synthetic_stress_public_baseline,error_surge,incident,True,0.7725856577554511,28,33,39,882e3f3f4815385e
821,821,True,synthetic_stress_public_baseline,error_surge,incident,True,0.8457584990354514,19,28,37,882e3f3f4815385e
822,822,True,synthetic_stress_public_baseline,error_surge,incident,True,0.7823634148826478,24,28,33,882e3f3f4815385e
823,823,True,synthetic_stress_public_baseline,error_surge,incident,True,0.8015107936309707,26,40,54,882e3f3f4815385e
824,824,True,synthetic_stress_public_baseline,error_surge,incident,True,0.7416464502236372,27,37,48,882e3f3f4815385e
825,825,True,synthetic_stress_public_baseline,error_surge,incident,True,0.8031222651642536,20,34,48,882e3f3f4815385e
826,826,True,synthetic_stress_public_baseline,error_surge,incident,True,0.7723435002960736,21,31,42,882e3f3f4815385e
827,827,True,synthetic_stress_public_baseline,error_surge,incident,True,0.7175582410385443,15,19,24,882e3f3f4815385e
828,828,True,synthetic_stress_public_baseline,error_surge,incident,True,0.7914371860733602,26,32,38,882e3f3f4815385e
829,829,True,synthetic_stress_public_baseline,error_surge,incident,True,0.720681916724376,29,37,46,882e3f3f4815385e
830,830,True,synthetic_stress_public_baseline,error_surge,incident,True,0.7132847503197067,26,34,42,882e3f3f4815385e
831,831,True,synthetic_stress_public_baseline,error_surge,incident,True,0.9232542433702757,18,24,30,882e3f3f4815385e
832,832,True,synthetic_stress_public_baseline,error_surge,incident,True,0.8369528111117853,22,26,31,882e3f3f4815385e
833,833,True,synthetic_stress_public_baseline,error_surge,incident,True,0.6964880229125769,22,28,34,882e3f3f4815385e
834,834,True,synthetic_stress_public_baseline,error_surge,incident,True,0.916505174923408,21,34,48,882e3f3f4815385e
835,835,True,synthetic_stress_public_baseline,error_surge,incident,True,0.9455285959380999,25,37,50,882e3f3f4815385e
836,836,True,synthetic_stress_public_baseline,error_surge,incident,True,0.773054302565634,22,30,39,882e3f3f4815385e
837,837,True,synthetic_stress_public_baseline,error_surge,incident,True,0.6886262593797159,26,35,44,882e3f3f4815385e
838,838,True,synthetic_stress_public_baseline,error_surge,incident,True,0.8597730884058559,28,35,43,882e3f3f4815385e
839,839,True,synthetic_stress_public_baseline,error_surge,incident,True,0.8139084043702005,21,28,35,882e3f3f4815385e
840,840,True,synthetic_stress_public_baseline,error_surge,incident,True,0.7773314115735634,23,27,32,882e3f3f4815385e
841,841,True,synthetic_stress_public_baseline,error_surge,incident,True,0.7935346428858323,23,26,30,882e3f3f4815385e
842,842,True,synthetic_stress_public_baseline,error_surge,incident,True,0.8306181780318415,15,24,33,882e3f3f4815385e
843,843,True,synthetic_stress_public_baseline,error_surge,incident,True,0.8441261206389463,22,32,42,882e3f3f4815385e
844,844,True,synthetic_stress_public_baseline,error_surge,incident,True,0.8851500352352794,19,23,28,882e3f3f4815385e
845,845,True,synthetic_stress_public_baseline,error_surge,incident,True,0.747145637343597,22,28,35,882e3f3f4815385e
846,846,True,synthetic_stress_public_baseline,error_surge,incident,True,0.760191472747665,28,41,54,882e3f3f4815385e
847,847,True,synthetic_stress_public_baseline,error_surge,incident,True,0.7630847360842441,24,34,45,882e3f3f4815385e
848,848,True,synthetic_stress_public_baseline,error_surge,incident,True,0.8454912319222989,23,37,52,882e3f3f4815385e
849,849,True,synthetic_stress_public_baseline,error_surge,incident,True,0.9087252803157797,24,37,50,882e3f3f4815385e
850,850,True,synthetic_stress_public_baseline,error_surge,incident,True,0.9021650118488668,17,21,26,882e3f3f4815385e
851,851,True,synthetic_stress_public_baseline,error_surge,incident,True,0.7931956482473871,27,39,51,882e3f3f4815385e
852,852,True,synthetic_stress_public_baseline,error_surge,incident,True,0.6800084909554029,29,43,57,882e3f3f4815385e
853,853,True,synthetic_stress_public_baseline,error_surge,incident,True,0.9445654942371247,16,22,28,882e3f3f4815385e
854,854,True,synthetic_stress_public_baseline,error_surge,incident,True,0.8672708975739731,22,32,43,882e3f3f4815385e
855,855,True,synthetic_stress_public_baseline,error_surge,incident,True,0.8224179541987742,20,23,26,882e3f3f4815385e
856,856,True,synthetic_stress_public_baseline,error_surge,incident,True,0.6584347229896917,27,34,42,882e3f3f4815385e
857,857,True,synthetic_stress_public_baseline,error_surge,incident,True,0.9175326116677361,21,24,27,882e3f3f4815385e
858,858,True,synthetic_stress_public_baseline,error_surge,incident,True,0.9053044256112286,26,35,44,882e3f3f4815385e
859,859,True,synthetic_stress_public_baseline,error_surge,incident,True,0.7183184482232645,26,29,33,882e3f3f4815385e
860,860,True,synthetic_stress_public_baseline,error_surge,incident,True,0.8238268223585157,28,38,48,882e3f3f4815385e
861,861,True,synthetic_stress_public_baseline,error_surge,incident,True,0.9066187596559556,15,28,42,882e3f3f4815385e
862,862,True,synthetic_stress_public_baseline,error_surge,incident,True,0.8378735567757661,20,25,31,882e3f3f4815385e
863,863,True,synthetic_stress_public_baseline,error_surge,incident,True,0.8152088428607889,19,25,31,882e3f3f4815385e
864,864,True,synthetic_stress_public_baseline,error_surge,incident,True,0.7037276468882642,24,38,52,882e3f3f4815385e
865,865,True,synthetic_stress_public_baseline,error_surge,incident,True,0.7870850297790137,20,31,43,882e3f3f4815385e
866,866,True,synthetic_stress_public_baseline,error_surge,incident,True,0.8971078946217952,18,29,40,882e3f3f4815385e
867,867,True,synthetic_stress_public_baseline,error_surge,incident,True,0.8939476480372773,17,31,46,882e3f3f4815385e
868,868,True,synthetic_stress_public_baseline,error_surge,incident,True,0.7348331158555919,26,29,33,882e3f3f4815385e
869,869,True,synthetic_stress_public_baseline,error_surge,incident,True,0.8164206102243653,29,42,55,882e3f3f4815385e
870,870,True,synthetic_stress_public_baseline,error_surge,recovery,True,0.3828716089153537,26,36,47,882e3f3f4815385e
871,871,True,synthetic_stress_public_baseline,error_surge,recovery,True,0.39313454930751524,26,38,51,882e3f3f4815385e
872,872,True,synthetic_stress_public_baseline,error_surge,recovery,True,0.3287090697274099,28,34,40,882e3f3f4815385e
873,873,True,synthetic_stress_public_baseline,error_surge,recovery,True,0.3601025071357627,20,30,41,882e3f3f4815385e
874,874,True,synthetic_stress_public_baseline,error_surge,recovery,True,0.4116723680945172,25,39,53,882e3f3f4815385e
875,875,True,synthetic_stress_public_baseline,error_surge,recovery,True,0.38482684367503406,15,25,35,882e3f3f4815385e
876,876,True,synthetic_stress_public_baseline,error_surge,recovery,True,0.29277841490917805,19,28,37,882e3f3f4815385e
877,877,True,synthetic_stress_public_baseline,error_surge,recovery,True,0.38715430250868405,21,30,40,882e3f3f4815385e
878,878,True,synthetic_stress_public_baseline,error_surge,recovery,True,0.3039326842211519,20,28,36,882e3f3f4815385e
879,879,True,synthetic_stress_public_baseline,error_surge,recovery,True,0.3721462875035204,21,24,27,882e3f3f4815385e
880,880,True,synthetic_stress_public_baseline,error_surge,recovery,True,0.35471172356447234,21,31,42,882e3f3f4815385e
881,881,True,synthetic_stress_public_baseline,error_surge,recovery,True,0.4007955969559628,17,22,28,882e3f3f4815385e
882,882,True,synthetic_stress_public_baseline,error_surge,recovery,True,0.3773107411280156,29,39,49,882e3f3f4815385e
883,883,True,synthetic_stress_public_baseline,error_surge,recovery,True,0.32162530791695343,29,33,38,882e3f3f4815385e
884,884,True,synthetic_stress_public_baseline,error_surge,recovery,True,0.4269793876395946,27,33,39,882e3f3f4815385e
885,885,True,synthetic_stress_public_baseline,error_surge,recovery,False,0.17204886883707216,22,29,36,882e3f3f4815385e
886,886,True,synthetic_stress_public_baseline,error_surge,recovery,False,0.16544710547400887,26,33,40,882e3f3f4815385e
887,887,True,synthetic_stress_public_baseline,error_surge,recovery,False,0.1512138173476668,15,19,24,882e3f3f4815385e
888,888,True,synthetic_stress_public_baseline,error_surge,recovery,False,0.17256099541226166,21,29,37,882e3f3f4815385e
889,889,True,synthetic_stress_public_baseline,error_surge,recovery,False,0.1437261566072274,16,21,26,882e3f3f4815385e
890,890,True,synthetic_stress_public_baseline,error_surge,recovery,False,0.1479886216244258,27,34,42,882e3f3f4815385e
891,891,True,synthetic_stress_public_baseline,error_surge,recovery,False,0.16015392209399973,16,24,33,882e3f3f4815385e
892,892,True,synthetic_stress_public_baseline,error_surge,recovery,False,0.15307346219580859,16,19,22,882e3f3f4815385e
893,893,True,synthetic_stress_public_baseline,error_surge,recovery,False,0.1743700541465276,25,27,30,882e3f3f4815385e
894,894,True,synthetic_stress_public_baseline,error_surge,recovery,False,0.18127386104892917,20,30,40,882e3f3f4815385e
895,895,True,synthetic_stress_public_baseline,error_surge,recovery,False,0.13210734556917855,26,38,50,882e3f3f4815385e
896,896,True,synthetic_stress_public_baseline,error_surge,recovery,False,0.13233161135072455,17,19,22,882e3f3f4815385e
897,897,True,synthetic_stress_public_baseline,error_surge,recovery,False,0.13745018250990554,20,29,38,882e3f3f4815385e
898,898,True,synthetic_stress_public_baseline,error_surge,recovery,False,0.16154343834112636,25,31,38,882e3f3f4815385e
899,899,True,synthetic_stress_public_baseline,error_surge,recovery,False,0.17744093718346332,15,19,24,882e3f3f4815385e
900,900,True,synthetic_stress_public_baseline,slow_ramp,background,False,0.0,-1,-1,-1,882e3f3f4815385e
901,901,True,synthetic_stress_public_baseline,slow_ramp,background,False,0.0,-1,-1,-1,882e3f3f4815385e
902,902,True,synthetic_stress_public_baseline,slow_ramp,background,False,0.0,-1,-1,-1,882e3f3f4815385e
903,903,True,synthetic_stress_public_baseline,slow_ramp,background,False,0.0,-1,-1,-1,882e3f3f4815385e
904,904,True,synthetic_stress_public_baseline,slow_ramp,background,False,0.0,-1,-1,-1,882e3f3f4815385e
905,905,True,synthetic_stress_public_baseline,slow_ramp,background,False,0.0,-1,-1,-1,882e3f3f4815385e
906,906,True,synthetic_stress_public_baseline,slow_ramp,background,False,0.0,-1,-1,-1,882e3f3f4815385e
907,907,True,synthetic_stress_public_baseline,slow_ramp,background,False,0.0,-1,-1,-1,882e3f3f4815385e
908,908,True,synthetic_stress_public_baseline,slow_ramp,background,False,0.0,-1,-1,-1,882e3f3f4815385e
909,909,True,synthetic_stress_public_baseline,slow_ramp,background,False,0.0,-1,-1,-1,882e3f3f4815385e
910,910,True,synthetic_stress_public_baseline,slow_ramp,background,False,0.0,-1,-1,-1,882e3f3f4815385e
911,911,True,synthetic_stress_public_baseline,slow_ramp,background,False,0.0,-1,-1,-1,882e3f3f4815385e
912,912,True,synthetic_stress_public_baseline,slow_ramp,background,False,0.0,-1,-1,-1,882e3f3f4815385e
913,913,True,synthetic_stress_public_baseline,slow_ramp,background,False,0.0,-1,-1,-1,882e3f3f4815385e
914,914,True,synthetic_stress_public_baseline,slow_ramp,background,False,0.0,-1,-1,-1,882e3f3f4815385e
915,915,True,synthetic_stress_public_baseline,slow_ramp,background,False,0.0,-1,-1,-1,882e3f3f4815385e
916,916,True,synthetic_stress_public_baseline,slow_ramp,background,False,0.0,-1,-1,-1,882e3f3f4815385e
917,917,True,synthetic_stress_public_baseline,slow_ramp,background,False,0.0,-1,-1,-1,882e3f3f4815385e
918,918,True,synthetic_stress_public_baseline,slow_ramp,background,False,0.0,-1,-1,-1,882e3f3f4815385e
919,919,True,synthetic_stress_public_baseline,slow_ramp,background,False,0.0,-1,-1,-1,882e3f3f4815385e
920,920,True,synthetic_stress_public_baseline,slow_ramp,background,False,0.0,-1,-1,-1,882e3f3f4815385e
921,921,True,synthetic_stress_public_baseline,slow_ramp,background,False,0.0,-1,-1,-1,882e3f3f4815385e
922,922,True,synthetic_stress_public_baseline,slow_ramp,background,False,0.0,-1,-1,-1,882e3f3f4815385e
923,923,True,synthetic_stress_public_baseline,slow_ramp,background,False,0.0,-1,-1,-1,882e3f3f4815385e
924,924,True,synthetic_stress_public_baseline,slow_ramp,background,False,0.0,-1,-1,-1,882e3f3f4815385e
925,925,True,synthetic_stress_public_baseline,slow_ramp,background,False,0.0,-1,-1,-1,882e3f3f4815385e
926,926,True,synthetic_stress_public_baseline,slow_ramp,background,False,0.0,-1,-1,-1,882e3f3f4815385e
927,927,True,synthetic_stress_public_baseline,slow_ramp,background,False,0.0,-1,-1,-1,882e3f3f4815385e
928,928,True,synthetic_stress_public_baseline,slow_ramp,background,False,0.0,-1,-1,-1,882e3f3f4815385e
929,929,True,synthetic_stress_public_baseline,slow_ramp,background,False,0.0,-1,-1,-1,882e3f3f4815385e
930,930,True,synthetic_stress_public_baseline,slow_ramp,background,False,0.0,-1,-1,-1,882e3f3f4815385e
931,931,True,synthetic_stress_public_baseline,slow_ramp,background,False,0.0,-1,-1,-1,882e3f3f4815385e
932,932,True,synthetic_stress_public_baseline,slow_ramp,background,False,0.0,-1,-1,-1,882e3f3f4815385e
933,933,True,synthetic_stress_public_baseline,slow_ramp,background,False,0.0,-1,-1,-1,882e3f3f4815385e
934,934,True,synthetic_stress_public_baseline,slow_ramp,background,False,0.0,-1,-1,-1,882e3f3f4815385e
935,935,True,synthetic_stress_public_baseline,slow_ramp,background,False,0.0,-1,-1,-1,882e3f3f4815385e
936,936,True,synthetic_stress_public_baseline,slow_ramp,background,False,0.0,-1,-1,-1,882e3f3f4815385e
937,937,True,synthetic_stress_public_baseline,slow_ramp,background,False,0.0,-1,-1,-1,882e3f3f4815385e
938,938,True,synthetic_stress_public_baseline,slow_ramp,background,False,0.0,-1,-1,-1,882e3f3f4815385e
939,939,True,synthetic_stress_public_baseline,slow_ramp,background,False,0.0,-1,-1,-1,882e3f3f4815385e
940,940,True,synthetic_stress_public_baseline,slow_ramp,background,False,0.0,-1,-1,-1,882e3f3f4815385e
941,941,True,synthetic_stress_public_baseline,slow_ramp,background,False,0.0,-1,-1,-1,882e3f3f4815385e
942,942,True,synthetic_stress_public_baseline,slow_ramp,background,False,0.0,-1,-1,-1,882e3f3f4815385e
943,943,True,synthetic_stress_public_baseline,slow_ramp,background,False,0.0,-1,-1,-1,882e3f3f4815385e
944,944,True,synthetic_stress_public_baseline,slow_ramp,background,False,0.0,-1,-1,-1,882e3f3f4815385e
945,945,True,synthetic_stress_public_baseline,slow_ramp,background,False,0.0,-1,-1,-1,882e3f3f4815385e
946,946,True,synthetic_stress_public_baseline,slow_ramp,background,False,0.0,-1,-1,-1,882e3f3f4815385e
947,947,True,synthetic_stress_public_baseline,slow_ramp,background,False,0.0,-1,-1,-1,882e3f3f4815385e
948,948,True,synthetic_stress_public_baseline,slow_ramp,background,False,0.0,-1,-1,-1,882e3f3f4815385e
949,949,True,synthetic_stress_public_baseline,slow_ramp,background,False,0.0,-1,-1,-1,882e3f3f4815385e
950,950,True,synthetic_stress_public_baseline,slow_ramp,background,False,0.0,-1,-1,-1,882e3f3f4815385e
951,951,True,synthetic_stress_public_baseline,slow_ramp,background,False,0.0,-1,-1,-1,882e3f3f4815385e
952,952,True,synthetic_stress_public_baseline,slow_ramp,background,False,0.0,-1,-1,-1,882e3f3f4815385e
953,953,True,synthetic_stress_public_baseline,slow_ramp,background,False,0.0,-1,-1,-1,882e3f3f4815385e
954,954,True,synthetic_stress_public_baseline,slow_ramp,background,False,0.0,-1,-1,-1,882e3f3f4815385e
955,955,True,synthetic_stress_public_baseline,slow_ramp,background,False,0.0,-1,-1,-1,882e3f3f4815385e
956,956,True,synthetic_stress_public_baseline,slow_ramp,background,False,0.0,-1,-1,-1,882e3f3f4815385e
957,957,True,synthetic_stress_public_baseline,slow_ramp,background,False,0.0,-1,-1,-1,882e3f3f4815385e
958,958,True,synthetic_stress_public_baseline,slow_ramp,background,False,0.0,-1,-1,-1,882e3f3f4815385e
959,959,True,synthetic_stress_public_baseline,slow_ramp,background,False,0.0,-1,-1,-1,882e3f3f4815385e
960,960,True,synthetic_stress_public_baseline,slow_ramp,background,False,0.0,-1,-1,-1,882e3f3f4815385e
961,961,True,synthetic_stress_public_baseline,slow_ramp,background,False,0.0,-1,-1,-1,882e3f3f4815385e
962,962,True,synthetic_stress_public_baseline,slow_ramp,background,False,0.0,-1,-1,-1,882e3f3f4815385e
963,963,True,synthetic_stress_public_baseline,slow_ramp,background,False,0.0,-1,-1,-1,882e3f3f4815385e
964,964,True,synthetic_stress_public_baseline,slow_ramp,background,False,0.0,-1,-1,-1,882e3f3f4815385e
965,965,True,synthetic_stress_public_baseline,slow_ramp,background,False,0.0,-1,-1,-1,882e3f3f4815385e
966,966,True,synthetic_stress_public_baseline,slow_ramp,background,False,0.0,-1,-1,-1,882e3f3f4815385e
967,967,True,synthetic_stress_public_baseline,slow_ramp,background,False,0.0,-1,-1,-1,882e3f3f4815385e
968,968,True,synthetic_stress_public_baseline,slow_ramp,background,False,0.0,-1,-1,-1,882e3f3f4815385e
969,969,True,synthetic_stress_public_baseline,slow_ramp,background,False,0.0,-1,-1,-1,882e3f3f4815385e
970,970,True,synthetic_stress_public_baseline,slow_ramp,background,False,0.0,-1,-1,-1,882e3f3f4815385e
971,971,True,synthetic_stress_public_baseline,slow_ramp,background,False,0.0,-1,-1,-1,882e3f3f4815385e
972,972,True,synthetic_stress_public_baseline,slow_ramp,background,False,0.0,-1,-1,-1,882e3f3f4815385e
973,973,True,synthetic_stress_public_baseline,slow_ramp,background,False,0.0,-1,-1,-1,882e3f3f4815385e
974,974,True,synthetic_stress_public_baseline,slow_ramp,background,False,0.0,-1,-1,-1,882e3f3f4815385e
975,975,True,synthetic_stress_public_baseline,slow_ramp,background,False,0.0,-1,-1,-1,882e3f3f4815385e
976,976,True,synthetic_stress_public_baseline,slow_ramp,background,False,0.0,-1,-1,-1,882e3f3f4815385e
977,977,True,synthetic_stress_public_baseline,slow_ramp,background,False,0.0,-1,-1,-1,882e3f3f4815385e
978,978,True,synthetic_stress_public_baseline,slow_ramp,background,False,0.0,-1,-1,-1,882e3f3f4815385e
979,979,True,synthetic_stress_public_baseline,slow_ramp,background,False,0.0,-1,-1,-1,882e3f3f4815385e
980,980,True,synthetic_stress_public_baseline,slow_ramp,background,False,0.0,-1,-1,-1,882e3f3f4815385e
981,981,True,synthetic_stress_public_baseline,slow_ramp,background,False,0.0,-1,-1,-1,882e3f3f4815385e
982,982,True,synthetic_stress_public_baseline,slow_ramp,background,False,0.0,-1,-1,-1,882e3f3f4815385e
983,983,True,synthetic_stress_public_baseline,slow_ramp,background,False,0.0,-1,-1,-1,882e3f3f4815385e
984,984,True,synthetic_stress_public_baseline,slow_ramp,background,False,0.0,-1,-1,-1,882e3f3f4815385e
985,985,True,synthetic_stress_public_baseline,slow_ramp,background,False,0.0,-1,-1,-1,882e3f3f4815385e
986,986,True,synthetic_stress_public_baseline,slow_ramp,background,False,0.0,-1,-1,-1,882e3f3f4815385e
987,987,True,synthetic_stress_public_baseline,slow_ramp,background,False,0.0,-1,-1,-1,882e3f3f4815385e
988,988,True,synthetic_stress_public_baseline,slow_ramp,background,False,0.0,-1,-1,-1,882e3f3f4815385e
989,989,True,synthetic_stress_public_baseline,slow_ramp,background,False,0.0,-1,-1,-1,882e3f3f4815385e
990,990,True,synthetic_stress_public_baseline,slow_ramp,background,False,0.0,-1,-1,-1,882e3f3f4815385e
991,991,True,synthetic_stress_public_baseline,slow_ramp,background,False,0.0,-1,-1,-1,882e3f3f4815385e
992,992,True,synthetic_stress_public_baseline,slow_ramp,background,False,0.0,-1,-1,-1,882e3f3f4815385e
993,993,True,synthetic_stress_public_baseline,slow_ramp,background,False,0.0,-1,-1,-1,882e3f3f4815385e
994,994,True,synthetic_stress_public_baseline,slow_ramp,background,False,0.0,-1,-1,-1,882e3f3f4815385e
995,995,True,synthetic_stress_public_baseline,slow_ramp,background,False,0.0,-1,-1,-1,882e3f3f4815385e
996,996,True,synthetic_stress_public_baseline,slow_ramp,background,False,0.0,-1,-1,-1,882e3f3f4815385e
997,997,True,synthetic_stress_public_baseline,slow_ramp,background,False,0.0,-1,-1,-1,882e3f3f4815385e
998,998,True,synthetic_stress_public_baseline,slow_ramp,background,False,0.0,-1,-1,-1,882e3f3f4815385e
999,999,True,synthetic_stress_public_baseline,slow_ramp,background,False,0.0,-1,-1,-1,882e3f3f4815385e
1000,1000,True,synthetic_stress_public_baseline,slow_ramp,background,False,0.0,-1,-1,-1,882e3f3f4815385e
1001,1001,True,synthetic_stress_public_baseline,slow_ramp,background,False,0.0,-1,-1,-1,882e3f3f4815385e
1002,1002,True,synthetic_stress_public_baseline,slow_ramp,background,False,0.0,-1,-1,-1,882e3f3f4815385e
1003,1003,True,synthetic_stress_public_baseline,slow_ramp,background,False,0.0,-1,-1,-1,882e3f3f4815385e
1004,1004,True,synthetic_stress_public_baseline,slow_ramp,background,False,0.0,-1,-1,-1,882e3f3f4815385e
1005,1005,True,synthetic_stress_public_baseline,slow_ramp,background,False,0.0,-1,-1,-1,882e3f3f4815385e
1006,1006,True,synthetic_stress_public_baseline,slow_ramp,background,False,0.0,-1,-1,-1,882e3f3f4815385e
1007,1007,True,synthetic_stress_public_baseline,slow_ramp,background,False,0.0,-1,-1,-1,882e3f3f4815385e
1008,1008,True,synthetic_stress_public_baseline,slow_ramp,background,False,0.0,-1,-1,-1,882e3f3f4815385e
1009,1009,True,synthetic_stress_public_baseline,slow_ramp,background,False,0.0,-1,-1,-1,882e3f3f4815385e
1010,1010,True,synthetic_stress_public_baseline,slow_ramp,background,False,0.0,-1,-1,-1,882e3f3f4815385e
1011,1011,True,synthetic_stress_public_baseline,slow_ramp,background,False,0.0,-1,-1,-1,882e3f3f4815385e
1012,1012,True,synthetic_stress_public_baseline,slow_ramp,background,False,0.0,-1,-1,-1,882e3f3f4815385e
1013,1013,True,synthetic_stress_public_baseline,slow_ramp,background,False,0.0,-1,-1,-1,882e3f3f4815385e
1014,1014,True,synthetic_stress_public_baseline,slow_ramp,background,False,0.0,-1,-1,-1,882e3f3f4815385e
1015,1015,True,synthetic_stress_public_baseline,slow_ramp,background,False,0.0,-1,-1,-1,882e3f3f4815385e
1016,1016,True,synthetic_stress_public_baseline,slow_ramp,background,False,0.0,-1,-1,-1,882e3f3f4815385e
1017,1017,True,synthetic_stress_public_baseline,slow_ramp,background,False,0.0,-1,-1,-1,882e3f3f4815385e
1018,1018,True,synthetic_stress_public_baseline,slow_ramp,background,False,0.0,-1,-1,-1,882e3f3f4815385e
1019,1019,True,synthetic_stress_public_baseline,slow_ramp,background,False,0.0,-1,-1,-1,882e3f3f4815385e
1020,1020,True,synthetic_stress_public_baseline,slow_ramp,background,False,0.0,-1,-1,-1,882e3f3f4815385e
1021,1021,True,synthetic_stress_public_baseline,slow_ramp,background,False,0.0,-1,-1,-1,882e3f3f4815385e
1022,1022,True,synthetic_stress_public_baseline,slow_ramp,background,False,0.0,-1,-1,-1,882e3f3f4815385e
1023,1023,True,synthetic_stress_public_baseline,slow_ramp,background,False,0.0,-1,-1,-1,882e3f3f4815385e
1024,1024,True,synthetic_stress_public_baseline,slow_ramp,background,False,0.0,-1,-1,-1,882e3f3f4815385e
1025,1025,True,synthetic_stress_public_baseline,slow_ramp,background,False,0.0,-1,-1,-1,882e3f3f4815385e
1026,1026,True,synthetic_stress_public_baseline,slow_ramp,background,False,0.0,-1,-1,-1,882e3f3f4815385e
1027,1027,True,synthetic_stress_public_baseline,slow_ramp,background,False,0.0,-1,-1,-1,882e3f3f4815385e
1028,1028,True,synthetic_stress_public_baseline,slow_ramp,background,False,0.0,-1,-1,-1,882e3f3f4815385e
1029,1029,True,synthetic_stress_public_baseline,slow_ramp,background,False,0.0,-1,-1,-1,882e3f3f4815385e
1030,1030,True,synthetic_stress_public_baseline,slow_ramp,background,False,0.0,-1,-1,-1,882e3f3f4815385e
1031,1031,True,synthetic_stress_public_baseline,slow_ramp,background,False,0.0,-1,-1,-1,882e3f3f4815385e
1032,1032,True,synthetic_stress_public_baseline,slow_ramp,background,False,0.0,-1,-1,-1,882e3f3f4815385e
1033,1033,True,synthetic_stress_public_baseline,slow_ramp,background,False,0.0,-1,-1,-1,882e3f3f4815385e
1034,1034,True,synthetic_stress_public_baseline,slow_ramp,background,False,0.0,-1,-1,-1,882e3f3f4815385e
1035,1035,True,synthetic_stress_public_baseline,slow_ramp,background,False,0.0,-1,-1,-1,882e3f3f4815385e
1036,1036,True,synthetic_stress_public_baseline,slow_ramp,background,False,0.0,-1,-1,-1,882e3f3f4815385e
1037,1037,True,synthetic_stress_public_baseline,slow_ramp,background,False,0.0,-1,-1,-1,882e3f3f4815385e
1038,1038,True,synthetic_stress_public_baseline,slow_ramp,background,False,0.0,-1,-1,-1,882e3f3f4815385e
1039,1039,True,synthetic_stress_public_baseline,slow_ramp,background,False,0.0,-1,-1,-1,882e3f3f4815385e
1040,1040,True,synthetic_stress_public_baseline,slow_ramp,background,False,0.0,-1,-1,-1,882e3f3f4815385e
1041,1041,True,synthetic_stress_public_baseline,slow_ramp,background,False,0.0,-1,-1,-1,882e3f3f4815385e
1042,1042,True,synthetic_stress_public_baseline,slow_ramp,background,False,0.0,-1,-1,-1,882e3f3f4815385e
1043,1043,True,synthetic_stress_public_baseline,slow_ramp,background,False,0.0,-1,-1,-1,882e3f3f4815385e
1044,1044,True,synthetic_stress_public_baseline,slow_ramp,background,False,0.0,-1,-1,-1,882e3f3f4815385e
1045,1045,True,synthetic_stress_public_baseline,slow_ramp,background,False,0.0,-1,-1,-1,882e3f3f4815385e
1046,1046,True,synthetic_stress_public_baseline,slow_ramp,background,False,0.0,-1,-1,-1,882e3f3f4815385e
1047,1047,True,synthetic_stress_public_baseline,slow_ramp,background,False,0.0,-1,-1,-1,882e3f3f4815385e
1048,1048,True,synthetic_stress_public_baseline,slow_ramp,background,False,0.0,-1,-1,-1,882e3f3f4815385e
1049,1049,True,synthetic_stress_public_baseline,slow_ramp,background,False,0.0,-1,-1,-1,882e3f3f4815385e
1050,1050,True,synthetic_stress_public_baseline,slow_ramp,pre_incident,False,0.23554309910541466,27,39,52,882e3f3f4815385e
1051,1051,True,synthetic_stress_public_baseline,slow_ramp,pre_incident,False,0.208657987276711,19,28,37,882e3f3f4815385e
1052,1052,True,synthetic_stress_public_baseline,slow_ramp,pre_incident,False,0.2120215447074319,22,30,38,882e3f3f4815385e
1053,1053,True,synthetic_stress_public_baseline,slow_ramp,pre_incident,False,0.18560870630514262,21,25,30,882e3f3f4815385e
1054,1054,True,synthetic_stress_public_baseline,slow_ramp,pre_incident,False,0.22700916360248657,29,34,39,882e3f3f4815385e
1055,1055,True,synthetic_stress_public_baseline,slow_ramp,pre_incident,False,0.23753114266418296,15,17,20,882e3f3f4815385e
1056,1056,True,synthetic_stress_public_baseline,slow_ramp,pre_incident,False,0.24435785653107728,29,41,54,882e3f3f4815385e
1057,1057,True,synthetic_stress_public_baseline,slow_ramp,pre_incident,False,0.18834219526653376,29,38,48,882e3f3f4815385e
1058,1058,True,synthetic_stress_public_baseline,slow_ramp,pre_incident,False,0.22650339913558956,23,35,47,882e3f3f4815385e
1059,1059,True,synthetic_stress_public_baseline,slow_ramp,pre_incident,False,0.21530431550930001,20,23,27,882e3f3f4815385e
1060,1060,True,synthetic_stress_public_baseline,slow_ramp,pre_incident,False,0.23475723895439077,29,42,55,882e3f3f4815385e
1061,1061,True,synthetic_stress_public_baseline,slow_ramp,pre_incident,False,0.2409030373923571,29,37,46,882e3f3f4815385e
1062,1062,True,synthetic_stress_public_baseline,slow_ramp,pre_incident,False,0.1699412489531701,24,33,42,882e3f3f4815385e
1063,1063,True,synthetic_stress_public_baseline,slow_ramp,pre_incident,False,0.21596963641449554,20,26,33,882e3f3f4815385e
1064,1064,True,synthetic_stress_public_baseline,slow_ramp,pre_incident,False,0.21979102934297343,29,33,38,882e3f3f4815385e
1065,1065,True,synthetic_stress_public_baseline,slow_ramp,pre_incident,False,0.21192397368873261,17,23,30,882e3f3f4815385e
1066,1066,True,synthetic_stress_public_baseline,slow_ramp,pre_incident,False,0.22927149487400522,15,24,34,882e3f3f4815385e
1067,1067,True,synthetic_stress_public_baseline,slow_ramp,pre_incident,False,0.19475418415737852,26,30,35,882e3f3f4815385e
1068,1068,True,synthetic_stress_public_baseline,slow_ramp,pre_incident,False,0.21179190172416934,18,22,26,882e3f3f4815385e
1069,1069,True,synthetic_stress_public_baseline,slow_ramp,pre_incident,False,0.24143174039747053,17,23,29,882e3f3f4815385e
1070,1070,True,synthetic_stress_public_baseline,slow_ramp,pre_incident,False,0.18014855281537265,19,24,29,882e3f3f4815385e
1071,1071,True,synthetic_stress_public_baseline,slow_ramp,pre_incident,False,0.16807315811794526,27,34,42,882e3f3f4815385e
1072,1072,True,synthetic_stress_public_baseline,slow_ramp,pre_incident,False,0.1960126644056963,20,23,27,882e3f3f4815385e
1073,1073,True,synthetic_stress_public_baseline,slow_ramp,pre_incident,False,0.2346672695429746,24,36,48,882e3f3f4815385e
1074,1074,True,synthetic_stress_public_baseline,slow_ramp,pre_incident,False,0.16436931312885694,15,27,39,882e3f3f4815385e
1075,1075,True,synthetic_stress_public_baseline,slow_ramp,pre_incident,False,0.17668972596520682,28,31,34,882e3f3f4815385e
1076,1076,True,synthetic_stress_public_baseline,slow_ramp,pre_incident,False,0.23983082401051117,17,28,40,882e3f3f4815385e
1077,1077,True,synthetic_stress_public_baseline,slow_ramp,pre_incident,False,0.1751193352315933,15,19,23,882e3f3f4815385e
1078,1078,True,synthetic_stress_public_baseline,slow_ramp,pre_incident,False,0.22659605695711002,18,27,37,882e3f3f4815385e
1079,1079,True,synthetic_stress_public_baseline,slow_ramp,pre_incident,False,0.2245389182738898,26,29,33,882e3f3f4815385e
1080,1080,True,synthetic_stress_public_baseline,slow_ramp,pre_incident,False,0.17237944324459556,17,24,31,882e3f3f4815385e
1081,1081,True,synthetic_stress_public_baseline,slow_ramp,pre_incident,False,0.17694079076798697,19,33,47,882e3f3f4815385e
1082,1082,True,synthetic_stress_public_baseline,slow_ramp,pre_incident,False,0.22717122322228747,21,34,48,882e3f3f4815385e
1083,1083,True,synthetic_stress_public_baseline,slow_ramp,pre_incident,False,0.19606268740962918,29,40,51,882e3f3f4815385e
1084,1084,True,synthetic_stress_public_baseline,slow_ramp,pre_incident,False,0.18185658913992203,28,36,44,882e3f3f4815385e
1085,1085,True,synthetic_stress_public_baseline,slow_ramp,pre_incident,False,0.19596253621547566,22,27,33,882e3f3f4815385e
1086,1086,True,synthetic_stress_public_baseline,slow_ramp,pre_incident,False,0.20666615211943645,29,34,40,882e3f3f4815385e
1087,1087,True,synthetic_stress_public_baseline,slow_ramp,pre_incident,False,0.1963480165441702,28,41,55,882e3f3f4815385e
1088,1088,True,synthetic_stress_public_baseline,slow_ramp,pre_incident,False,0.1909203608679977,19,21,24,882e3f3f4815385e
1089,1089,True,synthetic_stress_public_baseline,slow_ramp,pre_incident,False,0.2419316127738414,22,27,33,882e3f3f4815385e
1090,1090,True,synthetic_stress_public_baseline,slow_ramp,pre_incident,False,0.2128675061928827,25,31,38,882e3f3f4815385e
1091,1091,True,synthetic_stress_public_baseline,slow_ramp,pre_incident,False,0.22928622143674432,17,26,35,882e3f3f4815385e
1092,1092,True,synthetic_stress_public_baseline,slow_ramp,pre_incident,False,0.16396926023499783,29,34,39,882e3f3f4815385e
1093,1093,True,synthetic_stress_public_baseline,slow_ramp,pre_incident,False,0.17216780563385436,29,39,50,882e3f3f4815385e
1094,1094,True,synthetic_stress_public_baseline,slow_ramp,pre_incident,False,0.22733893904126695,18,30,42,882e3f3f4815385e
1095,1095,True,synthetic_stress_public_baseline,slow_ramp,incident,True,0.7980475067923568,15,28,42,882e3f3f4815385e
1096,1096,True,synthetic_stress_public_baseline,slow_ramp,incident,True,0.815378457177877,18,24,30,882e3f3f4815385e
1097,1097,True,synthetic_stress_public_baseline,slow_ramp,incident,True,0.7728096683832074,29,39,50,882e3f3f4815385e
1098,1098,True,synthetic_stress_public_baseline,slow_ramp,incident,True,0.6508049625337383,26,36,47,882e3f3f4815385e
1099,1099,True,synthetic_stress_public_baseline,slow_ramp,incident,True,0.8830951339424986,18,32,47,882e3f3f4815385e
1100,1100,True,synthetic_stress_public_baseline,slow_ramp,incident,True,0.7052454161062509,24,31,38,882e3f3f4815385e
1101,1101,True,synthetic_stress_public_baseline,slow_ramp,incident,True,0.8263343912953867,19,30,42,882e3f3f4815385e
1102,1102,True,synthetic_stress_public_baseline,slow_ramp,incident,True,0.923054264050027,27,34,41,882e3f3f4815385e
1103,1103,True,synthetic_stress_public_baseline,slow_ramp,incident,True,0.6604445596359084,19,31,43,882e3f3f4815385e
1104,1104,True,synthetic_stress_public_baseline,slow_ramp,incident,True,0.8562863212745953,25,36,47,882e3f3f4815385e
1105,1105,True,synthetic_stress_public_baseline,slow_ramp,incident,True,0.9227713322642341,23,29,36,882e3f3f4815385e
1106,1106,True,synthetic_stress_public_baseline,slow_ramp,incident,True,0.7427227571038125,29,40,52,882e3f3f4815385e
1107,1107,True,synthetic_stress_public_baseline,slow_ramp,incident,True,0.9410763519962222,15,18,22,882e3f3f4815385e
1108,1108,True,synthetic_stress_public_baseline,slow_ramp,incident,True,0.7705921530769715,27,31,35,882e3f3f4815385e
1109,1109,True,synthetic_stress_public_baseline,slow_ramp,incident,True,0.8031495804378697,29,33,37,882e3f3f4815385e
1110,1110,True,synthetic_stress_public_baseline,slow_ramp,incident,True,0.9383073815540242,26,36,47,882e3f3f4815385e
1111,1111,True,synthetic_stress_public_baseline,slow_ramp,incident,True,0.6529304637779282,22,30,39,882e3f3f4815385e
1112,1112,True,synthetic_stress_public_baseline,slow_ramp,incident,True,0.8307767182465698,27,30,34,882e3f3f4815385e
1113,1113,True,synthetic_stress_public_baseline,slow_ramp,incident,True,0.8757701392053271,15,26,37,882e3f3f4815385e
1114,1114,True,synthetic_stress_public_baseline,slow_ramp,incident,True,0.971491454795829,15,21,27,882e3f3f4815385e
1115,1115,True,synthetic_stress_public_baseline,slow_ramp,incident,True,0.8846664241458345,24,27,31,882e3f3f4815385e
1116,1116,True,synthetic_stress_public_baseline,slow_ramp,incident,True,0.9776339214193197,22,28,34,882e3f3f4815385e
1117,1117,True,synthetic_stress_public_baseline,slow_ramp,incident,True,0.822922935224198,22,34,47,882e3f3f4815385e
1118,1118,True,synthetic_stress_public_baseline,slow_ramp,incident,True,0.657663443201824,15,27,40,882e3f3f4815385e
1119,1119,True,synthetic_stress_public_baseline,slow_ramp,incident,True,0.7814302824373186,20,28,37,882e3f3f4815385e
1120,1120,True,synthetic_stress_public_baseline,slow_ramp,incident,True,0.7453214637028193,19,27,35,882e3f3f4815385e
1121,1121,True,synthetic_stress_public_baseline,slow_ramp,incident,True,0.6646543111971795,23,36,49,882e3f3f4815385e
1122,1122,True,synthetic_stress_public_baseline,slow_ramp,incident,True,0.7703959758355001,18,22,26,882e3f3f4815385e
1123,1123,True,synthetic_stress_public_baseline,slow_ramp,incident,True,0.7373868833147201,19,21,24,882e3f3f4815385e
1124,1124,True,synthetic_stress_public_baseline,slow_ramp,incident,True,0.7796856785678098,21,35,50,882e3f3f4815385e
1125,1125,True,synthetic_stress_public_baseline,slow_ramp,incident,True,0.9096095806243776,23,25,28,882e3f3f4815385e
1126,1126,True,synthetic_stress_public_baseline,slow_ramp,incident,True,0.8600593561172275,20,34,48,882e3f3f4815385e
1127,1127,True,synthetic_stress_public_baseline,slow_ramp,incident,True,0.9328135209423463,15,22,30,882e3f3f4815385e
1128,1128,True,synthetic_stress_public_baseline,slow_ramp,incident,True,0.909959454794798,22,30,38,882e3f3f4815385e
1129,1129,True,synthetic_stress_public_baseline,slow_ramp,incident,True,0.8467373047184519,24,29,35,882e3f3f4815385e
1130,1130,True,synthetic_stress_public_baseline,slow_ramp,incident,True,0.7213586387699478,17,23,30,882e3f3f4815385e
1131,1131,True,synthetic_stress_public_baseline,slow_ramp,incident,True,0.8946345888879526,24,28,32,882e3f3f4815385e
1132,1132,True,synthetic_stress_public_baseline,slow_ramp,incident,True,0.8770887745085153,20,32,45,882e3f3f4815385e
1133,1133,True,synthetic_stress_public_baseline,slow_ramp,incident,True,0.7690037718276489,20,32,44,882e3f3f4815385e
1134,1134,True,synthetic_stress_public_baseline,slow_ramp,incident,True,0.6581052603203438,28,33,38,882e3f3f4815385e
1135,1135,True,synthetic_stress_public_baseline,slow_ramp,incident,True,0.8237903782792761,18,27,37,882e3f3f4815385e
1136,1136,True,synthetic_stress_public_baseline,slow_ramp,incident,True,0.8286984849072517,28,38,49,882e3f3f4815385e
1137,1137,True,synthetic_stress_public_baseline,slow_ramp,incident,True,0.8479843291620729,18,21,25,882e3f3f4815385e
1138,1138,True,synthetic_stress_public_baseline,slow_ramp,incident,True,0.83369092705099,16,23,30,882e3f3f4815385e
1139,1139,True,synthetic_stress_public_baseline,slow_ramp,incident,True,0.8085221051625582,19,33,48,882e3f3f4815385e
1140,1140,True,synthetic_stress_public_baseline,slow_ramp,incident,True,0.8905933380663034,23,34,46,882e3f3f4815385e
1141,1141,True,synthetic_stress_public_baseline,slow_ramp,incident,True,0.7759049562784124,21,27,33,882e3f3f4815385e
1142,1142,True,synthetic_stress_public_baseline,slow_ramp,incident,True,0.8142300530228495,15,22,29,882e3f3f4815385e
1143,1143,True,synthetic_stress_public_baseline,slow_ramp,incident,True,0.7012408283908445,21,28,36,882e3f3f4815385e
1144,1144,True,synthetic_stress_public_baseline,slow_ramp,incident,True,0.9309030316628923,29,39,49,882e3f3f4815385e
1145,1145,True,synthetic_stress_public_baseline,slow_ramp,incident,True,0.7650841829564013,29,41,53,882e3f3f4815385e
1146,1146,True,synthetic_stress_public_baseline,slow_ramp,incident,True,0.7348750697051135,22,36,50,882e3f3f4815385e
1147,1147,True,synthetic_stress_public_baseline,slow_ramp,incident,True,0.6809021255005172,19,24,29,882e3f3f4815385e
1148,1148,True,synthetic_stress_public_baseline,slow_ramp,incident,True,0.8438113689632242,15,22,30,882e3f3f4815385e
1149,1149,True,synthetic_stress_public_baseline,slow_ramp,incident,True,0.8563328325369879,25,28,32,882e3f3f4815385e
1150,1150,True,synthetic_stress_public_baseline,slow_ramp,incident,True,0.7936915508587269,29,33,37,882e3f3f4815385e
1151,1151,True,synthetic_stress_public_baseline,slow_ramp,incident,True,0.6664483695313986,18,21,24,882e3f3f4815385e
1152,1152,True,synthetic_stress_public_baseline,slow_ramp,incident,True,0.7990006298756798,21,26,31,882e3f3f4815385e
1153,1153,True,synthetic_stress_public_baseline,slow_ramp,incident,True,0.7655412362367513,16,20,24,882e3f3f4815385e
1154,1154,True,synthetic_stress_public_baseline,slow_ramp,incident,True,0.805105782428508,17,31,46,882e3f3f4815385e
1155,1155,True,synthetic_stress_public_baseline,slow_ramp,incident,True,0.7259504554410603,21,25,30,882e3f3f4815385e
1156,1156,True,synthetic_stress_public_baseline,slow_ramp,incident,True,0.9357236648857222,15,21,28,882e3f3f4815385e
1157,1157,True,synthetic_stress_public_baseline,slow_ramp,incident,True,0.7810993040353921,23,30,37,882e3f3f4815385e
1158,1158,True,synthetic_stress_public_baseline,slow_ramp,incident,True,0.7036359521115789,21,25,29,882e3f3f4815385e
1159,1159,True,synthetic_stress_public_baseline,slow_ramp,incident,True,0.658173546064061,17,24,31,882e3f3f4815385e
1160,1160,True,synthetic_stress_public_baseline,slow_ramp,incident,True,0.9791892389132887,21,34,48,882e3f3f4815385e
1161,1161,True,synthetic_stress_public_baseline,slow_ramp,incident,True,0.6619425606147898,22,31,41,882e3f3f4815385e
1162,1162,True,synthetic_stress_public_baseline,slow_ramp,incident,True,0.7823057062766403,24,27,31,882e3f3f4815385e
1163,1163,True,synthetic_stress_public_baseline,slow_ramp,incident,True,0.8961960464712986,26,30,34,882e3f3f4815385e
1164,1164,True,synthetic_stress_public_baseline,slow_ramp,incident,True,0.8675002520804249,20,31,43,882e3f3f4815385e
1165,1165,True,synthetic_stress_public_baseline,slow_ramp,incident,True,0.7353028463874721,19,33,47,882e3f3f4815385e
1166,1166,True,synthetic_stress_public_baseline,slow_ramp,incident,True,0.8365803826601135,18,22,26,882e3f3f4815385e
1167,1167,True,synthetic_stress_public_baseline,slow_ramp,incident,True,0.7036336634971216,19,30,42,882e3f3f4815385e
1168,1168,True,synthetic_stress_public_baseline,slow_ramp,incident,True,0.7662521457768279,26,34,42,882e3f3f4815385e
1169,1169,True,synthetic_stress_public_baseline,slow_ramp,incident,True,0.7874137010976281,27,41,56,882e3f3f4815385e
1170,1170,True,synthetic_stress_public_baseline,slow_ramp,recovery,True,0.4329029744976376,18,29,41,882e3f3f4815385e
1171,1171,True,synthetic_stress_public_baseline,slow_ramp,recovery,True,0.29344475289158206,17,24,32,882e3f3f4815385e
1172,1172,True,synthetic_stress_public_baseline,slow_ramp,recovery,True,0.4399334362839049,28,42,57,882e3f3f4815385e
1173,1173,True,synthetic_stress_public_baseline,slow_ramp,recovery,True,0.3411802962857897,17,21,25,882e3f3f4815385e
1174,1174,True,synthetic_stress_public_baseline,slow_ramp,recovery,True,0.299783804280556,15,26,37,882e3f3f4815385e
1175,1175,True,synthetic_stress_public_baseline,slow_ramp,recovery,True,0.40857895894428903,29,31,34,882e3f3f4815385e
1176,1176,True,synthetic_stress_public_baseline,slow_ramp,recovery,True,0.4102111139838119,28,31,34,882e3f3f4815385e
1177,1177,True,synthetic_stress_public_baseline,slow_ramp,recovery,True,0.3378107748694751,28,40,52,882e3f3f4815385e
1178,1178,True,synthetic_stress_public_baseline,slow_ramp,recovery,True,0.4094801567208185,18,29,40,882e3f3f4815385e
1179,1179,True,synthetic_stress_public_baseline,slow_ramp,recovery,True,0.2968006981170728,19,32,46,882e3f3f4815385e
1180,1180,True,synthetic_stress_public_baseline,slow_ramp,recovery,True,0.38068022166902904,29,36,43,882e3f3f4815385e
1181,1181,True,synthetic_stress_public_baseline,slow_ramp,recovery,True,0.41554942805187456,20,27,34,882e3f3f4815385e
1182,1182,True,synthetic_stress_public_baseline,slow_ramp,recovery,True,0.39718116197852243,15,21,28,882e3f3f4815385e
1183,1183,True,synthetic_stress_public_baseline,slow_ramp,recovery,True,0.37258114374479573,27,31,36,882e3f3f4815385e
1184,1184,True,synthetic_stress_public_baseline,slow_ramp,recovery,True,0.35633763889790104,19,26,33,882e3f3f4815385e
1185,1185,True,synthetic_stress_public_baseline,slow_ramp,recovery,False,0.1861121523846989,16,27,39,882e3f3f4815385e
1186,1186,True,synthetic_stress_public_baseline,slow_ramp,recovery,False,0.16100272265268922,17,28,39,882e3f3f4815385e
1187,1187,True,synthetic_stress_public_baseline,slow_ramp,recovery,False,0.13424941908021484,28,34,40,882e3f3f4815385e
1188,1188,True,synthetic_stress_public_baseline,slow_ramp,recovery,False,0.17100899708428147,28,42,56,882e3f3f4815385e
1189,1189,True,synthetic_stress_public_baseline,slow_ramp,recovery,False,0.13306263501472468,15,25,36,882e3f3f4815385e
1190,1190,True,synthetic_stress_public_baseline,slow_ramp,recovery,False,0.1926831794201478,29,43,57,882e3f3f4815385e
1191,1191,True,synthetic_stress_public_baseline,slow_ramp,recovery,False,0.16220433613071955,22,25,28,882e3f3f4815385e
1192,1192,True,synthetic_stress_public_baseline,slow_ramp,recovery,False,0.16699545739558933,24,37,50,882e3f3f4815385e
1193,1193,True,synthetic_stress_public_baseline,slow_ramp,recovery,False,0.18716864615374718,16,30,44,882e3f3f4815385e
1194,1194,True,synthetic_stress_public_baseline,slow_ramp,recovery,False,0.1405538751819276,16,19,23,882e3f3f4815385e
1195,1195,True,synthetic_stress_public_baseline,slow_ramp,recovery,False,0.17305127494563782,16,27,39,882e3f3f4815385e
1196,1196,True,synthetic_stress_public_baseline,slow_ramp,recovery,False,0.15431479128574824,19,31,43,882e3f3f4815385e
1197,1197,True,synthetic_stress_public_baseline,slow_ramp,recovery,False,0.16071624556688083,23,30,38,882e3f3f4815385e
1198,1198,True,synthetic_stress_public_baseline,slow_ramp,recovery,False,0.15260861049148502,23,37,51,882e3f3f4815385e
1199,1199,True,synthetic_stress_public_baseline,slow_ramp,recovery,False,0.14676582992611048,18,28,39,882e3f3f4815385e
1200,1200,True,synthetic_stress_public_baseline,periodic_spike,background,False,0.0,-1,-1,-1,882e3f3f4815385e
1201,1201,True,synthetic_stress_public_baseline,periodic_spike,background,False,0.0,-1,-1,-1,882e3f3f4815385e
1202,1202,True,synthetic_stress_public_baseline,periodic_spike,background,False,0.0,-1,-1,-1,882e3f3f4815385e
1203,1203,True,synthetic_stress_public_baseline,periodic_spike,background,False,0.0,-1,-1,-1,882e3f3f4815385e
1204,1204,True,synthetic_stress_public_baseline,periodic_spike,background,False,0.0,-1,-1,-1,882e3f3f4815385e
1205,1205,True,synthetic_stress_public_baseline,periodic_spike,background,False,0.0,-1,-1,-1,882e3f3f4815385e
1206,1206,True,synthetic_stress_public_baseline,periodic_spike,background,False,0.0,-1,-1,-1,882e3f3f4815385e
1207,1207,True,synthetic_stress_public_baseline,periodic_spike,background,False,0.0,-1,-1,-1,882e3f3f4815385e
1208,1208,True,synthetic_stress_public_baseline,periodic_spike,background,False,0.0,-1,-1,-1,882e3f3f4815385e
1209,1209,True,synthetic_stress_public_baseline,periodic_spike,background,False,0.0,-1,-1,-1,882e3f3f4815385e
1210,1210,True,synthetic_stress_public_baseline,periodic_spike,background,False,0.0,-1,-1,-1,882e3f3f4815385e
1211,1211,True,synthetic_stress_public_baseline,periodic_spike,background,False,0.0,-1,-1,-1,882e3f3f4815385e
1212,1212,True,synthetic_stress_public_baseline,periodic_spike,background,False,0.0,-1,-1,-1,882e3f3f4815385e
1213,1213,True,synthetic_stress_public_baseline,periodic_spike,background,False,0.0,-1,-1,-1,882e3f3f4815385e
1214,1214,True,synthetic_stress_public_baseline,periodic_spike,background,False,0.0,-1,-1,-1,882e3f3f4815385e
1215,1215,True,synthetic_stress_public_baseline,periodic_spike,background,False,0.0,-1,-1,-1,882e3f3f4815385e
1216,1216,True,synthetic_stress_public_baseline,periodic_spike,background,False,0.0,-1,-1,-1,882e3f3f4815385e
1217,1217,True,synthetic_stress_public_baseline,periodic_spike,background,False,0.0,-1,-1,-1,882e3f3f4815385e
1218,1218,True,synthetic_stress_public_baseline,periodic_spike,background,False,0.0,-1,-1,-1,882e3f3f4815385e
1219,1219,True,synthetic_stress_public_baseline,periodic_spike,background,False,0.0,-1,-1,-1,882e3f3f4815385e
1220,1220,True,synthetic_stress_public_baseline,periodic_spike,background,False,0.0,-1,-1,-1,882e3f3f4815385e
1221,1221,True,synthetic_stress_public_baseline,periodic_spike,background,False,0.0,-1,-1,-1,882e3f3f4815385e
1222,1222,True,synthetic_stress_public_baseline,periodic_spike,background,False,0.0,-1,-1,-1,882e3f3f4815385e
1223,1223,True,synthetic_stress_public_baseline,periodic_spike,background,False,0.0,-1,-1,-1,882e3f3f4815385e
1224,1224,True,synthetic_stress_public_baseline,periodic_spike,background,False,0.0,-1,-1,-1,882e3f3f4815385e
1225,1225,True,synthetic_stress_public_baseline,periodic_spike,background,False,0.0,-1,-1,-1,882e3f3f4815385e
1226,1226,True,synthetic_stress_public_baseline,periodic_spike,background,False,0.0,-1,-1,-1,882e3f3f4815385e
1227,1227,True,synthetic_stress_public_baseline,periodic_spike,background,False,0.0,-1,-1,-1,882e3f3f4815385e
1228,1228,True,synthetic_stress_public_baseline,periodic_spike,background,False,0.0,-1,-1,-1,882e3f3f4815385e
1229,1229,True,synthetic_stress_public_baseline,periodic_spike,background,False,0.0,-1,-1,-1,882e3f3f4815385e
1230,1230,True,synthetic_stress_public_baseline,periodic_spike,background,False,0.0,-1,-1,-1,882e3f3f4815385e
1231,1231,True,synthetic_stress_public_baseline,periodic_spike,background,False,0.0,-1,-1,-1,882e3f3f4815385e
1232,1232,True,synthetic_stress_public_baseline,periodic_spike,background,False,0.0,-1,-1,-1,882e3f3f4815385e
1233,1233,True,synthetic_stress_public_baseline,periodic_spike,background,False,0.0,-1,-1,-1,882e3f3f4815385e
1234,1234,True,synthetic_stress_public_baseline,periodic_spike,background,False,0.0,-1,-1,-1,882e3f3f4815385e
1235,1235,True,synthetic_stress_public_baseline,periodic_spike,background,False,0.0,-1,-1,-1,882e3f3f4815385e
1236,1236,True,synthetic_stress_public_baseline,periodic_spike,background,False,0.0,-1,-1,-1,882e3f3f4815385e
1237,1237,True,synthetic_stress_public_baseline,periodic_spike,background,False,0.0,-1,-1,-1,882e3f3f4815385e
1238,1238,True,synthetic_stress_public_baseline,periodic_spike,background,False,0.0,-1,-1,-1,882e3f3f4815385e
1239,1239,True,synthetic_stress_public_baseline,periodic_spike,background,False,0.0,-1,-1,-1,882e3f3f4815385e
1240,1240,True,synthetic_stress_public_baseline,periodic_spike,background,False,0.0,-1,-1,-1,882e3f3f4815385e
1241,1241,True,synthetic_stress_public_baseline,periodic_spike,background,False,0.0,-1,-1,-1,882e3f3f4815385e
1242,1242,True,synthetic_stress_public_baseline,periodic_spike,background,False,0.0,-1,-1,-1,882e3f3f4815385e
1243,1243,True,synthetic_stress_public_baseline,periodic_spike,background,False,0.0,-1,-1,-1,882e3f3f4815385e
1244,1244,True,synthetic_stress_public_baseline,periodic_spike,background,False,0.0,-1,-1,-1,882e3f3f4815385e
1245,1245,True,synthetic_stress_public_baseline,periodic_spike,background,False,0.0,-1,-1,-1,882e3f3f4815385e
1246,1246,True,synthetic_stress_public_baseline,periodic_spike,background,False,0.0,-1,-1,-1,882e3f3f4815385e
1247,1247,True,synthetic_stress_public_baseline,periodic_spike,background,False,0.0,-1,-1,-1,882e3f3f4815385e
1248,1248,True,synthetic_stress_public_baseline,periodic_spike,background,False,0.0,-1,-1,-1,882e3f3f4815385e
1249,1249,True,synthetic_stress_public_baseline,periodic_spike,background,False,0.0,-1,-1,-1,882e3f3f4815385e
1250,1250,True,synthetic_stress_public_baseline,periodic_spike,background,False,0.0,-1,-1,-1,882e3f3f4815385e
1251,1251,True,synthetic_stress_public_baseline,periodic_spike,background,False,0.0,-1,-1,-1,882e3f3f4815385e
1252,1252,True,synthetic_stress_public_baseline,periodic_spike,background,False,0.0,-1,-1,-1,882e3f3f4815385e
1253,1253,True,synthetic_stress_public_baseline,periodic_spike,background,False,0.0,-1,-1,-1,882e3f3f4815385e
1254,1254,True,synthetic_stress_public_baseline,periodic_spike,background,False,0.0,-1,-1,-1,882e3f3f4815385e
1255,1255,True,synthetic_stress_public_baseline,periodic_spike,background,False,0.0,-1,-1,-1,882e3f3f4815385e
1256,1256,True,synthetic_stress_public_baseline,periodic_spike,background,False,0.0,-1,-1,-1,882e3f3f4815385e
1257,1257,True,synthetic_stress_public_baseline,periodic_spike,background,False,0.0,-1,-1,-1,882e3f3f4815385e
1258,1258,True,synthetic_stress_public_baseline,periodic_spike,background,False,0.0,-1,-1,-1,882e3f3f4815385e
1259,1259,True,synthetic_stress_public_baseline,periodic_spike,background,False,0.0,-1,-1,-1,882e3f3f4815385e
1260,1260,True,synthetic_stress_public_baseline,periodic_spike,background,False,0.0,-1,-1,-1,882e3f3f4815385e
1261,1261,True,synthetic_stress_public_baseline,periodic_spike,background,False,0.0,-1,-1,-1,882e3f3f4815385e
1262,1262,True,synthetic_stress_public_baseline,periodic_spike,background,False,0.0,-1,-1,-1,882e3f3f4815385e
1263,1263,True,synthetic_stress_public_baseline,periodic_spike,background,False,0.0,-1,-1,-1,882e3f3f4815385e
1264,1264,True,synthetic_stress_public_baseline,periodic_spike,background,False,0.0,-1,-1,-1,882e3f3f4815385e
1265,1265,True,synthetic_stress_public_baseline,periodic_spike,background,False,0.0,-1,-1,-1,882e3f3f4815385e
1266,1266,True,synthetic_stress_public_baseline,periodic_spike,background,False,0.0,-1,-1,-1,882e3f3f4815385e
1267,1267,True,synthetic_stress_public_baseline,periodic_spike,background,False,0.0,-1,-1,-1,882e3f3f4815385e
1268,1268,True,synthetic_stress_public_baseline,periodic_spike,background,False,0.0,-1,-1,-1,882e3f3f4815385e
1269,1269,True,synthetic_stress_public_baseline,periodic_spike,background,False,0.0,-1,-1,-1,882e3f3f4815385e
1270,1270,True,synthetic_stress_public_baseline,periodic_spike,background,False,0.0,-1,-1,-1,882e3f3f4815385e
1271,1271,True,synthetic_stress_public_baseline,periodic_spike,background,False,0.0,-1,-1,-1,882e3f3f4815385e
1272,1272,True,synthetic_stress_public_baseline,periodic_spike,background,False,0.0,-1,-1,-1,882e3f3f4815385e
1273,1273,True,synthetic_stress_public_baseline,periodic_spike,background,False,0.0,-1,-1,-1,882e3f3f4815385e
1274,1274,True,synthetic_stress_public_baseline,periodic_spike,background,False,0.0,-1,-1,-1,882e3f3f4815385e
1275,1275,True,synthetic_stress_public_baseline,periodic_spike,background,False,0.0,-1,-1,-1,882e3f3f4815385e
1276,1276,True,synthetic_stress_public_baseline,periodic_spike,background,False,0.0,-1,-1,-1,882e3f3f4815385e
1277,1277,True,synthetic_stress_public_baseline,periodic_spike,background,False,0.0,-1,-1,-1,882e3f3f4815385e
1278,1278,True,synthetic_stress_public_baseline,periodic_spike,background,False,0.0,-1,-1,-1,882e3f3f4815385e
1279,1279,True,synthetic_stress_public_baseline,periodic_spike,background,False,0.0,-1,-1,-1,882e3f3f4815385e
1280,1280,True,synthetic_stress_public_baseline,periodic_spike,background,False,0.0,-1,-1,-1,882e3f3f4815385e
1281,1281,True,synthetic_stress_public_baseline,periodic_spike,background,False,0.0,-1,-1,-1,882e3f3f4815385e
1282,1282,True,synthetic_stress_public_baseline,periodic_spike,background,False,0.0,-1,-1,-1,882e3f3f4815385e
1283,1283,True,synthetic_stress_public_baseline,periodic_spike,background,False,0.0,-1,-1,-1,882e3f3f4815385e
1284,1284,True,synthetic_stress_public_baseline,periodic_spike,background,False,0.0,-1,-1,-1,882e3f3f4815385e
1285,1285,True,synthetic_stress_public_baseline,periodic_spike,background,False,0.0,-1,-1,-1,882e3f3f4815385e
1286,1286,True,synthetic_stress_public_baseline,periodic_spike,background,False,0.0,-1,-1,-1,882e3f3f4815385e
1287,1287,True,synthetic_stress_public_baseline,periodic_spike,background,False,0.0,-1,-1,-1,882e3f3f4815385e
1288,1288,True,synthetic_stress_public_baseline,periodic_spike,background,False,0.0,-1,-1,-1,882e3f3f4815385e
1289,1289,True,synthetic_stress_public_baseline,periodic_spike,background,False,0.0,-1,-1,-1,882e3f3f4815385e
1290,1290,True,synthetic_stress_public_baseline,periodic_spike,background,False,0.0,-1,-1,-1,882e3f3f4815385e
1291,1291,True,synthetic_stress_public_baseline,periodic_spike,background,False,0.0,-1,-1,-1,882e3f3f4815385e
1292,1292,True,synthetic_stress_public_baseline,periodic_spike,background,False,0.0,-1,-1,-1,882e3f3f4815385e
1293,1293,True,synthetic_stress_public_baseline,periodic_spike,background,False,0.0,-1,-1,-1,882e3f3f4815385e
1294,1294,True,synthetic_stress_public_baseline,periodic_spike,background,False,0.0,-1,-1,-1,882e3f3f4815385e
1295,1295,True,synthetic_stress_public_baseline,periodic_spike,background,False,0.0,-1,-1,-1,882e3f3f4815385e
1296,1296,True,synthetic_stress_public_baseline,periodic_spike,background,False,0.0,-1,-1,-1,882e3f3f4815385e
1297,1297,True,synthetic_stress_public_baseline,periodic_spike,background,False,0.0,-1,-1,-1,882e3f3f4815385e
1298,1298,True,synthetic_stress_public_baseline,periodic_spike,background,False,0.0,-1,-1,-1,882e3f3f4815385e
1299,1299,True,synthetic_stress_public_baseline,periodic_spike,background,False,0.0,-1,-1,-1,882e3f3f4815385e
1300,1300,True,synthetic_stress_public_baseline,periodic_spike,background,False,0.0,-1,-1,-1,882e3f3f4815385e
1301,1301,True,synthetic_stress_public_baseline,periodic_spike,background,False,0.0,-1,-1,-1,882e3f3f4815385e
1302,1302,True,synthetic_stress_public_baseline,periodic_spike,background,False,0.0,-1,-1,-1,882e3f3f4815385e
1303,1303,True,synthetic_stress_public_baseline,periodic_spike,background,False,0.0,-1,-1,-1,882e3f3f4815385e
1304,1304,True,synthetic_stress_public_baseline,periodic_spike,background,False,0.0,-1,-1,-1,882e3f3f4815385e
1305,1305,True,synthetic_stress_public_baseline,periodic_spike,background,False,0.0,-1,-1,-1,882e3f3f4815385e
1306,1306,True,synthetic_stress_public_baseline,periodic_spike,background,False,0.0,-1,-1,-1,882e3f3f4815385e
1307,1307,True,synthetic_stress_public_baseline,periodic_spike,background,False,0.0,-1,-1,-1,882e3f3f4815385e
1308,1308,True,synthetic_stress_public_baseline,periodic_spike,background,False,0.0,-1,-1,-1,882e3f3f4815385e
1309,1309,True,synthetic_stress_public_baseline,periodic_spike,background,False,0.0,-1,-1,-1,882e3f3f4815385e
1310,1310,True,synthetic_stress_public_baseline,periodic_spike,background,False,0.0,-1,-1,-1,882e3f3f4815385e
1311,1311,True,synthetic_stress_public_baseline,periodic_spike,background,False,0.0,-1,-1,-1,882e3f3f4815385e
1312,1312,True,synthetic_stress_public_baseline,periodic_spike,background,False,0.0,-1,-1,-1,882e3f3f4815385e
1313,1313,True,synthetic_stress_public_baseline,periodic_spike,background,False,0.0,-1,-1,-1,882e3f3f4815385e
1314,1314,True,synthetic_stress_public_baseline,periodic_spike,background,False,0.0,-1,-1,-1,882e3f3f4815385e
1315,1315,True,synthetic_stress_public_baseline,periodic_spike,background,False,0.0,-1,-1,-1,882e3f3f4815385e
1316,1316,True,synthetic_stress_public_baseline,periodic_spike,background,False,0.0,-1,-1,-1,882e3f3f4815385e
1317,1317,True,synthetic_stress_public_baseline,periodic_spike,background,False,0.0,-1,-1,-1,882e3f3f4815385e
1318,1318,True,synthetic_stress_public_baseline,periodic_spike,background,False,0.0,-1,-1,-1,882e3f3f4815385e
1319,1319,True,synthetic_stress_public_baseline,periodic_spike,background,False,0.0,-1,-1,-1,882e3f3f4815385e
1320,1320,True,synthetic_stress_public_baseline,periodic_spike,background,False,0.0,-1,-1,-1,882e3f3f4815385e
1321,1321,True,synthetic_stress_public_baseline,periodic_spike,background,False,0.0,-1,-1,-1,882e3f3f4815385e
1322,1322,True,synthetic_stress_public_baseline,periodic_spike,background,False,0.0,-1,-1,-1,882e3f3f4815385e
1323,1323,True,synthetic_stress_public_baseline,periodic_spike,background,False,0.0,-1,-1,-1,882e3f3f4815385e
1324,1324,True,synthetic_stress_public_baseline,periodic_spike,background,False,0.0,-1,-1,-1,882e3f3f4815385e
1325,1325,True,synthetic_stress_public_baseline,periodic_spike,background,False,0.0,-1,-1,-1,882e3f3f4815385e
1326,1326,True,synthetic_stress_public_baseline,periodic_spike,background,False,0.0,-1,-1,-1,882e3f3f4815385e
1327,1327,True,synthetic_stress_public_baseline,periodic_spike,background,False,0.0,-1,-1,-1,882e3f3f4815385e
1328,1328,True,synthetic_stress_public_baseline,periodic_spike,background,False,0.0,-1,-1,-1,882e3f3f4815385e
1329,1329,True,synthetic_stress_public_baseline,periodic_spike,background,False,0.0,-1,-1,-1,882e3f3f4815385e
1330,1330,True,synthetic_stress_public_baseline,periodic_spike,background,False,0.0,-1,-1,-1,882e3f3f4815385e
1331,1331,True,synthetic_stress_public_baseline,periodic_spike,background,False,0.0,-1,-1,-1,882e3f3f4815385e
1332,1332,True,synthetic_stress_public_baseline,periodic_spike,background,False,0.0,-1,-1,-1,882e3f3f4815385e
1333,1333,True,synthetic_stress_public_baseline,periodic_spike,background,False,0.0,-1,-1,-1,882e3f3f4815385e
1334,1334,True,synthetic_stress_public_baseline,periodic_spike,background,False,0.0,-1,-1,-1,882e3f3f4815385e
1335,1335,True,synthetic_stress_public_baseline,periodic_spike,background,False,0.0,-1,-1,-1,882e3f3f4815385e
1336,1336,True,synthetic_stress_public_baseline,periodic_spike,background,False,0.0,-1,-1,-1,882e3f3f4815385e
1337,1337,True,synthetic_stress_public_baseline,periodic_spike,background,False,0.0,-1,-1,-1,882e3f3f4815385e
1338,1338,True,synthetic_stress_public_baseline,periodic_spike,background,False,0.0,-1,-1,-1,882e3f3f4815385e
1339,1339,True,synthetic_stress_public_baseline,periodic_spike,background,False,0.0,-1,-1,-1,882e3f3f4815385e
1340,1340,True,synthetic_stress_public_baseline,periodic_spike,background,False,0.0,-1,-1,-1,882e3f3f4815385e
1341,1341,True,synthetic_stress_public_baseline,periodic_spike,background,False,0.0,-1,-1,-1,882e3f3f4815385e
1342,1342,True,synthetic_stress_public_baseline,periodic_spike,background,False,0.0,-1,-1,-1,882e3f3f4815385e
1343,1343,True,synthetic_stress_public_baseline,periodic_spike,background,False,0.0,-1,-1,-1,882e3f3f4815385e
1344,1344,True,synthetic_stress_public_baseline,periodic_spike,background,False,0.0,-1,-1,-1,882e3f3f4815385e
1345,1345,True,synthetic_stress_public_baseline,periodic_spike,background,False,0.0,-1,-1,-1,882e3f3f4815385e
1346,1346,True,synthetic_stress_public_baseline,periodic_spike,background,False,0.0,-1,-1,-1,882e3f3f4815385e
1347,1347,True,synthetic_stress_public_baseline,periodic_spike,background,False,0.0,-1,-1,-1,882e3f3f4815385e
1348,1348,True,synthetic_stress_public_baseline,periodic_spike,background,False,0.0,-1,-1,-1,882e3f3f4815385e
1349,1349,True,synthetic_stress_public_baseline,periodic_spike,background,False,0.0,-1,-1,-1,882e3f3f4815385e
1350,1350,True,synthetic_stress_public_baseline,periodic_spike,pre_incident,False,0.21443371635666922,29,31,34,882e3f3f4815385e
1351,1351,True,synthetic_stress_public_baseline,periodic_spike,pre_incident,False,0.2176060475423794,15,27,39,882e3f3f4815385e
1352,1352,True,synthetic_stress_public_baseline,periodic_spike,pre_incident,False,0.20521412856936166,23,34,46,882e3f3f4815385e
1353,1353,True,synthetic_stress_public_baseline,periodic_spike,pre_incident,False,0.18193784435431976,20,34,49,882e3f3f4815385e
1354,1354,True,synthetic_stress_public_baseline,periodic_spike,pre_incident,False,0.2354970356018758,21,35,49,882e3f3f4815385e
1355,1355,True,synthetic_stress_public_baseline,periodic_spike,pre_incident,False,0.20983443150860945,29,32,36,882e3f3f4815385e
1356,1356,True,synthetic_stress_public_baseline,periodic_spike,pre_incident,False,0.24384915442640187,18,21,25,882e3f3f4815385e
1357,1357,True,synthetic_stress_public_baseline,periodic_spike,pre_incident,False,0.17468860713003045,21,30,39,882e3f3f4815385e
1358,1358,True,synthetic_stress_public_baseline,periodic_spike,pre_incident,False,0.17243395171004822,15,25,35,882e3f3f4815385e
1359,1359,True,synthetic_stress_public_baseline,periodic_spike,pre_incident,False,0.1948427968375614,18,29,40,882e3f3f4815385e
1360,1360,True,synthetic_stress_public_baseline,periodic_spike,pre_incident,False,0.2272390056149402,28,39,51,882e3f3f4815385e
1361,1361,True,synthetic_stress_public_baseline,periodic_spike,pre_incident,False,0.23136670366130158,23,28,34,882e3f3f4815385e
1362,1362,True,synthetic_stress_public_baseline,periodic_spike,pre_incident,False,0.19582971811247613,18,29,40,882e3f3f4815385e
1363,1363,True,synthetic_stress_public_baseline,periodic_spike,pre_incident,False,0.16961421560033488,18,23,29,882e3f3f4815385e
1364,1364,True,synthetic_stress_public_baseline,periodic_spike,pre_incident,False,0.24444999737047388,17,24,31,882e3f3f4815385e
1365,1365,True,synthetic_stress_public_baseline,periodic_spike,pre_incident,False,0.16416521453508076,20,26,33,882e3f3f4815385e
1366,1366,True,synthetic_stress_public_baseline,periodic_spike,pre_incident,False,0.2197089829930748,29,39,50,882e3f3f4815385e
1367,1367,True,synthetic_stress_public_baseline,periodic_spike,pre_incident,False,0.21267720218282357,23,27,32,882e3f3f4815385e
1368,1368,True,synthetic_stress_public_baseline,periodic_spike,pre_incident,False,0.18814874895441897,19,31,43,882e3f3f4815385e
1369,1369,True,synthetic_stress_public_baseline,periodic_spike,pre_incident,False,0.20136136529369233,23,27,32,882e3f3f4815385e
1370,1370,True,synthetic_stress_public_baseline,periodic_spike,pre_incident,False,0.205277982962172,18,28,38,882e3f3f4815385e
1371,1371,True,synthetic_stress_public_baseline,periodic_spike,pre_incident,False,0.2040637313864728,17,26,36,882e3f3f4815385e
1372,1372,True,synthetic_stress_public_baseline,periodic_spike,pre_incident,False,0.17039626703148283,25,28,31,882e3f3f4815385e
1373,1373,True,synthetic_stress_public_baseline,periodic_spike,pre_incident,False,0.2207547903063939,25,37,49,882e3f3f4815385e
1374,1374,True,synthetic_stress_public_baseline,periodic_spike,pre_incident,False,0.19330890877902676,23,25,28,882e3f3f4815385e
1375,1375,True,synthetic_stress_public_baseline,periodic_spike,pre_incident,False,0.1716343883003925,24,34,45,882e3f3f4815385e
1376,1376,True,synthetic_stress_public_baseline,periodic_spike,pre_incident,False,0.17922234006437426,18,29,40,882e3f3f4815385e
1377,1377,True,synthetic_stress_public_baseline,periodic_spike,pre_incident,False,0.2161626717808519,27,40,53,882e3f3f4815385e
1378,1378,True,synthetic_stress_public_baseline,periodic_spike,pre_incident,False,0.22955742586370026,16,24,33,882e3f3f4815385e
1379,1379,True,synthetic_stress_public_baseline,periodic_spike,pre_incident,False,0.2414735414979326,24,28,32,882e3f3f4815385e
1380,1380,True,synthetic_stress_public_baseline,periodic_spike,pre_incident,False,0.1740093193247652,27,41,56,882e3f3f4815385e
1381,1381,True,synthetic_stress_public_baseline,periodic_spike,pre_incident,False,0.2187106376865694,19,30,42,882e3f3f4815385e
1382,1382,True,synthetic_stress_public_baseline,periodic_spike,pre_incident,False,0.17138935440571057,22,31,40,882e3f3f4815385e
1383,1383,True,synthetic_stress_public_baseline,periodic_spike,pre_incident,False,0.16982698026615567,20,23,26,882e3f3f4815385e
1384,1384,True,synthetic_stress_public_baseline,periodic_spike,pre_incident,False,0.1625370859011261,17,25,33,882e3f3f4815385e
1385,1385,True,synthetic_stress_public_baseline,periodic_spike,pre_incident,False,0.22171037959837503,21,33,46,882e3f3f4815385e
1386,1386,True,synthetic_stress_public_baseline,periodic_spike,pre_incident,False,0.1655950250853039,27,34,41,882e3f3f4815385e
1387,1387,True,synthetic_stress_public_baseline,periodic_spike,pre_incident,False,0.18257545743820594,16,19,22,882e3f3f4815385e
1388,1388,True,synthetic_stress_public_baseline,periodic_spike,pre_incident,False,0.21230510473066588,18,31,44,882e3f3f4815385e
1389,1389,True,synthetic_stress_public_baseline,periodic_spike,pre_incident,False,0.20280382095273564,15,17,20,882e3f3f4815385e
1390,1390,True,synthetic_stress_public_baseline,periodic_spike,pre_incident,False,0.22910146004619666,17,24,32,882e3f3f4815385e
1391,1391,True,synthetic_stress_public_baseline,periodic_spike,pre_incident,False,0.24299521722574108,21,33,45,882e3f3f4815385e
1392,1392,True,synthetic_stress_public_baseline,periodic_spike,pre_incident,False,0.2035886438312254,20,27,35,882e3f3f4815385e
1393,1393,True,synthetic_stress_public_baseline,periodic_spike,pre_incident,False,0.19884770976469562,25,35,46,882e3f3f4815385e
1394,1394,True,synthetic_stress_public_baseline,periodic_spike,pre_incident,False,0.1870619498152564,17,25,34,882e3f3f4815385e
1395,1395,True,synthetic_stress_public_baseline,periodic_spike,incident,True,0.9074792873242312,16,23,30,882e3f3f4815385e
1396,1396,True,synthetic_stress_public_baseline,periodic_spike,incident,True,0.7278210912042907,25,30,36,882e3f3f4815385e
1397,1397,True,synthetic_stress_public_baseline,periodic_spike,incident,True,0.7985112054482427,29,34,40,882e3f3f4815385e
1398,1398,True,synthetic_stress_public_baseline,periodic_spike,incident,True,0.7037201922881984,21,33,45,882e3f3f4815385e
1399,1399,True,synthetic_stress_public_baseline,periodic_spike,incident,True,0.7207398064213157,25,39,53,882e3f3f4815385e
1400,1400,True,synthetic_stress_public_baseline,periodic_spike,incident,True,0.6708692539227636,29,38,48,882e3f3f4815385e
1401,1401,True,synthetic_stress_public_baseline,periodic_spike,incident,True,0.8407753424963388,23,36,50,882e3f3f4815385e
1402,1402,True,synthetic_stress_public_baseline,periodic_spike,incident,True,0.8891954115077354,15,20,25,882e3f3f4815385e
1403,1403,True,synthetic_stress_public_baseline,periodic_spike,incident,True,0.8556305040660978,21,26,31,882e3f3f4815385e
1404,1404,True,synthetic_stress_public_baseline,periodic_spike,incident,True,0.81461211632758,22,29,37,882e3f3f4815385e
1405,1405,True,synthetic_stress_public_baseline,periodic_spike,incident,True,0.7845391000616957,15,27,39,882e3f3f4815385e
1406,1406,True,synthetic_stress_public_baseline,periodic_spike,incident,True,0.7351574754707473,29,43,58,882e3f3f4815385e
1407,1407,True,synthetic_stress_public_baseline,periodic_spike,incident,True,0.7917606261649919,23,28,34,882e3f3f4815385e
1408,1408,True,synthetic_stress_public_baseline,periodic_spike,incident,True,0.7355902890225738,26,36,46,882e3f3f4815385e
1409,1409,True,synthetic_stress_public_baseline,periodic_spike,incident,True,0.670246419822472,16,25,35,882e3f3f4815385e
1410,1410,True,synthetic_stress_public_baseline,periodic_spike,incident,True,0.9009277937293048,28,35,43,882e3f3f4815385e
1411,1411,True,synthetic_stress_public_baseline,periodic_spike,incident,True,0.7887686935905006,18,26,34,882e3f3f4815385e
1412,1412,True,synthetic_stress_public_baseline,periodic_spike,incident,True,0.7606758197037841,26,34,43,882e3f3f4815385e
1413,1413,True,synthetic_stress_public_baseline,periodic_spike,incident,True,0.8466669707006945,18,29,40,882e3f3f4815385e
1414,1414,True,synthetic_stress_public_baseline,periodic_spike,incident,True,0.9592889658036463,22,30,38,882e3f3f4815385e
1415,1415,True,synthetic_stress_public_baseline,periodic_spike,incident,True,0.9424278787158689,15,24,33,882e3f3f4815385e
1416,1416,True,synthetic_stress_public_baseline,periodic_spike,incident,True,0.8351032407948796,26,37,48,882e3f3f4815385e
1417,1417,True,synthetic_stress_public_baseline,periodic_spike,incident,True,0.8764502504119334,18,22,26,882e3f3f4815385e
1418,1418,True,synthetic_stress_public_baseline,periodic_spike,incident,True,0.9348502389954445,27,36,45,882e3f3f4815385e
1419,1419,True,synthetic_stress_public_baseline,periodic_spike,incident,True,0.8403278934902854,15,22,30,882e3f3f4815385e
1420,1420,True,synthetic_stress_public_baseline,periodic_spike,incident,True,0.9361488671411309,22,31,41,882e3f3f4815385e
1421,1421,True,synthetic_stress_public_baseline,periodic_spike,incident,True,0.8144034766346439,19,29,40,882e3f3f4815385e
1422,1422,True,synthetic_stress_public_baseline,periodic_spike,incident,True,0.8866541664084476,16,22,28,882e3f3f4815385e
1423,1423,True,synthetic_stress_public_baseline,periodic_spike,incident,True,0.9573784199349057,19,24,30,882e3f3f4815385e
1424,1424,True,synthetic_stress_public_baseline,periodic_spike,incident,True,0.9538710305558225,27,38,49,882e3f3f4815385e
1425,1425,True,synthetic_stress_public_baseline,periodic_spike,incident,True,0.6823239904783366,22,26,31,882e3f3f4815385e
1426,1426,True,synthetic_stress_public_baseline,periodic_spike,incident,True,0.7014621678119496,20,23,26,882e3f3f4815385e
1427,1427,True,synthetic_stress_public_baseline,periodic_spike,incident,True,0.8086988636976382,27,30,33,882e3f3f4815385e
1428,1428,True,synthetic_stress_public_baseline,periodic_spike,incident,True,0.8941530750787192,15,26,38,882e3f3f4815385e
1429,1429,True,synthetic_stress_public_baseline,periodic_spike,incident,True,0.6950998805669468,25,28,31,882e3f3f4815385e
1430,1430,True,synthetic_stress_public_baseline,periodic_spike,incident,True,0.670631715328106,15,20,25,882e3f3f4815385e
1431,1431,True,synthetic_stress_public_baseline,periodic_spike,incident,True,0.7254270903446506,28,35,43,882e3f3f4815385e
1432,1432,True,synthetic_stress_public_baseline,periodic_spike,incident,True,0.783231706877875,17,22,27,882e3f3f4815385e
1433,1433,True,synthetic_stress_public_baseline,periodic_spike,incident,True,0.9656477624401381,28,38,48,882e3f3f4815385e
1434,1434,True,synthetic_stress_public_baseline,periodic_spike,incident,True,0.6633314122223548,23,30,38,882e3f3f4815385e
1435,1435,True,synthetic_stress_public_baseline,periodic_spike,incident,True,0.9668270956351703,27,31,35,882e3f3f4815385e
1436,1436,True,synthetic_stress_public_baseline,periodic_spike,incident,True,0.8014269211569849,22,26,31,882e3f3f4815385e
1437,1437,True,synthetic_stress_public_baseline,periodic_spike,incident,True,0.8863968072392104,28,40,53,882e3f3f4815385e
1438,1438,True,synthetic_stress_public_baseline,periodic_spike,incident,True,0.6936290812069867,25,38,52,882e3f3f4815385e
1439,1439,True,synthetic_stress_public_baseline,periodic_spike,incident,True,0.6580571104948488,18,21,24,882e3f3f4815385e
1440,1440,True,synthetic_stress_public_baseline,periodic_spike,incident,True,0.7424087155872561,28,39,50,882e3f3f4815385e
1441,1441,True,synthetic_stress_public_baseline,periodic_spike,incident,True,0.9791872658396414,27,32,38,882e3f3f4815385e
1442,1442,True,synthetic_stress_public_baseline,periodic_spike,incident,True,0.6750216593469957,15,27,39,882e3f3f4815385e
1443,1443,True,synthetic_stress_public_baseline,periodic_spike,incident,True,0.8456878956982388,19,30,41,882e3f3f4815385e
1444,1444,True,synthetic_stress_public_baseline,periodic_spike,incident,True,0.9473435788637639,18,23,28,882e3f3f4815385e
1445,1445,True,synthetic_stress_public_baseline,periodic_spike,incident,True,0.7797325963509042,20,30,40,882e3f3f4815385e
1446,1446,True,synthetic_stress_public_baseline,periodic_spike,incident,True,0.755648689733674,29,43,58,882e3f3f4815385e
1447,1447,True,synthetic_stress_public_baseline,periodic_spike,incident,True,0.943369734499008,27,38,49,882e3f3f4815385e
1448,1448,True,synthetic_stress_public_baseline,periodic_spike,incident,True,0.7786449216630787,19,31,44,882e3f3f4815385e
1449,1449,True,synthetic_stress_public_baseline,periodic_spike,incident,True,0.8785163505164932,25,33,41,882e3f3f4815385e
1450,1450,True,synthetic_stress_public_baseline,periodic_spike,incident,True,0.75229991739093,17,21,25,882e3f3f4815385e
1451,1451,True,synthetic_stress_public_baseline,periodic_spike,incident,True,0.6989199183946857,22,25,28,882e3f3f4815385e
1452,1452,True,synthetic_stress_public_baseline,periodic_spike,incident,True,0.7693487237341016,25,31,38,882e3f3f4815385e
1453,1453,True,synthetic_stress_public_baseline,periodic_spike,incident,True,0.872267679815373,23,33,44,882e3f3f4815385e
1454,1454,True,synthetic_stress_public_baseline,periodic_spike,incident,True,0.8051156363382055,25,31,37,882e3f3f4815385e
1455,1455,True,synthetic_stress_public_baseline,periodic_spike,incident,True,0.9329629007746727,24,37,51,882e3f3f4815385e
1456,1456,True,synthetic_stress_public_baseline,periodic_spike,incident,True,0.7067042759003059,26,38,50,882e3f3f4815385e
1457,1457,True,synthetic_stress_public_baseline,periodic_spike,incident,True,0.6538176758379454,18,30,42,882e3f3f4815385e
1458,1458,True,synthetic_stress_public_baseline,periodic_spike,incident,True,0.8915893391275316,29,40,51,882e3f3f4815385e
1459,1459,True,synthetic_stress_public_baseline,periodic_spike,incident,True,0.7311518166786573,20,25,30,882e3f3f4815385e
1460,1460,True,synthetic_stress_public_baseline,periodic_spike,incident,True,0.9027518820540477,16,20,24,882e3f3f4815385e
1461,1461,True,synthetic_stress_public_baseline,periodic_spike,incident,True,0.7560421917136035,24,38,52,882e3f3f4815385e
1462,1462,True,synthetic_stress_public_baseline,periodic_spike,incident,True,0.8429836552312563,15,28,42,882e3f3f4815385e
1463,1463,True,synthetic_stress_public_baseline,periodic_spike,incident,True,0.8816518167284686,24,28,32,882e3f3f4815385e
1464,1464,True,synthetic_stress_public_baseline,periodic_spike,incident,True,0.688444779107478,22,30,39,882e3f3f4815385e
1465,1465,True,synthetic_stress_public_baseline,periodic_spike,incident,True,0.7793887684764653,24,30,36,882e3f3f4815385e
1466,1466,True,synthetic_stress_public_baseline,periodic_spike,incident,True,0.8583931708514185,19,23,28,882e3f3f4815385e
1467,1467,True,synthetic_stress_public_baseline,periodic_spike,incident,True,0.9375221741831485,28,31,35,882e3f3f4815385e
1468,1468,True,synthetic_stress_public_baseline,periodic_spike,incident,True,0.7780851060879379,15,19,23,882e3f3f4815385e
1469,1469,True,synthetic_stress_public_baseline,periodic_spike,incident,True,0.9736274640891965,22,25,29,882e3f3f4815385e
1470,1470,True,synthetic_stress_public_baseline,periodic_spike,recovery,True,0.43366759199311933,18,27,36,882e3f3f4815385e
1471,1471,True,synthetic_stress_public_baseline,periodic_spike,recovery,True,0.31416029102692855,21,26,32,882e3f3f4815385e
1472,1472,True,synthetic_stress_public_baseline,periodic_spike,recovery,True,0.4107947511250669,20,24,28,882e3f3f4815385e
1473,1473,True,synthetic_stress_public_baseline,periodic_spike,recovery,True,0.3255570688848747,24,27,30,882e3f3f4815385e
1474,1474,True,synthetic_stress_public_baseline,periodic_spike,recovery,True,0.4287199018568431,25,28,31,882e3f3f4815385e
1475,1475,True,synthetic_stress_public_baseline,periodic_spike,recovery,True,0.41465257183260446,16,24,33,882e3f3f4815385e
1476,1476,True,synthetic_stress_public_baseline,periodic_spike,recovery,True,0.4215962380422937,15,19,23,882e3f3f4815385e
1477,1477,True,synthetic_stress_public_baseline,periodic_spike,recovery,True,0.3224844137547714,24,34,44,882e3f3f4815385e
1478,1478,True,synthetic_stress_public_baseline,periodic_spike,recovery,True,0.3204587999739444,27,35,44,882e3f3f4815385e
1479,1479,True,synthetic_stress_public_baseline,periodic_spike,recovery,True,0.3548311791841408,23,35,48,882e3f3f4815385e
1480,1480,True,synthetic_stress_public_baseline,periodic_spike,recovery,True,0.3153628984927662,26,30,35,882e3f3f4815385e
1481,1481,True,synthetic_stress_public_baseline,periodic_spike,recovery,True,0.37946648327429716,20,24,29,882e3f3f4815385e
1482,1482,True,synthetic_stress_public_baseline,periodic_spike,recovery,True,0.38910265630418606,15,27,39,882e3f3f4815385e
1483,1483,True,synthetic_stress_public_baseline,periodic_spike,recovery,True,0.367334297807061,29,40,51,882e3f3f4815385e
1484,1484,True,synthetic_stress_public_baseline,periodic_spike,recovery,True,0.3263258508595231,29,42,55,882e3f3f4815385e
1485,1485,True,synthetic_stress_public_baseline,periodic_spike,recovery,False,0.18346583842442188,27,30,34,882e3f3f4815385e
1486,1486,True,synthetic_stress_public_baseline,periodic_spike,recovery,False,0.16217780164564322,29,34,40,882e3f3f4815385e
1487,1487,True,synthetic_stress_public_baseline,periodic_spike,recovery,False,0.1634410362717057,24,35,46,882e3f3f4815385e
1488,1488,True,synthetic_stress_public_baseline,periodic_spike,recovery,False,0.1513032785007936,19,29,40,882e3f3f4815385e
1489,1489,True,synthetic_stress_public_baseline,periodic_spike,recovery,False,0.16094971966756855,20,25,31,882e3f3f4815385e
1490,1490,True,synthetic_stress_public_baseline,periodic_spike,recovery,False,0.17172661395263009,27,34,41,882e3f3f4815385e
1491,1491,True,synthetic_stress_public_baseline,periodic_spike,recovery,False,0.18596937353565335,17,23,29,882e3f3f4815385e
1492,1492,True,synthetic_stress_public_baseline,periodic_spike,recovery,False,0.19202012356928597,19,28,38,882e3f3f4815385e
1493,1493,True,synthetic_stress_public_baseline,periodic_spike,recovery,False,0.1890640126064274,22,29,37,882e3f3f4815385e
1494,1494,True,synthetic_stress_public_baseline,periodic_spike,recovery,False,0.13447661372382733,25,33,41,882e3f3f4815385e
1495,1495,True,synthetic_stress_public_baseline,periodic_spike,recovery,False,0.14956532946160267,24,35,47,882e3f3f4815385e
1496,1496,True,synthetic_stress_public_baseline,periodic_spike,recovery,False,0.18748362961525641,29,33,37,882e3f3f4815385e
1497,1497,True,synthetic_stress_public_baseline,periodic_spike,recovery,False,0.1412716182870519,27,40,54,882e3f3f4815385e
1498,1498,True,synthetic_stress_public_baseline,periodic_spike,recovery,False,0.17688241054870713,23,29,36,882e3f3f4815385e
1499,1499,True,synthetic_stress_public_baseline,periodic_spike,recovery,False,0.17323949044656714,18,32,46,882e3f3f4815385e
1500,1500,True,synthetic_stress_public_baseline,mixed_incident,background,False,0.0,-1,-1,-1,882e3f3f4815385e
1501,1501,True,synthetic_stress_public_baseline,mixed_incident,background,False,0.0,-1,-1,-1,882e3f3f4815385e
1502,1502,True,synthetic_stress_public_baseline,mixed_incident,background,False,0.0,-1,-1,-1,882e3f3f4815385e
1503,1503,True,synthetic_stress_public_baseline,mixed_incident,background,False,0.0,-1,-1,-1,882e3f3f4815385e
1504,1504,True,synthetic_stress_public_baseline,mixed_incident,background,False,0.0,-1,-1,-1,882e3f3f4815385e
1505,1505,True,synthetic_stress_public_baseline,mixed_incident,background,False,0.0,-1,-1,-1,882e3f3f4815385e
1506,1506,True,synthetic_stress_public_baseline,mixed_incident,background,False,0.0,-1,-1,-1,882e3f3f4815385e
1507,1507,True,synthetic_stress_public_baseline,mixed_incident,background,False,0.0,-1,-1,-1,882e3f3f4815385e
1508,1508,True,synthetic_stress_public_baseline,mixed_incident,background,False,0.0,-1,-1,-1,882e3f3f4815385e
1509,1509,True,synthetic_stress_public_baseline,mixed_incident,background,False,0.0,-1,-1,-1,882e3f3f4815385e
1510,1510,True,synthetic_stress_public_baseline,mixed_incident,background,False,0.0,-1,-1,-1,882e3f3f4815385e
1511,1511,True,synthetic_stress_public_baseline,mixed_incident,background,False,0.0,-1,-1,-1,882e3f3f4815385e
1512,1512,True,synthetic_stress_public_baseline,mixed_incident,background,False,0.0,-1,-1,-1,882e3f3f4815385e
1513,1513,True,synthetic_stress_public_baseline,mixed_incident,background,False,0.0,-1,-1,-1,882e3f3f4815385e
1514,1514,True,synthetic_stress_public_baseline,mixed_incident,background,False,0.0,-1,-1,-1,882e3f3f4815385e
1515,1515,True,synthetic_stress_public_baseline,mixed_incident,background,False,0.0,-1,-1,-1,882e3f3f4815385e
1516,1516,True,synthetic_stress_public_baseline,mixed_incident,background,False,0.0,-1,-1,-1,882e3f3f4815385e
1517,1517,True,synthetic_stress_public_baseline,mixed_incident,background,False,0.0,-1,-1,-1,882e3f3f4815385e
1518,1518,True,synthetic_stress_public_baseline,mixed_incident,background,False,0.0,-1,-1,-1,882e3f3f4815385e
1519,1519,True,synthetic_stress_public_baseline,mixed_incident,background,False,0.0,-1,-1,-1,882e3f3f4815385e
1520,1520,True,synthetic_stress_public_baseline,mixed_incident,background,False,0.0,-1,-1,-1,882e3f3f4815385e
1521,1521,True,synthetic_stress_public_baseline,mixed_incident,background,False,0.0,-1,-1,-1,882e3f3f4815385e
1522,1522,True,synthetic_stress_public_baseline,mixed_incident,background,False,0.0,-1,-1,-1,882e3f3f4815385e
1523,1523,True,synthetic_stress_public_baseline,mixed_incident,background,False,0.0,-1,-1,-1,882e3f3f4815385e
1524,1524,True,synthetic_stress_public_baseline,mixed_incident,background,False,0.0,-1,-1,-1,882e3f3f4815385e
1525,1525,True,synthetic_stress_public_baseline,mixed_incident,background,False,0.0,-1,-1,-1,882e3f3f4815385e
1526,1526,True,synthetic_stress_public_baseline,mixed_incident,background,False,0.0,-1,-1,-1,882e3f3f4815385e
1527,1527,True,synthetic_stress_public_baseline,mixed_incident,background,False,0.0,-1,-1,-1,882e3f3f4815385e
1528,1528,True,synthetic_stress_public_baseline,mixed_incident,background,False,0.0,-1,-1,-1,882e3f3f4815385e
1529,1529,True,synthetic_stress_public_baseline,mixed_incident,background,False,0.0,-1,-1,-1,882e3f3f4815385e
1530,1530,True,synthetic_stress_public_baseline,mixed_incident,background,False,0.0,-1,-1,-1,882e3f3f4815385e
1531,1531,True,synthetic_stress_public_baseline,mixed_incident,background,False,0.0,-1,-1,-1,882e3f3f4815385e
1532,1532,True,synthetic_stress_public_baseline,mixed_incident,background,False,0.0,-1,-1,-1,882e3f3f4815385e
1533,1533,True,synthetic_stress_public_baseline,mixed_incident,background,False,0.0,-1,-1,-1,882e3f3f4815385e
1534,1534,True,synthetic_stress_public_baseline,mixed_incident,background,False,0.0,-1,-1,-1,882e3f3f4815385e
1535,1535,True,synthetic_stress_public_baseline,mixed_incident,background,False,0.0,-1,-1,-1,882e3f3f4815385e
1536,1536,True,synthetic_stress_public_baseline,mixed_incident,background,False,0.0,-1,-1,-1,882e3f3f4815385e
1537,1537,True,synthetic_stress_public_baseline,mixed_incident,background,False,0.0,-1,-1,-1,882e3f3f4815385e
1538,1538,True,synthetic_stress_public_baseline,mixed_incident,background,False,0.0,-1,-1,-1,882e3f3f4815385e
1539,1539,True,synthetic_stress_public_baseline,mixed_incident,background,False,0.0,-1,-1,-1,882e3f3f4815385e
1540,1540,True,synthetic_stress_public_baseline,mixed_incident,background,False,0.0,-1,-1,-1,882e3f3f4815385e
1541,1541,True,synthetic_stress_public_baseline,mixed_incident,background,False,0.0,-1,-1,-1,882e3f3f4815385e
1542,1542,True,synthetic_stress_public_baseline,mixed_incident,background,False,0.0,-1,-1,-1,882e3f3f4815385e
1543,1543,True,synthetic_stress_public_baseline,mixed_incident,background,False,0.0,-1,-1,-1,882e3f3f4815385e
1544,1544,True,synthetic_stress_public_baseline,mixed_incident,background,False,0.0,-1,-1,-1,882e3f3f4815385e
1545,1545,True,synthetic_stress_public_baseline,mixed_incident,background,False,0.0,-1,-1,-1,882e3f3f4815385e
1546,1546,True,synthetic_stress_public_baseline,mixed_incident,background,False,0.0,-1,-1,-1,882e3f3f4815385e
1547,1547,True,synthetic_stress_public_baseline,mixed_incident,background,False,0.0,-1,-1,-1,882e3f3f4815385e
1548,1548,True,synthetic_stress_public_baseline,mixed_incident,background,False,0.0,-1,-1,-1,882e3f3f4815385e
1549,1549,True,synthetic_stress_public_baseline,mixed_incident,background,False,0.0,-1,-1,-1,882e3f3f4815385e
1550,1550,True,synthetic_stress_public_baseline,mixed_incident,background,False,0.0,-1,-1,-1,882e3f3f4815385e
1551,1551,True,synthetic_stress_public_baseline,mixed_incident,background,False,0.0,-1,-1,-1,882e3f3f4815385e
1552,1552,True,synthetic_stress_public_baseline,mixed_incident,background,False,0.0,-1,-1,-1,882e3f3f4815385e
1553,1553,True,synthetic_stress_public_baseline,mixed_incident,background,False,0.0,-1,-1,-1,882e3f3f4815385e
1554,1554,True,synthetic_stress_public_baseline,mixed_incident,background,False,0.0,-1,-1,-1,882e3f3f4815385e
1555,1555,True,synthetic_stress_public_baseline,mixed_incident,background,False,0.0,-1,-1,-1,882e3f3f4815385e
1556,1556,True,synthetic_stress_public_baseline,mixed_incident,background,False,0.0,-1,-1,-1,882e3f3f4815385e
1557,1557,True,synthetic_stress_public_baseline,mixed_incident,background,False,0.0,-1,-1,-1,882e3f3f4815385e
1558,1558,True,synthetic_stress_public_baseline,mixed_incident,background,False,0.0,-1,-1,-1,882e3f3f4815385e
1559,1559,True,synthetic_stress_public_baseline,mixed_incident,background,False,0.0,-1,-1,-1,882e3f3f4815385e
1560,1560,True,synthetic_stress_public_baseline,mixed_incident,background,False,0.0,-1,-1,-1,882e3f3f4815385e
1561,1561,True,synthetic_stress_public_baseline,mixed_incident,background,False,0.0,-1,-1,-1,882e3f3f4815385e
1562,1562,True,synthetic_stress_public_baseline,mixed_incident,background,False,0.0,-1,-1,-1,882e3f3f4815385e
1563,1563,True,synthetic_stress_public_baseline,mixed_incident,background,False,0.0,-1,-1,-1,882e3f3f4815385e
1564,1564,True,synthetic_stress_public_baseline,mixed_incident,background,False,0.0,-1,-1,-1,882e3f3f4815385e
1565,1565,True,synthetic_stress_public_baseline,mixed_incident,background,False,0.0,-1,-1,-1,882e3f3f4815385e
1566,1566,True,synthetic_stress_public_baseline,mixed_incident,background,False,0.0,-1,-1,-1,882e3f3f4815385e
1567,1567,True,synthetic_stress_public_baseline,mixed_incident,background,False,0.0,-1,-1,-1,882e3f3f4815385e
1568,1568,True,synthetic_stress_public_baseline,mixed_incident,background,False,0.0,-1,-1,-1,882e3f3f4815385e
1569,1569,True,synthetic_stress_public_baseline,mixed_incident,background,False,0.0,-1,-1,-1,882e3f3f4815385e
1570,1570,True,synthetic_stress_public_baseline,mixed_incident,background,False,0.0,-1,-1,-1,882e3f3f4815385e
1571,1571,True,synthetic_stress_public_baseline,mixed_incident,background,False,0.0,-1,-1,-1,882e3f3f4815385e
1572,1572,True,synthetic_stress_public_baseline,mixed_incident,background,False,0.0,-1,-1,-1,882e3f3f4815385e
1573,1573,True,synthetic_stress_public_baseline,mixed_incident,background,False,0.0,-1,-1,-1,882e3f3f4815385e
1574,1574,True,synthetic_stress_public_baseline,mixed_incident,background,False,0.0,-1,-1,-1,882e3f3f4815385e
1575,1575,True,synthetic_stress_public_baseline,mixed_incident,background,False,0.0,-1,-1,-1,882e3f3f4815385e
1576,1576,True,synthetic_stress_public_baseline,mixed_incident,background,False,0.0,-1,-1,-1,882e3f3f4815385e
1577,1577,True,synthetic_stress_public_baseline,mixed_incident,background,False,0.0,-1,-1,-1,882e3f3f4815385e
1578,1578,True,synthetic_stress_public_baseline,mixed_incident,background,False,0.0,-1,-1,-1,882e3f3f4815385e
1579,1579,True,synthetic_stress_public_baseline,mixed_incident,background,False,0.0,-1,-1,-1,882e3f3f4815385e
1580,1580,True,synthetic_stress_public_baseline,mixed_incident,background,False,0.0,-1,-1,-1,882e3f3f4815385e
1581,1581,True,synthetic_stress_public_baseline,mixed_incident,background,False,0.0,-1,-1,-1,882e3f3f4815385e
1582,1582,True,synthetic_stress_public_baseline,mixed_incident,background,False,0.0,-1,-1,-1,882e3f3f4815385e
1583,1583,True,synthetic_stress_public_baseline,mixed_incident,background,False,0.0,-1,-1,-1,882e3f3f4815385e
1584,1584,True,synthetic_stress_public_baseline,mixed_incident,background,False,0.0,-1,-1,-1,882e3f3f4815385e
1585,1585,True,synthetic_stress_public_baseline,mixed_incident,background,False,0.0,-1,-1,-1,882e3f3f4815385e
1586,1586,True,synthetic_stress_public_baseline,mixed_incident,background,False,0.0,-1,-1,-1,882e3f3f4815385e
1587,1587,True,synthetic_stress_public_baseline,mixed_incident,background,False,0.0,-1,-1,-1,882e3f3f4815385e
1588,1588,True,synthetic_stress_public_baseline,mixed_incident,background,False,0.0,-1,-1,-1,882e3f3f4815385e
1589,1589,True,synthetic_stress_public_baseline,mixed_incident,background,False,0.0,-1,-1,-1,882e3f3f4815385e
1590,1590,True,synthetic_stress_public_baseline,mixed_incident,background,False,0.0,-1,-1,-1,882e3f3f4815385e
1591,1591,True,synthetic_stress_public_baseline,mixed_incident,background,False,0.0,-1,-1,-1,882e3f3f4815385e
1592,1592,True,synthetic_stress_public_baseline,mixed_incident,background,False,0.0,-1,-1,-1,882e3f3f4815385e
1593,1593,True,synthetic_stress_public_baseline,mixed_incident,background,False,0.0,-1,-1,-1,882e3f3f4815385e
1594,1594,True,synthetic_stress_public_baseline,mixed_incident,background,False,0.0,-1,-1,-1,882e3f3f4815385e
1595,1595,True,synthetic_stress_public_baseline,mixed_incident,background,False,0.0,-1,-1,-1,882e3f3f4815385e
1596,1596,True,synthetic_stress_public_baseline,mixed_incident,background,False,0.0,-1,-1,-1,882e3f3f4815385e
1597,1597,True,synthetic_stress_public_baseline,mixed_incident,background,False,0.0,-1,-1,-1,882e3f3f4815385e
1598,1598,True,synthetic_stress_public_baseline,mixed_incident,background,False,0.0,-1,-1,-1,882e3f3f4815385e
1599,1599,True,synthetic_stress_public_baseline,mixed_incident,background,False,0.0,-1,-1,-1,882e3f3f4815385e
1600,1600,True,synthetic_stress_public_baseline,mixed_incident,background,False,0.0,-1,-1,-1,882e3f3f4815385e
1601,1601,True,synthetic_stress_public_baseline,mixed_incident,background,False,0.0,-1,-1,-1,882e3f3f4815385e
1602,1602,True,synthetic_stress_public_baseline,mixed_incident,background,False,0.0,-1,-1,-1,882e3f3f4815385e
1603,1603,True,synthetic_stress_public_baseline,mixed_incident,background,False,0.0,-1,-1,-1,882e3f3f4815385e
1604,1604,True,synthetic_stress_public_baseline,mixed_incident,background,False,0.0,-1,-1,-1,882e3f3f4815385e
1605,1605,True,synthetic_stress_public_baseline,mixed_incident,background,False,0.0,-1,-1,-1,882e3f3f4815385e
1606,1606,True,synthetic_stress_public_baseline,mixed_incident,background,False,0.0,-1,-1,-1,882e3f3f4815385e
1607,1607,True,synthetic_stress_public_baseline,mixed_incident,background,False,0.0,-1,-1,-1,882e3f3f4815385e
1608,1608,True,synthetic_stress_public_baseline,mixed_incident,background,False,0.0,-1,-1,-1,882e3f3f4815385e
1609,1609,True,synthetic_stress_public_baseline,mixed_incident,background,False,0.0,-1,-1,-1,882e3f3f4815385e
1610,1610,True,synthetic_stress_public_baseline,mixed_incident,background,False,0.0,-1,-1,-1,882e3f3f4815385e
1611,1611,True,synthetic_stress_public_baseline,mixed_incident,background,False,0.0,-1,-1,-1,882e3f3f4815385e
1612,1612,True,synthetic_stress_public_baseline,mixed_incident,background,False,0.0,-1,-1,-1,882e3f3f4815385e
1613,1613,True,synthetic_stress_public_baseline,mixed_incident,background,False,0.0,-1,-1,-1,882e3f3f4815385e
1614,1614,True,synthetic_stress_public_baseline,mixed_incident,background,False,0.0,-1,-1,-1,882e3f3f4815385e
1615,1615,True,synthetic_stress_public_baseline,mixed_incident,background,False,0.0,-1,-1,-1,882e3f3f4815385e
1616,1616,True,synthetic_stress_public_baseline,mixed_incident,background,False,0.0,-1,-1,-1,882e3f3f4815385e
1617,1617,True,synthetic_stress_public_baseline,mixed_incident,background,False,0.0,-1,-1,-1,882e3f3f4815385e
1618,1618,True,synthetic_stress_public_baseline,mixed_incident,background,False,0.0,-1,-1,-1,882e3f3f4815385e
1619,1619,True,synthetic_stress_public_baseline,mixed_incident,background,False,0.0,-1,-1,-1,882e3f3f4815385e
1620,1620,True,synthetic_stress_public_baseline,mixed_incident,background,False,0.0,-1,-1,-1,882e3f3f4815385e
1621,1621,True,synthetic_stress_public_baseline,mixed_incident,background,False,0.0,-1,-1,-1,882e3f3f4815385e
1622,1622,True,synthetic_stress_public_baseline,mixed_incident,background,False,0.0,-1,-1,-1,882e3f3f4815385e
1623,1623,True,synthetic_stress_public_baseline,mixed_incident,background,False,0.0,-1,-1,-1,882e3f3f4815385e
1624,1624,True,synthetic_stress_public_baseline,mixed_incident,background,False,0.0,-1,-1,-1,882e3f3f4815385e
1625,1625,True,synthetic_stress_public_baseline,mixed_incident,background,False,0.0,-1,-1,-1,882e3f3f4815385e
1626,1626,True,synthetic_stress_public_baseline,mixed_incident,background,False,0.0,-1,-1,-1,882e3f3f4815385e
1627,1627,True,synthetic_stress_public_baseline,mixed_incident,background,False,0.0,-1,-1,-1,882e3f3f4815385e
1628,1628,True,synthetic_stress_public_baseline,mixed_incident,background,False,0.0,-1,-1,-1,882e3f3f4815385e
1629,1629,True,synthetic_stress_public_baseline,mixed_incident,background,False,0.0,-1,-1,-1,882e3f3f4815385e
1630,1630,True,synthetic_stress_public_baseline,mixed_incident,background,False,0.0,-1,-1,-1,882e3f3f4815385e
1631,1631,True,synthetic_stress_public_baseline,mixed_incident,background,False,0.0,-1,-1,-1,882e3f3f4815385e
1632,1632,True,synthetic_stress_public_baseline,mixed_incident,background,False,0.0,-1,-1,-1,882e3f3f4815385e
1633,1633,True,synthetic_stress_public_baseline,mixed_incident,background,False,0.0,-1,-1,-1,882e3f3f4815385e
1634,1634,True,synthetic_stress_public_baseline,mixed_incident,background,False,0.0,-1,-1,-1,882e3f3f4815385e
1635,1635,True,synthetic_stress_public_baseline,mixed_incident,background,False,0.0,-1,-1,-1,882e3f3f4815385e
1636,1636,True,synthetic_stress_public_baseline,mixed_incident,background,False,0.0,-1,-1,-1,882e3f3f4815385e
1637,1637,True,synthetic_stress_public_baseline,mixed_incident,background,False,0.0,-1,-1,-1,882e3f3f4815385e
1638,1638,True,synthetic_stress_public_baseline,mixed_incident,background,False,0.0,-1,-1,-1,882e3f3f4815385e
1639,1639,True,synthetic_stress_public_baseline,mixed_incident,background,False,0.0,-1,-1,-1,882e3f3f4815385e
1640,1640,True,synthetic_stress_public_baseline,mixed_incident,background,False,0.0,-1,-1,-1,882e3f3f4815385e
1641,1641,True,synthetic_stress_public_baseline,mixed_incident,background,False,0.0,-1,-1,-1,882e3f3f4815385e
1642,1642,True,synthetic_stress_public_baseline,mixed_incident,background,False,0.0,-1,-1,-1,882e3f3f4815385e
1643,1643,True,synthetic_stress_public_baseline,mixed_incident,background,False,0.0,-1,-1,-1,882e3f3f4815385e
1644,1644,True,synthetic_stress_public_baseline,mixed_incident,background,False,0.0,-1,-1,-1,882e3f3f4815385e
1645,1645,True,synthetic_stress_public_baseline,mixed_incident,background,False,0.0,-1,-1,-1,882e3f3f4815385e
1646,1646,True,synthetic_stress_public_baseline,mixed_incident,background,False,0.0,-1,-1,-1,882e3f3f4815385e
1647,1647,True,synthetic_stress_public_baseline,mixed_incident,background,False,0.0,-1,-1,-1,882e3f3f4815385e
1648,1648,True,synthetic_stress_public_baseline,mixed_incident,background,False,0.0,-1,-1,-1,882e3f3f4815385e
1649,1649,True,synthetic_stress_public_baseline,mixed_incident,background,False,0.0,-1,-1,-1,882e3f3f4815385e
1650,1650,True,synthetic_stress_public_baseline,mixed_incident,pre_incident,False,0.16433091847302272,19,25,31,882e3f3f4815385e
1651,1651,True,synthetic_stress_public_baseline,mixed_incident,pre_incident,False,0.2395741713162207,28,38,49,882e3f3f4815385e
1652,1652,True,synthetic_stress_public_baseline,mixed_incident,pre_incident,False,0.20841854264718188,22,32,42,882e3f3f4815385e
1653,1653,True,synthetic_stress_public_baseline,mixed_incident,pre_incident,False,0.2148613036961297,29,37,45,882e3f3f4815385e
1654,1654,True,synthetic_stress_public_baseline,mixed_incident,pre_incident,False,0.2097746613971714,22,31,40,882e3f3f4815385e
1655,1655,True,synthetic_stress_public_baseline,mixed_incident,pre_incident,False,0.1891515872433152,19,25,32,882e3f3f4815385e
1656,1656,True,synthetic_stress_public_baseline,mixed_incident,pre_incident,False,0.21264388502939852,15,23,31,882e3f3f4815385e
1657,1657,True,synthetic_stress_public_baseline,mixed_incident,pre_incident,False,0.18414901251504232,19,31,43,882e3f3f4815385e
1658,1658,True,synthetic_stress_public_baseline,mixed_incident,pre_incident,False,0.20660297106604864,23,28,33,882e3f3f4815385e
1659,1659,True,synthetic_stress_public_baseline,mixed_incident,pre_incident,False,0.2322306231430617,21,33,46,882e3f3f4815385e
1660,1660,True,synthetic_stress_public_baseline,mixed_incident,pre_incident,False,0.2028297530697558,17,29,41,882e3f3f4815385e
1661,1661,True,synthetic_stress_public_baseline,mixed_incident,pre_incident,False,0.16760996766067204,15,26,37,882e3f3f4815385e
1662,1662,True,synthetic_stress_public_baseline,mixed_incident,pre_incident,False,0.16823667606953327,27,29,32,882e3f3f4815385e
1663,1663,True,synthetic_stress_public_baseline,mixed_incident,pre_incident,False,0.16894731351239614,27,36,45,882e3f3f4815385e
1664,1664,True,synthetic_stress_public_baseline,mixed_incident,pre_incident,False,0.23768890681702423,19,30,41,882e3f3f4815385e
1665,1665,True,synthetic_stress_public_baseline,mixed_incident,pre_incident,False,0.1946733225963487,22,32,43,882e3f3f4815385e
1666,1666,True,synthetic_stress_public_baseline,mixed_incident,pre_incident,False,0.1917601325180855,27,40,54,882e3f3f4815385e
1667,1667,True,synthetic_stress_public_baseline,mixed_incident,pre_incident,False,0.20232199019764474,25,38,52,882e3f3f4815385e
1668,1668,True,synthetic_stress_public_baseline,mixed_incident,pre_incident,False,0.2250071874715176,18,25,33,882e3f3f4815385e
1669,1669,True,synthetic_stress_public_baseline,mixed_incident,pre_incident,False,0.1816361059927008,29,35,42,882e3f3f4815385e
1670,1670,True,synthetic_stress_public_baseline,mixed_incident,pre_incident,False,0.17933745586728167,24,31,38,882e3f3f4815385e
1671,1671,True,synthetic_stress_public_baseline,mixed_incident,pre_incident,False,0.16805674968727966,16,25,34,882e3f3f4815385e
1672,1672,True,synthetic_stress_public_baseline,mixed_incident,pre_incident,False,0.163016452806961,28,34,41,882e3f3f4815385e
1673,1673,True,synthetic_stress_public_baseline,mixed_incident,pre_incident,False,0.2393309113590742,15,27,40,882e3f3f4815385e
1674,1674,True,synthetic_stress_public_baseline,mixed_incident,pre_incident,False,0.20112934919174283,20,34,49,882e3f3f4815385e
1675,1675,True,synthetic_stress_public_baseline,mixed_incident,pre_incident,False,0.21289363194561386,26,34,42,882e3f3f4815385e
1676,1676,True,synthetic_stress_public_baseline,mixed_incident,pre_incident,False,0.17447182912638012,19,31,44,882e3f3f4815385e
1677,1677,True,synthetic_stress_public_baseline,mixed_incident,pre_incident,False,0.19560226046876053,15,20,25,882e3f3f4815385e
1678,1678,True,synthetic_stress_public_baseline,mixed_incident,pre_incident,False,0.241799581338912,18,27,37,882e3f3f4815385e
1679,1679,True,synthetic_stress_public_baseline,mixed_incident,pre_incident,False,0.21409296134814132,27,31,35,882e3f3f4815385e
1680,1680,True,synthetic_stress_public_baseline,mixed_incident,pre_incident,False,0.1638572655143726,29,34,40,882e3f3f4815385e
1681,1681,True,synthetic_stress_public_baseline,mixed_incident,pre_incident,False,0.19863115582184843,25,39,53,882e3f3f4815385e
1682,1682,True,synthetic_stress_public_baseline,mixed_incident,pre_incident,False,0.22262279257668766,15,23,32,882e3f3f4815385e
1683,1683,True,synthetic_stress_public_baseline,mixed_incident,pre_incident,False,0.21945401669473993,27,36,45,882e3f3f4815385e
1684,1684,True,synthetic_stress_public_baseline,mixed_incident,pre_incident,False,0.16726982858534165,21,30,39,882e3f3f4815385e
1685,1685,True,synthetic_stress_public_baseline,mixed_incident,pre_incident,False,0.1964568376470632,15,26,38,882e3f3f4815385e
1686,1686,True,synthetic_stress_public_baseline,mixed_incident,pre_incident,False,0.1906437706719713,21,34,47,882e3f3f4815385e
1687,1687,True,synthetic_stress_public_baseline,mixed_incident,pre_incident,False,0.16782350864254938,16,30,45,882e3f3f4815385e
1688,1688,True,synthetic_stress_public_baseline,mixed_incident,pre_incident,False,0.20688502485828236,16,30,44,882e3f3f4815385e
1689,1689,True,synthetic_stress_public_baseline,mixed_incident,pre_incident,False,0.23954850030199784,20,32,45,882e3f3f4815385e
1690,1690,True,synthetic_stress_public_baseline,mixed_incident,pre_incident,False,0.1727572009095998,16,25,35,882e3f3f4815385e
1691,1691,True,synthetic_stress_public_baseline,mixed_incident,pre_incident,False,0.23928181869767978,22,26,31,882e3f3f4815385e
1692,1692,True,synthetic_stress_public_baseline,mixed_incident,pre_incident,False,0.2203041134414443,24,36,49,882e3f3f4815385e
1693,1693,True,synthetic_stress_public_baseline,mixed_incident,pre_incident,False,0.24202314246140205,21,31,42,882e3f3f4815385e
1694,1694,True,synthetic_stress_public_baseline,mixed_incident,pre_incident,False,0.22657990317140125,17,28,40,882e3f3f4815385e
1695,1695,True,synthetic_stress_public_baseline,mixed_incident,incident,True,0.7956870977858905,27,35,43,882e3f3f4815385e
1696,1696,True,synthetic_stress_public_baseline,mixed_incident,incident,True,0.9231151427461634,25,30,35,882e3f3f4815385e
1697,1697,True,synthetic_stress_public_baseline,mixed_incident,incident,True,0.8040811999506534,17,26,35,882e3f3f4815385e
1698,1698,True,synthetic_stress_public_baseline,mixed_incident,incident,True,0.8051329443945774,19,32,45,882e3f3f4815385e
1699,1699,True,synthetic_stress_public_baseline,mixed_incident,incident,True,0.966449915264697,20,25,31,882e3f3f4815385e
1700,1700,True,synthetic_stress_public_baseline,mixed_incident,incident,True,0.846689138011009,25,29,34,882e3f3f4815385e
1701,1701,True,synthetic_stress_public_baseline,mixed_incident,incident,True,0.7431138383020395,16,27,39,882e3f3f4815385e
1702,1702,True,synthetic_stress_public_baseline,mixed_incident,incident,True,0.8150504216031539,24,31,38,882e3f3f4815385e
1703,1703,True,synthetic_stress_public_baseline,mixed_incident,incident,True,0.6500652765828144,21,35,50,882e3f3f4815385e
1704,1704,True,synthetic_stress_public_baseline,mixed_incident,incident,True,0.7792789654367798,20,27,35,882e3f3f4815385e
1705,1705,True,synthetic_stress_public_baseline,mixed_incident,incident,True,0.8128760149111551,25,37,50,882e3f3f4815385e
1706,1706,True,synthetic_stress_public_baseline,mixed_incident,incident,True,0.8415400831031323,28,42,56,882e3f3f4815385e
1707,1707,True,synthetic_stress_public_baseline,mixed_incident,incident,True,0.7206685393270882,25,32,39,882e3f3f4815385e
1708,1708,True,synthetic_stress_public_baseline,mixed_incident,incident,True,0.7092943781251225,28,37,46,882e3f3f4815385e
1709,1709,True,synthetic_stress_public_baseline,mixed_incident,incident,True,0.8971465106297147,25,33,41,882e3f3f4815385e
1710,1710,True,synthetic_stress_public_baseline,mixed_incident,incident,True,0.6878196066214428,19,24,29,882e3f3f4815385e
1711,1711,True,synthetic_stress_public_baseline,mixed_incident,incident,True,0.9538422701211071,17,28,40,882e3f3f4815385e
1712,1712,True,synthetic_stress_public_baseline,mixed_incident,incident,True,0.9013070157291702,23,27,31,882e3f3f4815385e
1713,1713,True,synthetic_stress_public_baseline,mixed_incident,incident,True,0.803417562997006,25,28,31,882e3f3f4815385e
1714,1714,True,synthetic_stress_public_baseline,mixed_incident,incident,True,0.70453772463994,17,24,31,882e3f3f4815385e
1715,1715,True,synthetic_stress_public_baseline,mixed_incident,incident,True,0.7930319359314971,22,35,48,882e3f3f4815385e
1716,1716,True,synthetic_stress_public_baseline,mixed_incident,incident,True,0.944664123064346,23,33,43,882e3f3f4815385e
1717,1717,True,synthetic_stress_public_baseline,mixed_incident,incident,True,0.7523151945809828,22,34,47,882e3f3f4815385e
1718,1718,True,synthetic_stress_public_baseline,mixed_incident,incident,True,0.7292198224523012,21,35,50,882e3f3f4815385e
1719,1719,True,synthetic_stress_public_baseline,mixed_incident,incident,True,0.9798981436194152,29,43,57,882e3f3f4815385e
1720,1720,True,synthetic_stress_public_baseline,mixed_incident,incident,True,0.6536407650753154,19,23,28,882e3f3f4815385e
1721,1721,True,synthetic_stress_public_baseline,mixed_incident,incident,True,0.8664119702030124,22,30,38,882e3f3f4815385e
1722,1722,True,synthetic_stress_public_baseline,mixed_incident,incident,True,0.7179021710150726,17,27,37,882e3f3f4815385e
1723,1723,True,synthetic_stress_public_baseline,mixed_incident,incident,True,0.8748859685553154,19,30,42,882e3f3f4815385e
1724,1724,True,synthetic_stress_public_baseline,mixed_incident,incident,True,0.756288619512565,15,21,27,882e3f3f4815385e
1725,1725,True,synthetic_stress_public_baseline,mixed_incident,incident,True,0.9068388207148829,17,30,43,882e3f3f4815385e
1726,1726,True,synthetic_stress_public_baseline,mixed_incident,incident,True,0.7341348154999493,16,29,43,882e3f3f4815385e
1727,1727,True,synthetic_stress_public_baseline,mixed_incident,incident,True,0.755214501942463,21,28,36,882e3f3f4815385e
1728,1728,True,synthetic_stress_public_baseline,mixed_incident,incident,True,0.8814203257619746,28,41,54,882e3f3f4815385e
1729,1729,True,synthetic_stress_public_baseline,mixed_incident,incident,True,0.7018470698689461,15,28,41,882e3f3f4815385e
1730,1730,True,synthetic_stress_public_baseline,mixed_incident,incident,True,0.8887528725604994,18,28,38,882e3f3f4815385e
1731,1731,True,synthetic_stress_public_baseline,mixed_incident,incident,True,0.8335971024561185,26,30,34,882e3f3f4815385e
1732,1732,True,synthetic_stress_public_baseline,mixed_incident,incident,True,0.7058703304129293,21,24,28,882e3f3f4815385e
1733,1733,True,synthetic_stress_public_baseline,mixed_incident,incident,True,0.7831383274556164,20,32,45,882e3f3f4815385e
1734,1734,True,synthetic_stress_public_baseline,mixed_incident,incident,True,0.8187366414162391,24,26,29,882e3f3f4815385e
1735,1735,True,synthetic_stress_public_baseline,mixed_incident,incident,True,0.8950728987480598,28,40,53,882e3f3f4815385e
1736,1736,True,synthetic_stress_public_baseline,mixed_incident,incident,True,0.7230964615820749,20,28,36,882e3f3f4815385e
1737,1737,True,synthetic_stress_public_baseline,mixed_incident,incident,True,0.813574611193137,18,32,47,882e3f3f4815385e
1738,1738,True,synthetic_stress_public_baseline,mixed_incident,incident,True,0.6849552166537052,22,34,46,882e3f3f4815385e
1739,1739,True,synthetic_stress_public_baseline,mixed_incident,incident,True,0.7199264554676585,20,23,27,882e3f3f4815385e
1740,1740,True,synthetic_stress_public_baseline,mixed_incident,incident,True,0.6747751445218071,16,26,37,882e3f3f4815385e
1741,1741,True,synthetic_stress_public_baseline,mixed_incident,incident,True,0.9152833643382934,16,23,30,882e3f3f4815385e
1742,1742,True,synthetic_stress_public_baseline,mixed_incident,incident,True,0.7487210783508182,24,29,34,882e3f3f4815385e
1743,1743,True,synthetic_stress_public_baseline,mixed_incident,incident,True,0.9107651815246489,23,33,43,882e3f3f4815385e
1744,1744,True,synthetic_stress_public_baseline,mixed_incident,incident,True,0.9712017816491454,16,22,29,882e3f3f4815385e
1745,1745,True,synthetic_stress_public_baseline,mixed_incident,incident,True,0.7649013843008758,29,41,54,882e3f3f4815385e
1746,1746,True,synthetic_stress_public_baseline,mixed_incident,incident,True,0.7494600235847945,24,30,37,882e3f3f4815385e
1747,1747,True,synthetic_stress_public_baseline,mixed_incident,incident,True,0.9255313012564854,16,21,27,882e3f3f4815385e
1748,1748,True,synthetic_stress_public_baseline,mixed_incident,incident,True,0.9420017879188765,29,33,37,882e3f3f4815385e
1749,1749,True,synthetic_stress_public_baseline,mixed_incident,incident,True,0.7173205499737701,20,25,31,882e3f3f4815385e
1750,1750,True,synthetic_stress_public_baseline,mixed_incident,incident,True,0.8090375978902213,29,38,48,882e3f3f4815385e
1751,1751,True,synthetic_stress_public_baseline,mixed_incident,incident,True,0.6753324990754618,18,24,30,882e3f3f4815385e
1752,1752,True,synthetic_stress_public_baseline,mixed_incident,incident,True,0.8647822648084468,27,32,38,882e3f3f4815385e
1753,1753,True,synthetic_stress_public_baseline,mixed_incident,incident,True,0.7997478073340516,21,27,33,882e3f3f4815385e
1754,1754,True,synthetic_stress_public_baseline,mixed_incident,incident,True,0.7038245736064739,20,26,33,882e3f3f4815385e
1755,1755,True,synthetic_stress_public_baseline,mixed_incident,incident,True,0.699111491733457,28,32,36,882e3f3f4815385e
1756,1756,True,synthetic_stress_public_baseline,mixed_incident,incident,True,0.9217084513795198,17,29,41,882e3f3f4815385e
1757,1757,True,synthetic_stress_public_baseline,mixed_incident,incident,True,0.6814457450879237,18,27,36,882e3f3f4815385e
1758,1758,True,synthetic_stress_public_baseline,mixed_incident,incident,True,0.726609015573014,24,33,43,882e3f3f4815385e
1759,1759,True,synthetic_stress_public_baseline,mixed_incident,incident,True,0.920109419690878,26,33,41,882e3f3f4815385e
1760,1760,True,synthetic_stress_public_baseline,mixed_incident,incident,True,0.7163225507152584,19,27,36,882e3f3f4815385e
1761,1761,True,synthetic_stress_public_baseline,mixed_incident,incident,True,0.8512621601999022,21,35,50,882e3f3f4815385e
1762,1762,True,synthetic_stress_public_baseline,mixed_incident,incident,True,0.6832773941371529,29,34,40,882e3f3f4815385e
1763,1763,True,synthetic_stress_public_baseline,mixed_incident,incident,True,0.674627800896189,23,26,30,882e3f3f4815385e
1764,1764,True,synthetic_stress_public_baseline,mixed_incident,incident,True,0.896733167602553,15,23,31,882e3f3f4815385e
1765,1765,True,synthetic_stress_public_baseline,mixed_incident,incident,True,0.7044011022828713,16,29,42,882e3f3f4815385e
1766,1766,True,synthetic_stress_public_baseline,mixed_incident,incident,True,0.7480022478280235,17,31,46,882e3f3f4815385e
1767,1767,True,synthetic_stress_public_baseline,mixed_incident,incident,True,0.9693654630565133,26,29,32,882e3f3f4815385e
1768,1768,True,synthetic_stress_public_baseline,mixed_incident,incident,True,0.9313643521859807,17,31,46,882e3f3f4815385e
1769,1769,True,synthetic_stress_public_baseline,mixed_incident,incident,True,0.8705825195614857,26,34,43,882e3f3f4815385e
1770,1770,True,synthetic_stress_public_baseline,mixed_incident,recovery,True,0.42185069368431277,19,26,33,882e3f3f4815385e
1771,1771,True,synthetic_stress_public_baseline,mixed_incident,recovery,True,0.4156224409821638,25,32,39,882e3f3f4815385e
1772,1772,True,synthetic_stress_public_baseline,mixed_incident,recovery,True,0.3476006260958795,22,28,34,882e3f3f4815385e
1773,1773,True,synthetic_stress_public_baseline,mixed_incident,recovery,True,0.3626328802943869,22,36,50,882e3f3f4815385e
1774,1774,True,synthetic_stress_public_baseline,mixed_incident,recovery,True,0.39013801103728957,26,29,32,882e3f3f4815385e
1775,1775,True,synthetic_stress_public_baseline,mixed_incident,recovery,True,0.4148579687981259,22,36,51,882e3f3f4815385e
1776,1776,True,synthetic_stress_public_baseline,mixed_incident,recovery,True,0.3552907941403453,17,20,23,882e3f3f4815385e
1777,1777,True,synthetic_stress_public_baseline,mixed_incident,recovery,True,0.3512155643917159,15,25,36,882e3f3f4815385e
1778,1778,True,synthetic_stress_public_baseline,mixed_incident,recovery,True,0.39583383617258877,18,28,38,882e3f3f4815385e
1779,1779,True,synthetic_stress_public_baseline,mixed_incident,recovery,True,0.39766692091183137,29,37,45,882e3f3f4815385e
1780,1780,True,synthetic_stress_public_baseline,mixed_incident,recovery,True,0.2994625444918482,18,32,47,882e3f3f4815385e
1781,1781,True,synthetic_stress_public_baseline,mixed_incident,recovery,True,0.3169250515998641,28,37,46,882e3f3f4815385e
1782,1782,True,synthetic_stress_public_baseline,mixed_incident,recovery,True,0.3244296115460351,21,32,44,882e3f3f4815385e
1783,1783,True,synthetic_stress_public_baseline,mixed_incident,recovery,True,0.40224858437072325,17,20,24,882e3f3f4815385e
1784,1784,True,synthetic_stress_public_baseline,mixed_incident,recovery,True,0.3850554153236159,17,29,41,882e3f3f4815385e
1785,1785,True,synthetic_stress_public_baseline,mixed_incident,recovery,False,0.1411664719128179,26,34,43,882e3f3f4815385e
1786,1786,True,synthetic_stress_public_baseline,mixed_incident,recovery,False,0.16188449470065908,23,37,51,882e3f3f4815385e
1787,1787,True,synthetic_stress_public_baseline,mixed_incident,recovery,False,0.1572129088707549,23,37,52,882e3f3f4815385e
1788,1788,True,synthetic_stress_public_baseline,mixed_incident,recovery,False,0.17125470651008717,22,36,50,882e3f3f4815385e
1789,1789,True,synthetic_stress_public_baseline,mixed_incident,recovery,False,0.1663314243759799,18,22,27,882e3f3f4815385e
1790,1790,True,synthetic_stress_public_baseline,mixed_incident,recovery,False,0.13425012109163634,18,27,36,882e3f3f4815385e
1791,1791,True,synthetic_stress_public_baseline,mixed_incident,recovery,False,0.14112339654197792,25,29,33,882e3f3f4815385e
1792,1792,True,synthetic_stress_public_baseline,mixed_incident,recovery,False,0.13026291194768294,16,22,28,882e3f3f4815385e
1793,1793,True,synthetic_stress_public_baseline,mixed_incident,recovery,False,0.1405730468467595,17,21,25,882e3f3f4815385e
1794,1794,True,synthetic_stress_public_baseline,mixed_incident,recovery,False,0.15016835306851495,15,28,41,882e3f3f4815385e
1795,1795,True,synthetic_stress_public_baseline,mixed_incident,recovery,False,0.16066597269631927,26,33,40,882e3f3f4815385e
1796,1796,True,synthetic_stress_public_baseline,mixed_incident,recovery,False,0.19467036872529242,27,37,47,882e3f3f4815385e
1797,1797,True,synthetic_stress_public_baseline,mixed_incident,recovery,False,0.17047698209442783,24,38,52,882e3f3f4815385e
1798,1798,True,synthetic_stress_public_baseline,mixed_incident,recovery,False,0.17934620594650885,17,28,39,882e3f3f4815385e
1799,1799,True,synthetic_stress_public_baseline,mixed_incident,recovery,False,0.18973574419820993,25,37,49,882e3f3f4815385e
