Timestamp,User Count,Type,Name,Requests/s,Failures/s,50%,66%,75%,80%,90%,95%,98%,99%,99.9%,99.99%,100%,Total Request Count,Total Failure Count,Total Median Response Time,Total Average Response Time,Total Min Response Time,Total Max Response Time,Total Average Content Size
1779030815,0,,Aggregated,0.000000,0.000000,N/A,N/A,N/A,N/A,N/A,N/A,N/A,N/A,N/A,N/A,N/A,0,0,0,0.0,0,0,0
1779030816,50,,Aggregated,0.000000,0.000000,22,73,160,210,300,460,640,640,860,860,860,113,70,22,110.48589115117602,2.3524999851360917,855.297000030987,8.486725663716815
1779030817,120,,Aggregated,0.000000,0.000000,12,49,76,95,190,290,590,640,860,860,860,344,276,12,63.985688663135164,1.9625999848358333,855.297000030987,4.281976744186046
1779030818,120,,Aggregated,53.000000,25.000000,47,98,130,170,200,310,590,630,860,860,860,509,422,47,92.57123595280189,1.9625999848358333,855.297000030987,3.681728880157171
1779030819,120,,Aggregated,113.500000,86.000000,95,150,190,200,400,600,680,740,980,980,980,677,521,95,143.71843648468456,1.9625999848358333,976.3908999739215,4.824224519940916
1779030820,120,,Aggregated,140.666667,113.333333,110,160,200,260,500,650,760,880,980,980,980,853,624,110,169.31102438459985,1.9625999848358333,981.809200020507,5.570926143024619
1779030821,120,,Aggregated,142.250000,116.750000,110,160,210,290,530,670,790,900,1100,1200,1200,1027,726,110,180.6054490752393,1.9625999848358333,1195.8314999938011,6.1801363193768255
1779030822,120,,Aggregated,148.000000,112.600000,110,170,250,320,590,700,840,910,1100,1200,1200,1196,828,110,191.76463219083115,1.9625999848358333,1195.8314999938011,6.531772575250836
1779030823,120,,Aggregated,152.666667,110.833333,110,180,280,370,650,750,910,960,1200,1200,1200,1362,923,110,208.33783032336353,1.9625999848358333,1246.5248000225984,6.922173274596182
1779030824,120,,Aggregated,155.428571,109.571429,110,190,300,390,650,750,910,980,1300,1400,1400,1533,1016,110,214.55607012395558,1.9625999848358333,1445.878200000152,7.2746249184605345
1779030825,120,,Aggregated,154.750000,106.625000,100,190,310,420,660,750,910,980,1300,1400,1400,1706,1113,100,218.68655861636236,1.9625999848358333,1445.878200000152,7.466588511137163
1779030826,120,,Aggregated,157.333333,106.333333,100,200,350,470,680,780,920,1000,1300,1400,1400,1861,1194,100,228.62031708748222,1.9625999848358333,1445.878200000152,7.748522299838796
1779030827,120,,Aggregated,158.900000,105.100000,100,220,400,500,690,820,940,1000,1300,1400,1400,1991,1254,100,239.15714068312664,1.9625999848358333,1445.878200000152,7.9502762430939224
1779030828,120,,Aggregated,169.500000,111.500000,110,260,460,560,740,910,1000,1100,1400,1400,1400,2080,1274,110,261.4807881249782,1.9625999848358333,1445.878200000152,8.271634615384615
1779030829,120,,Aggregated,166.100000,103.100000,120,290,500,610,810,1000,1200,1300,1600,1800,1800,2136,1274,120,287.76033801500915,1.9625999848358333,1778.78910000436,8.542134831460674
1779030830,120,,Aggregated,158.500000,91.400000,130,340,560,670,930,1200,1300,1400,1700,1800,1800,2224,1277,130,325.02905355211874,1.9625999848358333,1778.78910000436,9.069694244604317
1779030831,120,,Aggregated,152.400000,80.700000,140,400,630,720,970,1200,1300,1500,1800,1900,1900,2305,1278,140,349.9468595225368,1.9625999848358333,1886.4416999858804,9.529718004338395
1779030832,120,,Aggregated,141.400000,71.200000,160,470,670,780,1000,1200,1400,1500,1800,1900,1900,2379,1278,160,373.8430873054374,1.9625999848358333,1886.4416999858804,9.880201765447667
1779030833,120,,Aggregated,132.300000,61.200000,160,510,710,850,1100,1200,1400,1500,1800,1900,1900,2448,1278,160,398.44956450152716,1.9625999848358333,1886.4416999858804,10.16421568627451
1779030834,120,,Aggregated,122.900000,51.100000,180,560,750,910,1200,1300,1400,1500,1800,1900,1900,2517,1279,180,421.9232835118636,1.9625999848358333,1886.4416999858804,10.394119984108066
1779030835,120,,Aggregated,114.900000,42.500000,190,610,820,950,1200,1300,1500,1600,1800,1900,1900,2587,1281,190,444.36009934265724,1.9625999848358333,1886.4416999858804,10.694626981059141
1779030836,120,,Aggregated,104.400000,32.100000,210,650,890,1000,1200,1300,1500,1600,1800,1900,1900,2662,1282,210,468.0663954918467,1.9625999848358333,1886.4416999858804,10.945905334335086
1779030837,120,,Aggregated,94.400000,22.800000,260,690,930,1100,1200,1300,1500,1600,1800,1900,1900,2737,1283,260,486.50819989022347,1.9625999848358333,1886.4416999858804,11.168067226890756
1779030838,120,,Aggregated,85.200000,14.100000,290,740,980,1100,1200,1300,1500,1600,1800,1900,1900,2825,1284,290,505.3575766724287,1.9625999848358333,1886.4416999858804,11.460176991150442
1779030839,120,,Aggregated,79.300000,7.900000,320,790,1000,1100,1200,1300,1500,1600,1800,1900,1900,2899,1284,320,520.2817320454225,1.9625999848358333,1886.4416999858804,11.691962745774404
1779030840,120,,Aggregated,74.700000,2.900000,380,840,1000,1100,1200,1300,1500,1600,1800,1900,1900,2997,1286,380,535.8532547213215,1.9625999848358333,1886.4416999858804,12.015015015015015
1779030841,120,,Aggregated,74.300000,1.000000,420,880,1000,1100,1200,1300,1500,1600,1800,1900,1900,3064,1287,420,546.4967081591545,1.9625999848358333,1886.4416999858804,12.18798955613577
1779030842,120,,Aggregated,76.200000,0.900000,470,910,1000,1100,1200,1300,1500,1600,1800,1900,1900,3140,1288,460,560.9952910188741,1.9625999848358333,1886.4416999858804,12.44171974522293
1779030843,120,,Aggregated,76.500000,0.900000,500,940,1100,1100,1200,1300,1500,1600,1800,1900,1900,3209,1289,500,573.974244374947,1.9625999848358333,1886.4416999858804,12.64100966033032
1779030844,120,,Aggregated,75.900000,0.900000,540,960,1100,1100,1200,1400,1500,1600,1800,1900,1900,3276,1291,540,590.0821802194966,1.9625999848358333,1886.4416999858804,12.816544566544566
1779030845,120,,Aggregated,76.400000,1.000000,570,980,1100,1200,1300,1400,1600,1600,1800,1900,1900,3342,1294,570,604.0478988626646,1.9625999848358333,1886.4416999858804,12.969778575703172
1779030846,120,,Aggregated,75.500000,1.100000,610,1000,1100,1200,1300,1400,1600,1700,1900,1900,1900,3422,1295,610,620.1515576560927,1.9625999848358333,1888.6262999731116,13.120689655172415
1779030847,120,,Aggregated,75.300000,1.200000,650,1000,1100,1200,1300,1400,1600,1700,1900,1900,1900,3504,1296,650,631.4277917234858,1.9625999848358333,1888.6262999731116,13.345034246575343
1779030848,120,,Aggregated,75.000000,1.300000,670,1000,1100,1200,1300,1400,1600,1700,1900,1900,1900,3577,1296,670,640.0675112382391,1.9625999848358333,1888.6262999731116,13.466592116298575
1779030849,120,,Aggregated,74.800000,1.300000,700,1000,1100,1200,1300,1400,1600,1700,1900,1900,1900,3654,1297,700,651.9196986313934,1.9625999848358333,1888.6262999731116,13.63327859879584
1779030850,120,,Aggregated,76.200000,1.300000,730,1000,1100,1200,1300,1400,1600,1700,1900,1900,1900,3719,1298,730,661.985458510126,1.9625999848358333,1888.6262999731116,13.786232858295241
1779030851,120,,Aggregated,75.200000,1.200000,750,1000,1100,1200,1300,1400,1600,1700,1900,1900,1900,3791,1299,750,673.5214692162539,1.9625999848358333,1888.6262999731116,13.925613294645212
1779030852,120,,Aggregated,74.400000,1.300000,790,1100,1100,1200,1300,1400,1600,1700,1900,1900,1900,3875,1300,790,684.5755207739139,1.9625999848358333,1888.6262999731116,14.128774193548388
1779030853,120,,Aggregated,72.100000,1.200000,830,1100,1100,1200,1300,1400,1600,1700,1900,1900,1900,3944,1300,830,691.8367396549082,1.9625999848358333,1888.6262999731116,14.241632860040568
1779030854,120,,Aggregated,72.400000,1.200000,860,1100,1200,1200,1300,1500,1600,1700,1900,1900,1900,4007,1300,860,701.3296447713913,1.9625999848358333,1888.6262999731116,14.354878961816821
1779030855,120,,Aggregated,72.700000,1.200000,890,1100,1200,1200,1300,1500,1600,1700,1900,1900,1900,4097,1302,890,711.7611356599284,1.9625999848358333,1888.6262999731116,14.492311447400537
1779030856,120,,Aggregated,73.200000,1.100000,910,1100,1200,1200,1300,1500,1600,1700,1900,1900,1900,4168,1304,910,718.1722997837214,1.9625999848358333,1888.6262999731116,14.602447216890596
1779030857,120,,Aggregated,73.400000,0.900000,920,1100,1200,1200,1300,1500,1600,1700,1900,1900,1900,4235,1304,920,725.835911215763,1.9625999848358333,1888.6262999731116,14.695159386068477
1779030858,120,,Aggregated,75.100000,0.800000,930,1100,1200,1200,1300,1500,1600,1700,1900,1900,1900,4300,1304,930,735.2833202322079,1.9625999848358333,1888.6262999731116,14.752093023255814
1779030859,120,,Aggregated,75.000000,0.900000,940,1100,1200,1200,1300,1500,1600,1700,1900,1900,1900,4371,1304,940,746.2120260349107,1.9625999848358333,1910.5702000088058,14.818576984671699
1779030860,120,,Aggregated,72.400000,0.800000,950,1100,1200,1200,1300,1500,1600,1700,1900,1900,1900,4453,1307,950,755.6902867052463,1.9625999848358333,1910.5702000088058,14.956209297103076
1779030861,120,,Aggregated,71.900000,0.800000,970,1100,1200,1200,1300,1500,1600,1700,1900,1900,1900,4526,1309,970,762.8036742373849,1.9625999848358333,1910.5702000088058,15.064516129032258
1779030862,120,,Aggregated,71.500000,0.700000,970,1100,1200,1200,1300,1500,1600,1700,1900,1900,1900,4596,1309,970,769.8284753042311,1.9625999848358333,1910.5702000088058,15.146431679721497
1779030863,120,,Aggregated,73.100000,0.900000,980,1100,1200,1200,1400,1500,1600,1700,1900,1900,1900,4661,1309,980,777.3239644708201,1.9625999848358333,1910.5702000088058,15.257455481656297
1779030864,120,,Aggregated,72.900000,1.000000,990,1100,1200,1200,1400,1500,1600,1700,1900,1900,1900,4753,1310,990,785.7488695136252,1.9625999848358333,1910.5702000088058,15.394698085419735
1779030865,120,,Aggregated,72.100000,0.900000,990,1100,1200,1200,1400,1500,1600,1700,1900,1900,1900,4820,1312,990,788.8114969706196,1.9625999848358333,1910.5702000088058,15.457053941908713
1779030866,120,,Aggregated,71.400000,0.900000,990,1100,1200,1200,1400,1500,1600,1700,1900,1900,1900,4901,1313,990,794.9745503975126,1.9625999848358333,1910.5702000088058,15.573148337074066
1779030867,120,,Aggregated,73.600000,1.000000,1000,1100,1200,1200,1400,1500,1600,1700,1900,1900,1900,4970,1314,1000,800.6003651304299,1.9625999848358333,1910.5702000088058,15.625553319919517
1779030868,120,,Aggregated,71.900000,1.000000,1000,1100,1200,1200,1400,1500,1600,1700,1900,1900,1900,5042,1314,1000,807.5900054141936,1.9625999848358333,1910.5702000088058,15.705077350257834
1779030869,120,,Aggregated,72.400000,0.900000,1000,1100,1200,1200,1400,1500,1600,1700,1900,1900,1900,5111,1316,1000,813.5768169240351,1.9625999848358333,1910.5702000088058,15.726863627470163
1779030871,120,,Aggregated,73.500000,1.000000,1000,1100,1200,1200,1400,1500,1600,1700,1900,1900,1900,5174,1316,1000,819.8251777345339,1.9625999848358333,1910.5702000088058,15.753768844221106
1779030872,120,,Aggregated,73.500000,1.000000,1000,1200,1200,1200,1400,1500,1700,1700,1900,1900,1900,5237,1318,1000,827.572470383487,1.9625999848358333,1942.359699984081,15.79816688944052
1779030873,120,,Aggregated,71.700000,0.900000,1000,1200,1200,1300,1400,1500,1700,1700,1900,2000,2000,5306,1319,1000,834.9797853558927,1.9625999848358333,2012.0087999966927,15.850546551074256
1779030874,120,,Aggregated,70.800000,0.900000,1000,1200,1200,1300,1400,1500,1700,1700,1900,2000,2000,5363,1322,1000,841.9496025169651,1.9625999848358333,2012.0087999966927,15.885325377587172
1779030875,120,,Aggregated,70.500000,1.000000,1000,1200,1200,1300,1400,1600,1700,1800,1900,2100,2100,5420,1322,1000,849.4265146860218,1.9625999848358333,2098.2359999907203,15.928044280442805
1779030876,120,,Aggregated,70.500000,1.000000,1000,1200,1200,1300,1400,1600,1700,1800,2000,2100,2100,5486,1323,1000,857.0564628506206,1.9625999848358333,2120.4851999646053,15.964819540648925
1779030877,120,,Aggregated,66.300000,1.200000,1100,1200,1200,1300,1400,1600,1700,1800,2100,2100,2100,5567,1324,1100,864.4089352251374,1.9625999848358333,2120.4851999646053,16.005209268906054
1779030878,120,,Aggregated,66.600000,1.100000,1100,1200,1200,1300,1400,1600,1700,1800,2100,2100,2100,5642,1324,1100,869.0653910134653,1.9625999848358333,2120.4851999646053,16.06309819213045
1779030879,120,,Aggregated,66.000000,1.100000,1100,1200,1200,1300,1400,1600,1700,1800,2100,2100,2100,5721,1324,1100,873.1091168149254,1.9625999848358333,2120.4851999646053,16.18091242789722
1779030880,120,,Aggregated,66.800000,1.000000,1100,1200,1200,1300,1400,1600,1700,1800,2100,2100,2100,5807,1324,1100,876.3869018250289,1.9625999848358333,2120.4851999646053,16.245910108489753
1779030881,120,,Aggregated,66.600000,1.000000,1100,1200,1200,1300,1400,1600,1700,1800,2100,2100,2100,5871,1325,1100,877.673993646384,1.9625999848358333,2120.4851999646053,16.290751149718957
1779030882,120,,Aggregated,68.600000,0.800000,1100,1200,1200,1300,1400,1600,1700,1800,2100,2100,2100,5946,1326,1100,882.3711914392794,1.9625999848358333,2120.4851999646053,16.359569458459468
1779030883,120,,Aggregated,69.700000,0.900000,1100,1200,1200,1300,1400,1600,1700,1800,2000,2100,2100,6020,1328,1100,887.4592543186076,1.9625999848358333,2120.4851999646053,16.40265780730897
1779030884,120,,Aggregated,70.500000,0.800000,1100,1200,1200,1300,1400,1600,1700,1800,2000,2100,2100,6087,1329,1100,891.794386446173,1.9625999848358333,2120.4851999646053,16.43239691145063
1779030885,120,,Aggregated,70.500000,0.900000,1100,1200,1200,1300,1400,1600,1700,1800,2000,2100,2100,6162,1331,1100,896.357479957475,1.9625999848358333,2120.4851999646053,16.48328464784161
1779030886,120,,Aggregated,72.100000,0.700000,1100,1200,1200,1300,1400,1600,1700,1800,2000,2100,2100,6233,1334,1100,899.9166061283374,1.9625999848358333,2120.4851999646053,16.527514840365797
1779030887,120,,Aggregated,73.300000,0.900000,1100,1200,1200,1300,1400,1600,1700,1800,2000,2100,2100,6300,1337,1100,903.7178029838095,1.9625999848358333,2120.4851999646053,16.554761904761904
1779030888,120,,Aggregated,74.000000,1.100000,1100,1200,1200,1300,1400,1600,1700,1800,2000,2100,2100,6368,1338,1100,908.5213034073679,1.9625999848358333,2120.4851999646053,16.597989949748744
1779030889,120,,Aggregated,73.100000,1.300000,1100,1200,1300,1300,1400,1600,1700,1800,2000,2100,2100,6443,1338,1100,912.9493877538957,1.9625999848358333,2120.4851999646053,16.622691292875988
1779030890,120,,Aggregated,72.000000,1.400000,1100,1200,1300,1300,1400,1600,1700,1800,2000,2100,2100,6520,1339,1100,915.6491527144997,1.9625999848358333,2120.4851999646053,16.661349693251534
1779030891,120,,Aggregated,72.400000,1.400000,1100,1200,1200,1300,1400,1600,1700,1800,2000,2100,2100,6605,1340,1100,917.248006207175,1.9625999848358333,2120.4851999646053,16.727327781983345
1779030892,120,,Aggregated,71.600000,1.500000,1100,1200,1200,1300,1400,1600,1700,1800,2000,2100,2100,6656,1342,1100,919.1490267125375,1.9625999848358333,2120.4851999646053,16.75165264423077
1779030893,120,,Aggregated,72.800000,1.500000,1100,1200,1300,1300,1400,1600,1700,1800,2000,2100,2100,6726,1342,1100,924.1251098421524,1.9625999848358333,2120.4851999646053,16.789176330657153
1779030894,120,,Aggregated,71.200000,1.600000,1100,1200,1300,1300,1500,1600,1700,1800,2000,2100,2100,6809,1344,1100,929.342292113147,1.9625999848358333,2120.4851999646053,16.834483771478926
1779030895,120,,Aggregated,71.200000,1.400000,1100,1200,1300,1300,1500,1600,1700,1800,2000,2100,2100,6890,1344,1100,931.6358549344271,1.9625999848358333,2120.4851999646053,16.890275761973875
1779030896,120,,Aggregated,71.600000,1.500000,1100,1200,1300,1300,1500,1600,1700,1800,2000,2100,2100,6970,1344,1100,933.2947955521466,1.9625999848358333,2120.4851999646053,16.960688665710187
1779030897,120,,Aggregated,72.400000,1.300000,1100,1200,1300,1300,1500,1600,1700,1800,2000,2100,2100,7045,1344,1100,935.5416140097419,1.9625999848358333,2120.4851999646053,17.002838892831797
1779030898,120,,Aggregated,73.300000,1.000000,1100,1200,1300,1300,1500,1600,1700,1800,2000,2100,2100,7114,1345,1100,938.2921411721553,1.9625999848358333,2120.4851999646053,17.034579701996066
1779030899,120,,Aggregated,73.300000,0.700000,1100,1200,1300,1300,1500,1600,1700,1800,2000,2100,2100,7203,1345,1100,940.1671346520192,1.9625999848358333,2120.4851999646053,17.092739136470914
1779030900,120,,Aggregated,74.600000,0.600000,1100,1200,1300,1300,1500,1600,1700,1800,2000,2100,2100,7282,1346,1100,940.7017950149076,1.9625999848358333,2120.4851999646053,17.12688821752266
1779030901,120,,Aggregated,75.200000,0.700000,1100,1200,1300,1300,1500,1600,1700,1800,2000,2100,2100,7352,1347,1100,942.2204255574683,1.9625999848358333,2120.4851999646053,17.1908324265506
1779030902,120,,Aggregated,75.200000,0.700000,1100,1200,1300,1300,1500,1600,1700,1800,2000,2100,2100,7434,1348,1100,944.680154263941,1.9625999848358333,2120.4851999646053,17.217783158461124
1779030903,120,,Aggregated,74.500000,0.700000,1100,1200,1300,1300,1500,1600,1700,1800,2000,2100,2100,7507,1350,1100,947.1606293857004,1.9625999848358333,2120.4851999646053,17.264153456773677
1779030904,120,,Aggregated,76.500000,0.600000,1100,1200,1300,1300,1500,1600,1700,1800,2000,2100,2100,7573,1351,1100,949.6234326420914,1.9625999848358333,2120.4851999646053,17.287996830846428
1779030905,120,,Aggregated,76.800000,0.600000,1100,1200,1300,1300,1400,1600,1700,1800,2000,2100,2100,7662,1353,1100,951.8813592662981,1.9625999848358333,2120.4851999646053,17.334377447141737
1779030906,120,,Aggregated,76.400000,0.700000,1100,1200,1300,1300,1500,1600,1700,1800,2000,2100,2100,7731,1354,1100,953.6386678694091,1.9625999848358333,2120.4851999646053,17.3581684128832
1779030907,120,,Aggregated,76.400000,0.800000,1100,1200,1300,1300,1500,1600,1700,1800,2000,2100,2100,7796,1354,1100,955.5870847099183,1.9625999848358333,2120.4851999646053,17.379168804515135
1779030908,120,,Aggregated,75.300000,1.000000,1100,1200,1300,1300,1500,1600,1700,1800,2000,2100,2100,7875,1356,1100,959.3887605839146,1.9625999848358333,2120.4851999646053,17.417396825396825
1779030909,120,,Aggregated,75.900000,1.000000,1100,1200,1300,1300,1500,1600,1700,1800,2000,2100,2100,7952,1358,1100,961.2148113302507,1.9625999848358333,2120.4851999646053,17.444542253521128
1779030910,120,,Aggregated,75.000000,1.100000,1100,1200,1300,1300,1500,1600,1700,1800,2000,2100,2100,8020,1358,1100,963.5452306231599,1.9625999848358333,2120.4851999646053,17.46708229426434
1779030911,120,,Aggregated,74.800000,1.300000,1100,1200,1300,1300,1500,1600,1700,1800,2000,2100,2100,8100,1358,1100,966.4148646663976,1.9625999848358333,2120.4851999646053,17.502716049382716
1779030912,120,,Aggregated,73.400000,1.200000,1100,1200,1300,1300,1500,1600,1700,1800,2000,2100,2100,8197,1359,1100,967.0258653285297,1.9625999848358333,2120.4851999646053,17.561058923996583
1779030913,120,,Aggregated,73.500000,1.100000,1100,1200,1300,1300,1400,1600,1700,1800,2000,2100,2100,8278,1359,1100,966.2997042036794,1.9625999848358333,2120.4851999646053,17.592896834984295
1779030914,120,,Aggregated,74.600000,1.100000,1100,1200,1300,1300,1400,1600,1700,1800,2000,2100,2100,8346,1359,1100,967.2109418521784,1.9625999848358333,2120.4851999646053,17.62209441648694
1779030915,120,,Aggregated,76.800000,1.100000,1100,1200,1300,1300,1400,1600,1700,1800,2000,2100,2100,8419,1359,1100,969.650085734438,1.9625999848358333,2120.4851999646053,17.644257037652928
1779030916,120,,Aggregated,76.900000,0.800000,1100,1200,1300,1300,1400,1600,1700,1800,2000,2100,2100,8492,1360,1100,971.7475694062774,1.9625999848358333,2120.4851999646053,17.675694771549693
1779030917,120,,Aggregated,76.000000,0.700000,1100,1200,1300,1300,1400,1600,1700,1800,2000,2100,2100,8559,1360,1100,974.0015990300282,1.9625999848358333,2120.4851999646053,17.69143591541068
1779030918,120,,Aggregated,76.500000,0.600000,1100,1200,1300,1300,1500,1600,1700,1800,2000,2100,2100,8638,1361,1100,976.9894912129979,1.9625999848358333,2120.4851999646053,17.71185459597129
1779030919,120,,Aggregated,75.300000,0.600000,1100,1200,1300,1300,1500,1600,1700,1800,2000,2100,2100,8721,1362,1100,977.8216352365446,1.9625999848358333,2120.4851999646053,17.736498108015137
1779030920,120,,Aggregated,76.000000,0.600000,1100,1200,1300,1300,1500,1600,1700,1800,2000,2100,2100,8791,1363,1100,978.8494005230546,1.9625999848358333,2120.4851999646053,17.774883403480832
1779030921,120,,Aggregated,76.800000,0.400000,1100,1200,1300,1300,1500,1600,1700,1800,2000,2100,2100,8869,1364,1100,981.3060640881861,1.9625999848358333,2120.4851999646053,17.792423046566693
1779030922,120,,Aggregated,77.100000,0.400000,1100,1200,1300,1300,1500,1600,1700,1800,2000,2100,2100,8941,1364,1100,983.2029749914304,1.9625999848358333,2120.4851999646053,17.8332401297394
1779030923,120,,Aggregated,76.500000,0.600000,1100,1200,1300,1300,1500,1600,1700,1800,1900,2100,2100,9012,1367,1100,984.9024819128402,1.9625999848358333,2120.4851999646053,17.848535286284953
1779030924,120,,Aggregated,75.700000,0.500000,1100,1200,1300,1300,1500,1600,1700,1800,1900,2100,2100,9086,1368,1100,986.9481529604226,1.9625999848358333,2120.4851999646053,17.85923398635263
1779030925,120,,Aggregated,73.800000,0.600000,1100,1200,1300,1300,1500,1600,1700,1800,1900,2100,2100,9154,1368,1100,988.7848878848937,1.9625999848358333,2120.4851999646053,17.871531570897968
1779030926,120,,Aggregated,73.300000,0.900000,1100,1200,1300,1300,1500,1600,1700,1800,1900,2100,2100,9218,1369,1100,991.4334533519595,1.9625999848358333,2120.4851999646053,17.871881102191363
1779030927,120,,Aggregated,73.100000,0.900000,1100,1200,1300,1300,1500,1600,1700,1800,1900,2100,2100,9304,1371,1100,994.004869432348,1.9625999848358333,2120.4851999646053,17.90262252794497
1779030928,120,,Aggregated,72.000000,0.800000,1100,1200,1300,1300,1500,1600,1700,1800,1900,2100,2100,9388,1373,1100,994.3213646674777,1.9625999848358333,2120.4851999646053,17.934490839369406
1779030929,120,,Aggregated,73.000000,1.000000,1100,1200,1300,1300,1500,1600,1700,1800,1900,2100,2100,9474,1373,1100,994.7761521319666,1.9625999848358333,2120.4851999646053,17.956407008655265
1779030930,120,,Aggregated,74.500000,1.100000,1100,1200,1300,1300,1500,1600,1700,1800,1900,2100,2100,9551,1373,1100,994.8992275257393,1.9625999848358333,2120.4851999646053,17.986388859805256
1779030931,120,,Aggregated,74.000000,1.100000,1100,1200,1300,1300,1500,1600,1700,1800,1900,2100,2100,9615,1374,1100,995.8260991677665,1.9625999848358333,2120.4851999646053,18.002808112324495
1779030932,120,,Aggregated,75.600000,1.100000,1100,1200,1300,1300,1500,1600,1700,1800,1900,2100,2100,9679,1376,1100,998.3691507075184,1.9625999848358333,2120.4851999646053,18.026139063952886
1779030933,120,,Aggregated,75.500000,1.000000,1100,1200,1300,1300,1500,1600,1700,1800,2000,2100,2100,9756,1378,1100,1001.5484393089624,1.9625999848358333,2120.4851999646053,18.042230422304222
1779030934,120,,Aggregated,73.600000,1.100000,1100,1200,1300,1300,1500,1600,1700,1800,2000,2100,2100,9834,1380,1100,1002.8304571078286,1.9625999848358333,2120.4851999646053,18.049013626194835
1779030935,120,,Aggregated,73.300000,1.100000,1100,1200,1300,1300,1500,1600,1700,1800,2000,2100,2100,9919,1382,1100,1003.2578376246058,1.9625999848358333,2120.4851999646053,18.073293678798265
1779030936,120,,Aggregated,74.200000,1.000000,1100,1200,1300,1300,1500,1600,1700,1800,2000,2100,2100,9997,1383,1100,1003.60010893251,1.9625999848358333,2120.4851999646053,18.0926277883365
1779030937,120,,Aggregated,75.600000,1.400000,1100,1200,1300,1300,1500,1600,1700,1800,2000,2100,2100,10078,1384,1100,1004.228391000031,1.9625999848358333,2120.4851999646053,18.123536415955545
1779030938,120,,Aggregated,76.900000,1.500000,1100,1200,1300,1300,1500,1600,1700,1800,2000,2100,2100,10151,1386,1100,1004.9681382620644,1.9625999848358333,2120.4851999646053,18.138311496404295
1779030939,120,,Aggregated,77.900000,1.400000,1100,1200,1300,1300,1500,1600,1700,1800,2000,2100,2100,10210,1387,1100,1006.4865502838633,1.9625999848358333,2120.4851999646053,18.14309500489716
1779030940,120,,Aggregated,76.200000,1.300000,1100,1200,1300,1300,1500,1600,1700,1800,2000,2100,2100,10287,1388,1100,1009.1416537764453,1.9625999848358333,2120.4851999646053,18.157285894818703
1779030941,120,,Aggregated,74.700000,1.400000,1100,1200,1300,1300,1500,1600,1700,1800,2000,2100,2100,10350,1388,1100,1010.6720382220482,1.9625999848358333,2120.4851999646053,18.16280193236715
1779030942,120,,Aggregated,73.000000,1.500000,1100,1200,1300,1300,1500,1600,1700,1800,2000,2100,2100,10425,1388,1100,1012.9517954722719,1.9625999848358333,2120.4851999646053,18.177745803357315
1779030943,120,,Aggregated,72.900000,1.400000,1100,1200,1300,1300,1500,1600,1700,1800,2000,2100,2100,10500,1389,1100,1014.4568366284446,1.9625999848358333,2120.4851999646053,18.18885714285714
1779030944,120,,Aggregated,73.600000,1.300000,1100,1200,1300,1300,1500,1600,1700,1800,2000,2100,2100,10577,1390,1100,1015.5381438497436,1.9625999848358333,2120.4851999646053,18.211023919826037
1779030945,120,,Aggregated,73.700000,1.300000,1100,1200,1300,1300,1500,1600,1700,1800,2000,2100,2100,10669,1391,1100,1015.8081384945526,1.9625999848358333,2120.4851999646053,18.25278845252601
1779030946,120,,Aggregated,74.200000,1.100000,1100,1200,1300,1300,1500,1600,1700,1800,2000,2100,2100,10758,1396,1100,1015.5834707657804,1.9625999848358333,2120.4851999646053,18.28025655326269
1779030947,120,,Aggregated,74.400000,0.900000,1100,1200,1300,1300,1500,1600,1700,1800,2000,2100,2100,10843,1398,1100,1014.5972550030757,1.9625999848358333,2120.4851999646053,18.316148667342986
1779030948,120,,Aggregated,75.000000,1.200000,1100,1200,1300,1300,1500,1600,1700,1800,2000,2100,2100,10908,1398,1100,1014.6832756140516,1.9625999848358333,2120.4851999646053,18.333700036670333
1779030949,120,,Aggregated,76.400000,1.400000,1100,1200,1300,1300,1500,1600,1700,1800,2000,2100,2100,10977,1398,1100,1016.1832042086194,1.9625999848358333,2120.4851999646053,18.34772706568279
1779030950,120,,Aggregated,75.900000,1.300000,1100,1200,1300,1300,1500,1600,1700,1800,1900,2100,2100,11031,1398,1100,1018.3317013324273,1.9625999848358333,2120.4851999646053,18.356450004532682
1779030951,120,,Aggregated,76.700000,1.100000,1100,1200,1300,1300,1500,1600,1700,1800,2000,2100,2100,11094,1399,1100,1021.8955658732312,1.9625999848358333,2120.4851999646053,18.367135388498287
1779030952,120,,Aggregated,75.200000,1.000000,1100,1200,1300,1300,1500,1600,1700,1800,2000,2200,2200,11168,1399,1100,1025.1285644876143,1.9625999848358333,2219.4974000449292,18.376432664756447
1779030953,120,,Aggregated,73.700000,1.000000,1100,1200,1300,1300,1500,1600,1700,1800,2000,2200,2200,11242,1399,1100,1026.2559533354834,1.9625999848358333,2219.4974000449292,18.397882938978828
1779030954,120,,Aggregated,73.600000,1.100000,1100,1200,1300,1300,1500,1600,1700,1800,2000,2200,2200,11301,1399,1100,1027.5571783379817,1.9625999848358333,2219.4974000449292,18.40890186709141
1779030955,120,,Aggregated,74.300000,1.000000,1100,1200,1300,1300,1500,1600,1700,1800,2000,2200,2200,11364,1400,1100,1029.6773546460247,1.9625999848358333,2219.4974000449292,18.423970432946145
1779030956,120,,Aggregated,72.700000,1.000000,1100,1200,1300,1300,1500,1600,1700,1800,2000,2200,2200,11438,1402,1100,1031.8787635860658,1.9625999848358333,2219.4974000449292,18.430844553243574
1779030957,120,,Aggregated,70.400000,0.900000,1100,1200,1300,1300,1500,1600,1700,1800,2000,2200,2200,11515,1402,1100,1032.9613615021576,1.9625999848358333,2219.4974000449292,18.44672166739036
1779030958,120,,Aggregated,69.000000,0.700000,1100,1200,1300,1300,1500,1600,1700,1800,2000,2200,2200,11588,1403,1100,1033.8538145924554,1.9625999848358333,2219.4974000449292,18.45823265447014
1779030959,120,,Aggregated,66.700000,0.400000,1100,1200,1300,1300,1500,1600,1700,1800,2000,2200,2200,11668,1404,1100,1034.7964116555722,1.9625999848358333,2219.4974000449292,18.491429550908467
1779030960,120,,Aggregated,67.400000,0.400000,1100,1200,1300,1300,1500,1600,1700,1800,2000,2200,2200,11740,1407,1100,1035.533468790199,1.9625999848358333,2219.4974000449292,18.50962521294719
1779030961,120,,Aggregated,67.400000,0.500000,1100,1200,1300,1300,1500,1600,1700,1800,2000,2200,2200,11801,1407,1100,1036.8871647400076,1.9625999848358333,2219.4974000449292,18.516312176934157
1779030962,120,,Aggregated,69.600000,0.700000,1100,1200,1300,1300,1500,1600,1700,1800,2000,2200,2200,11877,1408,1100,1039.3583980126996,1.9625999848358333,2219.4974000449292,18.533215458449103
1779030963,120,,Aggregated,71.100000,0.900000,1100,1200,1300,1300,1500,1600,1700,1800,2000,2200,2200,11945,1409,1100,1040.6677835577207,1.9625999848358333,2219.4974000449292,18.54583507743826
1779030964,120,,Aggregated,70.300000,0.800000,1100,1200,1300,1300,1500,1600,1700,1800,2000,2200,2200,12018,1410,1100,1041.7816031949635,1.9625999848358333,2219.4974000449292,18.556997836578464
1779030965,120,,Aggregated,70.000000,0.900000,1100,1200,1300,1300,1500,1600,1700,1800,2000,2200,2200,12082,1412,1100,1042.814196523508,1.9625999848358333,2219.4974000449292,18.56149644098659
1779030966,120,,Aggregated,70.800000,1.000000,1100,1200,1300,1300,1500,1600,1700,1800,2000,2200,2200,12160,1414,1100,1044.3091252957986,1.9625999848358333,2219.4974000449292,18.576233552631578
1779030967,120,,Aggregated,71.500000,1.100000,1100,1200,1300,1300,1500,1600,1700,1800,2000,2200,2200,12242,1414,1100,1045.2838672436958,1.9625999848358333,2219.4974000449292,18.59532756085607
1779030968,120,,Aggregated,71.000000,1.100000,1100,1200,1300,1300,1500,1600,1700,1800,2000,2200,2200,12307,1414,1100,1046.0037067033122,1.9625999848358333,2219.4974000449292,18.594377183716585
1779030969,120,,Aggregated,71.000000,1.200000,1100,1200,1300,1300,1500,1600,1700,1800,2000,2200,2200,12372,1415,1100,1047.301951592084,1.9625999848358333,2219.4974000449292,18.604186873585515
1779030970,120,,Aggregated,71.600000,1.200000,1100,1200,1300,1300,1500,1600,1700,1800,2000,2200,2200,12454,1415,1100,1049.2367126623499,1.9625999848358333,2219.4974000449292,18.60518708848563
1779030971,120,,Aggregated,71.100000,1.100000,1100,1200,1300,1300,1500,1600,1700,1800,2000,2200,2200,12528,1417,1100,1050.047310360539,1.9625999848358333,2219.4974000449292,18.62763409961686
1779030972,120,,Aggregated,70.400000,1.000000,1100,1200,1300,1300,1500,1600,1700,1800,2000,2200,2200,12601,1417,1100,1051.192915339796,1.9625999848358333,2219.4974000449292,18.638758828664393
1779030973,120,,Aggregated,70.700000,0.900000,1100,1200,1300,1300,1500,1600,1700,1800,2000,2200,2200,12673,1417,1100,1052.1919497354115,1.9625999848358333,2219.4974000449292,18.6386017517557
1779030974,120,,Aggregated,72.100000,1.000000,1100,1200,1300,1300,1500,1600,1700,1800,2000,2200,2200,12737,1417,1100,1053.297856983355,1.9625999848358333,2219.4974000449292,18.652037371437544
1779030975,120,,Aggregated,72.000000,0.900000,1100,1200,1300,1300,1500,1600,1700,1800,2000,2200,2200,12803,1418,1100,1054.7350900255653,1.9625999848358333,2219.4974000449292,18.661016949152543
1779030976,120,,Aggregated,71.800000,0.800000,1100,1200,1300,1300,1500,1600,1700,1800,2000,2200,2200,12886,1421,1100,1056.0968168553159,1.9625999848358333,2219.4974000449292,18.680117957473225
1779030977,120,,Aggregated,71.100000,0.700000,1100,1200,1300,1300,1500,1600,1700,1800,2000,2200,2200,12967,1422,1100,1055.9570720905187,1.9625999848358333,2219.4974000449292,18.69414668003393
1779030978,120,,Aggregated,71.500000,0.700000,1100,1200,1300,1300,1500,1600,1700,1800,2000,2200,2200,13053,1425,1100,1055.9579519419206,1.9625999848358333,2219.4974000449292,18.708496131157588
1779030979,120,,Aggregated,73.300000,0.700000,1100,1200,1300,1300,1500,1600,1700,1800,2000,2200,2200,13136,1426,1100,1055.0232504185183,1.9625999848358333,2219.4974000449292,18.734850791717417
1779030980,120,,Aggregated,72.400000,0.900000,1100,1200,1300,1300,1500,1600,1700,1800,2000,2200,2200,13233,1428,1100,1053.8187976798768,1.9625999848358333,2219.4974000449292,18.76195873951485
1779030981,120,,Aggregated,75.000000,1.100000,1100,1200,1300,1300,1500,1600,1700,1800,2000,2200,2200,13293,1430,1100,1054.075482705018,1.9625999848358333,2219.4974000449292,18.759572707440007
1779030982,120,,Aggregated,77.400000,1.300000,1100,1200,1300,1300,1500,1600,1700,1800,2000,2200,2200,13364,1430,1100,1055.8755886185163,1.9625999848358333,2219.4974000449292,18.75516312481293
1779030983,120,,Aggregated,77.300000,1.300000,1100,1200,1300,1300,1500,1600,1700,1800,2000,2200,2200,13427,1430,1100,1057.4400126236528,1.9625999848358333,2219.4974000449292,18.761227377671855
1779030984,120,,Aggregated,76.300000,1.300000,1100,1200,1300,1300,1500,1600,1700,1800,2000,2200,2200,13490,1430,1100,1059.0386949293954,1.9625999848358333,2219.4974000449292,18.76234247590808
1779030985,120,,Aggregated,75.400000,1.300000,1100,1200,1300,1300,1500,1600,1700,1800,2000,2200,2200,13562,1430,1100,1060.9465379735561,1.9625999848358333,2219.4974000449292,18.785356142161923
1779030986,120,,Aggregated,75.500000,1.300000,1100,1200,1300,1300,1500,1600,1700,1800,2000,2200,2200,13647,1430,1100,1061.7072840988822,1.9625999848358333,2219.4974000449292,18.804499157323953
1779030987,120,,Aggregated,75.200000,1.200000,1100,1200,1300,1300,1500,1600,1700,1800,2000,2200,2200,13722,1430,1100,1061.6295959406466,1.9625999848358333,2219.4974000449292,18.807972598746538
1779030988,120,,Aggregated,75.600000,1.000000,1100,1200,1300,1300,1500,1600,1700,1800,2000,2200,2200,13787,1430,1100,1062.1611611298713,1.9625999848358333,2219.4974000449292,18.82860665844636
1779030989,120,,Aggregated,75.200000,0.900000,1100,1200,1300,1300,1500,1600,1700,1800,2000,2200,2200,13852,1430,1100,1063.919912395154,1.9625999848358333,2219.4974000449292,18.833381461160844
1779030990,120,,Aggregated,75.200000,0.700000,1100,1200,1300,1300,1500,1600,1700,1800,2000,2200,2200,13933,1431,1100,1065.5968306177865,1.9625999848358333,2219.4974000449292,18.84676666905907
1779030991,120,,Aggregated,71.300000,0.500000,1100,1200,1300,1300,1500,1600,1700,1800,2000,2200,2200,14003,1431,1100,1065.8754659999768,1.9625999848358333,2219.4974000449292,18.858101835321
1779030992,120,,Aggregated,69.200000,0.200000,1100,1200,1300,1300,1500,1600,1700,1800,2000,2200,2200,14081,1431,1100,1066.6434852068462,1.9625999848358333,2219.4974000449292,18.860237199062567
1779030993,120,,Aggregated,70.300000,0.200000,1100,1200,1300,1300,1500,1600,1700,1800,2000,2200,2200,14146,1432,1100,1067.646998861718,1.9625999848358333,2219.4974000449292,18.86307083274424
1779030994,120,,Aggregated,70.600000,0.100000,1100,1200,1300,1300,1500,1600,1700,1800,2000,2200,2200,14224,1433,1100,1068.554638582559,1.9625999848358333,2219.4974000449292,18.874367266591676
1779030995,120,,Aggregated,71.700000,0.100000,1100,1200,1300,1300,1500,1600,1700,1800,2000,2200,2200,14284,1434,1100,1069.4566338349389,1.9625999848358333,2219.4974000449292,18.879165499859983
1779030996,120,,Aggregated,70.900000,0.200000,1100,1200,1300,1300,1500,1600,1700,1800,2000,2200,2200,14355,1434,1100,1071.2492084429405,1.9625999848358333,2219.4974000449292,18.890421455938696
1779030997,120,,Aggregated,72.800000,0.300000,1100,1200,1300,1300,1500,1600,1700,1800,2000,2200,2200,14437,1435,1100,1071.9997217564817,1.9625999848358333,2219.4974000449292,18.89547689963289
1779030998,120,,Aggregated,71.000000,0.400000,1100,1200,1300,1300,1500,1600,1700,1800,2000,2200,2200,14496,1435,1100,1072.4733917562426,1.9625999848358333,2219.4974000449292,18.89962748344371
1779030999,120,,Aggregated,69.800000,0.400000,1100,1200,1300,1300,1500,1600,1700,1800,2000,2200,2200,14579,1435,1100,1073.7584748061308,1.9625999848358333,2219.4974000449292,18.90891007613691
1779031000,120,,Aggregated,70.200000,0.500000,1100,1200,1300,1300,1500,1600,1700,1800,2000,2200,2200,14653,1435,1100,1073.8803617483386,1.9625999848358333,2219.4974000449292,18.921722514160923
1779031001,120,,Aggregated,71.500000,0.500000,1100,1200,1300,1300,1500,1600,1700,1800,2000,2200,2200,14724,1435,1100,1074.5641858121842,1.9625999848358333,2219.4974000449292,18.93371366476501
1779031002,120,,Aggregated,72.600000,0.500000,1100,1200,1300,1300,1500,1600,1700,1800,2000,2200,2200,14815,1440,1100,1075.4752492203047,1.9625999848358333,2219.4974000449292,18.962672966587917
1779031003,120,,Aggregated,71.400000,0.400000,1100,1200,1300,1300,1500,1600,1700,1800,2000,2200,2200,14883,1440,1100,1075.1252946515388,1.9625999848358333,2219.4974000449292,18.968285963851375
1779031004,120,,Aggregated,71.600000,0.500000,1100,1200,1300,1300,1500,1600,1700,1800,2000,2200,2200,14956,1440,1100,1075.6692027279241,1.9625999848358333,2219.4974000449292,18.979874297940626
1779031005,120,,Aggregated,72.700000,0.900000,1100,1200,1300,1300,1500,1600,1700,1800,2000,2200,2200,15038,1442,1100,1076.0812679278583,1.9625999848358333,2219.4974000449292,18.99773906104535
1779031006,120,,Aggregated,73.300000,0.800000,1100,1200,1300,1300,1500,1600,1700,1800,2000,2200,2200,15112,1444,1100,1075.9805173239345,1.9625999848358333,2219.4974000449292,19.007411328745366
1779031007,120,,Aggregated,72.700000,0.800000,1100,1200,1300,1300,1500,1600,1700,1800,2000,2200,2200,15190,1444,1100,1076.4744969979447,1.9625999848358333,2219.4974000449292,19.015668202764978
1779031008,120,,Aggregated,75.500000,0.800000,1100,1200,1300,1300,1500,1600,1700,1800,2000,2200,2200,15271,1446,1100,1076.8439996659556,1.9625999848358333,2219.4974000449292,19.026324405736364
1779031009,120,,Aggregated,75.100000,1.000000,1100,1200,1300,1300,1500,1600,1700,1800,2000,2200,2200,15345,1447,1100,1076.85513012699,1.9625999848358333,2219.4974000449292,19.030628869338546
1779031010,120,,Aggregated,75.300000,0.900000,1100,1200,1300,1300,1500,1600,1700,1800,2000,2200,2200,15422,1449,1100,1077.5338881207654,1.9625999848358333,2219.4974000449292,19.04629749708209
1779031011,120,,Aggregated,76.300000,1.100000,1100,1200,1300,1300,1500,1600,1700,1800,2000,2200,2200,15474,1450,1100,1078.3926774330228,1.9625999848358333,2219.4974000449292,19.04698203438025
1779031012,120,,Aggregated,75.500000,1.200000,1100,1200,1300,1300,1500,1600,1700,1800,2000,2200,2200,15552,1451,1100,1079.732028298518,1.9625999848358333,2219.4974000449292,19.06005658436214
1779031013,120,,Aggregated,75.700000,1.400000,1100,1200,1300,1300,1500,1600,1700,1800,2000,2200,2200,15618,1451,1100,1080.7037281789203,1.9625999848358333,2219.4974000449292,19.067998463311564
1779031014,120,,Aggregated,75.600000,1.400000,1100,1200,1300,1300,1500,1600,1700,1800,2000,2200,2200,15702,1451,1100,1081.957047497033,1.9625999848358333,2219.4974000449292,19.083683607183797
1779031015,120,,Aggregated,73.800000,1.100000,1100,1200,1300,1300,1500,1600,1700,1800,2000,2200,2200,15784,1454,1100,1081.9106290039506,1.9625999848358333,2219.4974000449292,19.100101368474405
1779031016,120,,Aggregated,73.600000,1.100000,1100,1200,1300,1300,1500,1600,1700,1800,2000,2200,2200,15871,1454,1100,1081.274685760065,1.9625999848358333,2219.4974000449292,19.10906685149014
1779031017,120,,Aggregated,74.500000,1.000000,1100,1200,1300,1300,1500,1600,1700,1800,2000,2200,2200,15946,1455,1100,1080.9359693840481,1.9625999848358333,2219.4974000449292,19.113257243195786
1779031018,120,,Aggregated,74.200000,1.200000,1100,1200,1300,1300,1500,1600,1700,1800,2000,2200,2200,16027,1457,1100,1080.9680404316593,1.9625999848358333,2219.4974000449292,19.125288575528796
1779031019,120,,Aggregated,75.800000,1.000000,1100,1200,1300,1300,1500,1600,1700,1800,2000,2200,2200,16092,1457,1100,1081.3615139012052,1.9625999848358333,2219.4974000449292,19.12521749937857
1779031020,120,,Aggregated,75.800000,1.100000,1100,1200,1300,1300,1500,1600,1700,1800,2000,2200,2200,16155,1458,1100,1082.696332441863,1.9625999848358333,2219.4974000449292,19.130362116991645
1779031021,120,,Aggregated,75.800000,1.100000,1100,1200,1300,1300,1500,1600,1700,1800,2000,2200,2200,16217,1458,1100,1084.3985171794127,1.9625999848358333,2219.4974000449292,19.132453598076093
1779031022,120,,Aggregated,74.500000,1.100000,1100,1200,1300,1300,1500,1600,1700,1800,2000,2200,2200,16289,1458,1100,1085.8282966725083,1.9625999848358333,2219.4974000449292,19.130763091656945
1779031023,120,,Aggregated,73.600000,0.900000,1100,1200,1300,1300,1500,1600,1700,1800,2000,2200,2200,16369,1462,1100,1086.328549819685,1.9625999848358333,2219.4974000449292,19.137027307715805
1779031024,120,,Aggregated,72.900000,0.800000,1100,1200,1300,1300,1500,1600,1700,1800,2000,2200,2200,16440,1463,1100,1086.8467171471189,1.9625999848358333,2219.4974000449292,19.13941605839416
1779031025,120,,Aggregated,73.900000,1.000000,1100,1200,1300,1300,1500,1600,1700,1800,2000,2200,2200,16520,1465,1100,1087.3295074817497,1.9625999848358333,2219.4974000449292,19.146489104116224
1779031026,120,,Aggregated,74.500000,1.100000,1100,1200,1300,1300,1500,1600,1700,1800,2000,2200,2200,16596,1466,1100,1087.6895041394596,1.9625999848358333,2219.4974000449292,19.154314292600628
1779031027,120,,Aggregated,73.600000,1.200000,1100,1200,1300,1300,1500,1600,1700,1800,2000,2200,2200,16679,1469,1100,1087.623137238311,1.9625999848358333,2219.4974000449292,19.16038131782481
1779031028,120,,Aggregated,72.900000,1.100000,1100,1200,1300,1300,1500,1600,1700,1800,2000,2200,2200,16756,1470,1100,1087.4391380698155,1.9625999848358333,2219.4974000449292,19.162687992360944
1779031029,120,,Aggregated,72.100000,1.200000,1100,1200,1300,1300,1500,1600,1700,1800,2000,2200,2200,16836,1474,1100,1087.1260653182467,1.9625999848358333,2219.4974000449292,19.173972440009504
1779031030,120,,Aggregated,72.400000,1.400000,1100,1200,1300,1300,1500,1600,1700,1800,2000,2200,2200,16892,1475,1100,1087.4569187720915,1.9625999848358333,2219.4974000449292,19.17967085010656
1779031031,120,,Aggregated,73.000000,1.300000,1100,1200,1300,1300,1500,1600,1700,1800,2000,2200,2200,16963,1476,1100,1089.0974209454646,1.9625999848358333,2219.4974000449292,19.193597830572422
1779031032,120,,Aggregated,74.000000,1.700000,1100,1200,1300,1300,1500,1600,1700,1800,2000,2200,2200,17041,1477,1100,1089.9464063433986,1.9625999848358333,2219.4974000449292,19.20169004166422
1779031033,120,,Aggregated,73.100000,1.700000,1100,1200,1300,1300,1500,1600,1700,1800,2000,2200,2200,17098,1479,1100,1090.55770857984,1.9625999848358333,2219.4974000449292,19.205872031816586
1779031034,120,,Aggregated,74.100000,1.800000,1100,1200,1300,1300,1500,1600,1700,1800,2000,2200,2200,17175,1480,1100,1091.878501111963,1.9625999848358333,2219.4974000449292,19.208908296943232
1779031035,120,,Aggregated,74.200000,1.600000,1100,1200,1300,1300,1500,1600,1700,1800,2000,2200,2200,17254,1482,1100,1092.175351860336,1.9625999848358333,2219.4974000449292,19.215602179204822
1779031036,120,,Aggregated,72.300000,1.700000,1100,1200,1300,1300,1500,1600,1700,1800,2000,2200,2200,17329,1483,1100,1092.5001662010534,1.9625999848358333,2219.4974000449292,19.219747244503434
1779031037,120,,Aggregated,73.500000,1.700000,1100,1200,1300,1300,1500,1600,1700,1800,2000,2200,2200,17402,1484,1100,1092.9698624007892,1.9625999848358333,2219.4974000449292,19.22721526261349
1779031038,120,,Aggregated,73.300000,1.700000,1100,1200,1300,1300,1500,1600,1700,1800,2000,2200,2200,17482,1485,1100,1093.3217355622132,1.9625999848358333,2219.4974000449292,19.237787438508178
1779031040,120,,Aggregated,72.700000,1.700000,1100,1200,1300,1300,1500,1600,1700,1800,2000,2200,2200,17563,1485,1100,1093.3191500825,1.9625999848358333,2219.4974000449292,19.249160166258612
1779031041,120,,Aggregated,71.500000,1.500000,1100,1200,1300,1300,1500,1600,1700,1800,2000,2200,2200,17647,1485,1100,1093.106672720501,1.9625999848358333,2219.4974000449292,19.260044200147334
1779031042,120,,Aggregated,71.500000,1.500000,1100,1200,1300,1300,1500,1600,1700,1800,2000,2200,2200,17732,1486,1100,1092.981143621625,1.9625999848358333,2219.4974000449292,19.26883600270697
1779031043,120,,Aggregated,75.000000,1.000000,1100,1200,1300,1300,1500,1600,1700,1800,2000,2200,2200,17811,1486,1100,1092.6866568075184,1.9625999848358333,2219.4974000449292,19.273594969400932
1779031044,120,,Aggregated,76.700000,1.000000,1100,1200,1300,1300,1500,1600,1700,1800,2000,2200,2200,17880,1488,1100,1092.8583516833712,1.9625999848358333,2219.4974000449292,19.28199105145414
1779031045,120,,Aggregated,76.200000,0.900000,1100,1200,1300,1300,1500,1600,1700,1800,2000,2200,2200,17973,1490,1100,1092.8558302286187,1.9625999848358333,2219.4974000449292,19.291047682635064
1779031046,120,,Aggregated,77.800000,0.900000,1100,1200,1300,1300,1500,1600,1700,1800,2000,2200,2200,18033,1490,1100,1092.7400065490435,1.9625999848358333,2219.4974000449292,19.289524760161925
1779031047,120,,Aggregated,78.300000,1.000000,1100,1200,1300,1300,1500,1600,1700,1800,2000,2200,2200,18100,1491,1100,1093.3070391436033,1.9625999848358333,2219.4974000449292,19.292044198895027
1779031048,120,,Aggregated,77.400000,0.800000,1100,1200,1300,1300,1500,1600,1700,1800,2000,2200,2200,18162,1492,1100,1094.411027667611,1.9625999848358333,2219.4974000449292,19.291432661601146
1779031049,120,,Aggregated,76.900000,0.800000,1100,1200,1300,1300,1500,1600,1700,1800,2000,2200,2200,18231,1492,1100,1095.962876046254,1.9625999848358333,2219.4974000449292,19.30179364818167
1779031050,120,,Aggregated,75.200000,0.800000,1100,1200,1300,1400,1500,1600,1700,1800,2000,2200,2200,18277,1492,1100,1097.1139220276552,1.9625999848358333,2219.4974000449292,19.30311320238551
1779031051,120,,Aggregated,74.000000,0.700000,1100,1200,1300,1400,1500,1600,1700,1800,2000,2200,2200,18336,1493,1100,1099.209050027238,1.9625999848358333,2219.4974000449292,19.311027486910994
1779031052,120,,Aggregated,71.100000,0.700000,1100,1200,1300,1400,1500,1600,1700,1800,2100,2200,2300,18388,1494,1100,1101.2100156623762,1.9625999848358333,2324.354599986691,19.31139873830759
1779031053,120,,Aggregated,68.600000,0.800000,1100,1200,1300,1400,1500,1600,1700,1800,2100,2300,2300,18462,1495,1100,1103.0983867836449,1.9625999848358333,2324.354599986691,19.314700465821687
1779031054,120,,Aggregated,64.700000,0.800000,1100,1200,1300,1400,1500,1600,1700,1800,2100,2300,2300,18524,1495,1100,1104.014835721203,1.9625999848358333,2324.354599986691,19.318991578492767
1779031055,120,,Aggregated,65.000000,0.900000,1100,1200,1300,1400,1500,1600,1700,1800,2100,2300,2300,18606,1497,1100,1104.8216373642704,1.9625999848358333,2324.354599986691,19.320864237342793
1779031056,120,,Aggregated,64.500000,0.700000,1100,1200,1300,1400,1500,1600,1700,1800,2100,2300,2300,18673,1498,1100,1105.085715557196,1.9625999848358333,2324.354599986691,19.323408129384674
1779031057,120,,Aggregated,62.600000,0.600000,1100,1200,1300,1400,1500,1600,1700,1800,2100,2300,2300,18739,1498,1100,1105.408067927828,1.9625999848358333,2324.354599986691,19.319067186082503
1779031058,120,,Aggregated,63.600000,0.800000,1100,1200,1300,1400,1500,1600,1700,1800,2100,2300,2300,18804,1499,1100,1106.3558336045535,1.9625999848358333,2324.354599986691,19.32716443309934
1779031059,120,,Aggregated,63.300000,0.700000,1200,1200,1300,1400,1500,1600,1700,1800,2100,2300,2300,18880,1499,1200,1107.5078653336798,1.9625999848358333,2324.354599986691,19.333209745762712
1779031060,120,,Aggregated,63.700000,0.700000,1200,1200,1300,1400,1500,1600,1700,1800,2100,2300,2300,18950,1500,1200,1107.9053266596377,1.9625999848358333,2324.354599986691,19.345382585751977
1779031061,120,,Aggregated,65.100000,0.700000,1200,1200,1300,1400,1500,1600,1700,1800,2100,2300,2300,19014,1500,1200,1108.578407983603,1.9625999848358333,2324.354599986691,19.35258230777322
1779031062,120,,Aggregated,66.500000,0.800000,1200,1200,1300,1400,1500,1600,1700,1800,2100,2300,2300,19068,1501,1200,1109.62795398575,1.9625999848358333,2324.354599986691,19.35688063771764
1779031063,120,,Aggregated,67.800000,0.700000,1200,1200,1300,1400,1500,1600,1700,1800,2100,2300,2300,19149,1502,1200,1111.0844088359704,1.9625999848358333,2324.354599986691,19.362734346441066
1779031064,120,,Aggregated,68.400000,0.700000,1200,1200,1300,1400,1500,1600,1700,1800,2100,2300,2300,19217,1502,1200,1111.8596771868745,1.9625999848358333,2324.354599986691,19.369412499349533
1779031065,120,,Aggregated,67.300000,0.600000,1200,1200,1300,1400,1500,1600,1700,1800,2100,2300,2300,19303,1503,1200,1112.378720400978,1.9625999848358333,2324.354599986691,19.37626275708439
1779031066,120,,Aggregated,68.500000,0.700000,1200,1200,1300,1400,1500,1600,1700,1800,2100,2300,2300,19379,1504,1200,1112.4187144022048,1.9625999848358333,2324.354599986691,19.380979410702306
1779031067,120,,Aggregated,70.200000,0.700000,1200,1200,1300,1400,1500,1600,1700,1800,2100,2300,2300,19447,1505,1200,1112.6844517766392,1.9625999848358333,2324.354599986691,19.38530364580655
1779031068,120,,Aggregated,69.800000,0.600000,1200,1200,1300,1400,1500,1600,1700,1800,2100,2300,2300,19523,1505,1200,1113.1081223377644,1.9625999848358333,2324.354599986691,19.387542898120167
1779031069,120,,Aggregated,71.000000,0.700000,1200,1200,1300,1400,1500,1600,1700,1800,2100,2300,2300,19615,1505,1200,1113.194613234761,1.9625999848358333,2324.354599986691,19.398878409380576
1779031070,120,,Aggregated,71.900000,0.600000,1200,1200,1300,1400,1500,1600,1700,1800,2100,2300,2300,19704,1506,1200,1112.4061739088434,1.9625999848358333,2324.354599986691,19.4130125862769
1779031071,120,,Aggregated,71.800000,0.600000,1200,1200,1300,1400,1500,1600,1700,1800,2100,2300,2300,19788,1506,1200,1111.586703769938,1.9625999848358333,2324.354599986691,19.42404487568223
1779031072,120,,Aggregated,74.900000,0.500000,1200,1200,1300,1400,1500,1600,1700,1800,2100,2300,2300,19845,1507,1200,1111.7248057142604,1.9625999848358333,2324.354599986691,19.422423784328547
1779031073,120,,Aggregated,76.100000,0.600000,1200,1200,1300,1400,1500,1600,1700,1800,2100,2300,2300,19919,1507,1200,1112.7329629147719,1.9625999848358333,2324.354599986691,19.42502133641247
1779031074,120,,Aggregated,77.300000,0.600000,1200,1200,1300,1400,1500,1600,1700,1800,2100,2300,2300,19995,1507,1200,1113.6089752787914,1.9625999848358333,2324.354599986691,19.427756939234808
1779031075,120,,Aggregated,77.300000,0.600000,1200,1200,1300,1400,1500,1600,1700,1800,2100,2200,2300,20060,1508,1200,1114.0126392970844,1.9625999848358333,2324.354599986691,19.424277168494516
1779031076,120,,Aggregated,76.600000,0.500000,1200,1200,1300,1400,1500,1600,1700,1800,2100,2200,2300,20138,1509,1200,1114.5215618532052,1.9625999848358333,2324.354599986691,19.428791339755687
1779031077,120,,Aggregated,74.900000,0.400000,1200,1200,1300,1400,1500,1600,1700,1800,2100,2200,2300,20214,1509,1200,1114.8221121104007,1.9625999848358333,2324.354599986691,19.433363015731672
1779031078,120,,Aggregated,75.400000,0.500000,1200,1200,1300,1400,1500,1600,1700,1800,2100,2200,2300,20284,1513,1200,1115.082985841019,1.9625999848358333,2324.354599986691,19.442466969039636
1779031079,120,,Aggregated,75.400000,0.400000,1200,1200,1300,1400,1500,1600,1700,1800,2100,2200,2300,20372,1514,1200,1115.1968872471803,1.9625999848358333,2324.354599986691,19.45169840958178
1779031080,120,,Aggregated,75.500000,0.800000,1200,1200,1300,1400,1500,1600,1700,1800,2100,2200,2300,20445,1514,1200,1114.8522731669916,1.9625999848358333,2324.354599986691,19.45135730007337
1779031081,120,,Aggregated,75.800000,0.900000,1200,1200,1300,1400,1500,1600,1700,1800,2100,2200,2300,20509,1514,1200,1115.2789000925904,1.9625999848358333,2324.354599986691,19.45667755619484
1779031082,120,,Aggregated,74.300000,0.900000,1200,1200,1300,1400,1500,1600,1700,1800,2100,2200,2300,20578,1515,1200,1116.324798668421,1.9625999848358333,2324.354599986691,19.46277577995918
1779031083,120,,Aggregated,71.800000,0.800000,1200,1200,1300,1400,1500,1600,1700,1800,2100,2200,2300,20643,1516,1200,1117.2244530445532,1.9625999848358333,2324.354599986691,19.46940851620404
1779031084,120,,Aggregated,72.500000,0.800000,1200,1200,1300,1400,1500,1600,1700,1800,2100,2200,2300,20713,1517,1200,1117.8504199728943,1.9625999848358333,2324.354599986691,19.478733162748032
1779031085,120,,Aggregated,72.000000,0.900000,1200,1200,1300,1400,1500,1600,1700,1800,2100,2200,2300,20800,1517,1200,1118.0859178556893,1.9625999848358333,2324.354599986691,19.48091346153846
1779031086,120,,Aggregated,72.400000,1.000000,1200,1200,1300,1400,1500,1600,1700,1800,2100,2200,2300,20876,1518,1200,1117.815301384279,1.9625999848358333,2324.354599986691,19.490036405441657
1779031087,120,,Aggregated,73.300000,1.000000,1200,1200,1300,1400,1500,1600,1700,1800,2100,2200,2300,20961,1519,1200,1117.8574956871576,1.9625999848358333,2324.354599986691,19.49778159438958
1779031088,120,,Aggregated,74.100000,0.900000,1200,1200,1300,1400,1500,1600,1700,1800,2100,2200,2300,21037,1519,1200,1117.7309292483978,1.9625999848358333,2324.354599986691,19.506345961876693
1779031089,120,,Aggregated,73.200000,1.000000,1200,1200,1300,1400,1500,1600,1700,1800,2100,2200,2300,21113,1520,1200,1117.684112480401,1.9625999848358333,2324.354599986691,19.514375029602615
1779031090,120,,Aggregated,74.100000,0.600000,1200,1200,1300,1400,1500,1600,1700,1800,2100,2200,2300,21182,1521,1200,1117.536051335986,1.9625999848358333,2324.354599986691,19.524785194976868
1779031091,120,,Aggregated,74.000000,0.600000,1200,1200,1300,1400,1500,1600,1700,1800,2100,2200,2300,21247,1523,1200,1118.2741542617218,1.9625999848358333,2324.354599986691,19.527274438744293
1779031092,120,,Aggregated,73.700000,0.600000,1200,1200,1300,1400,1500,1600,1700,1800,2100,2200,2300,21323,1523,1200,1119.233530272434,1.9625999848358333,2324.354599986691,19.526567556160014
1779031093,120,,Aggregated,73.300000,0.800000,1200,1200,1300,1400,1500,1600,1700,1800,2100,2200,2300,21404,1525,1200,1119.447358376882,1.9625999848358333,2324.354599986691,19.53167632218277
1779031094,120,,Aggregated,73.600000,0.800000,1200,1200,1300,1400,1500,1600,1700,1800,2100,2200,2300,21461,1525,1200,1119.7404309258027,1.9625999848358333,2324.354599986691,19.529378873305063
1779031095,120,,Aggregated,75.700000,0.800000,1200,1200,1300,1400,1500,1600,1700,1800,2100,2200,2300,21533,1526,1200,1120.8063897691327,1.9625999848358333,2324.354599986691,19.531927738819487
1779031096,120,,Aggregated,74.600000,0.800000,1200,1200,1300,1400,1500,1600,1700,1800,2100,2200,2300,21621,1526,1200,1121.0583092455965,1.9625999848358333,2324.354599986691,19.544470653531288
1779031097,120,,Aggregated,73.000000,0.800000,1200,1200,1300,1400,1500,1600,1700,1800,2100,2200,2300,21697,1526,1200,1120.5578831773396,1.9625999848358333,2324.354599986691,19.544914043416142
1779031098,120,,Aggregated,72.900000,0.800000,1200,1200,1300,1400,1500,1600,1700,1800,2100,2200,2300,21771,1527,1200,1120.620501120686,1.9625999848358333,2324.354599986691,19.548344127509072
1779031099,120,,Aggregated,74.800000,0.700000,1200,1200,1300,1400,1500,1600,1700,1800,2100,2200,2300,21838,1528,1200,1121.1060219387477,1.9625999848358333,2324.354599986691,19.547806575693745
1779031100,120,,Aggregated,73.800000,0.800000,1200,1200,1300,1400,1500,1600,1700,1800,2100,2200,2300,21912,1530,1200,1121.7121495161787,1.9625999848358333,2324.354599986691,19.55494706097116
1779031101,120,,Aggregated,72.800000,0.800000,1200,1200,1300,1400,1500,1600,1700,1800,2100,2200,2300,21986,1530,1200,1121.6478272809281,1.9625999848358333,2324.354599986691,19.556899845356135
1779031102,120,,Aggregated,71.800000,1.000000,1200,1200,1300,1400,1500,1600,1700,1800,2100,2200,2300,22056,1531,1200,1122.1768243742467,1.9625999848358333,2324.354599986691,19.55912223431266
1779031103,120,,Aggregated,74.500000,0.800000,1200,1200,1300,1400,1500,1600,1700,1800,2100,2200,2300,22131,1532,1200,1122.7271842753753,1.9625999848358333,2324.354599986691,19.564728209299172
1779031104,120,,Aggregated,73.400000,0.800000,1200,1200,1300,1400,1500,1600,1700,1800,2100,2200,2300,22206,1533,1200,1122.8915949111959,1.9625999848358333,2324.354599986691,19.57097180942088
1779031105,120,,Aggregated,71.900000,0.700000,1200,1200,1300,1400,1500,1600,1700,1800,2100,2200,2300,22285,1533,1200,1122.9860042808207,1.9625999848358333,2324.354599986691,19.576710792012566
1779031106,120,,Aggregated,73.200000,0.800000,1200,1200,1300,1400,1500,1600,1700,1800,2100,2200,2300,22359,1533,1200,1123.2898197458762,1.9625999848358333,2324.354599986691,19.582673643722885
1779031107,120,,Aggregated,74.800000,0.800000,1200,1200,1300,1400,1500,1600,1700,1800,2100,2200,2300,22434,1535,1200,1123.3900982213568,1.9625999848358333,2324.354599986691,19.588214317553714
1779031108,120,,Aggregated,73.400000,0.700000,1200,1200,1300,1400,1500,1600,1700,1800,2100,2200,2300,22512,1536,1200,1123.276555192696,1.9625999848358333,2324.354599986691,19.591950959488273
1779031109,120,,Aggregated,73.100000,0.800000,1200,1200,1300,1400,1500,1600,1700,1800,2100,2200,2300,22602,1536,1200,1122.6715278646977,1.9625999848358333,2324.354599986691,19.607689584992478
1779031110,120,,Aggregated,73.900000,0.900000,1200,1200,1300,1400,1500,1600,1700,1800,2100,2200,2300,22673,1536,1200,1122.645408154963,1.9625999848358333,2324.354599986691,19.607506726061835
1779031111,120,,Aggregated,75.300000,0.800000,1200,1200,1300,1400,1500,1600,1700,1800,2100,2200,2300,22752,1540,1200,1123.0472627064635,1.9625999848358333,2324.354599986691,19.610935302391
1779031112,120,,Aggregated,75.400000,0.600000,1200,1200,1300,1400,1500,1600,1700,1800,2100,2200,2300,22807,1542,1200,1123.451715845894,1.9625999848358333,2324.354599986691,19.611084316218705
1779031113,120,,Aggregated,74.900000,0.700000,1200,1200,1300,1400,1500,1600,1700,1800,2100,2200,2300,22875,1542,1200,1124.2984491452285,1.9625999848358333,2324.354599986691,19.611060109289618
1779031114,120,,Aggregated,75.000000,1.100000,1200,1200,1300,1400,1500,1600,1700,1800,2100,2200,2300,22950,1543,1200,1124.9660382133786,1.9625999848358333,2324.354599986691,19.617037037037036
1779031115,120,,Aggregated,75.100000,1.100000,1200,1200,1300,1400,1500,1600,1700,1800,2100,2200,2300,23017,1544,1200,1125.6796953554838,1.9625999848358333,2324.354599986691,19.623452230959725
1779031116,120,,Aggregated,74.200000,1.000000,1200,1200,1300,1400,1500,1600,1700,1800,2100,2200,2300,23099,1545,1200,1125.9211601799693,1.9625999848358333,2324.354599986691,19.621974977271744
1779031117,120,,Aggregated,72.700000,1.000000,1200,1200,1300,1400,1500,1600,1700,1800,2100,2200,2300,23171,1546,1200,1125.908050286875,1.9625999848358333,2324.354599986691,19.621682275257864
1779031118,120,,Aggregated,74.500000,1.200000,1200,1200,1300,1400,1500,1600,1700,1800,2100,2200,2300,23252,1547,1200,1125.8620078529718,1.9625999848358333,2324.354599986691,19.627515912609667
1779031119,120,,Aggregated,73.300000,1.200000,1200,1200,1300,1400,1500,1600,1700,1800,2100,2200,2300,23318,1547,1200,1125.9729521655909,1.9625999848358333,2324.354599986691,19.62702633158933
1779031120,120,,Aggregated,72.700000,1.000000,1200,1200,1300,1400,1500,1600,1700,1800,2100,2200,2300,23386,1547,1200,1126.365167309392,1.9625999848358333,2324.354599986691,19.632044813136066
1779031121,120,,Aggregated,71.700000,1.100000,1200,1200,1300,1400,1500,1600,1700,1800,2100,2200,2300,23459,1549,1200,1127.0457969775757,1.9625999848358333,2324.354599986691,19.636898418517415
1779031122,120,,Aggregated,72.000000,1.100000,1200,1200,1300,1400,1500,1600,1700,1800,2100,2200,2300,23546,1550,1200,1127.6775228614893,1.9625999848358333,2324.354599986691,19.63972649282256
1779031123,120,,Aggregated,71.300000,1.100000,1200,1200,1300,1400,1500,1600,1700,1800,2100,2200,2300,23629,1551,1200,1126.904828469116,1.9625999848358333,2324.354599986691,19.65305345126751
1779031124,120,,Aggregated,71.700000,0.800000,1200,1200,1300,1400,1500,1600,1700,1800,2100,2200,2300,23700,1551,1200,1126.6905992656818,1.9625999848358333,2324.354599986691,19.658607594936708
1779031125,120,,Aggregated,74.000000,0.800000,1200,1200,1300,1400,1500,1600,1700,1800,2100,2200,2300,23784,1552,1200,1126.77549184311,1.9625999848358333,2324.354599986691,19.660233770602087
1779031126,120,,Aggregated,74.300000,0.800000,1200,1200,1300,1400,1500,1600,1700,1800,2100,2200,2300,23860,1552,1200,1126.4619667936365,1.9625999848358333,2324.354599986691,19.663160100586754
1779031127,120,,Aggregated,76.100000,0.900000,1200,1200,1300,1400,1500,1600,1700,1800,2100,2200,2300,23922,1552,1200,1126.6720561406378,1.9625999848358333,2324.354599986691,19.660229077836302
1779031128,120,,Aggregated,75.500000,0.700000,1200,1200,1300,1400,1500,1600,1700,1800,2100,2200,2300,23998,1553,1200,1127.4315828650929,1.9625999848358333,2324.354599986691,19.660805067088923
1779031129,120,,Aggregated,75.500000,0.600000,1200,1200,1300,1400,1500,1600,1700,1800,2100,2200,2300,24073,1555,1200,1127.6692333068668,1.9625999848358333,2324.354599986691,19.664312715490382
1779031130,120,,Aggregated,74.500000,0.600000,1200,1200,1300,1400,1500,1600,1700,1800,2100,2200,2300,24152,1557,1200,1127.6884730082947,1.9625999848358333,2324.354599986691,19.66681848294137
1779031131,120,,Aggregated,74.400000,0.700000,1200,1200,1300,1400,1500,1600,1700,1800,2100,2200,2300,24242,1561,1200,1127.5162345102117,1.9625999848358333,2324.354599986691,19.677831862057587
1779031132,120,,Aggregated,75.500000,1.000000,1200,1200,1300,1400,1500,1600,1700,1800,2100,2200,2300,24320,1563,1200,1127.3425544365382,1.9625999848358333,2324.354599986691,19.68622532894737
1779031133,120,,Aggregated,77.300000,1.000000,1200,1200,1300,1400,1500,1600,1700,1800,2100,2200,2300,24400,1563,1200,1127.2378555777307,1.9625999848358333,2324.354599986691,19.69467213114754
1779031134,120,,Aggregated,78.200000,1.300000,1200,1200,1300,1400,1500,1600,1700,1800,2100,2200,2300,24484,1564,1200,1127.1459162635572,1.9625999848358333,2324.354599986691,19.69727168763274
1779031135,120,,Aggregated,76.600000,1.300000,1200,1200,1300,1400,1500,1600,1700,1800,2100,2200,2300,24558,1566,1200,1127.0020397954627,1.9625999848358333,2324.354599986691,19.69692157341803
1779031136,120,,Aggregated,77.700000,1.200000,1200,1200,1300,1400,1500,1600,1700,1800,2100,2200,2300,24631,1566,1200,1127.0828431203224,1.9625999848358333,2324.354599986691,19.696926637164548
1779031137,120,,Aggregated,77.500000,1.400000,1200,1200,1300,1400,1500,1600,1700,1800,2100,2200,2300,24707,1568,1200,1127.1571496295278,1.9625999848358333,2324.354599986691,19.698911239729632
1779031138,120,,Aggregated,77.100000,1.400000,1200,1200,1300,1400,1500,1600,1700,1800,2100,2200,2300,24778,1569,1200,1127.5096372304815,1.9625999848358333,2324.354599986691,19.696424247316166
1779031139,120,,Aggregated,77.600000,1.500000,1200,1200,1300,1400,1500,1600,1700,1800,2100,2200,2300,24848,1570,1200,1127.9046764607476,1.9625999848358333,2324.354599986691,19.69377817128139
1779031140,120,,Aggregated,77.400000,1.700000,1200,1200,1300,1400,1500,1600,1700,1800,2100,2200,2300,24924,1570,1200,1128.3644566841826,1.9625999848358333,2324.354599986691,19.69314716738886
1779031141,120,,Aggregated,77.900000,1.600000,1200,1200,1300,1400,1500,1600,1700,1800,2100,2200,2300,24997,1571,1200,1128.4330897226266,1.9625999848358333,2324.354599986691,19.693083169980397
1779031142,120,,Aggregated,76.000000,1.300000,1200,1200,1300,1400,1500,1600,1700,1800,2100,2200,2300,25056,1573,1200,1128.9737898545786,1.9625999848358333,2324.354599986691,19.691570881226053
1779031143,120,,Aggregated,75.700000,1.300000,1200,1200,1300,1400,1500,1600,1700,1800,2100,2200,2300,25133,1575,1200,1129.8613520350243,1.9625999848358333,2324.354599986691,19.691202801098157
1779031144,120,,Aggregated,73.900000,0.900000,1200,1200,1300,1400,1500,1600,1700,1800,2100,2200,2300,25202,1576,1200,1130.2947421552349,1.9625999848358333,2324.354599986691,19.687167685104356
1779031145,120,,Aggregated,73.300000,1.100000,1200,1200,1300,1400,1500,1600,1700,1800,2100,2200,2300,25274,1578,1200,1130.7449417779499,1.9625999848358333,2324.354599986691,19.682638284402945
1779031146,120,,Aggregated,72.500000,1.200000,1200,1200,1300,1400,1500,1600,1700,1800,2100,2200,2300,25341,1579,1200,1131.1531577954875,1.9625999848358333,2324.354599986691,19.6812280494061
1779031147,120,,Aggregated,70.700000,1.100000,1200,1200,1300,1400,1500,1600,1700,1800,2100,2200,2300,25429,1579,1200,1131.2887894606802,1.9625999848358333,2324.354599986691,19.68579181249754
1779031148,120,,Aggregated,71.000000,1.200000,1200,1200,1300,1400,1500,1600,1700,1800,2100,2200,2300,25516,1579,1200,1130.5739884502234,1.9625999848358333,2324.354599986691,19.6878429220881
1779031149,120,,Aggregated,70.000000,1.200000,1200,1200,1300,1400,1500,1600,1700,1800,2100,2200,2300,25578,1579,1200,1130.5360030727923,1.9625999848358333,2324.354599986691,19.689420595824537
1779031150,120,,Aggregated,73.400000,1.000000,1200,1200,1300,1400,1500,1600,1700,1800,2100,2200,2300,25651,1583,1200,1131.344054216041,1.9625999848358333,2324.354599986691,19.694124985380686
1779031151,120,,Aggregated,73.100000,0.900000,1200,1200,1300,1400,1500,1600,1700,1800,2100,2200,2300,25738,1586,1200,1131.3754870773016,1.9625999848358333,2324.354599986691,19.696363353795945
1779031152,120,,Aggregated,72.100000,0.900000,1200,1200,1300,1400,1500,1600,1700,1800,2100,2200,2300,25816,1587,1200,1130.9457560658345,1.9625999848358333,2324.354599986691,19.699876045863032
1779031153,120,,Aggregated,72.300000,1.200000,1200,1200,1300,1400,1500,1600,1700,1800,2100,2200,2300,25896,1587,1200,1130.7868195626988,1.9625999848358333,2324.354599986691,19.70636391720729
1779031154,120,,Aggregated,74.800000,1.400000,1200,1200,1300,1400,1500,1600,1700,1800,2100,2200,2300,25975,1587,1200,1130.6744148256282,1.9625999848358333,2324.354599986691,19.713070259865255
1779031155,120,,Aggregated,75.500000,1.300000,1200,1200,1300,1400,1500,1600,1700,1800,2100,2200,2300,26032,1587,1200,1130.8847322140423,1.9625999848358333,2324.354599986691,19.7140442532268
1779031156,120,,Aggregated,76.200000,1.200000,1200,1200,1300,1400,1500,1600,1700,1800,2100,2200,2300,26099,1587,1200,1131.6246442774054,1.9625999848358333,2324.354599986691,19.715697919460517
1779031157,120,,Aggregated,77.000000,1.000000,1200,1200,1300,1400,1500,1600,1700,1800,2100,2200,2300,26187,1587,1200,1132.2126197882817,1.9625999848358333,2324.354599986691,19.714362088058962
1779031158,120,,Aggregated,75.200000,0.900000,1200,1200,1300,1400,1500,1600,1700,1800,2100,2200,2300,26267,1587,1200,1131.5992858946925,1.9625999848358333,2324.354599986691,19.722503521528914
1779031159,120,,Aggregated,75.200000,0.800000,1200,1200,1300,1400,1500,1600,1700,1800,2100,2200,2300,26348,1588,1200,1131.2966228478576,1.9625999848358333,2324.354599986691,19.721610748443904
1779031160,120,,Aggregated,74.700000,0.800000,1200,1200,1300,1400,1500,1600,1700,1800,2100,2200,2300,26412,1588,1200,1131.3565709486306,1.9625999848358333,2324.354599986691,19.724897773739208
1779031161,120,,Aggregated,75.400000,0.800000,1200,1200,1300,1400,1500,1600,1700,1800,2100,2200,2300,26486,1589,1200,1131.9487206597892,1.9625999848358333,2324.354599986691,19.725024541267086
1779031162,120,,Aggregated,77.500000,0.900000,1200,1200,1300,1400,1500,1600,1700,1800,2100,2200,2300,26559,1591,1200,1132.545948488099,1.9625999848358333,2324.354599986691,19.723558868933317
1779031163,120,,Aggregated,75.600000,0.500000,1200,1200,1300,1400,1500,1600,1700,1800,2100,2200,2300,26650,1596,1200,1132.2579542137203,1.9625999848358333,2324.354599986691,19.727467166979363
1779031164,120,,Aggregated,73.300000,0.400000,1200,1200,1300,1400,1500,1600,1700,1800,2100,2200,2300,26735,1598,1200,1131.8893393901537,1.9625999848358333,2324.354599986691,19.72837104918646
1779031165,120,,Aggregated,74.800000,0.600000,1200,1200,1300,1400,1500,1600,1700,1800,2100,2200,2300,26797,1598,1200,1131.8810302756192,1.9625999848358333,2324.354599986691,19.726909728700974
1779031166,120,,Aggregated,74.800000,0.900000,1200,1200,1300,1400,1500,1600,1700,1800,2100,2200,2300,26883,1600,1200,1132.2164019118404,1.9625999848358333,2324.354599986691,19.733511884834282
1779031167,120,,Aggregated,75.900000,1.100000,1200,1200,1300,1400,1500,1600,1700,1800,2100,2200,2300,26976,1603,1200,1131.6032699472235,1.9625999848358333,2324.354599986691,19.742067022538553
1779031168,120,,Aggregated,76.700000,1.100000,1200,1200,1300,1400,1500,1600,1700,1800,2000,2200,2300,27052,1604,1200,1131.2256399377582,1.9625999848358333,2324.354599986691,19.7473754251072
1779031169,120,,Aggregated,78.500000,1.500000,1200,1200,1300,1400,1500,1600,1700,1800,2000,2200,2300,27134,1606,1200,1130.9961247916312,1.9625999848358333,2324.354599986691,19.74791774157883
1779031170,120,,Aggregated,78.300000,1.600000,1200,1200,1300,1400,1500,1600,1700,1800,2000,2200,2300,27213,1606,1200,1130.58347481704,1.9625999848358333,2324.354599986691,19.752067026788666
1779031171,120,,Aggregated,77.600000,1.700000,1200,1200,1300,1400,1500,1600,1700,1800,2000,2200,2300,27292,1606,1200,1130.280744489079,1.9625999848358333,2324.354599986691,19.750622893155505
1779031172,120,,Aggregated,79.000000,1.800000,1200,1200,1300,1400,1500,1600,1700,1800,2000,2200,2300,27361,1606,1200,1130.3707904278378,1.9625999848358333,2324.354599986691,19.74931471802931
1779031173,120,,Aggregated,80.400000,1.800000,1200,1200,1300,1400,1500,1600,1700,1800,2000,2200,2300,27435,1606,1200,1130.8935378566046,1.9625999848358333,2324.354599986691,19.748241297612537
1779031174,120,,Aggregated,81.600000,1.600000,1200,1200,1300,1400,1500,1600,1700,1800,2000,2200,2300,27505,1607,1200,1131.181399836255,1.9625999848358333,2324.354599986691,19.744991819669153
1779031175,120,,Aggregated,78.700000,1.300000,1200,1200,1300,1400,1500,1600,1700,1800,2000,2200,2300,27607,1607,1200,1130.742744763875,1.9625999848358333,2324.354599986691,19.754989676531313
1779031176,120,,Aggregated,78.600000,1.000000,1200,1200,1300,1400,1500,1600,1700,1800,2000,2200,2300,27681,1607,1200,1130.129300592329,1.9625999848358333,2324.354599986691,19.753729995303637
1779031177,120,,Aggregated,77.800000,0.900000,1200,1200,1300,1400,1500,1600,1700,1800,2000,2200,2300,27757,1611,1200,1130.2271648087428,1.9625999848358333,2324.354599986691,19.756782072990596
1779031178,120,,Aggregated,80.800000,0.900000,1200,1200,1300,1400,1500,1600,1700,1800,2000,2200,2300,27833,1612,1200,1130.382155265192,1.9625999848358333,2324.354599986691,19.759781554270113
1779031179,120,,Aggregated,79.100000,0.500000,1200,1200,1300,1400,1500,1600,1700,1800,2000,2200,2300,27897,1612,1200,1130.6297645014324,1.9625999848358333,2324.354599986691,19.759615729289887
1779031180,120,,Aggregated,77.500000,0.800000,1200,1200,1300,1400,1500,1600,1700,1800,2000,2200,2300,27975,1612,1200,1130.9324181482239,1.9625999848358333,2324.354599986691,19.760786416443253
1779031181,120,,Aggregated,77.500000,0.800000,1200,1200,1300,1400,1500,1600,1700,1800,2000,2200,2300,28051,1612,1200,1131.27514502501,1.9625999848358333,2324.354599986691,19.7631100495526
1779031182,120,,Aggregated,75.100000,0.600000,1200,1200,1300,1400,1500,1600,1700,1800,2000,2200,2300,28142,1613,1200,1131.1086405549331,1.9625999848358333,2324.354599986691,19.767998010091677
1779031183,120,,Aggregated,74.900000,0.600000,1200,1200,1300,1400,1500,1600,1700,1800,2000,2200,2300,28207,1613,1200,1130.7858987307109,1.9625999848358333,2324.354599986691,19.769879817066684
1779031184,120,,Aggregated,74.900000,0.600000,1200,1200,1300,1400,1500,1600,1700,1800,2000,2200,2300,28277,1614,1200,1131.035876942284,1.9625999848358333,2324.354599986691,19.770873855076562
1779031185,120,,Aggregated,78.000000,0.700000,1200,1200,1300,1400,1500,1600,1700,1800,2000,2200,2300,28344,1615,1200,1131.4241234686979,1.9625999848358333,2324.354599986691,19.771380186282812
1779031186,120,,Aggregated,76.100000,0.700000,1200,1200,1300,1400,1500,1600,1700,1800,2000,2200,2300,28427,1616,1200,1131.7524761598743,1.9625999848358333,2324.354599986691,19.771203433355613
1779031187,120,,Aggregated,76.100000,0.700000,1200,1200,1300,1400,1500,1600,1700,1800,2000,2200,2300,28474,1616,1200,1132.138449149994,1.9625999848358333,2324.354599986691,19.76782327737585
1779031188,120,,Aggregated,73.100000,0.800000,1200,1200,1300,1400,1500,1600,1700,1800,2000,2200,2300,28541,1617,1200,1133.216478332819,1.9625999848358333,2324.354599986691,19.766055849479695
1779031189,120,,Aggregated,73.900000,0.900000,1200,1200,1300,1400,1500,1600,1700,1800,2100,2200,2300,28618,1619,1200,1133.993094370584,1.9625999848358333,2324.354599986691,19.773499196310016
1779031190,120,,Aggregated,71.600000,0.500000,1200,1200,1300,1400,1500,1600,1700,1800,2100,2200,2300,28685,1621,1200,1134.2889002822935,1.9625999848358333,2324.354599986691,19.775422694788215
1779031191,120,,Aggregated,70.800000,0.500000,1200,1200,1300,1400,1500,1600,1700,1800,2100,2200,2300,28748,1622,1200,1134.703058922283,1.9625999848358333,2324.354599986691,19.77775845276193
1779031192,120,,Aggregated,71.400000,0.700000,1200,1200,1300,1400,1500,1600,1700,1800,2100,2200,2300,28802,1623,1200,1135.3516715539802,1.9625999848358333,2324.354599986691,19.7774460106937
1779031193,120,,Aggregated,70.300000,0.900000,1200,1200,1300,1400,1500,1600,1700,1800,2100,2200,2300,28870,1624,1200,1136.3890059334085,1.9625999848358333,2324.354599986691,19.778455143747834
1779031194,120,,Aggregated,69.000000,1.000000,1200,1200,1300,1400,1500,1600,1700,1800,2100,2200,2300,28925,1625,1200,1137.079790703464,1.9625999848358333,2324.354599986691,19.78008643042351
1779031195,120,,Aggregated,64.900000,1.100000,1200,1300,1300,1400,1500,1600,1700,1800,2100,2200,2300,28995,1628,1200,1138.0102810621588,1.9625999848358333,2324.354599986691,19.782652181410587
1779031196,120,,Aggregated,65.700000,1.100000,1200,1300,1300,1400,1500,1600,1700,1800,2100,2200,2300,29067,1629,1200,1138.6119787696464,1.9625999848358333,2324.354599986691,19.786906113462003
1779031197,120,,Aggregated,64.100000,1.200000,1200,1300,1300,1400,1500,1600,1700,1800,2100,2200,2300,29137,1629,1200,1139.048390228821,1.9625999848358333,2324.354599986691,19.78769262449806
1779031198,120,,Aggregated,64.000000,1.400000,1200,1300,1300,1400,1500,1600,1700,1800,2100,2200,2300,29204,1630,1200,1139.5046929940213,1.9625999848358333,2324.354599986691,19.788282427064786
1779031199,120,,Aggregated,63.700000,1.300000,1200,1300,1300,1400,1500,1600,1700,1800,2100,2200,2300,29283,1632,1200,1139.9671836457167,1.9625999848358333,2324.354599986691,19.790663524912066
1779031200,120,,Aggregated,65.900000,1.300000,1200,1300,1300,1400,1500,1600,1700,1800,2100,2200,2300,29362,1632,1200,1139.7988564334105,1.9625999848358333,2324.354599986691,19.79320209794973
1779031201,120,,Aggregated,65.800000,1.300000,1200,1300,1300,1400,1500,1600,1700,1800,2100,2200,2300,29424,1632,1200,1139.933378191184,1.9625999848358333,2324.354599986691,19.793739804241437
1779031202,120,,Aggregated,66.200000,1.300000,1200,1300,1300,1400,1500,1600,1700,1800,2100,2200,2300,29485,1632,1200,1140.559136584603,1.9625999848358333,2324.354599986691,19.797320671527896
1779031203,120,,Aggregated,67.900000,1.100000,1200,1300,1300,1400,1500,1600,1700,1800,2100,2200,2300,29535,1632,1200,1141.3824069137418,1.9625999848358333,2324.354599986691,19.799119688505165
1779031204,120,,Aggregated,67.400000,1.000000,1200,1300,1300,1400,1500,1600,1700,1800,2100,2200,2300,29597,1633,1200,1142.5975632630743,1.9625999848358333,2324.354599986691,19.806602020475047
1779031205,120,,Aggregated,68.100000,0.800000,1200,1300,1300,1400,1500,1600,1800,1800,2100,2200,2300,29644,1633,1200,1143.4645371372678,1.9625999848358333,2324.354599986691,19.805255700985022
1779031206,120,,Aggregated,66.100000,0.800000,1200,1300,1300,1400,1500,1600,1800,1800,2100,2200,2300,29706,1635,1200,1144.8847609202544,1.9625999848358333,2324.354599986691,19.81054332458089
1779031207,120,,Aggregated,66.800000,0.700000,1200,1300,1300,1400,1500,1600,1800,1800,2100,2300,2300,29763,1635,1200,1146.2109477807023,1.9625999848358333,2324.354599986691,19.811040553707624
1779031208,120,,Aggregated,64.500000,0.400000,1200,1300,1300,1400,1500,1600,1800,1800,2100,2300,2300,29825,1638,1200,1147.0990916377923,1.9625999848358333,2324.354599986691,19.81331098072087
1779031209,120,,Aggregated,63.200000,0.600000,1200,1300,1300,1400,1500,1600,1800,1900,2100,2300,2300,29887,1638,1200,1147.9400067754275,1.9625999848358333,2324.354599986691,19.811791079733663
1779031210,120,,Aggregated,62.200000,0.700000,1200,1300,1300,1400,1500,1600,1800,1900,2100,2300,2300,29938,1639,1200,1148.6750986938655,1.9625999848358333,2324.354599986691,19.81451666778008
1779031211,120,,Aggregated,61.300000,0.800000,1200,1300,1300,1400,1500,1600,1800,1900,2100,2300,2300,29988,1640,1200,1149.607434023515,1.9625999848358333,2333.6499000433832,19.816193143924238
1779031213,120,,Aggregated,60.000000,0.600000,1200,1300,1300,1400,1500,1600,1800,1900,2100,2300,2300,30052,1641,1200,1150.859039158694,1.9625999848358333,2333.6499000433832,19.817616132037802
1779031214,120,,Aggregated,56.900000,0.700000,1200,1300,1300,1400,1500,1700,1800,1900,2200,2300,2400,30117,1642,1200,1151.970854467472,1.9625999848358333,2399.536699987948,19.82169538798685
1779031215,120,,Aggregated,55.900000,0.800000,1200,1300,1300,1400,1500,1700,1800,1900,2200,2300,2400,30175,1643,1200,1152.7150591183708,1.9625999848358333,2399.536699987948,19.823231151615577
1779031216,120,,Aggregated,58.000000,1.000000,1200,1300,1300,1400,1500,1700,1800,1900,2200,2300,2400,30238,1643,1200,1153.7440549406913,1.9625999848358333,2399.536699987948,19.826046696210067
1779031217,120,,Aggregated,57.300000,1.000000,1200,1300,1300,1400,1500,1700,1800,1900,2200,2300,2400,30288,1643,1200,1154.5317615028,1.9625999848358333,2399.536699987948,19.8277205493925
1779031218,120,,Aggregated,59.000000,1.000000,1200,1300,1300,1400,1500,1700,1800,1900,2200,2300,2400,30356,1645,1200,1155.5775881076738,1.9625999848358333,2399.536699987948,19.82965476347345
1779031219,120,,Aggregated,58.100000,0.800000,1200,1300,1300,1400,1500,1700,1800,1900,2200,2300,2400,30400,1645,1200,1156.284259141343,1.9625999848358333,2399.536699987948,19.826973684210525
1779031220,120,,Aggregated,58.600000,0.900000,1200,1300,1300,1400,1500,1700,1800,1900,2200,2300,2400,30470,1647,1200,1157.5656855660177,1.9625999848358333,2399.536699987948,19.82996389891697
1779031221,120,,Aggregated,58.600000,0.900000,1200,1300,1300,1400,1500,1700,1800,1900,2200,2300,2400,30544,1648,1200,1158.0340871593799,1.9625999848358333,2399.536699987948,19.83306050288109
1779031222,120,,Aggregated,57.800000,0.800000,1200,1300,1300,1400,1500,1700,1800,1900,2200,2300,2400,30595,1649,1200,1158.288336378361,1.9625999848358333,2399.536699987948,19.83226017323092
1779031223,120,,Aggregated,60.200000,0.900000,1200,1300,1300,1400,1500,1700,1800,1900,2200,2300,2400,30665,1650,1200,1159.140701496694,1.9625999848358333,2399.536699987948,19.833425729659222
1779031224,120,,Aggregated,60.600000,0.900000,1200,1300,1300,1400,1500,1700,1800,1900,2200,2300,2400,30719,1652,1200,1159.8246457630712,1.9625999848358333,2399.536699987948,19.831504931801167
1779031225,120,,Aggregated,61.000000,0.900000,1200,1300,1300,1400,1500,1700,1800,1900,2200,2300,2400,30785,1653,1200,1160.8591033001792,1.9625999848358333,2399.536699987948,19.832255968815982
1779031226,120,,Aggregated,59.900000,1.000000,1200,1300,1300,1400,1500,1700,1800,1900,2200,2300,2400,30842,1653,1200,1161.668283652042,1.9625999848358333,2399.536699987948,19.83360352765709
1779031227,120,,Aggregated,60.400000,1.000000,1200,1300,1400,1400,1600,1700,1800,1900,2200,2300,2400,30897,1653,1200,1162.4372441756868,1.9625999848358333,2399.536699987948,19.83338188173609
1779031228,120,,Aggregated,60.100000,1.000000,1200,1300,1400,1400,1600,1700,1800,1900,2200,2300,2400,30961,1653,1200,1163.442694224865,1.9625999848358333,2399.536699987948,19.83217596330868
1779031229,120,,Aggregated,60.700000,1.000000,1200,1300,1400,1400,1600,1700,1800,1900,2200,2300,2400,31031,1655,1200,1164.11376747756,1.9625999848358333,2399.536699987948,19.836969482130772
1779031230,120,,Aggregated,60.100000,0.800000,1200,1300,1400,1400,1600,1700,1800,1900,2200,2300,2400,31103,1656,1200,1164.6397393658488,1.9625999848358333,2399.536699987948,19.83908304665145
1779031231,120,,Aggregated,62.900000,0.900000,1200,1300,1400,1400,1600,1700,1800,1900,2200,2300,2400,31177,1656,1200,1164.7298618018428,1.9625999848358333,2399.536699987948,19.844340379125637
1779031232,120,,Aggregated,62.600000,1.000000,1200,1300,1400,1400,1600,1700,1800,1900,2200,2300,2400,31224,1657,1200,1164.9836907185468,1.9625999848358333,2399.536699987948,19.844926979246733
1779031233,120,,Aggregated,62.500000,0.800000,1200,1300,1400,1400,1600,1700,1800,1900,2200,2300,2400,31294,1657,1200,1165.9867787913242,1.9625999848358333,2399.536699987948,19.84409151914105
1779031234,120,,Aggregated,62.800000,0.800000,1200,1300,1400,1400,1600,1700,1800,1900,2200,2300,2400,31350,1657,1200,1166.8365652183713,1.9625999848358333,2399.536699987948,19.846315789473685
1779031235,120,,Aggregated,62.800000,0.700000,1200,1300,1400,1400,1600,1700,1800,1900,2200,2300,2400,31411,1658,1200,1167.6035155803916,1.9625999848358333,2399.536699987948,19.85164432841998
1779031236,120,,Aggregated,62.700000,0.500000,1200,1300,1400,1400,1600,1700,1800,1900,2200,2300,2400,31484,1658,1200,1168.3308324163227,1.9625999848358333,2399.536699987948,19.85548214966332
1779031237,120,,Aggregated,62.500000,0.500000,1200,1300,1400,1400,1600,1700,1800,1900,2200,2300,2400,31554,1658,1200,1168.8105271881686,1.9625999848358333,2399.536699987948,19.859257146479052
1779031238,120,,Aggregated,63.900000,0.500000,1200,1300,1400,1400,1600,1700,1800,1900,2200,2300,2400,31612,1658,1200,1169.1451472192666,1.9625999848358333,2399.536699987948,19.8588827027711
1779031239,120,,Aggregated,64.700000,0.500000,1200,1300,1400,1400,1600,1700,1800,1900,2200,2300,2400,31674,1659,1200,1169.713183462636,1.9625999848358333,2399.536699987948,19.86181094904338
1779031240,120,,Aggregated,64.500000,0.500000,1200,1300,1400,1400,1600,1700,1800,1900,2200,2300,2400,31738,1661,1200,1170.3419830926784,1.9625999848358333,2399.536699987948,19.86694183628458
1779031241,120,,Aggregated,63.800000,0.500000,1200,1300,1400,1400,1600,1700,1800,1900,2200,2300,2400,31803,1661,1200,1170.9010265193676,1.9625999848358333,2399.536699987948,19.870798352356697
1779031242,120,,Aggregated,63.700000,0.500000,1200,1300,1400,1400,1600,1700,1800,1900,2200,2300,2400,31867,1664,1200,1171.5878974423485,1.9625999848358333,2399.536699987948,19.876674930178556
1779031243,120,,Aggregated,62.700000,0.500000,1200,1300,1400,1400,1600,1700,1800,1900,2200,2300,2400,31935,1665,1200,1172.2419631625237,1.9625999848358333,2399.536699987948,19.87756380147174
1779031244,120,,Aggregated,63.700000,0.600000,1200,1300,1400,1400,1600,1700,1800,1900,2200,2300,2400,32005,1666,1200,1172.5227742163884,1.9625999848358333,2399.536699987948,19.878737697234808
1779031245,120,,Aggregated,63.200000,0.800000,1200,1300,1400,1400,1600,1700,1800,1900,2200,2300,2400,32073,1667,1200,1172.7405312223946,1.9625999848358333,2399.536699987948,19.88133320861784
1779031246,120,,Aggregated,65.000000,0.900000,1200,1300,1400,1400,1600,1700,1800,1900,2200,2300,2400,32130,1668,1200,1173.1558328227704,1.9625999848358333,2399.536699987948,19.880734516028635
1779031247,120,,Aggregated,65.700000,0.900000,1200,1300,1400,1400,1600,1700,1800,1900,2200,2300,2400,32198,1669,1200,1173.8772814521355,1.9625999848358333,2399.536699987948,19.886017765078577
1779031248,120,,Aggregated,64.600000,1.000000,1200,1300,1400,1400,1600,1700,1800,1900,2200,2300,2400,32261,1669,1200,1174.549720182127,1.9625999848358333,2399.536699987948,19.885961377514647
1779031249,120,,Aggregated,64.500000,1.100000,1200,1300,1400,1400,1600,1700,1800,1900,2200,2300,2400,32304,1669,1200,1175.1973120262398,1.9625999848358333,2399.536699987948,19.883017582961863
1779031250,120,,Aggregated,64.500000,1.100000,1200,1300,1400,1400,1600,1700,1800,1900,2200,2300,2400,32377,1672,1200,1176.3071041169985,1.9625999848358333,2399.536699987948,19.891435278129535
1779031251,120,,Aggregated,63.200000,1.000000,1200,1300,1400,1400,1600,1700,1800,1900,2200,2300,2400,32437,1673,1200,1177.0069511297604,1.9625999848358333,2399.536699987948,19.891697752566515
1779031252,120,,Aggregated,63.400000,1.100000,1200,1300,1400,1400,1600,1700,1800,1900,2200,2300,2400,32492,1674,1200,1177.774338166195,1.9625999848358333,2399.536699987948,19.89132709590053
1779031253,120,,Aggregated,63.000000,1.200000,1200,1300,1400,1400,1600,1700,1800,1900,2200,2300,2400,32552,1675,1200,1178.639443668465,1.9625999848358333,2399.536699987948,19.89125092160236
1779031254,120,,Aggregated,62.100000,1.100000,1200,1300,1400,1400,1600,1700,1800,1900,2200,2300,2400,32628,1675,1200,1179.1909414152221,1.9625999848358333,2399.536699987948,19.89073801642761
1779031255,120,,Aggregated,61.400000,1.000000,1200,1300,1400,1400,1600,1700,1800,1900,2200,2300,2400,32697,1676,1200,1179.2978902894988,1.9625999848358333,2399.536699987948,19.88888888888889
1779031256,120,,Aggregated,61.700000,0.900000,1200,1300,1400,1400,1600,1700,1800,1900,2200,2300,2400,32763,1676,1200,1179.4910543813414,1.9625999848358333,2399.536699987948,19.891920764276776
1779031257,120,,Aggregated,61.900000,0.900000,1200,1300,1400,1400,1600,1700,1800,1900,2200,2300,2400,32828,1678,1200,1179.9111366454276,1.9625999848358333,2399.536699987948,19.895333252101864
1779031258,120,,Aggregated,62.900000,0.800000,1200,1300,1400,1400,1600,1700,1800,1900,2200,2300,2400,32897,1681,1200,1180.400249986206,1.9625999848358333,2399.536699987948,19.895157613156215
1779031259,120,,Aggregated,62.600000,0.900000,1200,1300,1400,1400,1600,1700,1800,1900,2200,2300,2400,32964,1683,1200,1180.7317700459978,1.9625999848358333,2399.536699987948,19.898040286373014
1779031260,120,,Aggregated,63.700000,1.200000,1200,1300,1400,1400,1600,1700,1800,1900,2200,2300,2400,33028,1683,1200,1181.1323791781547,1.9625999848358333,2399.536699987948,19.896360663679303
1779031261,120,,Aggregated,65.600000,1.400000,1200,1300,1400,1400,1600,1700,1800,1900,2200,2300,2400,33083,1683,1200,1181.65370463671,1.9625999848358333,2399.536699987948,19.8963213735151
1779031262,120,,Aggregated,65.400000,1.100000,1200,1300,1400,1400,1600,1700,1800,1900,2200,2300,2400,33155,1683,1200,1182.468742672186,1.9625999848358333,2399.536699987948,19.8978736238878
1779031263,120,,Aggregated,63.900000,1.000000,1200,1300,1400,1400,1600,1700,1800,1900,2200,2300,2400,33236,1687,1200,1182.643366292472,1.9625999848358333,2399.536699987948,19.900379106992418
1779031264,120,,Aggregated,65.400000,0.900000,1200,1300,1400,1400,1600,1700,1800,1900,2200,2300,2400,33298,1688,1200,1182.659652000017,1.9625999848358333,2399.536699987948,19.901225298816748
1779031265,120,,Aggregated,67.500000,1.200000,1200,1300,1400,1400,1600,1700,1800,1900,2200,2300,2400,33362,1688,1200,1183.0825577152625,1.9625999848358333,2399.536699987948,19.899376536178885
1779031266,120,,Aggregated,67.300000,1.300000,1200,1300,1400,1400,1600,1700,1800,1900,2200,2300,2400,33422,1688,1200,1183.6303760635574,1.9625999848358333,2399.536699987948,19.896206091795822
1779031267,120,,Aggregated,66.300000,1.200000,1200,1300,1400,1400,1600,1700,1800,1900,2200,2300,2400,33479,1688,1200,1184.2249704350854,1.9625999848358333,2399.536699987948,19.89689058812987
1779031268,120,,Aggregated,65.800000,1.200000,1200,1300,1400,1400,1600,1700,1800,1900,2200,2300,2400,33531,1689,1200,1184.9847720019097,1.9625999848358333,2399.536699987948,19.899197757299216
1779031269,120,,Aggregated,65.200000,1.000000,1200,1300,1400,1400,1600,1700,1800,1900,2200,2300,2400,33600,1691,1200,1186.006970538565,1.9625999848358333,2399.536699987948,19.90529761904762
1779031270,120,,Aggregated,63.200000,0.700000,1200,1300,1400,1400,1600,1700,1800,1900,2200,2300,2400,33673,1691,1200,1186.4792671604998,1.9625999848358333,2399.536699987948,19.908739940011284
1779031271,120,,Aggregated,62.600000,0.700000,1200,1300,1400,1400,1600,1700,1800,1900,2200,2300,2400,33732,1691,1200,1186.8507137286704,1.9625999848358333,2399.536699987948,19.911715878097947
1779031272,120,,Aggregated,63.400000,0.800000,1200,1300,1400,1400,1600,1700,1800,1900,2200,2300,2400,33791,1691,1200,1187.4501506524032,1.9625999848358333,2399.536699987948,19.915095735550885
1779031273,120,,Aggregated,64.700000,0.800000,1200,1300,1400,1400,1600,1700,1800,1900,2200,2300,2400,33857,1691,1200,1188.3537845466453,1.9625999848358333,2399.536699987948,19.916176861505743
1779031274,120,,Aggregated,63.400000,0.800000,1200,1300,1400,1400,1600,1700,1800,1900,2200,2300,2400,33917,1693,1200,1188.8653883390602,1.9625999848358333,2399.536699987948,19.91744552879087
1779031275,120,,Aggregated,61.600000,0.400000,1200,1300,1400,1400,1600,1700,1800,1900,2200,2300,2400,33984,1695,1200,1189.2708547020977,1.9625999848358333,2399.536699987948,19.91737288135593
1779031276,120,,Aggregated,61.000000,0.500000,1200,1300,1400,1400,1600,1700,1800,1900,2200,2300,2400,34042,1695,1200,1189.7761670905472,1.9625999848358333,2399.536699987948,19.9191293108513
1779031277,120,,Aggregated,61.400000,0.500000,1200,1300,1400,1400,1600,1700,1800,1900,2200,2300,2400,34092,1696,1200,1190.3499087702837,1.9625999848358333,2399.536699987948,19.917869294849233
1779031278,120,,Aggregated,61.000000,0.700000,1200,1300,1400,1400,1600,1700,1800,1900,2200,2300,2400,34153,1696,1200,1191.4091241968986,1.9625999848358333,2399.536699987948,19.917869586859133
1779031279,120,,Aggregated,61.000000,0.800000,1200,1300,1400,1400,1600,1700,1800,1900,2200,2300,2400,34225,1699,1200,1192.1919628808294,1.9625999848358333,2399.536699987948,19.922512783053325
1779031280,120,,Aggregated,61.300000,0.800000,1200,1300,1400,1400,1600,1700,1800,1900,2200,2300,2400,34293,1699,1200,1192.5002133699682,1.9625999848358333,2399.536699987948,19.924124456886243
1779031281,120,,Aggregated,61.500000,0.800000,1200,1300,1400,1400,1600,1700,1800,1900,2200,2300,2400,34355,1700,1200,1192.7620876610756,1.9625999848358333,2399.536699987948,19.92769611410275
1779031282,120,,Aggregated,61.100000,0.800000,1200,1300,1400,1400,1600,1700,1800,1900,2200,2300,2400,34428,1700,1200,1193.0825246774848,1.9625999848358333,2399.536699987948,19.92822702451493
1779031283,120,,Aggregated,62.100000,0.800000,1200,1300,1400,1400,1600,1700,1800,1900,2200,2300,2400,34502,1701,1200,1193.2569534779634,1.9625999848358333,2399.536699987948,19.93177207118428
1779031284,120,,Aggregated,63.300000,0.900000,1200,1300,1400,1400,1600,1700,1800,1900,2200,2300,2400,34555,1703,1200,1193.5908532078433,1.9625999848358333,2399.536699987948,19.93176096078715
1779031285,120,,Aggregated,65.100000,0.900000,1200,1300,1400,1400,1600,1700,1800,1900,2200,2300,2400,34607,1703,1200,1194.2841551419344,1.9625999848358333,2399.536699987948,19.93171901638397
1779031286,120,,Aggregated,63.300000,0.900000,1200,1300,1400,1400,1600,1700,1800,1900,2200,2300,2400,34666,1704,1200,1195.260221894569,1.9625999848358333,2399.536699987948,19.93495067212831
1779031287,120,,Aggregated,62.600000,1.000000,1200,1300,1400,1500,1600,1700,1800,1900,2200,2300,2400,34739,1705,1200,1196.0190459856888,1.9625999848358333,2399.536699987948,19.9385992688333
1779031288,120,,Aggregated,61.700000,0.800000,1200,1300,1400,1500,1600,1700,1800,1900,2200,2300,2400,34800,1705,1200,1196.2508345573694,1.9625999848358333,2399.536699987948,19.938304597701148
1779031289,120,,Aggregated,63.600000,0.800000,1200,1300,1400,1500,1600,1700,1800,1900,2200,2300,2400,34858,1706,1200,1196.818698645837,1.9625999848358333,2399.536699987948,19.93938263813185
1779031290,120,,Aggregated,64.700000,0.900000,1200,1300,1400,1500,1600,1700,1800,1900,2200,2300,2400,34917,1706,1200,1197.705236028201,1.9625999848358333,2399.536699987948,19.937107998968983
1779031291,120,,Aggregated,63.700000,0.700000,1200,1300,1400,1500,1600,1700,1800,1900,2200,2300,2400,34989,1708,1200,1198.232342967695,1.9625999848358333,2399.536699987948,19.94215324816371
1779031292,120,,Aggregated,61.600000,0.700000,1200,1300,1400,1500,1600,1700,1800,1900,2200,2300,2400,35046,1709,1200,1198.5950662927735,1.9625999848358333,2399.536699987948,19.94256120527307
1779031293,120,,Aggregated,62.300000,0.800000,1200,1300,1400,1500,1600,1700,1800,1900,2200,2300,2400,35111,1712,1200,1199.0001095524651,1.9625999848358333,2399.536699987948,19.945287801543675
1779031294,120,,Aggregated,61.400000,0.800000,1200,1300,1400,1500,1600,1700,1800,1900,2200,2300,2400,35173,1713,1200,1199.5314176554828,1.9625999848358333,2399.536699987948,19.944872487419328
1779031295,120,,Aggregated,60.500000,1.100000,1200,1300,1400,1500,1600,1700,1800,1900,2200,2300,2400,35232,1713,1200,1200.1033080976451,1.9625999848358333,2399.536699987948,19.946866485013626
1779031296,120,,Aggregated,61.900000,1.100000,1200,1300,1400,1500,1600,1700,1900,1900,2200,2300,2400,35283,1714,1200,1200.7394366237666,1.9625999848358333,2399.536699987948,19.945752912167332
1779031297,120,,Aggregated,62.200000,1.000000,1200,1300,1400,1500,1600,1700,1900,1900,2200,2300,2400,35343,1714,1200,1201.5946422006098,1.9625999848358333,2399.536699987948,19.94924030218148
1779031298,120,,Aggregated,62.300000,1.100000,1200,1300,1400,1500,1600,1700,1900,1900,2200,2300,2400,35414,1714,1200,1202.3625160839229,1.9625999848358333,2399.536699987948,19.951742248828147
1779031299,120,,Aggregated,60.700000,1.000000,1200,1300,1400,1500,1600,1700,1900,1900,2200,2300,2400,35465,1714,1200,1202.7359840827862,1.9625999848358333,2399.536699987948,19.951755251656564
1779031300,120,,Aggregated,60.100000,0.900000,1200,1300,1400,1500,1600,1700,1900,1900,2200,2300,2400,35539,1715,1200,1203.4734230393613,1.9625999848358333,2399.536699987948,19.957258223360252
1779031301,120,,Aggregated,61.000000,0.900000,1200,1300,1400,1500,1600,1700,1900,1900,2200,2300,2400,35594,1716,1200,1203.9126497217444,1.9625999848358333,2399.536699987948,19.960639433612407
1779031302,120,,Aggregated,62.000000,0.800000,1200,1300,1400,1500,1600,1700,1900,1900,2200,2300,2400,35658,1717,1200,1204.4800878595506,1.9625999848358333,2399.536699987948,19.964776487744686
1779031303,120,,Aggregated,60.700000,0.800000,1200,1300,1400,1500,1600,1700,1900,2000,2200,2300,2400,35733,1718,1200,1205.0125595386974,1.9625999848358333,2399.536699987948,19.969216130747487
1779031304,120,,Aggregated,61.100000,0.800000,1200,1300,1400,1500,1600,1700,1900,2000,2200,2300,2400,35806,1719,1200,1205.1051405852807,1.9625999848358333,2399.536699987948,19.971094230017314
1779031305,120,,Aggregated,60.600000,0.600000,1200,1300,1400,1500,1600,1700,1900,2000,2200,2300,2400,35866,1720,1200,1205.243238434632,1.9625999848358333,2399.536699987948,19.972006914626665
1779031306,120,,Aggregated,62.100000,0.500000,1200,1300,1400,1500,1600,1700,1900,1900,2200,2300,2400,35914,1720,1200,1205.6208276437208,1.9625999848358333,2399.536699987948,19.971403909338978
1779031307,120,,Aggregated,62.800000,0.600000,1200,1300,1400,1500,1600,1700,1900,2000,2200,2300,2400,35995,1722,1200,1206.3999414723273,1.9625999848358333,2399.536699987948,19.971607167662174
1779031308,120,,Aggregated,63.000000,0.600000,1200,1300,1400,1500,1600,1700,1900,2000,2200,2300,2400,36059,1723,1200,1206.6237285808415,1.9625999848358333,2399.536699987948,19.97515183449347
1779031309,120,,Aggregated,63.600000,0.700000,1200,1300,1400,1500,1600,1700,1900,2000,2200,2300,2400,36117,1724,1200,1206.8990944734169,1.9625999848358333,2399.536699987948,19.97444416756652
1779031310,120,,Aggregated,64.500000,0.800000,1200,1300,1400,1500,1600,1700,1900,2000,2200,2300,2400,36179,1725,1200,1207.585307907799,1.9625999848358333,2399.536699987948,19.973741673346417
1779031311,120,,Aggregated,64.000000,0.900000,1200,1300,1400,1500,1600,1700,1900,2000,2200,2300,2400,36248,1727,1200,1208.0625611370695,1.9625999848358333,2399.536699987948,19.976329728536747
1779031312,120,,Aggregated,64.700000,1.000000,1200,1300,1400,1500,1600,1700,1900,2000,2200,2300,2400,36297,1727,1200,1208.4089394825075,1.9625999848358333,2399.536699987948,19.975920875003442
1779031313,120,,Aggregated,65.300000,1.200000,1200,1300,1400,1500,1600,1700,1900,2000,2200,2300,2400,36352,1727,1200,1209.2203151655049,1.9625999848358333,2399.536699987948,19.973151408450704
1779031314,120,,Aggregated,64.600000,1.100000,1200,1300,1400,1500,1600,1700,1900,2000,2200,2300,2400,36425,1727,1200,1210.0887430994214,1.9625999848358333,2399.536699987948,19.978805765271105
1779031315,120,,Aggregated,63.300000,1.000000,1200,1300,1400,1500,1600,1700,1900,2000,2200,2300,2400,36481,1727,1200,1210.3909087743245,1.9625999848358333,2399.536699987948,19.98004440667745
1779031316,120,,Aggregated,61.700000,0.900000,1200,1300,1400,1500,1600,1700,1900,2000,2200,2300,2400,36550,1728,1200,1211.008729928757,1.9625999848358333,2399.536699987948,19.98139534883721
1779031317,120,,Aggregated,61.400000,0.800000,1200,1300,1400,1500,1600,1700,1900,2000,2200,2300,2400,36625,1729,1200,1211.3770417664507,1.9625999848358333,2399.536699987948,19.98918771331058
1779031318,120,,Aggregated,61.900000,0.800000,1200,1300,1400,1500,1600,1700,1900,2000,2200,2300,2400,36679,1729,1200,1211.6293178302594,1.9625999848358333,2399.536699987948,19.989176367948964
1779031319,120,,Aggregated,62.600000,0.800000,1200,1300,1400,1500,1600,1700,1900,2000,2200,2300,2400,36741,1729,1200,1212.1462380500268,1.9625999848358333,2399.536699987948,19.990392204893716
1779031320,120,,Aggregated,62.600000,0.700000,1200,1300,1400,1500,1600,1700,1900,2000,2200,2300,2400,36803,1730,1200,1212.6811898105077,1.9625999848358333,2399.536699987948,19.99130505665299
1779031321,120,,Aggregated,61.800000,0.600000,1200,1300,1400,1500,1600,1700,1900,2000,2200,2300,2400,36874,1730,1200,1213.0908261809468,1.9625999848358333,2399.536699987948,19.99183706676791
1779031322,120,,Aggregated,61.800000,0.600000,1200,1300,1400,1500,1600,1700,1900,2000,2200,2300,2400,36942,1730,1200,1213.212680810361,1.9625999848358333,2399.536699987948,19.997265984516268
1779031323,120,,Aggregated,61.300000,0.300000,1200,1300,1400,1500,1600,1700,1900,2000,2200,2300,2400,37004,1730,1200,1213.3919204247204,1.9625999848358333,2399.536699987948,19.997270565344287
1779031324,120,,Aggregated,62.900000,0.300000,1200,1300,1400,1500,1600,1700,1900,2000,2200,2300,2400,37072,1731,1200,1213.885745951022,1.9625999848358333,2399.536699987948,20.001537548554165
1779031325,120,,Aggregated,64.200000,0.300000,1200,1300,1400,1500,1600,1700,1900,2000,2200,2300,2400,37138,1733,1200,1214.1618451961976,1.9625999848358333,2399.536699987948,20.008293392212828
1779031326,120,,Aggregated,64.400000,0.400000,1200,1300,1400,1500,1600,1700,1900,2000,2200,2300,2400,37201,1733,1200,1214.4205572107294,1.9625999848358333,2399.536699987948,20.0116394720572
1779031327,120,,Aggregated,64.800000,0.400000,1200,1300,1400,1500,1600,1700,1900,2000,2200,2300,2400,37265,1734,1200,1214.8950477793212,1.9625999848358333,2399.536699987948,20.011216959613577
1779031328,120,,Aggregated,65.500000,0.500000,1200,1300,1400,1500,1600,1700,1900,2000,2200,2300,2400,37329,1734,1200,1215.4635568538251,1.9625999848358333,2399.536699987948,20.01390339950173
1779031329,120,,Aggregated,64.500000,0.400000,1200,1300,1400,1500,1600,1700,1900,2000,2200,2300,2400,37393,1735,1200,1216.0152346481098,1.9625999848358333,2399.536699987948,20.014494691519804
1779031330,120,,Aggregated,64.000000,0.500000,1200,1300,1400,1500,1600,1700,1900,2000,2200,2300,2400,37457,1736,1200,1216.3639485462384,1.9625999848358333,2399.536699987948,20.016071762287424
1779031331,120,,Aggregated,64.200000,0.500000,1200,1300,1400,1500,1600,1700,1900,2000,2200,2300,2400,37522,1737,1200,1216.755287543214,1.9625999848358333,2399.536699987948,20.0194019508555
1779031332,120,,Aggregated,64.600000,0.600000,1200,1300,1400,1500,1600,1700,1900,2000,2200,2300,2400,37594,1738,1200,1217.1636600892887,1.9625999848358333,2399.536699987948,20.022317391073045
1779031333,120,,Aggregated,64.700000,0.700000,1200,1300,1400,1500,1600,1700,1900,2000,2200,2300,2400,37663,1740,1200,1217.2531604332269,1.9625999848358333,2399.536699987948,20.02697607731726
1779031334,120,,Aggregated,64.500000,0.700000,1200,1300,1400,1500,1600,1700,1900,2000,2200,2300,2400,37725,1741,1200,1217.444068047627,1.9625999848358333,2399.536699987948,20.028999337309475
1779031335,120,,Aggregated,64.800000,0.900000,1200,1300,1400,1500,1600,1700,1900,2000,2200,2300,2400,37793,1741,1200,1217.8702155265967,1.9625999848358333,2399.536699987948,20.0312491731273
1779031336,120,,Aggregated,65.100000,1.000000,1200,1300,1400,1500,1600,1700,1900,2000,2200,2300,2400,37853,1743,1200,1218.3975537235178,1.9625999848358333,2399.536699987948,20.029561725622806
1779031337,120,,Aggregated,64.400000,1.000000,1200,1300,1400,1500,1600,1700,1900,2000,2200,2300,2400,37920,1744,1200,1218.8062839846086,1.9625999848358333,2399.536699987948,20.03565400843882
1779031338,120,,Aggregated,64.000000,0.900000,1200,1300,1400,1500,1600,1700,1900,2000,2200,2300,2400,37992,1744,1200,1218.9643234601049,1.9625999848358333,2399.536699987948,20.040982312065697
1779031339,120,,Aggregated,64.500000,1.100000,1200,1300,1400,1500,1600,1700,1900,2000,2200,2300,2400,38057,1744,1200,1219.1866191921636,1.9625999848358333,2399.536699987948,20.03886275849384
1779031340,120,,Aggregated,64.800000,1.000000,1200,1300,1400,1500,1600,1700,1900,2000,2200,2300,2400,38114,1744,1200,1219.5899358056358,1.9625999848358333,2399.536699987948,20.038253660072414
1779031341,120,,Aggregated,66.900000,1.000000,1200,1300,1400,1500,1600,1700,1900,2000,2200,2300,2400,38168,1745,1200,1220.1739658456308,1.9625999848358333,2399.536699987948,20.036601341437855
1779031342,120,,Aggregated,65.900000,0.800000,1200,1300,1400,1500,1600,1700,1900,2000,2200,2300,2400,38245,1746,1200,1220.7043886860033,1.9625999848358333,2399.536699987948,20.04345666100144
1779031343,120,,Aggregated,65.400000,0.700000,1200,1300,1400,1500,1600,1700,1900,2000,2200,2300,2400,38305,1749,1200,1220.9267209475609,1.9625999848358333,2399.536699987948,20.04336248531523
1779031344,120,,Aggregated,63.600000,0.800000,1200,1300,1400,1500,1600,1700,1900,2000,2200,2300,2400,38375,1750,1200,1221.2154900038108,1.9625999848358333,2399.536699987948,20.049381107491858
1779031345,120,,Aggregated,64.300000,0.800000,1200,1300,1400,1500,1600,1700,1900,2000,2200,2300,2400,38436,1752,1200,1221.440851532326,1.9625999848358333,2399.536699987948,20.048964512436257
1779031346,120,,Aggregated,63.900000,0.800000,1200,1300,1400,1500,1600,1700,1900,2000,2200,2300,2400,38492,1752,1200,1221.95246839334,1.9625999848358333,2399.536699987948,20.047776161280265
1779031347,120,,Aggregated,64.500000,0.900000,1200,1300,1400,1500,1600,1700,1900,2000,2200,2300,2400,38564,1752,1200,1222.5265607897652,1.9625999848358333,2399.536699987948,20.048905715174776
1779031348,120,,Aggregated,64.400000,1.000000,1200,1300,1400,1500,1600,1700,1900,2000,2200,2300,2400,38634,1753,1200,1222.627650504651,1.9625999848358333,2399.536699987948,20.050887819019515
1779031349,120,,Aggregated,63.300000,0.800000,1200,1300,1400,1500,1600,1700,1900,2000,2200,2300,2400,38698,1756,1200,1222.8384721431767,1.9625999848358333,2399.536699987948,20.053956276810172
1779031350,120,,Aggregated,64.300000,0.800000,1200,1300,1400,1500,1600,1700,1900,2000,2200,2300,2400,38760,1756,1200,1223.1815679333572,1.9625999848358333,2399.536699987948,20.05593395252838
1779031351,120,,Aggregated,63.100000,1.000000,1200,1300,1400,1500,1600,1700,1900,2000,2200,2300,2400,38827,1757,1200,1223.4482897750906,1.9625999848358333,2399.536699987948,20.057769078218765
1779031352,120,,Aggregated,64.600000,1.200000,1200,1300,1400,1500,1600,1700,1900,2000,2200,2300,2400,38897,1759,1200,1223.8442606087176,1.9625999848358333,2399.536699987948,20.05933619559349
1779031353,120,,Aggregated,64.400000,1.200000,1200,1300,1400,1500,1600,1700,1900,2000,2200,2300,2400,38954,1759,1200,1224.166334961678,1.9625999848358333,2399.536699987948,20.058530574523797
1779031354,120,,Aggregated,65.300000,1.200000,1200,1300,1400,1500,1600,1700,1900,2000,2200,2300,2400,39025,1760,1200,1224.5968265828863,1.9625999848358333,2399.536699987948,20.060345932094812
1779031355,120,,Aggregated,64.800000,1.200000,1200,1300,1400,1500,1600,1700,1900,2000,2200,2300,2400,39094,1761,1200,1224.705632391083,1.9625999848358333,2399.536699987948,20.064204225712384
1779031356,120,,Aggregated,64.500000,1.000000,1200,1300,1400,1500,1600,1700,1900,2000,2200,2300,2400,39167,1761,1200,1224.710922123142,1.9625999848358333,2399.536699987948,20.068220695994075
1779031357,120,,Aggregated,65.100000,1.000000,1200,1300,1400,1500,1600,1700,1900,2000,2200,2300,2400,39243,1761,1200,1224.729574324013,1.9625999848358333,2399.536699987948,20.069693958158144
1779031358,120,,Aggregated,65.300000,0.900000,1200,1300,1400,1500,1600,1700,1900,2000,2200,2300,2400,39287,1761,1200,1224.8962507699075,1.9625999848358333,2399.536699987948,20.066485096851377
1779031359,120,,Aggregated,67.400000,0.900000,1200,1300,1400,1500,1600,1700,1900,2000,2200,2300,2400,39347,1762,1200,1225.5936440007522,1.9625999848358333,2399.536699987948,20.065163799018986
1779031360,120,,Aggregated,67.400000,0.900000,1200,1300,1400,1500,1600,1700,1900,2000,2200,2300,2400,39411,1765,1200,1226.2681654106127,1.9625999848358333,2399.536699987948,20.06536246225673
1779031361,120,,Aggregated,65.200000,0.700000,1200,1300,1400,1500,1600,1700,1900,2000,2200,2300,2400,39487,1766,1200,1226.5250533845929,1.9625999848358333,2399.536699987948,20.067363942563375
1779031362,120,,Aggregated,64.200000,0.700000,1200,1300,1400,1500,1600,1700,1900,2000,2200,2300,2400,39558,1766,1200,1226.6327769755082,1.9625999848358333,2399.536699987948,20.06625714141261
1779031363,120,,Aggregated,64.900000,0.900000,1200,1300,1400,1500,1600,1700,1900,2000,2200,2300,2400,39622,1766,1200,1226.8466326484513,1.9625999848358333,2399.536699987948,20.065039624451064
1779031364,120,,Aggregated,66.300000,0.900000,1200,1300,1400,1500,1600,1700,1900,2000,2200,2300,2400,39690,1767,1200,1227.0891748701708,1.9625999848358333,2399.536699987948,20.06875787351978
1779031365,120,,Aggregated,66.000000,0.700000,1200,1300,1400,1500,1600,1700,1900,2000,2200,2300,2400,39746,1767,1200,1227.3215498212937,1.9625999848358333,2399.536699987948,20.06601922206008
1779031366,120,,Aggregated,66.700000,0.700000,1200,1400,1400,1500,1600,1700,1900,2000,2200,2300,2400,39811,1767,1200,1227.8088394915292,1.9625999848358333,2399.536699987948,20.070834693928813
1779031367,120,,Aggregated,66.100000,0.700000,1200,1400,1400,1500,1600,1700,1900,2000,2200,2300,2400,39874,1767,1200,1228.3528849073882,1.9625999848358333,2399.536699987948,20.073531624617544
1779031368,120,,Aggregated,65.100000,0.600000,1200,1400,1400,1500,1600,1700,1900,2000,2200,2300,2400,39934,1769,1200,1228.7468728776805,1.9625999848358333,2399.536699987948,20.07514899584314
1779031369,120,,Aggregated,64.000000,0.600000,1200,1400,1400,1500,1600,1700,1900,2000,2200,2300,2400,40003,1769,1200,1229.0725953777742,1.9625999848358333,2399.536699987948,20.07654425918056
1779031370,120,,Aggregated,62.300000,0.600000,1200,1400,1400,1500,1600,1700,1900,2000,2200,2300,2400,40055,1769,1200,1229.389980394385,1.9625999848358333,2399.536699987948,20.07522157034078
1779031371,120,,Aggregated,64.500000,0.800000,1200,1400,1400,1500,1600,1700,1900,2000,2200,2300,2400,40124,1771,1200,1230.1038179692182,1.9625999848358333,2399.536699987948,20.08142258997109
1779031372,120,,Aggregated,64.900000,0.600000,1200,1400,1400,1500,1600,1700,1900,2000,2200,2300,2400,40198,1773,1200,1230.3359126174644,1.9625999848358333,2399.536699987948,20.08418329270113
1779031373,120,,Aggregated,63.600000,0.400000,1200,1400,1400,1500,1600,1700,1900,2000,2200,2300,2400,40265,1774,1200,1230.2844299713631,1.9625999848358333,2399.536699987948,20.083198807897677
1779031374,120,,Aggregated,62.900000,0.500000,1200,1400,1400,1500,1600,1700,1900,2000,2200,2300,2400,40338,1776,1200,1230.3724952624611,1.9625999848358333,2399.536699987948,20.08845257573504
1779031375,120,,Aggregated,63.800000,0.700000,1200,1400,1400,1500,1600,1700,1900,2000,2200,2300,2400,40391,1778,1200,1230.6217469163219,1.9625999848358333,2399.536699987948,20.091059889579363
1779031377,120,,Aggregated,63.800000,0.800000,1200,1400,1400,1500,1600,1700,1900,2000,2200,2300,2400,40439,1779,1200,1231.1790895867136,1.9625999848358333,2399.536699987948,20.09374613615569
1779031378,120,,Aggregated,64.300000,0.900000,1200,1400,1400,1500,1600,1700,1900,2000,2200,2300,2500,40503,1781,1200,1232.2448720464413,1.9625999848358333,2538.1243000156246,20.09426462237365
1779031379,120,,Aggregated,64.100000,1.100000,1200,1400,1400,1500,1600,1700,1900,2000,2200,2300,2500,40570,1782,1200,1232.6481479565418,1.9625999848358333,2538.1243000156246,20.09677101306384
1779031380,120,,Aggregated,62.300000,1.200000,1200,1400,1400,1500,1600,1700,1900,2000,2200,2300,2500,40632,1782,1200,1232.9656102923118,1.9625999848358333,2538.1243000156246,20.09482673754676
1779031381,120,,Aggregated,63.200000,1.300000,1200,1400,1400,1500,1600,1700,1900,2000,2200,2300,2500,40706,1783,1200,1233.299118260139,1.9625999848358333,2538.1243000156246,20.09696359259077
1779031382,120,,Aggregated,62.700000,1.300000,1200,1400,1400,1500,1600,1700,1900,2000,2200,2300,2500,40761,1784,1200,1233.5939198448802,1.9625999848358333,2538.1243000156246,20.097887686759403
1779031383,120,,Aggregated,64.300000,1.400000,1200,1400,1400,1500,1600,1700,1900,2000,2200,2300,2500,40821,1784,1200,1234.118484794522,1.9625999848358333,2538.1243000156246,20.0980377746748
1779031384,120,,Aggregated,63.300000,1.300000,1200,1400,1400,1500,1600,1700,1900,2000,2200,2300,2500,40883,1785,1200,1234.7570200204746,1.9625999848358333,2538.1243000156246,20.098427219137537
1779031385,120,,Aggregated,61.500000,1.100000,1200,1400,1400,1500,1600,1700,1900,2000,2200,2300,2500,40954,1786,1200,1235.2099417785098,1.9625999848358333,2538.1243000156246,20.09955071543683
1779031386,120,,Aggregated,61.500000,1.100000,1200,1400,1400,1500,1600,1700,1900,2000,2200,2300,2500,41021,1788,1200,1235.1731535627455,1.9625999848358333,2538.1243000156246,20.10224031593574
1779031387,120,,Aggregated,61.300000,1.000000,1200,1400,1400,1500,1600,1700,1900,2000,2200,2300,2500,41103,1791,1200,1235.278244816613,1.9625999848358333,2538.1243000156246,20.104104323285405
1779031388,120,,Aggregated,62.700000,1.000000,1200,1400,1400,1500,1600,1700,1900,2000,2200,2300,2500,41167,1791,1200,1235.3239490950712,1.9625999848358333,2538.1243000156246,20.10469550853839
1779031389,120,,Aggregated,65.700000,1.200000,1200,1400,1400,1500,1600,1700,1900,2000,2200,2300,2500,41229,1794,1200,1235.5108522883506,1.9625999848358333,2538.1243000156246,20.107569914380655
1779031390,120,,Aggregated,66.300000,1.000000,1200,1400,1400,1500,1600,1700,1900,2000,2200,2300,2500,41281,1794,1200,1236.0608524841125,1.9625999848358333,2538.1243000156246,20.106271650396067
1779031391,120,,Aggregated,65.500000,1.200000,1200,1400,1400,1500,1600,1700,1900,2000,2200,2300,2500,41339,1794,1200,1236.7032888046817,1.9625999848358333,2538.1243000156246,20.104961416579986
1779031392,120,,Aggregated,64.600000,1.200000,1200,1400,1400,1500,1600,1700,1900,2000,2200,2300,2500,41392,1796,1200,1237.2509124153662,1.9625999848358333,2538.1243000156246,20.104537108620022
1779031393,120,,Aggregated,63.100000,1.100000,1200,1400,1400,1500,1600,1700,1900,2000,2200,2300,2500,41453,1799,1200,1237.922339367391,1.9625999848358333,2538.1243000156246,20.105637710177792
1779031394,120,,Aggregated,62.900000,1.200000,1200,1400,1400,1500,1600,1700,1900,2000,2200,2300,2500,41514,1799,1200,1238.5759914726655,1.9625999848358333,2538.1243000156246,20.106012429541842
1779031395,120,,Aggregated,63.000000,1.300000,1200,1400,1400,1500,1600,1800,1900,2000,2200,2300,2500,41577,1800,1200,1239.05150020917,1.9625999848358333,2538.1243000156246,20.104937826201986
1779031396,120,,Aggregated,62.700000,1.400000,1200,1400,1400,1500,1600,1800,1900,2000,2200,2300,2500,41661,1803,1200,1239.2324221765325,1.9625999848358333,2538.1243000156246,20.10789467367562
1779031397,120,,Aggregated,61.900000,1.400000,1200,1400,1400,1500,1600,1700,1900,2000,2200,2300,2500,41709,1803,1200,1239.308350065852,1.9625999848358333,2538.1243000156246,20.10441391546189
1779031398,120,,Aggregated,63.200000,1.400000,1200,1400,1400,1500,1600,1800,1900,2000,2200,2300,2500,41775,1804,1200,1239.6324173452274,1.9625999848358333,2538.1243000156246,20.106020347097548
1779031399,120,,Aggregated,60.900000,1.200000,1200,1400,1400,1500,1600,1800,1900,2000,2200,2300,2500,41840,1805,1200,1240.1374821079512,1.9625999848358333,2538.1243000156246,20.108341300191206
1779031400,120,,Aggregated,60.300000,1.300000,1200,1400,1400,1500,1600,1800,1900,2000,2200,2300,2500,41918,1805,1200,1240.371846008797,1.9625999848358333,2538.1243000156246,20.108903096521782
1779031401,120,,Aggregated,60.400000,1.000000,1200,1400,1400,1500,1600,1800,1900,2000,2200,2300,2500,41975,1805,1200,1240.3882154781797,1.9625999848358333,2538.1243000156246,20.109612864800475
1779031402,120,,Aggregated,62.400000,1.100000,1200,1400,1400,1500,1600,1800,1900,2000,2200,2300,2500,42044,1805,1200,1240.5966002710586,1.9625999848358333,2538.1243000156246,20.109813528684235
1779031403,120,,Aggregated,63.900000,1.100000,1200,1400,1400,1500,1600,1800,1900,2000,2200,2300,2500,42111,1808,1200,1240.8277958679712,1.9625999848358333,2538.1243000156246,20.114126950203033
1779031404,120,,Aggregated,64.400000,0.900000,1200,1400,1400,1500,1600,1800,1900,2000,2200,2300,2500,42192,1810,1200,1240.7776602482938,1.9625999848358333,2538.1243000156246,20.118648084945015
1779031405,120,,Aggregated,65.900000,1.100000,1200,1400,1400,1500,1600,1800,1900,2000,2200,2300,2500,42271,1811,1200,1240.5451130206566,1.9625999848358333,2538.1243000156246,20.125405124080338
1779031406,120,,Aggregated,67.800000,1.100000,1200,1400,1400,1500,1600,1800,1900,2000,2200,2300,2500,42332,1815,1200,1240.6340022346278,1.9625999848358333,2538.1243000156246,20.123358216006803
1779031407,120,,Aggregated,68.800000,1.100000,1200,1400,1400,1500,1600,1800,1900,2000,2200,2300,2500,42402,1817,1200,1240.9822869109134,1.9625999848358333,2538.1243000156246,20.12296589783501
1779031408,120,,Aggregated,67.300000,1.300000,1200,1400,1400,1500,1600,1800,1900,2000,2200,2300,2500,42463,1817,1200,1241.2090881331153,1.9625999848358333,2538.1243000156246,20.119162565056637
1779031409,120,,Aggregated,68.100000,1.400000,1200,1400,1400,1500,1600,1800,1900,2000,2200,2300,2500,42546,1825,1200,1241.4101469914,1.9625999848358333,2538.1243000156246,20.12663940205895
1779031410,120,,Aggregated,68.500000,1.300000,1200,1400,1400,1500,1600,1800,1900,2000,2200,2300,2500,42615,1826,1200,1241.3460885673144,1.9625999848358333,2538.1243000156246,20.128264695529744
1779031411,120,,Aggregated,69.900000,2.000000,1200,1400,1400,1500,1600,1800,1900,2000,2200,2300,2500,42683,1827,1200,1241.3585687813918,1.9625999848358333,2538.1243000156246,20.130824918585855
1779031412,120,,Aggregated,69.900000,2.100000,1200,1400,1400,1500,1600,1800,1900,2000,2200,2300,2500,42742,1827,1200,1241.6934772424397,1.9625999848358333,2538.1243000156246,20.13408357119461
1779031413,120,,Aggregated,69.900000,2.100000,1200,1400,1400,1500,1600,1800,1900,2000,2200,2300,2500,42819,1827,1200,1242.034691769927,1.9625999848358333,2538.1243000156246,20.1378593614984
1779031414,120,,Aggregated,69.200000,2.200000,1200,1400,1400,1500,1600,1800,1900,2000,2200,2300,2500,42876,1828,1200,1241.994134219528,1.9625999848358333,2538.1243000156246,20.140824703796994
1779031415,120,,Aggregated,69.300000,1.900000,1200,1400,1400,1500,1600,1800,1900,2000,2200,2300,2500,42946,1831,1200,1242.265412340999,1.9625999848358333,2538.1243000156246,20.141736133749358
1779031416,120,,Aggregated,68.000000,1.800000,1200,1400,1400,1500,1600,1800,1900,2000,2200,2300,2500,43039,1834,1200,1242.236903125003,1.9625999848358333,2538.1243000156246,20.144891842282583
1779031417,120,,Aggregated,67.000000,1.900000,1200,1400,1400,1500,1600,1800,1900,2000,2200,2300,2500,43101,1836,1200,1241.9680900047924,1.9625999848358333,2538.1243000156246,20.145750678638546
1779031418,120,,Aggregated,68.900000,1.900000,1200,1400,1400,1500,1600,1800,1900,2000,2200,2300,2500,43175,1837,1200,1241.9930940636198,1.9625999848358333,2538.1243000156246,20.148535031847135
1779031419,120,,Aggregated,70.400000,1.900000,1200,1400,1400,1500,1600,1700,1900,2000,2200,2300,2500,43249,1838,1200,1241.979236153359,1.9625999848358333,2538.1243000156246,20.146338643668063
1779031420,120,,Aggregated,70.200000,2.000000,1200,1400,1400,1500,1600,1700,1900,2000,2200,2300,2500,43329,1838,1200,1241.8406442543426,1.9625999848358333,2538.1243000156246,20.146553116850146
1779031421,120,,Aggregated,70.700000,1.400000,1200,1400,1400,1500,1600,1700,1900,2000,2200,2300,2500,43407,1838,1200,1241.7004171653527,1.9625999848358333,2538.1243000156246,20.15156541571636
1779031422,120,,Aggregated,70.300000,1.200000,1200,1400,1400,1500,1600,1700,1900,2000,2200,2300,2500,43480,1841,1200,1241.474144353645,1.9625999848358333,2538.1243000156246,20.151908923643056
1779031423,120,,Aggregated,71.500000,1.200000,1200,1400,1400,1500,1600,1700,1900,2000,2200,2300,2500,43565,1844,1200,1241.0859602248734,1.9625999848358333,2538.1243000156246,20.1550097555377
1779031424,120,,Aggregated,73.600000,1.400000,1200,1400,1400,1500,1600,1700,1900,2000,2200,2300,2500,43637,1845,1200,1240.9033026582197,1.9625999848358333,2538.1243000156246,20.15282902124344
1779031425,120,,Aggregated,74.900000,1.600000,1200,1400,1400,1500,1600,1700,1900,2000,2200,2300,2500,43718,1846,1200,1240.8215301454036,1.9625999848358333,2538.1243000156246,20.154993366576697
1779031426,120,,Aggregated,74.900000,1.700000,1200,1400,1400,1500,1600,1700,1900,2000,2200,2300,2500,43789,1848,1200,1240.6254748612012,1.9625999848358333,2538.1243000156246,20.152184338532507
1779031427,120,,Aggregated,76.500000,1.600000,1200,1400,1400,1500,1600,1700,1900,2000,2200,2300,2500,43861,1848,1200,1240.653630649025,1.9625999848358333,2538.1243000156246,20.15234490777684
1779031428,120,,Aggregated,75.600000,1.300000,1200,1400,1400,1500,1600,1700,1900,2000,2200,2300,2500,43922,1848,1200,1240.749613942835,1.9625999848358333,2538.1243000156246,20.150380219479988
1779031429,120,,Aggregated,75.000000,1.200000,1200,1400,1400,1500,1600,1700,1900,2000,2200,2300,2500,44006,1851,1200,1240.7437484819604,1.9625999848358333,2538.1243000156246,20.15091123937645
1779031430,120,,Aggregated,74.500000,1.100000,1200,1400,1400,1500,1600,1700,1900,2000,2200,2300,2500,44098,1851,1200,1240.3869783254843,1.9625999848358333,2538.1243000156246,20.1513447321874
1779031431,120,,Aggregated,74.400000,1.200000,1200,1400,1400,1500,1600,1700,1900,2000,2200,2300,2500,44168,1853,1200,1240.0206580419515,1.9625999848358333,2538.1243000156246,20.15051621083137
1779031432,120,,Aggregated,76.400000,1.300000,1200,1400,1400,1500,1600,1700,1900,2000,2200,2300,2500,44238,1856,1200,1240.1620259956828,1.9625999848358333,2538.1243000156246,20.15285501152855
1779031433,120,,Aggregated,76.600000,1.500000,1200,1400,1400,1500,1600,1700,1900,2000,2200,2300,2500,44299,1856,1200,1240.4343776224466,1.9625999848358333,2538.1243000156246,20.152486512110883
1779031434,120,,Aggregated,75.000000,1.300000,1200,1400,1400,1500,1600,1700,1900,2000,2200,2300,2500,44374,1857,1200,1240.618466919747,1.9625999848358333,2538.1243000156246,20.154820390318655
1779031435,120,,Aggregated,73.200000,1.300000,1200,1400,1400,1500,1600,1700,1900,2000,2200,2300,2500,44456,1858,1200,1240.5147710027186,1.9625999848358333,2538.1243000156246,20.157841461220084
1779031436,120,,Aggregated,73.500000,1.200000,1200,1400,1400,1500,1600,1700,1900,2000,2200,2300,2500,44528,1860,1200,1240.2899697268442,1.9625999848358333,2538.1243000156246,20.156665468918433
1779031437,120,,Aggregated,73.400000,1.200000,1200,1400,1400,1500,1600,1700,1900,2000,2200,2300,2500,44612,1861,1200,1239.9954253271983,1.9625999848358333,2538.1243000156246,20.15939657491258
1779031438,120,,Aggregated,74.100000,1.200000,1200,1400,1400,1500,1600,1700,1900,2000,2200,2300,2500,44688,1861,1200,1239.7332931278424,1.9625999848358333,2538.1243000156246,20.159147869674186
1779031439,120,,Aggregated,74.700000,1.300000,1200,1400,1400,1500,1600,1700,1900,2000,2200,2300,2500,44773,1863,1200,1239.5153329885604,1.9625999848358333,2538.1243000156246,20.159627454045964
1779031440,120,,Aggregated,76.200000,1.300000,1200,1400,1400,1500,1600,1700,1900,2000,2200,2300,2500,44857,1864,1200,1239.1111885167707,1.9625999848358333,2538.1243000156246,20.163408163720266
1779031441,120,,Aggregated,76.900000,1.200000,1200,1400,1400,1500,1600,1700,1900,2000,2200,2300,2500,44952,1864,1200,1238.575407430081,1.9625999848358333,2538.1243000156246,20.164953728421427
1779031442,120,,Aggregated,76.600000,1.300000,1200,1400,1400,1500,1600,1700,1900,2000,2200,2300,2500,45023,1865,1200,1238.1684762587336,1.9625999848358333,2538.1243000156246,20.161650711858382
1779031443,120,,Aggregated,76.600000,1.100000,1200,1400,1400,1500,1600,1700,1900,2000,2200,2300,2500,45101,1866,1200,1237.9568456485936,1.9625999848358333,2538.1243000156246,20.16321145872597
1779031444,120,,Aggregated,78.200000,1.000000,1200,1400,1400,1500,1600,1700,1900,2000,2200,2300,2500,45173,1866,1200,1237.894302193727,1.9625999848358333,2538.1243000156246,20.165829145728644
1779031445,120,,Aggregated,80.100000,1.000000,1200,1400,1400,1500,1600,1700,1900,2000,2200,2300,2500,45239,1866,1200,1238.021187448814,1.9625999848358333,2538.1243000156246,20.16653772187714
1779031446,120,,Aggregated,79.800000,0.900000,1200,1400,1400,1500,1600,1700,1900,2000,2200,2300,2500,45318,1868,1200,1238.193132049003,1.9625999848358333,2538.1243000156246,20.167924445032877
1779031447,120,,Aggregated,79.000000,0.800000,1200,1400,1400,1500,1600,1700,1900,2000,2200,2300,2500,45395,1869,1200,1237.9940799184205,1.9625999848358333,2538.1243000156246,20.170701619121047
1779031448,120,,Aggregated,77.600000,0.800000,1200,1400,1400,1500,1600,1700,1900,2000,2200,2300,2500,45485,1869,1200,1237.6679085214191,1.9625999848358333,2538.1243000156246,20.17234253050456
1779031449,120,,Aggregated,78.200000,0.700000,1200,1400,1400,1500,1600,1700,1900,2000,2200,2300,2500,45553,1871,1200,1237.4977559150236,1.9625999848358333,2538.1243000156246,20.171382784887932
1779031450,120,,Aggregated,79.100000,0.800000,1200,1400,1400,1500,1600,1700,1900,2000,2200,2300,2500,45640,1872,1200,1237.31607257444,1.9625999848358333,2538.1243000156246,20.173992112182297
1779031451,120,,Aggregated,77.600000,0.900000,1200,1400,1400,1500,1600,1700,1900,2000,2200,2300,2500,45719,1872,1200,1236.8959118243545,1.9625999848358333,2538.1243000156246,20.174544500098428
1779031452,120,,Aggregated,77.300000,0.800000,1200,1400,1400,1500,1600,1700,1900,2000,2200,2300,2500,45797,1872,1200,1236.6601104285826,1.9625999848358333,2538.1243000156246,20.17247854662969
1779031453,120,,Aggregated,77.000000,0.800000,1200,1400,1400,1500,1600,1700,1900,2000,2200,2300,2500,45875,1872,1200,1236.458954046813,1.9625999848358333,2538.1243000156246,20.17632697547684
1779031454,120,,Aggregated,77.600000,0.800000,1200,1400,1400,1500,1600,1700,1900,2000,2200,2300,2500,45948,1872,1200,1236.3897657742968,1.9625999848358333,2538.1243000156246,20.17563332462784
1779031455,120,,Aggregated,76.500000,0.600000,1200,1400,1400,1500,1600,1700,1900,2000,2200,2300,2500,46003,1872,1200,1236.5148705322936,1.9625999848358333,2538.1243000156246,20.17072799600026
1779031456,120,,Aggregated,77.000000,0.600000,1200,1400,1400,1500,1600,1700,1900,2000,2200,2300,2500,46094,1874,1200,1236.5228074304011,1.9625999848358333,2538.1243000156246,20.170412635050116
1779031457,120,,Aggregated,76.000000,0.600000,1200,1400,1400,1500,1600,1700,1900,2000,2200,2300,2500,46171,1874,1200,1236.1904686425887,1.9625999848358333,2538.1243000156246,20.174958307162505
1779031458,120,,Aggregated,77.800000,0.700000,1200,1400,1400,1500,1600,1700,1900,2000,2200,2300,2500,46253,1875,1200,1235.904700990147,1.9625999848358333,2538.1243000156246,20.176529090004973
1779031459,120,,Aggregated,76.800000,0.600000,1200,1400,1400,1500,1600,1700,1900,2000,2200,2300,2500,46333,1877,1200,1235.566089555979,1.9625999848358333,2538.1243000156246,20.177497679839423
1779031460,120,,Aggregated,76.600000,0.600000,1200,1400,1400,1500,1600,1700,1900,2000,2200,2300,2500,46408,1878,1200,1235.2816719875284,1.9625999848358333,2538.1243000156246,20.176629029477677
1779031461,120,,Aggregated,77.600000,0.500000,1200,1400,1400,1500,1600,1700,1900,2000,2200,2300,2500,46487,1881,1200,1235.0857139823433,1.9625999848358333,2538.1243000156246,20.178716630455828
1779031462,120,,Aggregated,77.800000,0.600000,1200,1400,1400,1500,1600,1700,1900,2000,2200,2300,2500,46560,1883,1200,1234.9677804595583,1.9625999848358333,2538.1243000156246,20.180756013745704
1779031463,120,,Aggregated,76.800000,0.800000,1200,1400,1400,1500,1600,1700,1900,2000,2200,2300,2500,46630,1883,1200,1235.0012216812524,1.9625999848358333,2538.1243000156246,20.179626849667596
1779031464,120,,Aggregated,76.000000,1.100000,1200,1400,1400,1500,1600,1700,1900,2000,2200,2300,2500,46701,1884,1200,1235.0879361490545,1.9625999848358333,2538.1243000156246,20.177897689556968
1779031465,120,,Aggregated,75.400000,1.100000,1200,1400,1400,1500,1600,1700,1900,2000,2200,2300,2500,46784,1884,1200,1235.0583807604519,1.9625999848358333,2538.1243000156246,20.17794545143639
1779031466,120,,Aggregated,74.700000,1.100000,1200,1400,1400,1500,1600,1700,1900,2000,2200,2300,2500,46874,1886,1200,1234.5905094444145,1.9625999848358333,2538.1243000156246,20.179417160899433
1779031467,120,,Aggregated,77.100000,1.200000,1200,1400,1400,1500,1600,1700,1900,2000,2200,2300,2500,46953,1888,1200,1234.0345872169382,1.9625999848358333,2538.1243000156246,20.17881711498733
1779031468,120,,Aggregated,76.200000,1.000000,1200,1400,1400,1500,1600,1700,1900,2000,2200,2300,2500,47031,1888,1200,1233.7321885755453,1.9625999848358333,2538.1243000156246,20.1810507962833
1779031469,120,,Aggregated,77.900000,1.400000,1200,1400,1400,1500,1600,1700,1900,2000,2200,2300,2500,47108,1889,1200,1233.6329968900488,1.9625999848358333,2538.1243000156246,20.180096798845206
1779031470,120,,Aggregated,78.000000,1.300000,1200,1400,1400,1500,1600,1700,1900,2000,2200,2300,2500,47182,1890,1200,1233.617937039475,1.9625999848358333,2538.1243000156246,20.178712220762154
1779031471,120,,Aggregated,77.000000,1.300000,1200,1400,1400,1500,1600,1700,1900,2000,2200,2300,2500,47259,1891,1200,1233.4876200088113,1.9625999848358333,2538.1243000156246,20.18066400050784
1779031472,120,,Aggregated,76.500000,1.100000,1200,1300,1400,1500,1600,1700,1900,2000,2200,2300,2500,47327,1892,1200,1233.4548222578278,1.9625999848358333,2538.1243000156246,20.179390200097195
1779031473,120,,Aggregated,76.800000,1.000000,1200,1300,1400,1500,1600,1700,1900,2000,2200,2300,2500,47412,1894,1200,1233.3365230404934,1.9625999848358333,2538.1243000156246,20.1808613853033
1779031474,120,,Aggregated,76.300000,0.900000,1200,1300,1400,1500,1600,1700,1900,2000,2200,2300,2500,47497,1895,1200,1232.9141591762786,1.9625999848358333,2538.1243000156246,20.182495736572836
1779031475,120,,Aggregated,77.000000,1.000000,1200,1300,1400,1500,1600,1700,1900,2000,2200,2300,2500,47576,1896,1200,1232.5799436584743,1.9625999848358333,2538.1243000156246,20.183516899276945
1779031476,120,,Aggregated,78.700000,1.200000,1200,1300,1400,1500,1600,1700,1900,2000,2200,2300,2500,47649,1897,1200,1232.3595238220146,1.9625999848358333,2538.1243000156246,20.182480219941656
1779031477,120,,Aggregated,79.300000,1.100000,1200,1300,1400,1500,1600,1700,1900,2000,2200,2300,2500,47727,1898,1200,1232.1942609255864,1.9625999848358333,2538.1243000156246,20.182391518427725
1779031478,120,,Aggregated,79.200000,1.300000,1200,1300,1400,1500,1600,1700,1900,2000,2200,2300,2500,47816,1898,1200,1231.956678335606,1.9625999848358333,2538.1243000156246,20.185816463108583
1779031479,120,,Aggregated,77.500000,0.900000,1200,1300,1400,1500,1600,1700,1900,2000,2200,2300,2500,47882,1899,1200,1231.7894445490067,1.9625999848358333,2538.1243000156246,20.184307255336034
1779031480,120,,Aggregated,77.200000,1.000000,1200,1300,1400,1500,1600,1700,1900,2000,2200,2300,2500,47971,1900,1200,1231.6923708969105,1.9625999848358333,2538.1243000156246,20.186112442934274
1779031481,120,,Aggregated,77.600000,0.900000,1200,1300,1400,1500,1600,1700,1900,2000,2200,2300,2500,48035,1901,1200,1231.387100033221,1.9625999848358333,2538.1243000156246,20.18632247319663
1779031482,120,,Aggregated,77.200000,1.100000,1200,1300,1400,1500,1600,1700,1900,2000,2200,2300,2500,48106,1901,1200,1231.4656741320432,1.9625999848358333,2538.1243000156246,20.187149212156488
1779031483,120,,Aggregated,78.100000,1.100000,1200,1300,1400,1500,1600,1700,1900,2000,2200,2300,2500,48182,1901,1200,1231.5310072702725,1.9625999848358333,2538.1243000156246,20.184757793366817
1779031484,120,,Aggregated,77.300000,0.900000,1200,1300,1400,1500,1600,1700,1900,2000,2200,2300,2500,48252,1901,1200,1231.4626795945494,1.9625999848358333,2538.1243000156246,20.184510486611956
1779031485,120,,Aggregated,77.600000,0.800000,1200,1300,1400,1500,1600,1700,1900,2000,2200,2300,2500,48324,1902,1200,1231.5976499606008,1.9625999848358333,2538.1243000156246,20.184111414617995
1779031486,120,,Aggregated,76.200000,0.600000,1200,1300,1400,1500,1600,1700,1900,2000,2200,2300,2500,48408,1903,1200,1231.4655540860178,1.9625999848358333,2538.1243000156246,20.18577507849942
1779031487,120,,Aggregated,73.800000,0.700000,1200,1300,1400,1500,1600,1700,1900,2000,2200,2300,2500,48486,1903,1200,1231.1941895989805,1.9625999848358333,2538.1243000156246,20.184115002268697
1779031488,120,,Aggregated,74.200000,0.600000,1200,1300,1400,1500,1600,1700,1900,2000,2200,2300,2500,48582,1906,1200,1230.598287762879,1.9625999848358333,2538.1243000156246,20.187909102136594
1779031489,120,,Aggregated,74.300000,0.600000,1200,1300,1400,1500,1600,1700,1900,2000,2200,2300,2500,48652,1908,1200,1230.249312141257,1.9625999848358333,2538.1243000156246,20.1858505302968
1779031490,120,,Aggregated,75.900000,0.800000,1200,1300,1400,1500,1600,1700,1900,2000,2200,2300,2500,48723,1910,1200,1230.2818560884293,1.9625999848358333,2538.1243000156246,20.187283213266834
1779031491,120,,Aggregated,76.800000,0.900000,1200,1300,1400,1500,1600,1700,1900,2000,2200,2300,2500,48797,1910,1200,1230.3242470991372,1.9625999848358333,2538.1243000156246,20.18974527122569
1779031492,120,,Aggregated,76.300000,0.900000,1200,1300,1400,1500,1600,1700,1900,2000,2200,2300,2500,48864,1911,1200,1230.4403572056367,1.9625999848358333,2538.1243000156246,20.188420923379176
1779031493,120,,Aggregated,75.000000,0.900000,1200,1300,1400,1500,1600,1700,1900,2000,2200,2300,2500,48937,1911,1200,1230.6590642907454,1.9625999848358333,2538.1243000156246,20.193350634489242
1779031494,120,,Aggregated,75.500000,0.900000,1200,1300,1400,1500,1600,1700,1900,2000,2200,2300,2500,49028,1911,1200,1230.3510413171289,1.9625999848358333,2538.1243000156246,20.19552092681733
1779031495,120,,Aggregated,74.300000,1.000000,1200,1300,1400,1500,1600,1700,1900,2000,2200,2300,2500,49098,1911,1200,1230.0530581835535,1.9625999848358333,2538.1243000156246,20.19562914986354
1779031496,120,,Aggregated,76.200000,1.000000,1200,1300,1400,1500,1600,1700,1900,2000,2200,2300,2500,49179,1914,1200,1229.9957572194685,1.9625999848358333,2538.1243000156246,20.198438357835663
1779031497,120,,Aggregated,77.300000,0.900000,1200,1300,1400,1500,1600,1700,1900,2000,2200,2300,2500,49267,1915,1200,1229.5284848437348,1.9625999848358333,2538.1243000156246,20.202102827450425
1779031498,120,,Aggregated,76.700000,0.800000,1200,1300,1400,1500,1600,1700,1900,2000,2200,2300,2500,49349,1917,1200,1229.1669979613825,1.9625999848358333,2538.1243000156246,20.201341465885832
1779031499,120,,Aggregated,78.200000,1.100000,1200,1300,1400,1500,1600,1700,1900,2000,2200,2300,2500,49428,1919,1200,1228.9809920368202,1.9625999848358333,2538.1243000156246,20.199502306385046
1779031500,120,,Aggregated,76.800000,0.900000,1200,1300,1400,1500,1600,1700,1900,2000,2200,2300,2500,49496,1919,1200,1228.820550470662,1.9625999848358333,2538.1243000156246,20.199995959269437
1779031501,120,,Aggregated,76.400000,1.100000,1200,1300,1400,1500,1600,1700,1900,2000,2200,2300,2500,49583,1919,1200,1228.600348524616,1.9625999848358333,2538.1243000156246,20.19827360183934
1779031502,120,,Aggregated,76.200000,1.000000,1200,1300,1400,1500,1600,1700,1900,2000,2200,2300,2500,49649,1920,1200,1228.5355692238675,1.9625999848358333,2538.1243000156246,20.19674112268122
1779031503,120,,Aggregated,77.900000,0.900000,1200,1300,1400,1500,1600,1700,1900,2000,2200,2300,2500,49726,1922,1200,1228.6758718154663,1.9625999848358333,2538.1243000156246,20.199714435104372
1779031504,120,,Aggregated,78.800000,0.900000,1200,1300,1400,1500,1600,1700,1900,2000,2200,2300,2500,49795,1922,1200,1228.6701238597384,1.9625999848358333,2538.1243000156246,20.19853398935636
1779031505,120,,Aggregated,78.500000,1.000000,1200,1300,1400,1500,1600,1700,1900,2000,2200,2300,2500,49856,1922,1200,1228.774022721351,1.9625999848358333,2538.1243000156246,20.19786986521181
1779031506,120,,Aggregated,77.000000,1.100000,1200,1300,1400,1500,1600,1700,1900,2000,2200,2300,2500,49929,1923,1200,1228.9834771374603,1.9625999848358333,2538.1243000156246,20.200244346972703
1779031507,120,,Aggregated,76.500000,1.100000,1200,1300,1400,1500,1600,1700,1900,2000,2200,2300,2500,50013,1925,1200,1228.9089224440916,1.9625999848358333,2538.1243000156246,20.2031671765341
1779031508,120,,Aggregated,75.800000,1.200000,1200,1300,1400,1500,1600,1700,1900,2000,2200,2300,2500,50090,1927,1200,1228.6908728208482,1.9625999848358333,2538.1243000156246,20.20419245358355
1779031509,120,,Aggregated,74.200000,1.000000,1200,1300,1400,1500,1600,1700,1900,2000,2200,2300,2500,50170,1928,1200,1228.6058511221038,1.9625999848358333,2538.1243000156246,20.204883396452065
1779031510,120,,Aggregated,74.100000,1.100000,1200,1300,1400,1500,1600,1700,1900,2000,2200,2300,2500,50231,1929,1200,1228.6487109115055,1.9625999848358333,2538.1243000156246,20.20433596782863
1779031511,120,,Aggregated,73.900000,0.900000,1200,1300,1400,1500,1600,1700,1900,2000,2200,2300,2500,50309,1930,1200,1228.7134931403089,1.9625999848358333,2538.1243000156246,20.2039396529448
1779031512,120,,Aggregated,74.000000,0.900000,1200,1300,1400,1500,1600,1700,1900,2000,2200,2300,2500,50389,1931,1200,1228.584597935975,1.9625999848358333,2538.1243000156246,20.20538212705154
1779031513,120,,Aggregated,71.600000,1.000000,1200,1300,1400,1500,1600,1700,1900,2000,2200,2300,2500,50470,1932,1200,1228.4536390924427,1.9625999848358333,2538.1243000156246,20.207529225282347
1779031514,120,,Aggregated,72.700000,1.100000,1200,1300,1400,1500,1600,1700,1900,2000,2200,2300,2500,50551,1932,1200,1228.2212677967843,1.9625999848358333,2538.1243000156246,20.209412276710648
1779031515,120,,Aggregated,74.000000,1.000000,1200,1300,1400,1500,1600,1700,1900,2000,2200,2300,2500,50620,1932,1200,1227.9799004325405,1.9625999848358333,2538.1243000156246,20.20651916238641
1779031516,120,,Aggregated,74.300000,1.000000,1200,1300,1400,1500,1600,1700,1900,2000,2200,2300,2500,50694,1934,1200,1227.9176529667232,1.9625999848358333,2538.1243000156246,20.206316329348642
1779031517,120,,Aggregated,76.000000,1.000000,1200,1300,1400,1500,1600,1700,1900,2000,2200,2300,2500,50776,1937,1200,1227.9428680734009,1.9625999848358333,2538.1243000156246,20.20830707420829
1779031518,120,,Aggregated,76.200000,1.000000,1200,1300,1400,1500,1600,1700,1900,2000,2200,2300,2500,50853,1938,1200,1227.7142513282392,1.9625999848358333,2538.1243000156246,20.21054805026252
1779031519,120,,Aggregated,76.200000,1.200000,1200,1300,1400,1500,1600,1700,1900,2000,2200,2300,2500,50932,1939,1200,1227.630697490667,1.9625999848358333,2538.1243000156246,20.21043744600644
1779031520,120,,Aggregated,75.900000,1.100000,1200,1300,1400,1500,1600,1700,1900,2000,2200,2300,2500,51004,1942,1200,1227.4682149987188,1.9625999848358333,2538.1243000156246,20.212395106266175
1779031521,120,,Aggregated,75.400000,1.200000,1200,1300,1400,1500,1600,1700,1900,2000,2200,2300,2500,51078,1942,1200,1227.3826831766173,1.9625999848358333,2538.1243000156246,20.212459375856533
1779031522,120,,Aggregated,76.800000,1.300000,1200,1300,1400,1500,1600,1700,1900,2000,2200,2300,2500,51149,1942,1200,1227.3854706386305,1.9625999848358333,2538.1243000156246,20.214119533128702
1779031523,120,,Aggregated,77.100000,1.300000,1200,1300,1400,1500,1600,1700,1900,2000,2200,2300,2500,51230,1942,1200,1227.2498508177864,1.9625999848358333,2538.1243000156246,20.212121803630684
1779031524,120,,Aggregated,76.000000,1.200000,1200,1300,1400,1500,1600,1700,1900,2000,2200,2300,2500,51299,1942,1200,1227.1518760052786,1.9625999848358333,2538.1243000156246,20.211407629778357
1779031525,120,,Aggregated,76.400000,1.100000,1200,1300,1400,1500,1600,1700,1900,2000,2200,2300,2500,51393,1943,1200,1226.9985197341005,1.9625999848358333,2538.1243000156246,20.214523378670247
1779031526,120,,Aggregated,76.000000,1.000000,1200,1300,1400,1500,1600,1700,1900,2000,2200,2300,2500,51480,1944,1200,1226.457638216678,1.9625999848358333,2538.1243000156246,20.21868686868687
1779031527,120,,Aggregated,74.300000,1.000000,1200,1300,1400,1500,1600,1700,1900,2000,2200,2300,2500,51586,1947,1200,1225.6039006647977,1.9625999848358333,2538.1243000156246,20.224983522661187
1779031528,120,,Aggregated,76.700000,1.000000,1200,1300,1400,1500,1600,1700,1900,2000,2200,2300,2500,51668,1947,1200,1225.1162262114672,1.9625999848358333,2538.1243000156246,20.225981264999614
1779031529,120,,Aggregated,79.900000,1.000000,1200,1300,1400,1500,1600,1700,1900,2000,2200,2300,2500,51736,1949,1200,1224.9189031582312,1.9625999848358333,2538.1243000156246,20.224408535642493
1779031530,120,,Aggregated,80.500000,1.000000,1200,1300,1400,1500,1600,1700,1900,2000,2200,2300,2500,51818,1950,1200,1224.8532613781772,1.9625999848358333,2538.1243000156246,20.22519201821761
1779031531,120,,Aggregated,82.000000,0.900000,1200,1300,1400,1500,1600,1700,1900,2000,2200,2300,2500,51903,1952,1200,1224.5453096024232,1.9625999848358333,2538.1243000156246,20.225825096815214
1779031532,120,,Aggregated,80.000000,0.800000,1200,1300,1400,1500,1600,1700,1900,2000,2200,2300,2500,51976,1954,1200,1224.4494588462912,1.9625999848358333,2538.1243000156246,20.225238571648454
1779031533,120,,Aggregated,82.400000,0.800000,1200,1300,1400,1500,1600,1700,1900,2000,2200,2300,2500,52052,1955,1200,1224.3589512486526,1.9625999848358333,2538.1243000156246,20.224583109198495
1779031534,120,,Aggregated,82.300000,1.100000,1200,1300,1400,1500,1600,1700,1900,2000,2200,2300,2500,52127,1956,1200,1224.2341842978585,1.9625999848358333,2538.1243000156246,20.22585224547739
1779031535,120,,Aggregated,82.200000,1.200000,1200,1300,1400,1500,1600,1700,1900,2000,2200,2300,2500,52201,1957,1200,1223.9868410508293,1.9625999848358333,2538.1243000156246,20.22693051857244
1779031536,120,,Aggregated,81.800000,1.300000,1200,1300,1400,1500,1600,1700,1900,2000,2200,2300,2500,52276,1958,1200,1223.9757308859605,1.9625999848358333,2538.1243000156246,20.225017216313415
1779031537,120,,Aggregated,83.100000,1.500000,1200,1300,1400,1500,1600,1700,1900,2000,2200,2300,2500,52349,1959,1200,1224.0651209305736,1.9625999848358333,2538.1243000156246,20.224646125045368
1779031538,120,,Aggregated,80.200000,1.400000,1200,1300,1400,1500,1600,1700,1900,2000,2200,2300,2500,52425,1961,1200,1224.0474124214495,1.9625999848358333,2538.1243000156246,20.224320457796853
1779031539,120,,Aggregated,77.300000,1.200000,1200,1300,1400,1500,1600,1700,1900,2000,2200,2300,2500,52500,1963,1200,1223.7622549599007,1.9625999848358333,2538.1243000156246,20.222857142857144
1779031540,120,,Aggregated,75.700000,1.200000,1200,1300,1400,1500,1600,1700,1900,2000,2200,2300,2500,52570,1963,1200,1223.7337851853692,1.9625999848358333,2538.1243000156246,20.222598440175005
1779031541,120,,Aggregated,75.900000,1.300000,1200,1300,1400,1500,1600,1700,1900,2000,2200,2300,2500,52660,1965,1200,1223.6396388168455,1.9625999848358333,2538.1243000156246,20.224401823015572
1779031542,120,,Aggregated,75.600000,1.400000,1200,1300,1400,1500,1600,1700,1900,2000,2200,2300,2500,52734,1965,1200,1223.397595467727,1.9625999848358333,2538.1243000156246,20.22660901884932
1779031543,120,,Aggregated,74.200000,1.300000,1200,1300,1400,1500,1600,1700,1900,2000,2200,2300,2500,52796,1966,1200,1223.3096776667742,1.9625999848358333,2538.1243000156246,20.225585271611486
1779031544,120,,Aggregated,75.300000,1.200000,1200,1300,1400,1500,1600,1700,1900,2000,2200,2300,2500,52870,1968,1200,1223.4539883713826,1.9625999848358333,2538.1243000156246,20.22653678834878
1779031545,120,,Aggregated,74.700000,1.100000,1200,1300,1400,1500,1600,1700,1900,2000,2200,2300,2500,52952,1969,1200,1223.367446370204,1.9625999848358333,2538.1243000156246,20.227753437075087
1779031546,120,,Aggregated,74.100000,1.100000,1200,1300,1400,1500,1600,1700,1900,2000,2200,2300,2500,53034,1969,1200,1223.1805393161962,1.9625999848358333,2538.1243000156246,20.228457216125506
1779031547,120,,Aggregated,73.500000,1.100000,1200,1300,1400,1500,1600,1700,1900,2000,2200,2300,2500,53123,1969,1200,1222.8331646555225,1.9625999848358333,2538.1243000156246,20.229298044161663
1779031548,120,,Aggregated,74.700000,1.200000,1200,1300,1400,1500,1600,1700,1900,2000,2200,2300,2500,53194,1969,1200,1222.5940523140873,1.9625999848358333,2538.1243000156246,20.22882279956386
1779031549,120,,Aggregated,75.100000,1.100000,1200,1300,1400,1500,1600,1700,1900,2000,2200,2300,2500,53272,1969,1200,1222.519227607293,1.9625999848358333,2538.1243000156246,20.22920108124343
1779031550,120,,Aggregated,77.400000,1.000000,1200,1300,1400,1500,1600,1700,1900,2000,2200,2300,2500,53334,1969,1200,1222.519914077245,1.9625999848358333,2538.1243000156246,20.22985337683279
1779031551,120,,Aggregated,76.100000,0.800000,1200,1300,1400,1500,1600,1700,1900,2000,2200,2300,2500,53400,1970,1200,1222.7460183463631,1.9625999848358333,2538.1243000156246,20.22812734082397
1779031552,120,,Aggregated,77.300000,0.600000,1200,1300,1400,1500,1600,1700,1900,2000,2200,2300,2500,53483,1970,1200,1222.9426629601223,1.9625999848358333,2538.1243000156246,20.22966176168128
1779031553,120,,Aggregated,75.800000,0.600000,1200,1300,1400,1500,1600,1700,1900,2000,2200,2300,2500,53547,1970,1200,1222.8833985993022,1.9625999848358333,2538.1243000156246,20.22877098623639
1779031554,120,,Aggregated,73.700000,0.500000,1200,1300,1400,1500,1600,1700,1900,2000,2200,2300,2500,53628,1972,1200,1222.8174520156854,1.9625999848358333,2538.1243000156246,20.229879913478033
1779031555,120,,Aggregated,74.800000,0.500000,1200,1300,1400,1500,1600,1700,1900,2000,2200,2300,2500,53700,1973,1200,1222.784987284872,1.9625999848358333,2538.1243000156246,20.23167597765363
1779031556,120,,Aggregated,74.900000,0.400000,1200,1300,1400,1500,1600,1700,1900,2000,2200,2300,2500,53793,1973,1200,1222.482249463636,1.9625999848358333,2538.1243000156246,20.23622032606473
1779031557,120,,Aggregated,75.200000,0.400000,1200,1300,1400,1500,1600,1700,1900,2000,2200,2300,2500,53898,1973,1200,1221.7424332701974,1.9625999848358333,2538.1243000156246,20.237726817321608
1779031558,120,,Aggregated,74.800000,0.400000,1200,1300,1400,1500,1600,1700,1900,2000,2200,2300,2500,53973,1973,1200,1221.2915041409015,1.9625999848358333,2538.1243000156246,20.23511755877939
1779031559,120,,Aggregated,75.800000,0.400000,1200,1300,1400,1500,1600,1700,1900,2000,2200,2300,2500,54054,1974,1200,1220.974239573329,1.9625999848358333,2538.1243000156246,20.234931734931735
1779031560,120,,Aggregated,77.000000,0.400000,1200,1300,1400,1500,1600,1700,1900,2000,2200,2300,2500,54128,1976,1200,1220.8242941840986,1.9625999848358333,2538.1243000156246,20.235201744014187
1779031561,120,,Aggregated,77.200000,0.400000,1200,1300,1400,1500,1600,1700,1900,2000,2200,2300,2500,54196,1976,1200,1220.8211089212675,1.9625999848358333,2538.1243000156246,20.235312569193297
1779031562,120,,Aggregated,77.800000,0.500000,1200,1300,1400,1500,1600,1700,1900,2000,2200,2300,2500,54273,1976,1200,1220.9007237355133,1.9625999848358333,2538.1243000156246,20.234315405450225
1779031563,120,,Aggregated,79.400000,0.700000,1200,1300,1400,1500,1600,1700,1900,2000,2200,2300,2500,54336,1977,1200,1221.0801797003342,1.9625999848358333,2538.1243000156246,20.232479387514722
1779031564,120,,Aggregated,79.100000,0.600000,1200,1300,1400,1500,1600,1700,1900,2000,2200,2300,2500,54427,1977,1200,1221.0871921270257,1.9625999848358333,2538.1243000156246,20.234993661234313
1779031565,120,,Aggregated,78.200000,0.700000,1200,1300,1400,1500,1600,1700,1900,2000,2200,2300,2500,54513,1979,1200,1220.707609243623,1.9625999848358333,2538.1243000156246,20.236347293306185
1779031566,120,,Aggregated,77.900000,0.700000,1200,1300,1400,1500,1600,1700,1900,2000,2200,2300,2500,54590,1980,1200,1220.4403249367576,1.9625999848358333,2538.1243000156246,20.2361238322037
1779031567,120,,Aggregated,79.700000,0.500000,1200,1300,1400,1500,1600,1700,1900,2000,2200,2300,2500,54662,1982,1200,1220.31834981517,1.9625999848358333,2538.1243000156246,20.235885990267462
1779031568,120,,Aggregated,80.600000,0.600000,1200,1300,1400,1500,1600,1700,1900,2000,2200,2300,2500,54746,1984,1200,1220.2292378182278,1.9625999848358333,2538.1243000156246,20.236802688780916
1779031569,120,,Aggregated,79.400000,0.700000,1200,1300,1400,1500,1600,1700,1900,2000,2200,2300,2500,54831,1987,1200,1219.8582602924798,1.9625999848358333,2538.1243000156246,20.239882548193542
1779031570,120,,Aggregated,76.400000,1.100000,1200,1300,1400,1500,1600,1700,1900,2000,2200,2300,2500,54913,1990,1200,1219.5141630378453,1.9625999848358333,2538.1243000156246,20.238031067324677
1779031571,120,,Aggregated,76.700000,1.200000,1200,1300,1400,1500,1600,1700,1900,2000,2200,2300,2500,54970,1990,1200,1219.4694660487003,1.9625999848358333,2538.1243000156246,20.23669274149536
1779031572,120,,Aggregated,77.000000,1.300000,1200,1300,1400,1500,1600,1700,1900,2000,2200,2300,2500,55044,1991,1200,1219.7250812513105,1.9625999848358333,2538.1243000156246,20.237537242932927
1779031573,120,,Aggregated,77.600000,1.400000,1200,1300,1400,1500,1600,1700,1900,2000,2200,2300,2500,55133,1991,1200,1219.60534379224,1.9625999848358333,2538.1243000156246,20.240473037926467
1779031574,120,,Aggregated,77.200000,1.400000,1200,1300,1400,1500,1600,1700,1900,1900,2200,2300,2500,55215,1993,1200,1219.358632900435,1.9625999848358333,2538.1243000156246,20.241456126052704
1779031575,120,,Aggregated,76.900000,1.400000,1200,1300,1400,1500,1600,1700,1900,1900,2200,2300,2500,55289,1994,1200,1219.128660142116,1.9625999848358333,2538.1243000156246,20.239740273833856
1779031576,120,,Aggregated,79.800000,1.400000,1200,1300,1400,1500,1600,1700,1900,1900,2200,2300,2500,55373,1995,1200,1218.966841780247,1.9625999848358333,2538.1243000156246,20.239051523305584
1779031577,120,,Aggregated,78.100000,1.600000,1200,1300,1400,1500,1600,1700,1900,1900,2200,2300,2500,55451,1995,1200,1218.7343513912745,1.9625999848358333,2538.1243000156246,20.238426719085318
1779031579,120,,Aggregated,77.200000,1.500000,1200,1300,1400,1500,1600,1700,1900,1900,2200,2300,2500,55534,1996,1200,1218.4960498036853,1.9625999848358333,2538.1243000156246,20.240051139842258
1779031580,120,,Aggregated,77.900000,1.500000,1200,1300,1400,1500,1600,1700,1900,1900,2200,2300,2500,55595,1996,1200,1218.3744285942582,1.9625999848358333,2538.1243000156246,20.237395449231045
1779031581,120,,Aggregated,78.300000,1.100000,1200,1300,1400,1500,1600,1700,1900,1900,2200,2300,2500,55658,1996,1200,1218.6530807664246,1.9625999848358333,2538.1243000156246,20.236318229185382
1779031582,120,,Aggregated,76.300000,0.900000,1200,1300,1400,1500,1600,1700,1900,1900,2200,2300,2500,55733,1999,1200,1218.9954035885003,1.9625999848358333,2538.1243000156246,20.23835070783916
1779031583,120,,Aggregated,74.300000,0.600000,1200,1300,1400,1500,1600,1700,1900,1900,2200,2300,2500,55810,1999,1200,1219.0576388030418,1.9625999848358333,2538.1243000156246,20.239562802365167
1779031584,120,,Aggregated,76.100000,0.900000,1200,1300,1400,1500,1600,1700,1900,1900,2200,2300,2500,55886,1999,1200,1219.0099382903998,1.9625999848358333,2538.1243000156246,20.240095909530115
1779031585,120,,Aggregated,76.200000,0.800000,1200,1300,1400,1500,1600,1700,1900,1900,2200,2300,2500,55970,1999,1200,1218.879341409631,1.9625999848358333,2538.1243000156246,20.244220117920314
1779031586,120,,Aggregated,74.800000,0.800000,1200,1300,1400,1500,1600,1700,1900,1900,2200,2300,2500,56053,2000,1200,1218.5627544609013,1.9625999848358333,2538.1243000156246,20.245820919486913
1779031587,120,,Aggregated,74.800000,0.600000,1200,1300,1400,1500,1600,1700,1900,1900,2200,2300,2500,56121,2000,1200,1218.4175089110486,1.9625999848358333,2538.1243000156246,20.24277899538497
1779031588,120,,Aggregated,76.000000,0.600000,1200,1300,1400,1500,1600,1700,1900,1900,2200,2300,2500,56199,2001,1200,1218.4319615882293,1.9625999848358333,2538.1243000156246,20.24498656559725
1779031589,120,,Aggregated,74.500000,0.500000,1200,1300,1400,1500,1600,1700,1900,1900,2200,2300,2500,56285,2002,1200,1218.2071737158508,1.9625999848358333,2538.1243000156246,20.247277249711292
1779031590,120,,Aggregated,74.400000,0.600000,1200,1300,1400,1500,1600,1700,1900,1900,2200,2300,2500,56369,2002,1200,1217.9137208677976,1.9625999848358333,2538.1243000156246,20.249942344196278
1779031591,120,,Aggregated,75.000000,0.600000,1200,1300,1400,1500,1600,1700,1900,1900,2200,2300,2500,56454,2003,1200,1217.6473976670718,1.9625999848358333,2538.1243000156246,20.252719027881106
1779031592,120,,Aggregated,76.700000,0.600000,1200,1300,1400,1500,1600,1700,1900,1900,2200,2300,2500,56517,2003,1200,1217.5801145513185,1.9625999848358333,2538.1243000156246,20.254348249199357
1779031593,120,,Aggregated,78.900000,0.700000,1200,1300,1400,1500,1600,1700,1900,1900,2200,2300,2500,56591,2004,1200,1217.6116922990802,1.9625999848358333,2538.1243000156246,20.25320280609991
1779031594,120,,Aggregated,78.000000,0.400000,1200,1300,1400,1500,1600,1700,1900,1900,2200,2300,2500,56661,2004,1200,1217.6157555337402,1.9625999848358333,2538.1243000156246,20.253613596653782
1779031595,120,,Aggregated,77.600000,0.500000,1200,1300,1400,1500,1600,1700,1900,1900,2200,2300,2500,56741,2005,1200,1217.6250017500086,1.9625999848358333,2538.1243000156246,20.254049100297845
1779031596,120,,Aggregated,77.600000,0.500000,1200,1300,1400,1500,1600,1700,1900,1900,2200,2300,2500,56816,2006,1200,1217.5657950647199,1.9625999848358333,2538.1243000156246,20.256758659532526
1779031597,120,,Aggregated,76.900000,0.600000,1200,1300,1400,1500,1600,1700,1900,1900,2200,2300,2500,56888,2007,1200,1217.5533325428403,1.9625999848358333,2538.1243000156246,20.256539164674447
1779031598,120,,Aggregated,75.600000,0.500000,1200,1300,1400,1500,1600,1700,1900,1900,2200,2300,2500,56963,2007,1200,1217.5677050067045,1.9625999848358333,2538.1243000156246,20.25657005424574
1779031599,120,,Aggregated,76.100000,0.700000,1200,1300,1400,1500,1600,1700,1900,1900,2200,2300,2500,57050,2008,1200,1217.423010755422,1.9625999848358333,2538.1243000156246,20.259158632778266
1779031600,120,,Aggregated,76.100000,0.600000,1200,1300,1400,1500,1600,1700,1900,1900,2200,2300,2500,57114,2008,1200,1217.286116864459,1.9625999848358333,2538.1243000156246,20.260058829709003
1779031601,120,,Aggregated,75.700000,0.600000,1200,1300,1400,1500,1600,1700,1900,1900,2200,2300,2500,57201,2012,1200,1217.2339150538714,1.9625999848358333,2538.1243000156246,20.260380063285606
1779031602,120,,Aggregated,74.800000,0.600000,1200,1300,1400,1500,1600,1700,1900,1900,2200,2300,2500,57266,2012,1200,1217.1443416075276,1.9625999848358333,2538.1243000156246,20.260119442601194
1779031603,120,,Aggregated,74.200000,0.800000,1200,1300,1400,1500,1600,1700,1900,1900,2200,2300,2500,57347,2013,1200,1217.2226867071786,1.9625999848358333,2538.1243000156246,20.261478368528433
1779031604,120,,Aggregated,74.800000,0.900000,1200,1300,1400,1500,1600,1700,1900,1900,2200,2300,2500,57416,2014,1200,1217.174368411182,1.9625999848358333,2538.1243000156246,20.25989271283266
1779031605,120,,Aggregated,75.300000,0.900000,1200,1300,1400,1500,1600,1700,1900,1900,2200,2300,2500,57477,2014,1200,1217.2340528732668,1.9625999848358333,2538.1243000156246,20.258346816987665
1779031606,120,,Aggregated,75.200000,1.000000,1200,1300,1400,1500,1600,1700,1900,1900,2200,2300,2500,57572,2015,1200,1217.3212041165318,1.9625999848358333,2538.1243000156246,20.25950114639061
1779031607,120,,Aggregated,73.500000,0.900000,1200,1300,1400,1500,1600,1700,1900,1900,2200,2300,2500,57667,2017,1200,1216.6555684082196,1.9625999848358333,2538.1243000156246,20.262541835018293
1779031608,120,,Aggregated,75.000000,0.900000,1200,1300,1400,1500,1600,1700,1900,1900,2200,2300,2500,57767,2018,1200,1216.0877855608994,1.9625999848358333,2538.1243000156246,20.26565340073052
1779031609,120,,Aggregated,77.600000,1.000000,1200,1300,1400,1500,1600,1700,1900,1900,2200,2300,2500,57844,2018,1200,1215.7113095221036,1.9625999848358333,2538.1243000156246,20.266907544429845
1779031610,120,,Aggregated,79.000000,1.000000,1200,1300,1400,1500,1600,1700,1900,1900,2200,2300,2500,57938,2020,1200,1215.377711952374,1.9625999848358333,2538.1243000156246,20.270703165452726
1779031611,120,,Aggregated,79.300000,1.000000,1200,1300,1400,1500,1600,1700,1900,1900,2200,2300,2500,58006,2020,1200,1215.080919110037,1.9625999848358333,2538.1243000156246,20.271747750232734
1779031612,120,,Aggregated,81.300000,1.200000,1200,1300,1400,1500,1600,1700,1800,1900,2200,2300,2500,58071,2021,1200,1215.1308852628138,1.9625999848358333,2538.1243000156246,20.272976184326083
1779031613,120,,Aggregated,80.800000,0.900000,1200,1300,1400,1500,1600,1700,1900,1900,2200,2300,2500,58140,2022,1200,1215.3908740556726,1.9625999848358333,2538.1243000156246,20.274458204334366
1779031614,120,,Aggregated,79.700000,0.900000,1200,1300,1400,1500,1600,1700,1800,1900,2200,2300,2500,58217,2023,1200,1215.4110436607316,1.9625999848358333,2538.1243000156246,20.27600185512823
1779031615,120,,Aggregated,78.600000,0.900000,1200,1300,1400,1500,1600,1700,1800,1900,2200,2300,2500,58309,2026,1200,1215.2002375344564,1.9625999848358333,2538.1243000156246,20.276320979608638
1779031616,120,,Aggregated,79.100000,0.900000,1200,1300,1400,1500,1600,1700,1800,1900,2200,2300,2500,58367,2026,1200,1215.0813781211427,1.9625999848358333,2538.1243000156246,20.27411037058612
1779031617,120,,Aggregated,82.100000,0.900000,1200,1300,1400,1500,1600,1700,1800,1900,2200,2300,2500,58459,2028,1200,1215.0784355787243,1.9625999848358333,2538.1243000156246,20.273217126533126
1779031618,120,,Aggregated,79.900000,1.200000,1200,1300,1400,1500,1600,1700,1800,1900,2200,2300,2500,58535,2029,1200,1214.815034384496,1.9625999848358333,2538.1243000156246,20.273494490475784
1779031619,120,,Aggregated,78.100000,1.100000,1200,1300,1400,1500,1600,1700,1800,1900,2200,2300,2500,58618,2031,1200,1214.588639680579,1.9625999848358333,2538.1243000156246,20.275324985499335
1779031620,120,,Aggregated,77.000000,1.200000,1200,1300,1400,1500,1600,1700,1800,1900,2200,2300,2500,58697,2032,1200,1214.367639085408,1.9625999848358333,2538.1243000156246,20.2757551493262
1779031621,120,,Aggregated,76.800000,1.300000,1200,1300,1400,1500,1600,1700,1800,1900,2200,2300,2500,58781,2035,1200,1214.1268745138088,1.9625999848358333,2538.1243000156246,20.276568959357615
1779031622,120,,Aggregated,75.700000,1.200000,1200,1300,1400,1500,1600,1700,1800,1900,2200,2300,2500,58843,2036,1200,1214.0382800043521,1.9625999848358333,2538.1243000156246,20.2746460921435
1779031623,120,,Aggregated,76.900000,1.500000,1200,1300,1400,1500,1600,1700,1800,1900,2200,2300,2500,58927,2037,1200,1214.0424971998586,1.9625999848358333,2538.1243000156246,20.273779421996707
1779031624,120,,Aggregated,77.300000,1.500000,1200,1300,1400,1500,1600,1700,1800,1900,2200,2300,2500,59010,2039,1200,1213.8780253397076,1.9625999848358333,2538.1243000156246,20.27325876970005
1779031625,120,,Aggregated,78.900000,1.500000,1200,1300,1400,1500,1600,1700,1800,1900,2200,2300,2500,59081,2040,1200,1213.7999979400527,1.9625999848358333,2538.1243000156246,20.272507235828776
1779031626,120,,Aggregated,78.900000,1.600000,1200,1300,1400,1500,1600,1700,1800,1900,2200,2300,2500,59168,2043,1200,1213.650965547196,1.9625999848358333,2538.1243000156246,20.276145889670094
1779031627,120,,Aggregated,77.300000,1.700000,1200,1300,1400,1500,1600,1700,1800,1900,2200,2300,2500,59240,2044,1200,1213.5350126754893,1.9625999848358333,2538.1243000156246,20.27364956110736
1779031628,120,,Aggregated,79.400000,1.700000,1200,1300,1400,1500,1600,1700,1800,1900,2200,2300,2500,59314,2045,1200,1213.5184758032847,1.9625999848358333,2538.1243000156246,20.274522035269918
1779031629,120,,Aggregated,78.800000,1.500000,1200,1300,1400,1500,1600,1700,1800,1900,2200,2300,2500,59402,2047,1200,1213.3875790242123,1.9625999848358333,2538.1243000156246,20.2737281573011
1779031630,120,,Aggregated,77.800000,1.600000,1200,1300,1400,1500,1600,1700,1800,1900,2200,2300,2500,59477,2048,1200,1213.1096742639386,1.9625999848358333,2538.1243000156246,20.27489617835466
1779031631,120,,Aggregated,77.800000,1.600000,1200,1300,1400,1400,1600,1700,1800,1900,2200,2300,2500,59547,2049,1200,1212.9981141081234,1.9625999848358333,2538.1243000156246,20.27304482173745
1779031632,120,,Aggregated,77.900000,1.600000,1200,1300,1400,1400,1600,1700,1800,1900,2200,2300,2500,59631,2053,1200,1212.9152576343909,1.9625999848358333,2538.1243000156246,20.272257718300885
1779031633,120,,Aggregated,76.400000,1.400000,1200,1300,1400,1400,1600,1700,1800,1900,2200,2300,2500,59719,2054,1200,1212.6815049849527,1.9625999848358333,2538.1243000156246,20.274318056230012
1779031634,120,,Aggregated,78.100000,1.600000,1200,1300,1400,1400,1600,1700,1800,1900,2200,2300,2500,59802,2057,1200,1212.3153406607926,1.9625999848358333,2538.1243000156246,20.27560951138758
1779031635,120,,Aggregated,78.300000,1.600000,1200,1300,1400,1400,1600,1700,1800,1900,2200,2300,2500,59884,2057,1200,1212.0255895530759,1.9625999848358333,2538.1243000156246,20.276517934673702
1779031636,120,,Aggregated,79.400000,1.700000,1200,1300,1400,1400,1600,1700,1800,1900,2200,2300,2500,59957,2057,1200,1211.9528745033306,1.9625999848358333,2538.1243000156246,20.27549743983188
1779031637,120,,Aggregated,79.600000,1.700000,1200,1300,1400,1400,1600,1700,1800,1900,2200,2300,2500,60057,2057,1200,1211.7357365985079,1.9625999848358333,2538.1243000156246,20.281465940689678
1779031638,120,,Aggregated,78.300000,1.400000,1200,1300,1400,1400,1600,1700,1800,1900,2200,2300,2500,60138,2058,1200,1211.2644946854916,1.9625999848358333,2538.1243000156246,20.282450364162425
1779031639,120,,Aggregated,79.500000,1.400000,1200,1300,1400,1400,1600,1700,1800,1900,2200,2300,2500,60203,2058,1200,1211.1276374349513,1.9625999848358333,2538.1243000156246,20.28084979153863
1779031640,120,,Aggregated,82.200000,1.300000,1200,1300,1400,1400,1600,1700,1800,1900,2200,2300,2500,60273,2058,1200,1211.302657299232,1.9625999848358333,2538.1243000156246,20.282215917575034
1779031641,120,,Aggregated,80.700000,1.100000,1200,1300,1400,1400,1600,1700,1800,1900,2200,2300,2500,60349,2060,1200,1211.4081702248056,1.9625999848358333,2538.1243000156246,20.283699812755803
1779031642,120,,Aggregated,78.900000,1.000000,1200,1300,1400,1400,1600,1700,1800,1900,2200,2300,2500,60428,2061,1200,1211.2529794316695,1.9625999848358333,2538.1243000156246,20.28536440060899
1779031643,120,,Aggregated,79.500000,1.000000,1200,1300,1400,1400,1600,1700,1800,1900,2200,2300,2500,60492,2062,1200,1211.3175717433173,1.9625999848358333,2538.1243000156246,20.284781458705282
1779031644,120,,Aggregated,79.500000,0.800000,1200,1300,1400,1400,1600,1700,1800,1900,2200,2300,2500,60553,2064,1200,1211.5090329347313,1.9625999848358333,2538.1243000156246,20.286063448549204
1779031645,120,,Aggregated,78.000000,0.900000,1200,1300,1400,1400,1600,1700,1800,1900,2200,2300,2500,60633,2066,1200,1211.703109390875,1.9625999848358333,2538.1243000156246,20.28740125014431
1779031646,120,,Aggregated,75.400000,0.800000,1200,1300,1400,1400,1600,1700,1800,1900,2200,2300,2500,60715,2068,1200,1211.5470223700388,1.9625999848358333,2538.1243000156246,20.28889071893272
1779031647,120,,Aggregated,75.200000,0.800000,1200,1300,1400,1400,1600,1700,1800,1900,2200,2300,2500,60810,2069,1200,1211.2331078522784,1.9625999848358333,2538.1243000156246,20.288291399440883
1779031648,120,,Aggregated,75.800000,1.000000,1200,1300,1400,1400,1600,1700,1800,1900,2200,2300,2500,60893,2071,1200,1210.837939444552,1.9625999848358333,2538.1243000156246,20.28847322352323
1779031649,120,,Aggregated,76.200000,1.200000,1200,1300,1400,1400,1600,1700,1800,1900,2200,2300,2500,60969,2071,1200,1210.6886273417135,1.9625999848358333,2538.1243000156246,20.290967540881432
1779031650,120,,Aggregated,74.600000,1.200000,1200,1300,1400,1400,1600,1700,1800,1900,2200,2300,2500,61046,2072,1200,1210.5347665251873,1.9625999848358333,2538.1243000156246,20.28943747338073
1779031651,120,,Aggregated,75.600000,1.300000,1200,1300,1400,1400,1600,1700,1800,1900,2200,2300,2500,61123,2072,1200,1210.4203235131854,1.9625999848358333,2538.1243000156246,20.29147783976572
1779031652,120,,Aggregated,77.100000,1.400000,1200,1300,1400,1400,1600,1700,1800,1900,2200,2300,2500,61193,2073,1200,1210.425652206894,1.9625999848358333,2538.1243000156246,20.29058879283578
1779031653,120,,Aggregated,77.200000,1.300000,1200,1300,1400,1400,1600,1700,1800,1900,2200,2300,2500,61277,2073,1200,1210.3491982472437,1.9625999848358333,2538.1243000156246,20.29120224554074
1779031654,120,,Aggregated,76.400000,1.300000,1200,1300,1400,1400,1600,1700,1800,1900,2200,2300,2500,61367,2074,1200,1210.040542788407,1.9625999848358333,2538.1243000156246,20.293023937947105
1779031655,120,,Aggregated,76.800000,1.100000,1200,1300,1400,1400,1600,1700,1800,1900,2200,2300,2500,61453,2077,1200,1209.4667940506722,1.9625999848358333,2538.1243000156246,20.29232096073422
1779031656,120,,Aggregated,79.600000,0.900000,1200,1300,1400,1400,1600,1700,1800,1900,2200,2300,2500,61527,2077,1200,1209.3385318168623,1.9625999848358333,2538.1243000156246,20.29440733336584
1779031657,120,,Aggregated,82.500000,1.200000,1200,1300,1400,1400,1600,1700,1800,1900,2200,2300,2500,61605,2078,1200,1209.3084041651882,1.9625999848358333,2538.1243000156246,20.296323350377403
1779031658,120,,Aggregated,80.900000,1.000000,1200,1300,1400,1400,1600,1700,1800,1900,2200,2300,2500,61679,2078,1200,1209.2418017525645,1.9625999848358333,2538.1243000156246,20.2966974172733
1779031659,120,,Aggregated,79.200000,0.900000,1200,1300,1400,1400,1600,1700,1800,1900,2200,2300,2500,61756,2079,1200,1209.209625043662,1.9625999848358333,2538.1243000156246,20.297120927521213
1779031660,120,,Aggregated,79.100000,0.800000,1200,1300,1400,1400,1600,1700,1800,1900,2200,2300,2500,61826,2079,1200,1209.2119292999148,1.9625999848358333,2538.1243000156246,20.296865396435155
1779031661,120,,Aggregated,78.600000,0.800000,1200,1300,1400,1400,1600,1700,1800,1900,2200,2300,2500,61893,2081,1200,1209.2806280531931,1.9625999848358333,2538.1243000156246,20.297901216615774
1779031662,120,,Aggregated,77.900000,0.700000,1200,1300,1400,1400,1600,1700,1800,1900,2200,2300,2500,61963,2083,1200,1209.4715507221506,1.9625999848358333,2538.1243000156246,20.297919726288267
1779031663,120,,Aggregated,76.900000,0.900000,1200,1300,1400,1400,1600,1700,1800,1900,2200,2300,2500,62049,2085,1200,1209.4497810004386,1.9625999848358333,2538.1243000156246,20.29778078615288
1779031664,120,,Aggregated,76.500000,0.900000,1200,1300,1400,1400,1600,1700,1800,1900,2200,2300,2500,62123,2085,1200,1209.2944959627823,1.9625999848358333,2538.1243000156246,20.297538753762698
1779031665,120,,Aggregated,76.900000,1.100000,1200,1300,1400,1400,1600,1700,1800,1900,2200,2300,2500,62222,2088,1200,1209.0629582815668,1.9625999848358333,2538.1243000156246,20.30113143261226
1779031666,120,,Aggregated,76.300000,1.200000,1200,1300,1400,1400,1600,1700,1800,1900,2200,2300,2500,62292,2088,1200,1208.8125843446282,1.9625999848358333,2538.1243000156246,20.300038528221922
1779031667,120,,Aggregated,74.500000,1.100000,1200,1300,1400,1400,1600,1700,1800,1900,2200,2300,2500,62365,2088,1200,1208.700059974279,1.9625999848358333,2538.1243000156246,20.301018199310512
1779031668,120,,Aggregated,76.700000,1.100000,1200,1300,1400,1400,1600,1700,1800,1900,2200,2300,2500,62437,2088,1200,1208.6971748834208,1.9625999848358333,2538.1243000156246,20.30017457597258
1779031669,120,,Aggregated,77.000000,1.000000,1200,1300,1400,1400,1600,1700,1800,1900,2200,2300,2500,62521,2090,1200,1208.7239616336287,1.9625999848358333,2538.1243000156246,20.30231442235409
1779031670,120,,Aggregated,75.800000,1.000000,1200,1300,1400,1400,1600,1700,1800,1900,2200,2300,2500,62597,2090,1200,1208.6469064411335,1.9625999848358333,2538.1243000156246,20.304423534674186
1779031671,120,,Aggregated,75.200000,1.100000,1200,1300,1400,1400,1600,1700,1800,1900,2200,2300,2500,62667,2091,1200,1208.6267652703298,1.9625999848358333,2538.1243000156246,20.301642012542487
1779031672,120,,Aggregated,75.800000,1.100000,1200,1300,1400,1400,1600,1700,1800,1900,2200,2300,2500,62724,2092,1200,1208.7517023291898,1.9625999848358333,2538.1243000156246,20.301033097378994
1779031673,120,,Aggregated,76.800000,0.900000,1200,1300,1400,1400,1600,1700,1800,1900,2200,2300,2500,62815,2092,1200,1208.8776550266002,1.9625999848358333,2538.1243000156246,20.30280983841439
1779031674,120,,Aggregated,76.600000,1.000000,1200,1300,1400,1400,1600,1700,1800,1900,2200,2300,2500,62883,2094,1200,1208.668076926929,1.9625999848358333,2538.1243000156246,20.301878091057997
1779031675,120,,Aggregated,76.000000,0.800000,1200,1300,1400,1400,1600,1700,1800,1900,2200,2300,2500,62964,2096,1200,1208.5561781318863,1.9625999848358333,2538.1243000156246,20.300886220697542
1779031676,120,,Aggregated,75.700000,0.800000,1200,1300,1400,1400,1600,1700,1800,1900,2200,2300,2500,63037,2098,1200,1208.5433572536165,1.9625999848358333,2538.1243000156246,20.301410282849755
1779031677,120,,Aggregated,74.800000,0.700000,1200,1300,1400,1400,1600,1700,1800,1900,2200,2300,2500,63107,2101,1200,1208.6107914889953,1.9625999848358333,2538.1243000156246,20.300743182214333
1779031678,120,,Aggregated,74.200000,1.000000,1200,1300,1400,1400,1600,1700,1800,1900,2200,2300,2500,63177,2104,1200,1208.7086398672977,1.9625999848358333,2538.1243000156246,20.301644585846116
1779031679,120,,Aggregated,72.500000,1.200000,1200,1300,1400,1400,1600,1700,1800,1900,2200,2300,2500,63254,2104,1200,1208.6935732506481,1.9625999848358333,2538.1243000156246,20.301514528725455
1779031680,120,,Aggregated,73.200000,1.500000,1200,1300,1400,1400,1600,1700,1800,1900,2200,2300,2500,63332,2104,1200,1208.5521478098967,1.9625999848358333,2538.1243000156246,20.30144318827765
1779031681,120,,Aggregated,73.300000,1.400000,1200,1300,1400,1400,1600,1700,1800,1900,2200,2300,2500,63412,2106,1200,1208.3846443921732,1.9625999848358333,2538.1243000156246,20.300794802245633
1779031682,120,,Aggregated,74.400000,1.400000,1200,1300,1400,1400,1600,1700,1800,1900,2200,2300,2500,63482,2106,1200,1208.327097747333,1.9625999848358333,2538.1243000156246,20.299785766043918
1779031683,120,,Aggregated,74.300000,1.500000,1200,1300,1400,1400,1600,1700,1800,1900,2200,2300,2500,63568,2106,1200,1208.2365208012911,1.9625999848358333,2538.1243000156246,20.30082746035741
1779031684,120,,Aggregated,74.600000,1.400000,1200,1300,1400,1400,1600,1700,1800,1900,2200,2300,2500,63643,2108,1200,1208.1061537623361,1.9625999848358333,2538.1243000156246,20.30240560627249
1779031685,120,,Aggregated,76.500000,1.400000,1200,1300,1400,1400,1600,1700,1800,1900,2200,2300,2500,63716,2109,1200,1208.046823009862,1.9625999848358333,2538.1243000156246,20.302153305292233
1779031686,120,,Aggregated,75.100000,1.300000,1200,1300,1400,1400,1600,1700,1800,1900,2200,2300,2500,63795,2110,1200,1208.0159982521564,1.9625999848358333,2538.1243000156246,20.301857512344228
1779031687,120,,Aggregated,74.700000,1.400000,1200,1300,1400,1400,1600,1700,1800,1900,2200,2300,2500,63863,2111,1200,1207.9603375036584,1.9625999848358333,2538.1243000156246,20.30116029625918
1779031688,120,,Aggregated,74.200000,1.100000,1200,1300,1400,1400,1600,1700,1800,1900,2200,2300,2500,63943,2114,1200,1208.0011085904018,1.9625999848358333,2538.1243000156246,20.301534178878065
1779031689,120,,Aggregated,75.900000,1.100000,1200,1300,1400,1400,1600,1700,1800,1900,2200,2300,2500,64020,2115,1200,1207.8823335160291,1.9625999848358333,2538.1243000156246,20.304373633239614
1779031690,120,,Aggregated,75.500000,1.000000,1200,1300,1400,1400,1600,1700,1800,1900,2200,2300,2500,64094,2115,1200,1207.7999844150188,1.9625999848358333,2538.1243000156246,20.303569756919526
1779031691,120,,Aggregated,76.600000,1.000000,1200,1300,1400,1400,1600,1700,1800,1900,2200,2300,2500,64165,2116,1200,1207.7259123851982,1.9625999848358333,2538.1243000156246,20.3047611626276
1779031692,120,,Aggregated,76.200000,1.100000,1200,1300,1400,1400,1600,1700,1800,1900,2200,2300,2500,64239,2118,1200,1207.8562312068439,1.9625999848358333,2538.1243000156246,20.30475256464142
1779031693,120,,Aggregated,75.800000,1.100000,1200,1300,1400,1400,1600,1700,1800,1900,2200,2300,2500,64304,2118,1200,1207.9612599480047,1.9625999848358333,2538.1243000156246,20.304226797710875
1779031694,120,,Aggregated,74.800000,1.100000,1200,1300,1400,1400,1600,1700,1800,1900,2200,2300,2500,64372,2120,1200,1208.101212374892,1.9625999848358333,2538.1243000156246,20.303532591810104
1779031695,120,,Aggregated,73.600000,1.200000,1200,1300,1400,1400,1600,1700,1800,1900,2200,2300,2500,64453,2121,1200,1208.1259500084782,1.9625999848358333,2538.1243000156246,20.30498192481343
1779031696,120,,Aggregated,72.900000,1.400000,1200,1300,1400,1400,1600,1700,1800,1900,2200,2300,2500,64529,2122,1200,1207.920346413189,1.9625999848358333,2538.1243000156246,20.309860682793783
1779031697,120,,Aggregated,73.900000,1.200000,1200,1300,1400,1400,1600,1700,1800,1900,2200,2300,2500,64609,2123,1200,1207.8058734123242,1.9625999848358333,2538.1243000156246,20.30904363169218
1779031698,120,,Aggregated,74.000000,1.200000,1200,1300,1400,1400,1600,1700,1800,1900,2200,2300,2500,64698,2123,1200,1207.4936938993005,1.9625999848358333,2538.1243000156246,20.308726699434295
1779031699,120,,Aggregated,73.600000,1.100000,1200,1300,1400,1400,1600,1700,1800,1900,2200,2300,2500,64782,2124,1200,1207.093639452273,1.9625999848358333,2538.1243000156246,20.309391497638234
1779031700,120,,Aggregated,75.200000,1.000000,1200,1300,1400,1400,1600,1700,1800,1900,2200,2300,2500,64854,2128,1200,1206.9576289804359,1.9625999848358333,2538.1243000156246,20.308909242298085
1779031701,120,,Aggregated,76.600000,1.000000,1200,1300,1400,1400,1600,1700,1800,1900,2200,2300,2500,64914,2129,1200,1207.1165299472723,1.9625999848358333,2538.1243000156246,20.306944572819422
1779031702,120,,Aggregated,75.500000,0.900000,1200,1300,1400,1400,1600,1700,1800,1900,2200,2300,2500,64983,2133,1200,1207.3985573995885,1.9625999848358333,2538.1243000156246,20.306957204191864
1779031703,120,,Aggregated,74.600000,1.200000,1200,1300,1400,1400,1600,1700,1800,1900,2200,2300,2500,65072,2134,1200,1207.3962934871724,1.9625999848358333,2538.1243000156246,20.30607634620113
1779031704,120,,Aggregated,73.900000,1.200000,1200,1300,1400,1400,1600,1700,1800,1900,2200,2300,2500,65141,2136,1200,1207.2367769223195,1.9625999848358333,2538.1243000156246,20.30694954022812
1779031705,120,,Aggregated,75.100000,1.500000,1200,1300,1400,1400,1600,1700,1800,1900,2200,2300,2500,65212,2136,1200,1207.2466861604726,1.9625999848358333,2538.1243000156246,20.305833282217996
1779031706,120,,Aggregated,76.300000,1.600000,1200,1300,1400,1400,1600,1700,1800,1900,2200,2300,2500,65277,2136,1200,1207.369657835019,1.9625999848358333,2538.1243000156246,20.304732141489346
1779031707,120,,Aggregated,75.700000,1.500000,1200,1300,1400,1400,1600,1700,1800,1900,2200,2300,2500,65364,2137,1200,1207.381497184941,1.9625999848358333,2538.1243000156246,20.305565754849763
1779031708,120,,Aggregated,75.200000,1.500000,1200,1300,1400,1400,1600,1700,1800,1900,2200,2300,2500,65438,2137,1200,1207.2223871037745,1.9625999848358333,2538.1243000156246,20.305648094379414
1779031709,120,,Aggregated,74.900000,1.500000,1200,1300,1400,1400,1600,1700,1800,1900,2200,2300,2500,65522,2139,1200,1207.1001768306276,1.9625999848358333,2538.1243000156246,20.305912517932907
1779031710,120,,Aggregated,74.800000,1.400000,1200,1300,1400,1400,1600,1700,1800,1900,2200,2300,2500,65599,2139,1200,1206.9378855667978,1.9625999848358333,2538.1243000156246,20.306620527751946
1779031711,120,,Aggregated,72.400000,1.500000,1200,1300,1400,1400,1600,1700,1800,1900,2200,2300,2500,65666,2139,1200,1206.8606379571825,1.9625999848358333,2538.1243000156246,20.305820363658516
1779031712,120,,Aggregated,74.200000,1.500000,1200,1300,1400,1400,1600,1700,1800,1900,2200,2300,2500,65743,2140,1200,1206.945462376163,1.9625999848358333,2538.1243000156246,20.307546050530096
1779031713,120,,Aggregated,74.500000,1.100000,1200,1300,1400,1400,1600,1700,1800,1900,2200,2300,2500,65816,2140,1200,1206.912080931632,1.9625999848358333,2538.1243000156246,20.30715935334873
1779031714,120,,Aggregated,76.000000,1.100000,1200,1300,1400,1400,1600,1700,1800,1900,2200,2300,2500,65891,2141,1200,1206.9886107631721,1.9625999848358333,2538.1243000156246,20.306855260961285
1779031715,120,,Aggregated,75.100000,0.700000,1200,1300,1400,1400,1600,1700,1800,1900,2200,2300,2500,65971,2141,1200,1206.8867247441458,1.9625999848358333,2538.1243000156246,20.30974215943369
1779031716,120,,Aggregated,74.100000,0.400000,1200,1300,1400,1400,1600,1700,1800,1900,2200,2300,2500,66052,2141,1200,1206.7278412174624,1.9625999848358333,2538.1243000156246,20.309937624901593
1779031717,120,,Aggregated,75.300000,0.500000,1200,1300,1400,1400,1600,1700,1800,1900,2200,2300,2500,66121,2143,1200,1206.6705678815515,1.9625999848358333,2538.1243000156246,20.309266345034104
1779031718,120,,Aggregated,76.600000,0.500000,1200,1300,1400,1400,1600,1700,1800,1900,2200,2300,2500,66215,2144,1200,1206.5886477081688,1.9625999848358333,2538.1243000156246,20.309370988446727
1779031719,120,,Aggregated,76.900000,0.500000,1200,1300,1400,1400,1600,1700,1800,1900,2200,2300,2500,66284,2146,1200,1206.3947637196984,1.9625999848358333,2538.1243000156246,20.309335586265163
1779031720,120,,Aggregated,75.500000,0.600000,1200,1300,1400,1400,1600,1700,1800,1900,2200,2300,2500,66353,2146,1200,1206.4444583394352,1.9625999848358333,2538.1243000156246,20.30877277591066
1779031721,120,,Aggregated,76.800000,0.600000,1200,1300,1400,1400,1600,1700,1800,1900,2200,2300,2500,66425,2146,1200,1206.5044523266308,1.9625999848358333,2538.1243000156246,20.309205871283403
1779031722,120,,Aggregated,75.100000,0.700000,1200,1300,1400,1400,1600,1700,1800,1900,2200,2300,2500,66488,2146,1200,1206.668369027445,1.9625999848358333,2538.1243000156246,20.308205992058717
1779031723,120,,Aggregated,75.600000,0.700000,1200,1300,1400,1400,1600,1700,1800,1900,2200,2300,2500,66559,2147,1200,1206.9536720367905,1.9625999848358333,2538.1243000156246,20.30921438122568
1779031724,120,,Aggregated,74.500000,0.600000,1200,1300,1400,1400,1600,1700,1800,1900,2200,2300,2500,66630,2147,1200,1207.0463869757912,1.9625999848358333,2538.1243000156246,20.30926009305118
1779031725,120,,Aggregated,73.400000,0.600000,1200,1300,1400,1400,1600,1700,1800,1900,2200,2300,2500,66711,2150,1200,1207.102106570084,1.9625999848358333,2538.1243000156246,20.31102816626943
1779031726,120,,Aggregated,74.500000,0.700000,1200,1300,1400,1400,1600,1700,1800,1900,2200,2300,2500,66795,2152,1200,1206.8641219596807,1.9625999848358333,2538.1243000156246,20.31354143274197
1779031727,120,,Aggregated,72.700000,0.700000,1200,1300,1400,1400,1600,1700,1800,1900,2200,2300,2500,66885,2155,1200,1206.5576406921846,1.9625999848358333,2538.1243000156246,20.313418554234882
1779031728,120,,Aggregated,73.000000,0.900000,1200,1300,1400,1400,1600,1700,1800,1900,2200,2300,2500,66963,2155,1200,1206.3814981123428,1.9625999848358333,2538.1243000156246,20.31538312202261
1779031729,120,,Aggregated,74.000000,1.000000,1200,1300,1400,1400,1600,1700,1800,1900,2200,2300,2500,67037,2155,1200,1206.2767005682929,1.9625999848358333,2538.1243000156246,20.316362605725196
1779031730,120,,Aggregated,75.000000,1.200000,1200,1300,1400,1400,1600,1700,1800,1900,2200,2300,2500,67113,2155,1200,1206.2072051301095,1.9625999848358333,2538.1243000156246,20.315080535812733
1779031731,120,,Aggregated,74.300000,1.000000,1200,1300,1400,1400,1600,1700,1800,1900,2200,2300,2500,67197,2158,1200,1206.013283122715,1.9625999848358333,2538.1243000156246,20.31485036534369
1779031732,120,,Aggregated,74.800000,0.900000,1200,1300,1400,1400,1600,1700,1800,1900,2200,2300,2500,67264,2159,1200,1205.8828304382287,1.9625999848358333,2538.1243000156246,20.314967887725974
1779031733,120,,Aggregated,75.800000,1.000000,1200,1300,1400,1400,1600,1700,1800,1900,2200,2300,2500,67346,2161,1200,1205.8588340687966,1.9625999848358333,2538.1243000156246,20.3152377275562
1779031734,120,,Aggregated,78.300000,1.300000,1200,1300,1400,1400,1600,1700,1800,1900,2200,2300,2500,67431,2163,1200,1205.7802940086508,1.9625999848358333,2538.1243000156246,20.318147439604928
1779031735,120,,Aggregated,78.100000,1.400000,1200,1300,1400,1400,1600,1700,1800,1900,2200,2300,2500,67516,2163,1200,1205.4932284939407,1.9625999848358333,2538.1243000156246,20.319938977427572
1779031736,120,,Aggregated,78.800000,1.500000,1200,1300,1400,1400,1600,1700,1800,1900,2200,2300,2500,67607,2164,1200,1205.2096233984232,1.9625999848358333,2538.1243000156246,20.321889745144734
1779031737,120,,Aggregated,80.400000,1.500000,1200,1300,1400,1400,1600,1700,1800,1900,2200,2300,2500,67683,2166,1200,1204.9639824416392,1.9625999848358333,2538.1243000156246,20.32120325635684
1779031738,120,,Aggregated,80.900000,1.300000,1200,1300,1400,1400,1600,1700,1800,1900,2200,2300,2500,67772,2168,1200,1204.7797001755523,1.9625999848358333,2538.1243000156246,20.321681520391902
1779031739,120,,Aggregated,80.800000,1.200000,1200,1300,1400,1400,1600,1700,1800,1900,2200,2300,2500,67844,2169,1200,1204.6713892252453,1.9625999848358333,2538.1243000156246,20.32148753021638
1779031740,120,,Aggregated,80.800000,1.300000,1200,1300,1400,1400,1600,1700,1800,1900,2200,2300,2500,67919,2171,1200,1204.6318479909548,1.9625999848358333,2538.1243000156246,20.320263843696168
1779031741,120,,Aggregated,80.700000,1.300000,1200,1300,1400,1400,1600,1700,1800,1900,2200,2300,2500,67997,2173,1200,1204.5564598599576,1.9625999848358333,2538.1243000156246,20.32260246775593
1779031742,120,,Aggregated,80.000000,1.400000,1200,1300,1400,1400,1600,1700,1800,1900,2200,2300,2500,68073,2173,1200,1204.5357596021565,1.9625999848358333,2538.1243000156246,20.32285928341633
1779031743,120,,Aggregated,79.800000,1.500000,1200,1300,1400,1400,1600,1700,1800,1900,2200,2300,2500,68162,2174,1200,1204.375205781773,1.9625999848358333,2538.1243000156246,20.32531322437722
1779031744,120,,Aggregated,79.200000,1.400000,1200,1300,1400,1400,1600,1700,1800,1900,2200,2300,2500,68233,2177,1200,1204.2095864214814,1.9625999848358333,2538.1243000156246,20.325062652968505
1779031745,120,,Aggregated,80.800000,1.300000,1200,1300,1400,1400,1600,1700,1800,1900,2200,2300,2500,68308,2177,1200,1204.1350577047601,1.9625999848358333,2538.1243000156246,20.32473502371611
1779031746,120,,Aggregated,80.300000,1.200000,1200,1300,1400,1400,1600,1700,1800,1900,2200,2300,2500,68378,2178,1200,1204.1834843150862,1.9625999848358333,2538.1243000156246,20.325016818274882
1779031747,120,,Aggregated,79.500000,1.400000,1200,1300,1400,1400,1600,1700,1800,1900,2200,2300,2500,68452,2179,1200,1204.2120263892539,1.9625999848358333,2538.1243000156246,20.324738502892536
1779031748,120,,Aggregated,77.900000,1.400000,1200,1300,1400,1400,1600,1700,1800,1900,2200,2300,2500,68539,2180,1200,1204.1446695866173,1.9625999848358333,2538.1243000156246,20.323713506178965
1779031749,120,,Aggregated,76.100000,1.400000,1200,1300,1400,1400,1600,1700,1800,1900,2200,2300,2500,68615,2180,1200,1204.003212102263,1.9625999848358333,2538.1243000156246,20.324477155141004
1779031750,120,,Aggregated,75.600000,1.100000,1200,1300,1400,1400,1600,1700,1800,1900,2200,2300,2500,68691,2184,1200,1203.884549753198,1.9625999848358333,2538.1243000156246,20.325442925565213
1779031751,120,,Aggregated,76.300000,1.200000,1200,1300,1400,1400,1600,1700,1800,1900,2200,2300,2500,68768,2186,1200,1203.7654989907662,1.9625999848358333,2538.1243000156246,20.32619823173569
1779031752,120,,Aggregated,77.000000,1.200000,1200,1300,1400,1400,1600,1700,1800,1900,2200,2300,2500,68823,2188,1200,1203.8131367463964,1.9625999848358333,2538.1243000156246,20.324426427211833
1779031753,120,,Aggregated,76.800000,1.300000,1200,1300,1400,1400,1600,1700,1800,1900,2200,2300,2500,68903,2188,1200,1204.106707153494,1.9625999848358333,2538.1243000156246,20.32390461953761
1779031754,120,,Aggregated,76.500000,1.400000,1200,1300,1400,1400,1600,1700,1800,1900,2200,2300,2500,68981,2190,1200,1204.135836125854,1.9625999848358333,2538.1243000156246,20.326916107333904
1779031755,120,,Aggregated,74.000000,1.500000,1200,1300,1400,1400,1600,1700,1800,1900,2200,2300,2500,69054,2190,1200,1204.023800564737,1.9625999848358333,2538.1243000156246,20.32767109798129
1779031756,120,,Aggregated,73.800000,1.500000,1200,1300,1400,1400,1600,1700,1800,1900,2200,2300,2500,69120,2191,1200,1204.003921749094,1.9625999848358333,2538.1243000156246,20.326258680555554
1779031757,120,,Aggregated,74.000000,1.300000,1200,1300,1400,1400,1600,1700,1800,1900,2200,2300,2500,69191,2193,1200,1204.0831281712544,1.9625999848358333,2538.1243000156246,20.326025061062854
1779031758,120,,Aggregated,74.400000,1.300000,1200,1300,1400,1400,1600,1700,1800,1900,2200,2300,2500,69276,2195,1200,1204.0995361466728,1.9625999848358333,2538.1243000156246,20.3281944685028
1779031759,120,,Aggregated,73.900000,1.300000,1200,1300,1400,1400,1600,1700,1800,1900,2200,2300,2500,69361,2196,1200,1203.8519378843628,1.9625999848358333,2538.1243000156246,20.330041377719468
1779031760,120,,Aggregated,73.400000,1.400000,1200,1300,1400,1400,1600,1700,1800,1900,2200,2300,2500,69417,2196,1200,1203.7993049367935,1.9625999848358333,2538.1243000156246,20.327052451128687
1779031761,120,,Aggregated,73.800000,1.500000,1200,1300,1400,1400,1600,1700,1800,1900,2200,2300,2500,69482,2196,1200,1203.9562380414704,1.9625999848358333,2538.1243000156246,20.32579660919375
1779031762,120,,Aggregated,73.900000,1.500000,1200,1300,1400,1400,1600,1700,1800,1900,2200,2300,2500,69555,2197,1200,1204.293199699483,1.9625999848358333,2538.1243000156246,20.32538279059737
1779031763,120,,Aggregated,72.500000,1.200000,1200,1300,1400,1400,1600,1700,1800,1900,2200,2300,2500,69621,2199,1200,1204.3435019778155,1.9625999848358333,2538.1243000156246,20.325591416382988
1779031764,120,,Aggregated,70.900000,0.900000,1200,1300,1400,1400,1600,1700,1800,1900,2200,2300,2500,69700,2200,1200,1204.353346175004,1.9625999848358333,2538.1243000156246,20.325494978479195
1779031765,120,,Aggregated,73.300000,1.100000,1200,1300,1400,1400,1600,1700,1800,1900,2200,2300,2500,69774,2201,1200,1204.329292783817,1.9625999848358333,2538.1243000156246,20.328130822369364
1779031766,120,,Aggregated,71.900000,1.000000,1200,1300,1400,1400,1600,1700,1800,1900,2200,2300,2500,69850,2202,1200,1204.318216711503,1.9625999848358333,2538.1243000156246,20.328847530422333
1779031767,120,,Aggregated,72.300000,1.000000,1200,1300,1400,1400,1600,1700,1800,1900,2200,2300,2500,69922,2203,1200,1204.4046571922797,1.9625999848358333,2538.1243000156246,20.32866622808272
1779031768,120,,Aggregated,71.600000,1.100000,1200,1300,1400,1400,1600,1700,1800,1900,2200,2300,2500,69998,2203,1200,1204.3990960427257,1.9625999848358333,2538.1243000156246,20.330480870882024
1779031769,120,,Aggregated,72.800000,1.100000,1200,1300,1400,1400,1600,1700,1800,1900,2200,2300,2500,70063,2205,1200,1204.3597417952171,1.9625999848358333,2538.1243000156246,20.33004581590854
1779031770,120,,Aggregated,73.400000,1.000000,1200,1300,1400,1400,1600,1700,1800,1900,2200,2300,2500,70156,2206,1200,1204.2517948143875,1.9625999848358333,2538.1243000156246,20.330919664747135
1779031771,120,,Aggregated,72.000000,0.900000,1200,1300,1400,1400,1600,1700,1800,1900,2200,2300,2500,70233,2208,1200,1203.9660994703092,1.9625999848358333,2538.1243000156246,20.331040963649567
1779031772,120,,Aggregated,71.100000,0.900000,1200,1300,1400,1400,1600,1700,1800,1900,2200,2300,2500,70310,2209,1200,1203.926563208624,1.9625999848358333,2538.1243000156246,20.333594083345186
1779031773,120,,Aggregated,73.900000,1.000000,1200,1300,1400,1400,1600,1700,1800,1900,2200,2300,2500,70378,2209,1200,1203.9914145613461,1.9625999848358333,2538.1243000156246,20.332703401631193
1779031774,120,,Aggregated,74.700000,1.200000,1200,1300,1400,1400,1600,1700,1800,1900,2200,2300,2500,70441,2209,1200,1204.110653884788,1.9625999848358333,2538.1243000156246,20.333612526795473
1779031775,120,,Aggregated,74.400000,1.000000,1200,1300,1400,1400,1600,1700,1800,1900,2200,2300,2500,70511,2209,1200,1204.2782414828685,1.9625999848358333,2538.1243000156246,20.333976259023416
1779031776,120,,Aggregated,74.900000,1.000000,1200,1300,1400,1400,1600,1700,1800,1900,2200,2300,2500,70584,2210,1200,1204.281455162621,1.9625999848358333,2538.1243000156246,20.332780800181343
1779031777,120,,Aggregated,73.100000,0.900000,1200,1300,1400,1400,1600,1700,1800,1900,2200,2300,2500,70659,2211,1200,1204.3415833439299,1.9625999848358333,2538.1243000156246,20.332569099477773
1779031778,120,,Aggregated,74.000000,0.900000,1200,1300,1400,1400,1600,1700,1800,1900,2200,2300,2500,70720,2212,1200,1204.4994977318809,1.9625999848358333,2538.1243000156246,20.331221719457012
1779031779,120,,Aggregated,73.400000,0.800000,1200,1300,1400,1400,1600,1700,1800,1900,2200,2300,2500,70789,2212,1200,1204.7365568096595,1.9625999848358333,2538.1243000156246,20.331322663125626
1779031780,120,,Aggregated,72.700000,0.800000,1200,1300,1400,1400,1600,1700,1800,1900,2200,2300,2500,70877,2212,1200,1204.7679320371774,1.9625999848358333,2538.1243000156246,20.332999421533078
1779031781,120,,Aggregated,71.500000,0.800000,1200,1300,1400,1400,1600,1700,1800,1900,2200,2300,2500,70951,2213,1200,1204.5137860030006,1.9625999848358333,2538.1243000156246,20.33280714859551
1779031782,120,,Aggregated,71.600000,0.700000,1200,1300,1400,1400,1600,1700,1800,1900,2200,2300,2500,71017,2214,1200,1204.5101593984366,1.9625999848358333,2538.1243000156246,20.333455369841023
1779031783,120,,Aggregated,71.200000,0.600000,1200,1300,1400,1400,1600,1700,1800,1900,2200,2300,2500,71090,2214,1200,1204.6682731340404,1.9625999848358333,2538.1243000156246,20.333872555915036
1779031784,120,,Aggregated,71.900000,0.500000,1200,1300,1400,1400,1600,1700,1800,1900,2200,2300,2500,71176,2215,1200,1204.6602100679868,1.9625999848358333,2538.1243000156246,20.332555917725077
1779031785,120,,Aggregated,71.000000,0.500000,1200,1300,1400,1400,1600,1700,1800,1900,2200,2300,2500,71242,2216,1200,1204.523699896118,1.9625999848358333,2538.1243000156246,20.334634064175628
1779031786,120,,Aggregated,71.200000,0.500000,1200,1300,1400,1400,1600,1700,1800,1900,2200,2300,2500,71323,2218,1200,1204.4264002257255,1.9625999848358333,2538.1243000156246,20.337464772934396
1779031787,120,,Aggregated,73.700000,0.600000,1200,1300,1400,1400,1600,1700,1800,1900,2200,2300,2500,71396,2220,1200,1204.4169592218009,1.9625999848358333,2538.1243000156246,20.336657515827216
1779031788,120,,Aggregated,72.200000,0.600000,1200,1300,1400,1400,1600,1700,1800,1900,2200,2300,2500,71480,2223,1200,1204.3104173558932,1.9625999848358333,2538.1243000156246,20.338206491326247
1779031789,120,,Aggregated,73.600000,0.800000,1200,1300,1400,1400,1600,1700,1800,1900,2200,2300,2500,71550,2223,1200,1204.2408231125012,1.9625999848358333,2538.1243000156246,20.339426974143954
1779031790,120,,Aggregated,73.700000,0.900000,1200,1300,1400,1400,1600,1700,1800,1900,2200,2300,2500,71634,2223,1200,1204.1501142404375,1.9625999848358333,2538.1243000156246,20.339014992880475
1779031791,120,,Aggregated,75.800000,1.100000,1200,1300,1400,1400,1600,1700,1800,1900,2200,2300,2500,71713,2225,1200,1204.0286248518328,1.9625999848358333,2538.1243000156246,20.339464253343188
1779031792,120,,Aggregated,76.100000,1.100000,1200,1300,1400,1400,1600,1700,1800,1900,2200,2300,2500,71786,2227,1200,1203.982834257369,1.9625999848358333,2538.1243000156246,20.339704120580613
1779031794,120,,Aggregated,75.300000,1.100000,1200,1300,1400,1400,1600,1700,1800,1900,2200,2300,2500,71848,2227,1200,1204.0251601366697,1.9625999848358333,2538.1243000156246,20.340051219240618
1779031795,120,,Aggregated,75.900000,1.200000,1200,1300,1400,1400,1600,1700,1800,1900,2200,2300,2500,71925,2227,1200,1204.1296310378773,1.9625999848358333,2538.1243000156246,20.341772679874868
1779031796,120,,Aggregated,75.500000,1.300000,1200,1300,1400,1400,1600,1700,1800,1900,2200,2300,2500,71999,2228,1200,1204.060613790463,1.9625999848358333,2538.1243000156246,20.34218530812928
1779031797,120,,Aggregated,74.300000,1.200000,1200,1300,1400,1400,1600,1700,1800,1900,2200,2300,2500,72075,2230,1200,1204.1068633478951,1.9625999848358333,2538.1243000156246,20.343642039542143
1779031798,120,,Aggregated,74.800000,1.200000,1200,1300,1400,1400,1600,1700,1800,1900,2200,2300,2500,72144,2231,1200,1204.175873878629,1.9625999848358333,2538.1243000156246,20.343549013084942
1779031799,120,,Aggregated,74.800000,1.200000,1200,1300,1400,1400,1600,1700,1800,1900,2200,2300,2500,72232,2233,1200,1204.0963691729382,1.9625999848358333,2538.1243000156246,20.34617620999003
1779031800,120,,Aggregated,73.700000,1.100000,1200,1300,1400,1400,1600,1700,1800,1900,2200,2300,2500,72323,2233,1200,1203.7799764404028,1.9625999848358333,2538.1243000156246,20.344399430333365
1779031801,120,,Aggregated,75.000000,1.000000,1200,1300,1400,1400,1600,1700,1800,1900,2200,2300,2500,72406,2233,1200,1203.549161994849,1.9625999848358333,2538.1243000156246,20.34475043504682
1779031802,120,,Aggregated,76.400000,1.000000,1200,1300,1400,1400,1600,1700,1800,1900,2200,2300,2500,72479,2233,1200,1203.3607757212237,1.9625999848358333,2538.1243000156246,20.34418245284841
1779031803,120,,Aggregated,76.700000,1.000000,1200,1300,1400,1400,1600,1700,1800,1900,2200,2300,2500,72573,2237,1200,1203.0773612114476,1.9625999848358333,2538.1243000156246,20.34770506937842
1779031804,120,,Aggregated,76.500000,0.800000,1200,1300,1400,1400,1600,1700,1800,1900,2200,2300,2500,72657,2242,1200,1202.7557618632588,1.9625999848358333,2538.1243000156246,20.34902349395103
1779031805,120,,Aggregated,78.400000,1.000000,1200,1300,1400,1400,1600,1700,1800,1900,2200,2300,2500,72734,2244,1200,1202.5701288736868,1.9625999848358333,2538.1243000156246,20.348708994418015
1779031806,120,,Aggregated,80.600000,1.400000,1200,1300,1400,1400,1600,1700,1800,1900,2200,2300,2500,72799,2244,1200,1202.5357169232911,1.9625999848358333,2538.1243000156246,20.34787565763266
1779031807,120,,Aggregated,80.400000,1.700000,1200,1300,1400,1400,1600,1700,1800,1900,2200,2300,2500,72871,2247,1200,1202.6822312442362,1.9625999848358333,2538.1243000156246,20.347257482400405
1779031808,120,,Aggregated,80.000000,1.600000,1200,1300,1400,1400,1600,1700,1800,1900,2200,2300,2500,72944,2249,1200,1202.7615094510668,1.9625999848358333,2538.1243000156246,20.348952621188857
1779031809,120,,Aggregated,79.300000,1.500000,1200,1300,1400,1400,1600,1700,1800,1900,2200,2300,2500,73020,2250,1200,1202.7001009969656,1.9625999848358333,2538.1243000156246,20.34742536291427
1779031810,120,,Aggregated,80.200000,1.800000,1200,1300,1400,1400,1600,1700,1800,1900,2200,2300,2500,73105,2252,1200,1202.5964147677785,1.9625999848358333,2538.1243000156246,20.348444018876958
1779031811,120,,Aggregated,77.800000,1.700000,1200,1300,1400,1400,1600,1700,1800,1900,2200,2300,2500,73177,2252,1200,1202.4298761181578,1.9625999848358333,2538.1243000156246,20.348852781611708
1779031812,120,,Aggregated,77.900000,1.900000,1200,1300,1400,1400,1600,1700,1800,1900,2200,2300,2500,73258,2253,1200,1202.3928299762272,1.9625999848358333,2538.1243000156246,20.35048731879112
1779031813,120,,Aggregated,76.900000,1.900000,1200,1300,1400,1400,1600,1700,1800,1900,2200,2300,2500,73322,2254,1200,1202.3627625310087,1.9625999848358333,2538.1243000156246,20.34883118300101
1779031814,120,,Aggregated,76.900000,2.000000,1200,1300,1400,1400,1600,1700,1800,1900,2200,2300,2500,73406,2254,1200,1202.4686408822035,1.9625999848358333,2538.1243000156246,20.348581859793477
1779031815,120,,Aggregated,74.600000,1.700000,1200,1300,1400,1400,1600,1700,1800,1900,2200,2300,2500,73484,2256,1200,1202.332863722704,1.9625999848358333,2538.1243000156246,20.348211855642045
1779031816,120,,Aggregated,73.800000,1.300000,1200,1300,1400,1400,1600,1700,1800,1900,2200,2300,2500,73573,2258,1200,1202.0813703709075,1.9625999848358333,2538.1243000156246,20.347545974746172
1779031817,120,,Aggregated,74.700000,1.200000,1200,1300,1400,1400,1600,1700,1800,1900,2200,2300,2500,73650,2259,1200,1201.9188022022902,1.9625999848358333,2538.1243000156246,20.34775288526816
1779031818,120,,Aggregated,76.700000,1.400000,1200,1300,1400,1400,1600,1700,1800,1900,2200,2300,2500,73732,2260,1200,1201.7691622470422,1.9625999848358333,2538.1243000156246,20.34819345738621
1779031819,120,,Aggregated,77.800000,1.400000,1200,1300,1400,1400,1600,1700,1800,1900,2200,2300,2500,73813,2261,1200,1201.601554919853,1.9625999848358333,2538.1243000156246,20.348326175605923
1779031820,120,,Aggregated,78.500000,1.100000,1200,1300,1400,1400,1600,1700,1800,1900,2200,2300,2500,73888,2261,1200,1201.449743503666,1.9625999848358333,2538.1243000156246,20.34965082286704
1779031821,120,,Aggregated,79.600000,1.100000,1200,1300,1400,1400,1600,1700,1800,1900,2200,2300,2500,73965,2262,1200,1201.434167510293,1.9625999848358333,2538.1243000156246,20.349097546136687
1779031822,120,,Aggregated,78.600000,0.900000,1200,1300,1400,1400,1600,1700,1800,1900,2200,2300,2500,74033,2263,1200,1201.4353645590318,1.9625999848358333,2538.1243000156246,20.349060554077237
1779031823,120,,Aggregated,78.300000,1.000000,1200,1300,1400,1400,1600,1700,1800,1900,2200,2300,2500,74106,2264,1200,1201.5927094175765,1.9625999848358333,2538.1243000156246,20.347677650932447
1779031824,120,,Aggregated,77.800000,1.000000,1200,1300,1400,1400,1600,1700,1800,1900,2200,2300,2500,74179,2269,1200,1201.6343441917381,1.9625999848358333,2538.1243000156246,20.347847773628654
1779031825,120,,Aggregated,76.800000,1.000000,1200,1300,1400,1400,1600,1700,1800,1900,2200,2300,2500,74253,2269,1200,1201.64558171655,1.9625999848358333,2538.1243000156246,20.34544058825906
1779031826,120,,Aggregated,77.700000,1.400000,1200,1300,1400,1400,1600,1700,1800,1900,2200,2300,2500,74325,2270,1200,1201.6325048664444,1.9625999848358333,2538.1243000156246,20.34510595358224
1779031827,120,,Aggregated,76.400000,1.300000,1200,1300,1400,1400,1600,1700,1800,1900,2200,2300,2500,74419,2272,1200,1201.3720876200712,1.9625999848358333,2538.1243000156246,20.345449414799983
1779031828,120,,Aggregated,74.900000,1.100000,1200,1300,1400,1400,1600,1700,1800,1900,2200,2300,2500,74497,2272,1200,1201.1401154032776,1.9625999848358333,2538.1243000156246,20.34381250251688
1779031829,120,,Aggregated,76.100000,1.200000,1200,1300,1400,1400,1600,1700,1800,1900,2200,2300,2500,74588,2273,1200,1200.8452216978385,1.9625999848358333,2538.1243000156246,20.346476645036734
1779031830,120,,Aggregated,75.700000,1.200000,1200,1300,1400,1400,1600,1700,1800,1900,2200,2300,2500,74673,2273,1200,1200.5600534503515,1.9625999848358333,2538.1243000156246,20.345037697695286
1779031831,120,,Aggregated,76.800000,1.200000,1200,1300,1400,1400,1600,1700,1800,1900,2200,2300,2500,74757,2273,1200,1200.3581260015535,1.9625999848358333,2538.1243000156246,20.34612143344436
1779031832,120,,Aggregated,78.000000,1.200000,1200,1300,1400,1400,1600,1700,1800,1900,2200,2300,2500,74825,2274,1200,1200.2620641362937,1.9625999848358333,2538.1243000156246,20.34660875375877
1779031833,120,,Aggregated,78.700000,1.100000,1200,1300,1400,1400,1600,1700,1800,1900,2200,2300,2500,74893,2274,1200,1200.3510067162194,1.9625999848358333,2538.1243000156246,20.3464008652344
1779031834,120,,Aggregated,78.900000,1.100000,1200,1300,1400,1400,1600,1700,1800,1900,2200,2300,2500,74964,2274,1200,1200.4319156741592,1.9625999848358333,2538.1243000156246,20.347406755242517
1779031835,120,,Aggregated,80.200000,1.000000,1200,1300,1400,1400,1600,1700,1800,1900,2200,2300,2500,75037,2274,1200,1200.4498216759446,1.9625999848358333,2538.1243000156246,20.348094939829686
1779031836,120,,Aggregated,78.200000,0.600000,1200,1300,1400,1400,1600,1700,1800,1900,2200,2300,2500,75121,2277,1200,1200.4112308382187,1.9625999848358333,2538.1243000156246,20.347785572609524
1779031837,120,,Aggregated,78.600000,0.500000,1200,1300,1400,1400,1600,1700,1800,1900,2200,2300,2500,75195,2277,1200,1200.3056177657802,1.9625999848358333,2538.1243000156246,20.347070948866282
1779031838,120,,Aggregated,78.800000,0.600000,1200,1300,1400,1400,1600,1700,1800,1900,2200,2300,2500,75277,2278,1200,1200.186365599023,1.9625999848358333,2538.1243000156246,20.34677258658023
1779031839,120,,Aggregated,77.800000,0.600000,1200,1300,1400,1400,1600,1700,1800,1900,2200,2300,2500,75369,2279,1200,1199.9010002255307,1.9625999848358333,2538.1243000156246,20.34795472939803
1779031840,120,,Aggregated,77.500000,0.600000,1200,1300,1400,1400,1600,1700,1800,1900,2200,2300,2500,75441,2279,1200,1199.666517022549,1.9625999848358333,2538.1243000156246,20.347171962195624
1779031841,120,,Aggregated,77.700000,0.600000,1200,1300,1400,1400,1600,1700,1800,1900,2200,2300,2500,75511,2280,1200,1199.652524983083,1.9625999848358333,2538.1243000156246,20.34561851915615
1779031842,120,,Aggregated,76.200000,0.600000,1200,1300,1400,1400,1600,1700,1800,1900,2200,2300,2500,75585,2282,1200,1199.6711631527103,1.9625999848358333,2538.1243000156246,20.347013296288946
1779031843,120,,Aggregated,75.400000,0.700000,1200,1300,1400,1400,1600,1700,1800,1900,2200,2300,2500,75661,2283,1200,1199.6016890220562,1.9625999848358333,2538.1243000156246,20.34706123366067
1779031844,120,,Aggregated,75.800000,0.800000,1200,1300,1400,1400,1600,1700,1800,1900,2200,2300,2500,75732,2283,1200,1199.667236112845,1.9625999848358333,2538.1243000156246,20.34676226694132
1779031845,120,,Aggregated,76.200000,0.900000,1200,1300,1400,1400,1600,1700,1800,1900,2200,2300,2500,75810,2283,1200,1199.661332082814,1.9625999848358333,2538.1243000156246,20.34804115552038
1779031846,120,,Aggregated,75.800000,0.900000,1200,1300,1400,1400,1600,1700,1800,1900,2200,2300,2500,75887,2283,1200,1199.5728222831037,1.9625999848358333,2538.1243000156246,20.346831473111337
1779031847,120,,Aggregated,77.100000,0.900000,1200,1300,1400,1400,1600,1700,1800,1900,2200,2300,2500,75957,2283,1200,1199.5679404886687,1.9625999848358333,2538.1243000156246,20.34593256711034
1779031848,120,,Aggregated,77.100000,0.800000,1200,1300,1400,1400,1600,1700,1800,1900,2200,2300,2500,76027,2284,1200,1199.5109436805021,1.9625999848358333,2538.1243000156246,20.346455864363975
1779031849,120,,Aggregated,76.100000,0.600000,1200,1300,1400,1400,1600,1700,1800,1900,2200,2300,2500,76110,2286,1200,1199.5155641268914,1.9625999848358333,2538.1243000156246,20.346787544343712
1779031850,120,,Aggregated,75.800000,0.600000,1200,1300,1400,1400,1600,1700,1800,1900,2200,2300,2500,76190,2287,1200,1199.405072404484,1.9625999848358333,2538.1243000156246,20.347919674497966
1779031851,120,,Aggregated,73.500000,0.700000,1200,1300,1400,1400,1600,1700,1800,1900,2200,2300,2500,76273,2287,1200,1199.188330440623,1.9625999848358333,2538.1243000156246,20.351526752586103
1779031852,120,,Aggregated,74.600000,0.800000,1200,1300,1400,1400,1600,1700,1800,1900,2200,2300,2500,76351,2288,1200,1198.9805854500603,1.9625999848358333,2538.1243000156246,20.350971172610706
1779031853,120,,Aggregated,75.800000,0.700000,1200,1300,1400,1400,1600,1700,1800,1900,2200,2300,2500,76419,2289,1200,1198.9557743819917,1.9625999848358333,2538.1243000156246,20.351744984885958
1779031854,120,,Aggregated,76.400000,0.600000,1200,1300,1400,1400,1600,1700,1800,1900,2200,2300,2500,76516,2292,1200,1198.8633698598662,1.9625999848358333,2538.1243000156246,20.356134664645303
1779031855,120,,Aggregated,75.300000,0.500000,1200,1300,1400,1400,1600,1700,1800,1900,2200,2300,2500,76585,2292,1200,1198.6968087888965,1.9625999848358333,2538.1243000156246,20.353463471959262
1779031856,120,,Aggregated,78.400000,0.800000,1200,1300,1400,1400,1600,1700,1800,1900,2200,2300,2500,76670,2292,1200,1198.5654927611592,1.9625999848358333,2538.1243000156246,20.353410721272986
1779031857,120,,Aggregated,76.600000,0.900000,1200,1300,1400,1400,1600,1700,1800,1900,2200,2300,2500,76741,2292,1200,1198.4684169856737,1.9625999848358333,2538.1243000156246,20.35360498299475
1779031858,120,,Aggregated,77.800000,0.900000,1200,1300,1400,1400,1600,1700,1800,1900,2200,2300,2500,76833,2293,1200,1198.4134970780494,1.9625999848358333,2538.1243000156246,20.35672172113545
1779031859,120,,Aggregated,78.400000,0.900000,1200,1300,1400,1400,1600,1700,1800,1900,2200,2300,2500,76912,2294,1200,1198.156217611005,1.9625999848358333,2538.1243000156246,20.356069273975454
1779031860,120,,Aggregated,78.800000,0.900000,1200,1300,1400,1400,1600,1700,1800,1900,2200,2300,2500,76992,2296,1200,1197.999077300207,1.9625999848358333,2538.1243000156246,20.356322734829593
1779031861,120,,Aggregated,80.700000,0.700000,1200,1300,1400,1400,1600,1700,1800,1900,2200,2300,2500,77070,2296,1200,1197.8950284766831,1.9625999848358333,2538.1243000156246,20.356584922797456
1779031862,120,,Aggregated,80.000000,0.900000,1200,1300,1400,1400,1600,1700,1800,1900,2200,2300,2500,77136,2296,1200,1197.8608007415187,1.9625999848358333,2538.1243000156246,20.3580559012653
1779031863,120,,Aggregated,79.100000,0.900000,1200,1300,1400,1400,1600,1700,1800,1900,2200,2300,2500,77210,2300,1200,1197.9864957155526,1.9625999848358333,2538.1243000156246,20.35865820489574
1779031864,120,,Aggregated,78.200000,0.800000,1200,1300,1400,1400,1600,1700,1800,1900,2200,2300,2500,77287,2302,1200,1198.0317436528503,1.9625999848358333,2538.1243000156246,20.359750022642878
1779031865,120,,Aggregated,78.300000,1.000000,1200,1300,1400,1400,1600,1700,1800,1900,2200,2300,2500,77360,2305,1200,1198.016350442066,1.9625999848358333,2538.1243000156246,20.358298862461222
1779031866,120,,Aggregated,76.600000,1.000000,1200,1300,1400,1400,1600,1700,1800,1900,2200,2300,2500,77458,2307,1200,1197.787982714481,1.9625999848358333,2538.1243000156246,20.360879444344032
1779031867,120,,Aggregated,76.700000,1.200000,1200,1300,1400,1400,1600,1700,1800,1900,2200,2300,2500,77546,2310,1200,1197.378209939885,1.9625999848358333,2538.1243000156246,20.361140484357673
1779031868,120,,Aggregated,78.300000,1.500000,1200,1300,1400,1400,1600,1700,1800,1900,2200,2300,2500,77617,2312,1200,1197.1769975082623,1.9625999848358333,2538.1243000156246,20.362072741796258
1779031869,120,,Aggregated,79.500000,1.700000,1200,1300,1400,1400,1600,1700,1800,1900,2200,2300,2500,77707,2313,1200,1197.0268019779253,1.9625999848358333,2538.1243000156246,20.36350650520545
1779031870,120,,Aggregated,79.300000,1.800000,1200,1300,1400,1400,1600,1700,1800,1900,2200,2300,2500,77779,2315,1200,1196.9677773499068,1.9625999848358333,2538.1243000156246,20.363157150387636
1779031871,120,,Aggregated,78.700000,2.000000,1200,1300,1400,1400,1600,1700,1800,1900,2200,2300,2500,77852,2318,1200,1196.8995448132152,1.9625999848358333,2538.1243000156246,20.363574474644196
1779031872,120,,Aggregated,78.200000,1.800000,1200,1300,1400,1400,1600,1700,1800,1900,2200,2300,2500,77925,2319,1200,1196.8820889701449,1.9625999848358333,2538.1243000156246,20.363695861405198
1779031873,120,,Aggregated,78.700000,2.000000,1200,1300,1400,1400,1600,1700,1800,1900,2200,2300,2500,77997,2320,1200,1196.9714153723655,1.9625999848358333,2538.1243000156246,20.36342423426542
1779031874,120,,Aggregated,78.300000,2.300000,1200,1300,1400,1400,1600,1700,1800,1900,2200,2300,2500,78066,2321,1200,1197.0758341108567,1.9625999848358333,2538.1243000156246,20.36333358952681
1779031875,120,,Aggregated,78.200000,2.200000,1200,1300,1400,1400,1600,1700,1800,1900,2200,2300,2500,78148,2323,1200,1197.070248673006,1.9625999848358333,2538.1243000156246,20.363860879357116
1779031876,120,,Aggregated,77.700000,1.900000,1200,1300,1400,1400,1600,1700,1800,1900,2200,2300,2500,78238,2324,1200,1196.880804768758,1.9625999848358333,2538.1243000156246,20.364055829648
1779031877,120,,Aggregated,78.400000,1.700000,1200,1300,1400,1400,1600,1700,1800,1900,2200,2300,2500,78314,2324,1200,1196.6911442972914,1.9625999848358333,2538.1243000156246,20.363855760145057
1779031878,120,,Aggregated,77.600000,1.700000,1200,1300,1400,1400,1600,1700,1800,1900,2200,2300,2500,78391,2324,1200,1196.6187631156408,1.9625999848358333,2538.1243000156246,20.364238241634883
1779031879,120,,Aggregated,76.700000,1.500000,1200,1300,1400,1400,1600,1700,1800,1900,2200,2300,2500,78475,2325,1200,1196.5096050117636,1.9625999848358333,2538.1243000156246,20.364434533290858
1779031880,120,,Aggregated,77.100000,1.300000,1200,1300,1400,1400,1600,1700,1800,1900,2200,2300,2500,78545,2327,1200,1196.4901972563282,1.9625999848358333,2538.1243000156246,20.363715067795532
1779031881,120,,Aggregated,75.800000,1.100000,1200,1300,1400,1400,1600,1700,1800,1900,2200,2300,2500,78614,2328,1200,1196.5232290278907,1.9625999848358333,2538.1243000156246,20.363357671661536
1779031882,120,,Aggregated,75.700000,1.200000,1200,1300,1400,1400,1600,1700,1800,1900,2200,2300,2500,78695,2329,1200,1196.6024658110284,1.9625999848358333,2538.1243000156246,20.36270411080755
1779031883,120,,Aggregated,75.900000,1.100000,1200,1300,1400,1400,1600,1700,1800,1900,2200,2300,2500,78770,2331,1200,1196.567097707237,1.9625999848358333,2538.1243000156246,20.36356480893741
1779031884,120,,Aggregated,75.100000,0.900000,1200,1300,1400,1400,1600,1700,1800,1900,2200,2300,2500,78842,2332,1200,1196.4452315681885,1.9625999848358333,2538.1243000156246,20.364602622967453
1779031885,120,,Aggregated,76.900000,1.000000,1200,1300,1400,1400,1600,1700,1800,1900,2200,2300,2500,78932,2333,1200,1196.3404017407265,1.9625999848358333,2538.1243000156246,20.365529823138903
1779031886,120,,Aggregated,78.200000,1.100000,1200,1300,1400,1400,1600,1700,1800,1900,2200,2300,2500,78998,2334,1200,1196.2451243246558,1.9625999848358333,2538.1243000156246,20.364730752677282
1779031887,120,,Aggregated,77.600000,1.100000,1200,1300,1400,1400,1600,1700,1800,1900,2200,2300,2500,79077,2335,1200,1196.2681450978025,1.9625999848358333,2538.1243000156246,20.365871239424866
1779031888,120,,Aggregated,76.000000,0.900000,1200,1300,1400,1400,1600,1700,1800,1900,2200,2300,2500,79156,2336,1200,1196.152514650802,1.9625999848358333,2538.1243000156246,20.36666835110415
1779031889,120,,Aggregated,75.400000,1.100000,1200,1300,1400,1400,1600,1700,1800,1900,2200,2300,2500,79230,2336,1200,1196.1342223412707,1.9625999848358333,2538.1243000156246,20.36540451849047
1779031890,120,,Aggregated,75.800000,1.200000,1200,1300,1400,1400,1600,1700,1800,1900,2200,2300,2500,79291,2338,1200,1196.1921209670568,1.9625999848358333,2538.1243000156246,20.364946841381744
1779031891,120,,Aggregated,75.300000,1.200000,1200,1300,1400,1400,1600,1700,1800,1900,2200,2300,2500,79373,2340,1200,1196.2640335705962,1.9625999848358333,2538.1243000156246,20.366207652476284
1779031892,120,,Aggregated,75.600000,1.200000,1200,1300,1400,1400,1600,1700,1800,1900,2200,2300,2500,79457,2342,1200,1196.1535971619737,1.9625999848358333,2538.1243000156246,20.37016247781819
1779031893,120,,Aggregated,74.300000,1.200000,1200,1300,1400,1400,1600,1700,1800,1900,2200,2300,2500,79535,2342,1200,1196.059265876644,1.9625999848358333,2538.1243000156246,20.371874017728043
1779031894,120,,Aggregated,76.300000,1.300000,1200,1300,1400,1400,1600,1700,1800,1900,2200,2300,2500,79605,2342,1200,1195.9777165956743,1.9625999848358333,2538.1243000156246,20.371207838703597
1779031895,120,,Aggregated,75.300000,1.200000,1200,1300,1400,1400,1600,1700,1800,1900,2200,2300,2500,79673,2342,1200,1195.961285031297,1.9625999848358333,2538.1243000156246,20.36962333538338
1779031896,120,,Aggregated,75.400000,1.100000,1200,1300,1400,1400,1600,1700,1800,1900,2200,2300,2500,79755,2344,1200,1195.9851287806237,1.9625999848358333,2538.1243000156246,20.369218230831923
1779031897,120,,Aggregated,74.800000,1.000000,1200,1300,1400,1400,1600,1700,1800,1900,2200,2300,2500,79859,2347,1200,1195.7176064713847,1.9625999848358333,2538.1243000156246,20.37444746365469
1779031898,120,,Aggregated,75.000000,1.000000,1200,1300,1400,1400,1600,1700,1800,1900,2200,2300,2500,79937,2348,1200,1195.3838509588604,1.9625999848358333,2538.1243000156246,20.37418216845766
1779031899,120,,Aggregated,75.100000,1.000000,1200,1300,1400,1400,1600,1700,1800,1900,2200,2300,2500,80003,2349,1200,1195.3500905790877,1.9625999848358333,2538.1243000156246,20.373610989587892
1779031900,120,,Aggregated,76.100000,1.200000,1200,1300,1400,1400,1600,1700,1800,1900,2200,2300,2500,80061,2350,1200,1195.4700917537734,1.9625999848358333,2538.1243000156246,20.37249097563108
1779031901,120,,Aggregated,77.500000,1.300000,1200,1300,1400,1400,1600,1700,1800,1900,2200,2300,2500,80137,2351,1200,1195.664315285062,1.9625999848358333,2538.1243000156246,20.372736688421078
1779031902,120,,Aggregated,76.600000,1.100000,1200,1300,1400,1400,1600,1700,1800,1900,2200,2300,2500,80205,2352,1200,1195.7744652029119,1.9625999848358333,2538.1243000156246,20.37377968954554
1779031903,120,,Aggregated,76.400000,1.200000,1200,1300,1400,1400,1600,1700,1800,1900,2200,2300,2500,80273,2353,1200,1195.7933975645533,1.9625999848358333,2538.1243000156246,20.37401118682496
1779031904,120,,Aggregated,75.000000,1.100000,1200,1300,1400,1400,1600,1700,1800,1900,2200,2300,2500,80347,2354,1200,1195.8749001829492,1.9625999848358333,2538.1243000156246,20.373417800291236
1779031905,120,,Aggregated,75.200000,1.100000,1200,1300,1400,1400,1600,1700,1800,1900,2200,2300,2500,80432,2354,1200,1195.8653516896163,1.9625999848358333,2538.1243000156246,20.372948577680525
1779031906,120,,Aggregated,74.000000,1.100000,1200,1300,1400,1400,1600,1700,1800,1900,2200,2300,2500,80520,2355,1200,1195.604398815193,1.9625999848358333,2538.1243000156246,20.377148534525585
1779031907,120,,Aggregated,74.700000,1.200000,1200,1300,1400,1400,1600,1700,1800,1900,2200,2300,2500,80604,2358,1200,1195.2955560716462,1.9625999848358333,2538.1243000156246,20.37630886804625
1779031908,120,,Aggregated,75.700000,1.100000,1200,1300,1400,1400,1600,1700,1800,1900,2200,2300,2500,80681,2360,1200,1195.1405308548403,1.9625999848358333,2538.1243000156246,20.375255636395185
1779031909,120,,Aggregated,76.600000,1.100000,1200,1300,1400,1400,1600,1700,1800,1900,2200,2300,2500,80750,2360,1200,1195.1566320346665,1.9625999848358333,2538.1243000156246,20.37447678018576
1779031910,120,,Aggregated,75.200000,1.100000,1200,1300,1400,1400,1600,1700,1800,1900,2200,2300,2500,80828,2361,1200,1195.1256449423397,1.9625999848358333,2538.1243000156246,20.3747834908695
1779031911,120,,Aggregated,74.400000,1.100000,1200,1300,1400,1400,1600,1700,1800,1900,2200,2300,2500,80901,2362,1200,1195.1301624689381,1.9625999848358333,2538.1243000156246,20.374346423406386
1779031912,120,,Aggregated,75.500000,1.100000,1200,1300,1400,1400,1600,1700,1800,1900,2200,2300,2500,80966,2363,1200,1195.2197063137548,1.9625999848358333,2538.1243000156246,20.374206457031345
1779031913,120,,Aggregated,76.100000,1.000000,1200,1300,1400,1400,1600,1700,1800,1900,2200,2300,2500,81038,2366,1200,1195.3516640674675,1.9625999848358333,2538.1243000156246,20.37382462548434
1779031914,120,,Aggregated,76.200000,1.000000,1200,1300,1400,1400,1600,1700,1800,1900,2200,2300,2500,81099,2367,1200,1195.4714784559544,1.9625999848358333,2538.1243000156246,20.373185859258438
1779031915,120,,Aggregated,75.200000,1.200000,1200,1300,1400,1400,1600,1700,1800,1900,2200,2300,2500,81169,2367,1200,1195.646272082933,1.9625999848358333,2538.1243000156246,20.372408185390974
1779031916,120,,Aggregated,74.500000,1.300000,1200,1300,1400,1400,1600,1700,1800,1900,2200,2300,2500,81252,2367,1200,1195.6704534879082,1.9625999848358333,2538.1243000156246,20.37403386993551
1779031917,120,,Aggregated,73.900000,1.300000,1200,1300,1400,1400,1600,1700,1800,1900,2200,2300,2500,81337,2369,1200,1195.5199101675692,1.9625999848358333,2538.1243000156246,20.37392576564171
1779031918,120,,Aggregated,72.500000,1.300000,1200,1300,1400,1400,1600,1700,1800,1900,2200,2300,2500,81415,2369,1200,1195.3368187422416,1.9625999848358333,2538.1243000156246,20.373862310385064
1779031919,120,,Aggregated,72.400000,1.200000,1200,1300,1400,1400,1600,1700,1800,1900,2200,2300,2500,81487,2371,1200,1195.2944825603995,1.9625999848358333,2538.1243000156246,20.37375286855572
1779031920,120,,Aggregated,72.800000,1.000000,1200,1300,1400,1400,1600,1700,1800,1900,2200,2300,2500,81563,2372,1200,1195.335208085763,1.9625999848358333,2538.1243000156246,20.374127974694407
1779031921,120,,Aggregated,73.200000,1.000000,1200,1300,1400,1400,1600,1700,1800,1900,2200,2300,2500,81638,2373,1200,1195.25942851367,1.9625999848358333,2538.1243000156246,20.374764202944707
1779031922,120,,Aggregated,72.500000,1.100000,1200,1300,1400,1400,1600,1700,1800,1900,2200,2300,2500,81701,2374,1200,1195.290815856586,1.9625999848358333,2538.1243000156246,20.374622097648743
1779031923,120,,Aggregated,73.300000,1.100000,1200,1300,1400,1400,1600,1700,1800,1900,2200,2300,2500,81761,2375,1200,1195.4858280903954,1.9625999848358333,2538.1243000156246,20.374432798033293
1779031924,120,,Aggregated,73.300000,1.100000,1200,1300,1400,1400,1600,1700,1800,1900,2200,2300,2500,81823,2376,1200,1195.8021104347042,1.9625999848358333,2538.1243000156246,20.373916869339915
1779031925,120,,Aggregated,72.900000,1.000000,1200,1300,1400,1400,1600,1700,1800,1900,2200,2300,2500,81890,2377,1200,1196.0714026425562,1.9625999848358333,2538.1243000156246,20.374062767126635
1779031926,120,,Aggregated,72.100000,0.900000,1200,1300,1400,1400,1600,1700,1800,1900,2200,2300,2500,81967,2379,1200,1196.2025264459958,1.9625999848358333,2538.1243000156246,20.37440677345761
1779031927,120,,Aggregated,72.000000,0.900000,1200,1300,1400,1400,1600,1700,1800,1900,2200,2300,2500,82039,2379,1200,1196.236435969461,1.9625999848358333,2538.1243000156246,20.375419008032765
1779031928,120,,Aggregated,71.400000,1.000000,1200,1300,1400,1400,1600,1700,1800,1900,2200,2300,2500,82108,2381,1200,1196.281161782028,1.9625999848358333,2538.1243000156246,20.3733131972524
1779031929,120,,Aggregated,71.000000,1.100000,1200,1300,1400,1400,1600,1700,1800,1900,2200,2300,2500,82188,2384,1200,1196.3593546673355,1.9625999848358333,2538.1243000156246,20.37394753491994
1779031930,120,,Aggregated,69.400000,1.000000,1200,1300,1400,1400,1600,1700,1800,1900,2200,2300,2500,82256,2384,1200,1196.294717858863,1.9625999848358333,2538.1243000156246,20.372252480062244
1779031931,120,,Aggregated,68.400000,1.200000,1200,1300,1400,1400,1600,1700,1800,1900,2200,2300,2500,82328,2385,1200,1196.3702186922867,1.9625999848358333,2538.1243000156246,20.37203624526285
1779031932,120,,Aggregated,69.900000,1.300000,1200,1300,1400,1400,1600,1700,1800,1900,2200,2300,2500,82399,2386,1200,1196.5070065158427,1.9625999848358333,2538.1243000156246,20.37284433063508
1779031933,120,,Aggregated,68.900000,1.300000,1200,1300,1400,1400,1600,1700,1800,1900,2200,2300,2500,82476,2387,1200,1196.5256314479227,1.9625999848358333,2538.1243000156246,20.371974877540133
1779031934,120,,Aggregated,68.300000,1.200000,1200,1300,1400,1400,1600,1700,1800,1900,2200,2300,2500,82562,2389,1200,1196.3645031297597,1.9625999848358333,2538.1243000156246,20.372653278748093
1779031935,120,,Aggregated,69.500000,1.100000,1200,1300,1400,1400,1600,1700,1800,1900,2200,2300,2500,82644,2391,1200,1196.1276006425032,1.9625999848358333,2538.1243000156246,20.37359033928658
1779031936,120,,Aggregated,72.100000,1.300000,1200,1300,1400,1400,1600,1700,1800,1900,2200,2300,2500,82734,2392,1200,1195.9512681424685,1.9625999848358333,2538.1243000156246,20.374694805037834
1779031937,120,,Aggregated,74.200000,1.300000,1200,1300,1400,1400,1600,1700,1800,1900,2200,2300,2500,82813,2393,1200,1195.7480185248571,1.9625999848358333,2538.1243000156246,20.37532754519218
1779031938,120,,Aggregated,75.600000,1.400000,1200,1300,1400,1400,1600,1700,1800,1900,2200,2300,2500,82878,2395,1200,1195.764777906065,1.9625999848358333,2538.1243000156246,20.374297159680495
1779031939,120,,Aggregated,76.900000,1.400000,1200,1300,1400,1400,1600,1700,1800,1900,2200,2300,2500,82949,2395,1200,1195.9080214071162,1.9625999848358333,2538.1243000156246,20.374266115323874
1779031940,120,,Aggregated,76.800000,1.400000,1200,1300,1400,1400,1600,1700,1800,1900,2200,2300,2500,83009,2396,1200,1196.0035409220538,1.9625999848358333,2538.1243000156246,20.373718512450456
1779031941,120,,Aggregated,77.000000,1.300000,1200,1300,1400,1400,1600,1700,1800,1900,2200,2300,2500,83082,2396,1200,1196.1979722153872,1.9625999848358333,2538.1243000156246,20.373967887147636
1779031942,120,,Aggregated,75.400000,1.100000,1200,1300,1400,1400,1600,1700,1800,1900,2200,2300,2500,83137,2396,1200,1196.3702676738253,1.9625999848358333,2538.1243000156246,20.373588173737325
1779031943,120,,Aggregated,75.000000,1.100000,1200,1300,1400,1400,1600,1700,1800,1900,2200,2300,2500,83209,2396,1200,1196.5735718611993,1.9625999848358333,2538.1243000156246,20.374502758115106
1779031944,120,,Aggregated,74.700000,1.100000,1200,1300,1400,1400,1600,1700,1800,1900,2200,2300,2500,83266,2396,1200,1196.7162603979812,1.9625999848358333,2538.1243000156246,20.373741983522688
1779031945,120,,Aggregated,73.600000,1.000000,1200,1300,1400,1400,1600,1700,1800,1900,2200,2300,2500,83338,2397,1200,1196.9083426443929,1.9625999848358333,2538.1243000156246,20.37473901461518
1779031946,120,,Aggregated,72.500000,0.800000,1200,1300,1400,1400,1600,1700,1800,1900,2200,2300,2500,83420,2399,1200,1196.9145494557456,1.9625999848358333,2538.1243000156246,20.375641333013665
1779031947,120,,Aggregated,70.400000,0.800000,1200,1300,1400,1400,1600,1700,1800,1900,2200,2300,2500,83501,2401,1200,1196.8653222631863,1.9625999848358333,2538.1243000156246,20.37575597897031
1779031948,120,,Aggregated,69.500000,0.600000,1200,1300,1400,1400,1600,1700,1800,1900,2200,2300,2500,83580,2402,1200,1196.7613203278088,1.9625999848358333,2538.1243000156246,20.375640105288348
1779031949,120,,Aggregated,68.100000,0.700000,1200,1300,1400,1400,1600,1700,1800,1900,2200,2300,2500,83641,2402,1200,1196.7704262143984,1.9625999848358333,2538.1243000156246,20.37643021962913
1779031950,120,,Aggregated,68.800000,0.800000,1200,1300,1400,1400,1600,1700,1800,1900,2200,2300,2500,83722,2402,1200,1196.9043501827325,1.9625999848358333,2538.1243000156246,20.37607797233702
1779031951,120,,Aggregated,69.600000,0.700000,1200,1300,1400,1400,1600,1700,1800,1900,2200,2300,2500,83795,2403,1200,1196.8513384939304,1.9625999848358333,2538.1243000156246,20.376335103526465
1779031952,120,,Aggregated,68.400000,0.700000,1200,1300,1400,1400,1600,1700,1800,1900,2200,2300,2500,83870,2404,1200,1196.868118590663,1.9625999848358333,2538.1243000156246,20.37704781209014
1779031953,120,,Aggregated,71.200000,0.600000,1200,1300,1400,1400,1600,1700,1800,1900,2200,2300,2500,83950,2405,1200,1196.797260527682,1.9625999848358333,2538.1243000156246,20.37803454437165
1779031954,120,,Aggregated,71.600000,0.700000,1200,1300,1400,1400,1600,1700,1800,1900,2200,2300,2500,84025,2405,1200,1196.719248058304,1.9625999848358333,2538.1243000156246,20.37767331151443
1779031955,120,,Aggregated,73.300000,0.900000,1200,1300,1400,1400,1600,1700,1800,1900,2200,2300,2500,84104,2408,1200,1196.6983748168827,1.9625999848358333,2538.1243000156246,20.379078284029298
1779031956,120,,Aggregated,74.000000,0.900000,1200,1300,1400,1400,1600,1700,1800,1900,2200,2300,2500,84174,2409,1200,1196.6658669410876,1.9625999848358333,2538.1243000156246,20.378691757549838
1779031957,120,,Aggregated,75.700000,0.900000,1200,1300,1400,1400,1600,1700,1800,1900,2200,2300,2500,84252,2409,1200,1196.6853748112687,1.9625999848358333,2538.1243000156246,20.379350045102786
1779031958,120,,Aggregated,75.200000,1.200000,1200,1300,1400,1400,1600,1700,1800,1900,2200,2300,2500,84327,2412,1200,1196.6677063182503,1.9625999848358333,2538.1243000156246,20.37910752190876
1779031959,120,,Aggregated,74.200000,0.900000,1200,1300,1400,1400,1600,1700,1800,1900,2200,2300,2500,84397,2414,1200,1196.6762791544597,1.9625999848358333,2538.1243000156246,20.377691150159364
1779031960,120,,Aggregated,75.000000,1.000000,1200,1300,1400,1400,1600,1700,1800,1900,2200,2300,2500,84490,2414,1200,1196.6554557332115,1.9625999848358333,2538.1243000156246,20.380258018700438
1779031961,120,,Aggregated,74.700000,1.000000,1200,1300,1400,1400,1600,1700,1800,1900,2200,2300,2500,84554,2414,1200,1196.5606513801738,1.9625999848358333,2538.1243000156246,20.379118669725855
1779031962,120,,Aggregated,75.800000,1.200000,1200,1300,1400,1400,1600,1700,1800,1900,2200,2300,2500,84631,2416,1200,1196.6871708629167,1.9625999848358333,2538.1243000156246,20.380049863525187
1779031963,120,,Aggregated,75.600000,1.200000,1200,1300,1400,1400,1600,1700,1800,1900,2200,2300,2500,84705,2417,1200,1196.7072110536503,1.9625999848358333,2538.1243000156246,20.379410896641286
1779031964,120,,Aggregated,75.400000,1.100000,1200,1300,1400,1400,1600,1700,1800,1900,2200,2300,2500,84796,2417,1200,1196.59438259823,1.9625999848358333,2538.1243000156246,20.381326949384405
1779031965,120,,Aggregated,75.800000,1.100000,1200,1300,1400,1400,1600,1700,1800,1900,2200,2300,2500,84872,2417,1200,1196.472833296015,1.9625999848358333,2538.1243000156246,20.381138655858233
1779031966,120,,Aggregated,75.100000,1.200000,1200,1300,1400,1400,1600,1700,1800,1900,2200,2300,2500,84943,2420,1200,1196.3843115477382,1.9625999848358333,2538.1243000156246,20.379725227505503
1779031967,120,,Aggregated,75.500000,1.100000,1200,1300,1400,1400,1600,1700,1800,1900,2200,2300,2500,85026,2421,1200,1196.2823534024853,1.9625999848358333,2538.1243000156246,20.379813233599133
1779031968,120,,Aggregated,76.500000,0.900000,1200,1300,1400,1400,1600,1700,1800,1900,2200,2300,2500,85110,2422,1200,1196.1173139924767,1.9625999848358333,2538.1243000156246,20.37962636587945
1779031969,120,,Aggregated,77.000000,1.100000,1200,1300,1400,1400,1600,1700,1800,1900,2200,2300,2500,85187,2423,1200,1196.0591945684187,1.9625999848358333,2538.1243000156246,20.37853193562398
1779031970,120,,Aggregated,77.500000,1.000000,1200,1300,1400,1400,1600,1700,1800,1900,2200,2300,2500,85270,2424,1200,1195.9621130526516,1.9625999848358333,2538.1243000156246,20.37901958484813
1779031971,120,,Aggregated,78.000000,1.000000,1200,1300,1400,1400,1600,1700,1800,1900,2200,2300,2500,85359,2427,1200,1195.6609367166836,1.9625999848358333,2538.1243000156246,20.38065113227662
1779031972,120,,Aggregated,78.700000,0.900000,1200,1300,1400,1400,1600,1700,1800,1900,2200,2300,2500,85431,2427,1200,1195.5049862321594,1.9625999848358333,2538.1243000156246,20.38049419999766
1779031973,120,,Aggregated,78.300000,1.000000,1200,1300,1400,1400,1600,1700,1800,1900,2200,2300,2500,85504,2428,1200,1195.4396047787152,1.9625999848358333,2538.1243000156246,20.3811751497006
1779031974,120,,Aggregated,80.300000,1.300000,1200,1300,1400,1400,1600,1700,1800,1900,2200,2300,2500,85568,2430,1200,1195.5101487530294,1.9625999848358333,2538.1243000156246,20.381018605086012
1779031975,120,,Aggregated,79.600000,1.100000,1200,1300,1400,1400,1600,1700,1800,1900,2200,2300,2500,85646,2431,1200,1195.6538037106109,1.9625999848358333,2538.1243000156246,20.380846741237185
1779031976,120,,Aggregated,79.900000,1.200000,1200,1300,1400,1400,1600,1700,1800,1900,2200,2300,2500,85728,2432,1200,1195.612002250126,1.9625999848358333,2538.1243000156246,20.382068868980962
1779031977,120,,Aggregated,77.600000,1.300000,1200,1300,1400,1400,1600,1700,1800,1900,2200,2300,2500,85808,2433,1200,1195.4016655731277,1.9625999848358333,2538.1243000156246,20.384649449934738
1779031978,120,,Aggregated,77.000000,1.300000,1200,1300,1400,1400,1600,1700,1800,1900,2200,2300,2500,85894,2434,1200,1195.258051818509,1.9625999848358333,2538.1243000156246,20.386010664307168
1779031979,120,,Aggregated,78.300000,1.200000,1200,1300,1400,1400,1600,1700,1800,1900,2200,2300,2500,85976,2435,1200,1195.1799869219194,1.9625999848358333,2538.1243000156246,20.387433702428584
1779031980,120,,Aggregated,77.300000,1.200000,1200,1300,1400,1400,1600,1700,1800,1900,2200,2300,2500,86070,2436,1200,1194.8947227442625,1.9625999848358333,2538.1243000156246,20.390902753572675
1779031981,120,,Aggregated,77.900000,1.200000,1200,1300,1400,1400,1600,1700,1800,1900,2200,2300,2500,86173,2436,1200,1194.4292603530023,1.9625999848358333,2538.1243000156246,20.390853283511078
1779031982,120,,Aggregated,78.800000,1.200000,1200,1300,1400,1400,1600,1700,1800,1900,2200,2300,2500,86240,2437,1200,1194.2517987766607,1.9625999848358333,2538.1243000156246,20.3916280148423
1779031983,120,,Aggregated,79.400000,1.200000,1200,1300,1400,1400,1600,1700,1800,1900,2200,2300,2500,86313,2437,1200,1194.2690243161442,1.9625999848358333,2538.1243000156246,20.39067116193389
1779031984,120,,Aggregated,81.400000,0.900000,1200,1300,1400,1400,1600,1700,1800,1900,2200,2300,2500,86388,2438,1200,1194.2636166319287,1.9625999848358333,2538.1243000156246,20.39257767282493
1779031985,120,,Aggregated,80.300000,1.000000,1200,1300,1400,1400,1600,1700,1800,1900,2200,2300,2500,86483,2439,1200,1194.0430603644522,1.9625999848358333,2538.1243000156246,20.392377692725738
1779031986,120,,Aggregated,80.300000,0.800000,1200,1300,1400,1400,1600,1700,1800,1900,2200,2300,2500,86556,2440,1200,1193.941652507033,1.9625999848358333,2538.1243000156246,20.39112251028236
1779031987,120,,Aggregated,81.600000,0.800000,1200,1300,1400,1400,1600,1700,1800,1900,2200,2300,2500,86633,2440,1200,1193.9108574099755,1.9625999848358333,2538.1243000156246,20.391005736843926
1779031988,120,,Aggregated,83.500000,0.800000,1200,1300,1400,1400,1600,1700,1800,1900,2200,2300,2500,86725,2440,1200,1193.7097016361893,1.9625999848358333,2538.1243000156246,20.390072066878062
1779031990,120,,Aggregated,81.900000,0.800000,1200,1300,1400,1400,1600,1700,1800,1900,2200,2300,2500,86789,2440,1200,1193.6415520607275,1.9625999848358333,2538.1243000156246,20.38961158672182
1779031991,120,,Aggregated,82.700000,0.600000,1200,1300,1400,1400,1600,1700,1800,1900,2200,2300,2500,86875,2441,1200,1193.6734096241532,1.9625999848358333,2538.1243000156246,20.392057553956835
1779031992,120,,Aggregated,80.600000,0.500000,1200,1300,1400,1400,1600,1700,1800,1900,2200,2300,2500,86952,2445,1200,1193.565146548649,1.9625999848358333,2538.1243000156246,20.3914573557825
1779031993,120,,Aggregated,79.900000,0.500000,1200,1300,1400,1400,1600,1700,1800,1900,2200,2300,2500,87015,2445,1200,1193.5470916749769,1.9625999848358333,2538.1243000156246,20.39062230649888
1779031994,120,,Aggregated,79.900000,0.500000,1200,1300,1400,1400,1600,1700,1800,1900,2200,2300,2500,87080,2446,1200,1193.682693903283,1.9625999848358333,2538.1243000156246,20.390836012861737
1779031995,120,,Aggregated,77.100000,0.800000,1200,1300,1400,1400,1600,1700,1800,1900,2200,2300,2500,87158,2447,1200,1193.7742217214488,1.9625999848358333,2538.1243000156246,20.3902682484683
1779031996,120,,Aggregated,76.300000,0.900000,1200,1300,1400,1400,1600,1700,1800,1900,2200,2300,2500,87236,2450,1200,1193.772888831427,1.9625999848358333,2538.1243000156246,20.390882204594433
1779031997,120,,Aggregated,76.300000,0.900000,1200,1300,1400,1400,1600,1700,1800,1900,2200,2300,2500,87300,2450,1200,1193.819712048094,1.9625999848358333,2538.1243000156246,20.389965635738832
1779031998,120,,Aggregated,74.800000,1.100000,1200,1300,1400,1400,1600,1700,1800,1900,2200,2300,2500,87384,2450,1200,1193.8217044756316,1.9625999848358333,2538.1243000156246,20.38893847843999
1779031999,120,,Aggregated,74.200000,1.000000,1200,1300,1400,1400,1600,1700,1800,1900,2200,2300,2500,87472,2450,1200,1193.646706709552,1.9625999848358333,2538.1243000156246,20.38983903420523
1779032000,120,,Aggregated,74.600000,1.000000,1200,1300,1400,1400,1600,1700,1800,1900,2200,2300,2500,87550,2452,1200,1193.5032123928938,1.9625999848358333,2538.1243000156246,20.390256996002286
1779032001,120,,Aggregated,74.500000,1.000000,1200,1300,1400,1400,1600,1700,1800,1900,2200,2300,2500,87641,2453,1200,1193.3169152417022,1.9625999848358333,2538.1243000156246,20.391118312205474
1779032002,120,,Aggregated,75.800000,1.200000,1200,1300,1400,1400,1600,1700,1800,1900,2200,2300,2500,87719,2454,1200,1193.0667248064615,1.9625999848358333,2538.1243000156246,20.391545731255487
1779032003,120,,Aggregated,76.000000,1.200000,1200,1300,1400,1400,1600,1700,1800,1900,2200,2300,2500,87784,2454,1200,1192.98042413194,1.9625999848358333,2538.1243000156246,20.390879886995354
1779032004,120,,Aggregated,76.500000,0.900000,1200,1300,1400,1400,1600,1700,1800,1900,2200,2300,2500,87841,2456,1200,1193.144390499862,1.9625999848358333,2538.1243000156246,20.389533361414372
1779032005,120,,Aggregated,76.400000,0.900000,1200,1300,1400,1400,1600,1700,1800,1900,2200,2300,2500,87925,2456,1200,1193.3767232425162,1.9625999848358333,2538.1243000156246,20.390298549900482
1779032006,120,,Aggregated,75.400000,1.000000,1200,1300,1400,1400,1600,1700,1800,1900,2200,2300,2500,88016,2456,1200,1193.2023769098591,1.9625999848358333,2538.1243000156246,20.39119023813852
1779032007,120,,Aggregated,76.100000,0.900000,1200,1300,1400,1400,1600,1700,1800,1900,2200,2300,2500,88089,2459,1200,1193.077272839946,1.9625999848358333,2538.1243000156246,20.39208073652783
1779032008,120,,Aggregated,77.400000,0.600000,1200,1300,1400,1400,1600,1700,1800,1900,2200,2300,2500,88174,2459,1200,1193.0320864132063,1.9625999848358333,2538.1243000156246,20.391940934969494
1779032009,120,,Aggregated,78.800000,0.900000,1200,1300,1400,1400,1600,1700,1800,1900,2200,2300,2500,88247,2459,1200,1192.9415788774468,1.9625999848358333,2538.1243000156246,20.3922399628316
1779032010,120,,Aggregated,78.300000,0.900000,1200,1300,1400,1400,1600,1700,1800,1900,2200,2300,2500,88317,2461,1200,1192.9662586466673,1.9625999848358333,2538.1243000156246,20.39207627070666
1779032011,120,,Aggregated,77.100000,0.900000,1200,1300,1400,1400,1600,1700,1800,1900,2200,2300,2500,88397,2462,1200,1192.9797782763826,1.9625999848358333,2538.1243000156246,20.391721438510356
1779032012,120,,Aggregated,75.600000,0.900000,1200,1300,1400,1400,1600,1700,1800,1900,2200,2300,2500,88473,2462,1200,1192.9185355509294,1.9625999848358333,2538.1243000156246,20.392481321985237
1779032013,120,,Aggregated,75.200000,0.900000,1200,1300,1400,1400,1600,1700,1800,1900,2200,2300,2500,88550,2463,1200,1192.9215261050008,1.9625999848358333,2538.1243000156246,20.394138904573687
1779032014,120,,Aggregated,75.200000,0.800000,1200,1300,1400,1400,1600,1700,1800,1900,2200,2300,2500,88626,2464,1200,1192.9078145216795,1.9625999848358333,2538.1243000156246,20.39349626520434
1779032015,120,,Aggregated,76.000000,0.900000,1200,1300,1400,1400,1600,1700,1800,1900,2200,2300,2500,88699,2464,1200,1192.882356881119,1.9625999848358333,2538.1243000156246,20.395697809445426
1779032016,120,,Aggregated,78.300000,0.800000,1200,1300,1400,1400,1600,1700,1800,1900,2200,2300,2500,88776,2465,1200,1192.9021460112906,1.9625999848358333,2538.1243000156246,20.394870235198702
1779032017,120,,Aggregated,77.000000,0.800000,1200,1300,1400,1400,1600,1700,1800,1900,2200,2300,2500,88857,2467,1200,1192.863692379877,1.9625999848358333,2538.1243000156246,20.394915425909044
1779032018,120,,Aggregated,75.600000,0.900000,1200,1300,1400,1400,1600,1700,1800,1900,2200,2300,2500,88962,2468,1200,1192.4824497841637,1.9625999848358333,2538.1243000156246,20.397473078393023
1779032019,120,,Aggregated,75.600000,0.700000,1200,1300,1400,1400,1600,1700,1800,1900,2200,2300,2500,89038,2469,1200,1192.18287739503,1.9625999848358333,2538.1243000156246,20.397279813113503
1779032020,120,,Aggregated,78.300000,0.900000,1200,1300,1400,1400,1600,1700,1800,1900,2200,2300,2500,89106,2469,1200,1192.1918688023106,1.9625999848358333,2538.1243000156246,20.39803155791978
1779032021,120,,Aggregated,78.500000,1.000000,1200,1300,1400,1400,1600,1700,1800,1900,2200,2300,2500,89181,2471,1200,1192.20256948676,1.9625999848358333,2538.1243000156246,20.397394063757975
1779032022,120,,Aggregated,79.100000,0.800000,1200,1300,1400,1400,1600,1700,1800,1900,2200,2300,2500,89258,2472,1200,1192.1439479945657,1.9625999848358333,2538.1243000156246,20.398664545474915
1779032023,120,,Aggregated,78.300000,0.800000,1200,1300,1400,1400,1600,1700,1800,1900,2200,2300,2500,89331,2472,1200,1192.1601861167894,1.9625999848358333,2538.1243000156246,20.39784621240107
1779032024,120,,Aggregated,77.800000,1.000000,1200,1300,1400,1400,1600,1700,1800,1900,2200,2300,2500,89400,2475,1200,1192.2320770122908,1.9625999848358333,2538.1243000156246,20.397539149888143
1779032025,120,,Aggregated,78.400000,0.900000,1200,1300,1400,1400,1600,1700,1800,1900,2200,2300,2500,89476,2476,1200,1192.29761402498,1.9625999848358333,2538.1243000156246,20.397659707631096
1779032026,120,,Aggregated,77.300000,1.100000,1200,1300,1400,1400,1600,1700,1800,1900,2200,2300,2500,89577,2477,1200,1192.1137909786987,1.9625999848358333,2538.1243000156246,20.396441050716145
1779032027,120,,Aggregated,77.500000,1.200000,1200,1300,1400,1400,1600,1700,1800,1900,2200,2300,2500,89658,2479,1200,1191.847253420763,1.9625999848358333,2538.1243000156246,20.39512369225278
1779032028,120,,Aggregated,78.700000,1.200000,1200,1300,1400,1400,1600,1700,1800,1900,2200,2300,2500,89728,2479,1200,1191.7693833931314,1.9625999848358333,2538.1243000156246,20.39581847360913
1779032029,120,,Aggregated,79.900000,1.200000,1200,1300,1400,1400,1600,1700,1800,1900,2200,2300,2500,89807,2481,1200,1191.7750130524196,1.9625999848358333,2538.1243000156246,20.398510138407918
1779032030,120,,Aggregated,76.000000,1.100000,1200,1300,1400,1400,1600,1700,1800,1900,2200,2300,2500,89870,2481,1200,1191.797666417033,1.9625999848358333,2538.1243000156246,20.396895515744966
1779032031,120,,Aggregated,76.000000,1.200000,1200,1300,1400,1400,1600,1700,1800,1900,2200,2300,2500,89967,2483,1200,1191.754130207731,1.9625999848358333,2538.1243000156246,20.399690997810307
1779032032,120,,Aggregated,75.800000,1.200000,1200,1300,1400,1400,1600,1700,1800,1900,2200,2300,2500,90051,2483,1200,1191.468577863639,1.9625999848358333,2538.1243000156246,20.401661280829753
1779032033,120,,Aggregated,77.800000,1.300000,1200,1300,1400,1400,1600,1700,1800,1900,2200,2300,2500,90131,2484,1200,1191.3009954943197,1.9625999848358333,2538.1243000156246,20.4015932365113
1779032034,120,,Aggregated,77.700000,1.100000,1200,1300,1400,1400,1600,1700,1800,1900,2200,2300,2500,90206,2484,1200,1191.1861804724572,1.9625999848358333,2538.1243000156246,20.401514311686583
1779032035,120,,Aggregated,78.600000,1.200000,1200,1300,1400,1400,1600,1700,1800,1900,2200,2300,2500,90278,2484,1200,1191.1534335142346,1.9625999848358333,2538.1243000156246,20.402755931677707
1779032036,120,,Aggregated,79.700000,0.900000,1200,1300,1400,1400,1600,1700,1800,1900,2200,2300,2500,90367,2484,1200,1191.133992031369,1.9625999848358333,2538.1243000156246,20.403156019343346
1779032037,120,,Aggregated,79.700000,0.800000,1200,1300,1400,1400,1600,1700,1800,1900,2200,2300,2500,90449,2485,1200,1190.9611063217837,1.9625999848358333,2538.1243000156246,20.403254872911806
1779032038,120,,Aggregated,78.200000,0.700000,1200,1300,1400,1400,1600,1700,1800,1900,2200,2300,2500,90523,2485,1200,1190.8560620162737,1.9625999848358333,2538.1243000156246,20.403157208665203
1779032039,120,,Aggregated,78.200000,0.700000,1200,1300,1400,1400,1600,1700,1800,1900,2200,2300,2500,90593,2487,1200,1190.9170139701682,1.9625999848358333,2538.1243000156246,20.404931948384533
1779032040,120,,Aggregated,79.300000,0.600000,1200,1300,1400,1400,1600,1700,1800,1900,2200,2300,2500,90659,2487,1200,1191.0233682469404,1.9625999848358333,2538.1243000156246,20.404074609250046
1779032041,120,,Aggregated,78.100000,0.400000,1200,1300,1400,1400,1600,1700,1800,1900,2200,2300,2500,90740,2487,1200,1191.0396552777045,1.9625999848358333,2538.1243000156246,20.405918007493938
1779032042,120,,Aggregated,78.300000,0.600000,1200,1300,1400,1400,1600,1700,1800,1900,2200,2300,2500,90799,2487,1200,1191.0959689049337,1.9625999848358333,2538.1243000156246,20.405246753818876
1779032043,120,,Aggregated,76.200000,0.400000,1200,1300,1400,1400,1600,1700,1800,1900,2200,2300,2500,90874,2488,1200,1191.184132805853,1.9625999848358333,2538.1243000156246,20.40556154675705
1779032044,120,,Aggregated,74.600000,0.400000,1200,1300,1400,1400,1600,1700,1800,1900,2200,2300,2500,90947,2488,1200,1191.261652962707,1.9625999848358333,2538.1243000156246,20.406401530561755
1779032045,120,,Aggregated,74.000000,0.400000,1200,1300,1400,1400,1600,1700,1800,1900,2200,2300,2500,91013,2490,1200,1191.2816241207206,1.9625999848358333,2538.1243000156246,20.40579917154692
1779032046,120,,Aggregated,73.200000,0.400000,1200,1300,1400,1400,1600,1700,1800,1900,2200,2300,2500,91089,2490,1200,1191.3146167045327,1.9625999848358333,2538.1243000156246,20.404944614607693
1779032047,120,,Aggregated,73.100000,0.600000,1200,1300,1400,1400,1600,1700,1800,1900,2200,2300,2500,91162,2490,1200,1191.313491122389,1.9625999848358333,2538.1243000156246,20.40539917948268
1779032048,120,,Aggregated,73.300000,0.600000,1200,1300,1400,1400,1600,1700,1800,1900,2200,2300,2500,91228,2490,1200,1191.4167729216858,1.9625999848358333,2538.1243000156246,20.404831849870654
1779032049,120,,Aggregated,71.500000,0.500000,1200,1300,1400,1400,1600,1700,1800,1900,2200,2300,2500,91303,2491,1200,1191.5058417839427,1.9625999848358333,2538.1243000156246,20.404795023164628
1779032050,120,,Aggregated,70.300000,0.500000,1200,1300,1400,1400,1600,1700,1800,1900,2200,2300,2500,91376,2493,1200,1191.5559514281565,1.9625999848358333,2538.1243000156246,20.405741113640342
1779032051,120,,Aggregated,71.100000,0.600000,1200,1300,1400,1400,1600,1700,1800,1900,2200,2300,2500,91446,2494,1200,1191.6012328641982,1.9625999848358333,2538.1243000156246,20.405933556415807
1779032052,120,,Aggregated,71.300000,0.500000,1200,1300,1400,1400,1600,1700,1800,1900,2200,2300,2500,91509,2494,1200,1191.6434290004186,1.9625999848358333,2538.1243000156246,20.405501098252632
1779032053,120,,Aggregated,71.400000,0.700000,1200,1300,1400,1400,1600,1700,1800,1900,2200,2300,2500,91597,2494,1200,1191.6922007532924,1.9625999848358333,2538.1243000156246,20.40627968164896
1779032054,120,,Aggregated,71.500000,0.700000,1200,1300,1400,1400,1600,1700,1800,1900,2200,2300,2500,91668,2496,1200,1191.6358151328607,1.9625999848358333,2538.1243000156246,20.406368634638042
1779032055,120,,Aggregated,71.600000,0.600000,1200,1300,1400,1400,1600,1700,1800,1900,2200,2300,2500,91746,2497,1200,1191.5723771259686,1.9625999848358333,2538.1243000156246,20.40930394785604
1779032056,120,,Aggregated,72.200000,0.700000,1200,1300,1400,1400,1600,1700,1800,1900,2200,2300,2500,91836,2498,1200,1191.4543408456275,1.9625999848358333,2538.1243000156246,20.409610610218216
1779032057,120,,Aggregated,72.400000,0.700000,1200,1300,1400,1400,1600,1700,1800,1900,2200,2300,2500,91913,2501,1200,1191.2795801366408,1.9625999848358333,2538.1243000156246,20.410845038242687
1779032058,120,,Aggregated,72.900000,0.700000,1200,1300,1400,1400,1600,1700,1800,1900,2200,2300,2500,91990,2501,1200,1191.276776589834,1.9625999848358333,2538.1243000156246,20.411490379389065
1779032059,120,,Aggregated,74.600000,1.100000,1200,1300,1400,1400,1600,1700,1800,1900,2100,2300,2500,92074,2502,1200,1191.2005680354814,1.9625999848358333,2538.1243000156246,20.412537741381932
1779032060,120,,Aggregated,75.000000,1.100000,1200,1300,1400,1400,1600,1700,1800,1900,2100,2300,2500,92167,2503,1200,1190.8821324779924,1.9625999848358333,2538.1243000156246,20.412902665813142
1779032061,120,,Aggregated,74.900000,1.000000,1200,1300,1400,1400,1600,1700,1800,1900,2100,2300,2500,92244,2503,1200,1190.659629898956,1.9625999848358333,2538.1243000156246,20.41338190017779
1779032062,120,,Aggregated,78.200000,1.100000,1200,1300,1400,1400,1600,1700,1800,1900,2100,2300,2500,92326,2506,1200,1190.6014272675054,1.9625999848358333,2538.1243000156246,20.41314472629595
1779032063,120,,Aggregated,79.100000,0.900000,1200,1300,1400,1400,1600,1700,1800,1900,2100,2300,2500,92402,2507,1200,1190.5350802677397,1.9625999848358333,2538.1243000156246,20.412566827557846
1779032064,120,,Aggregated,80.400000,1.000000,1200,1300,1400,1400,1600,1700,1800,1900,2100,2300,2500,92490,2509,1200,1190.4295524013344,1.9625999848358333,2538.1243000156246,20.413969077738134
1779032065,120,,Aggregated,79.800000,1.300000,1200,1300,1400,1400,1600,1700,1800,1900,2100,2300,2500,92551,2510,1200,1190.3436813853928,1.9625999848358333,2538.1243000156246,20.41308035569578
1779032066,120,,Aggregated,80.500000,1.300000,1200,1300,1400,1400,1600,1700,1800,1900,2100,2300,2500,92633,2511,1200,1190.3553384992333,1.9625999848358333,2538.1243000156246,20.412164131572982
1779032067,120,,Aggregated,81.100000,1.300000,1200,1300,1400,1400,1600,1700,1800,1900,2100,2300,2500,92716,2512,1200,1190.3623698789816,1.9625999848358333,2538.1243000156246,20.411590232538074
1779032068,120,,Aggregated,80.300000,1.300000,1200,1300,1400,1400,1600,1700,1800,1900,2100,2300,2500,92778,2514,1200,1190.3190239787407,1.9625999848358333,2538.1243000156246,20.410086442906724
1779032069,120,,Aggregated,78.500000,1.000000,1200,1300,1400,1400,1600,1700,1800,1900,2100,2300,2500,92857,2516,1200,1190.339707619237,1.9625999848358333,2538.1243000156246,20.410308323551266
1779032070,120,,Aggregated,80.300000,1.300000,1200,1300,1400,1400,1600,1700,1800,1900,2100,2300,2500,92945,2516,1200,1190.2611429910096,1.9625999848358333,2538.1243000156246,20.41014578514175
1779032071,120,,Aggregated,79.800000,1.500000,1200,1300,1400,1400,1500,1700,1800,1900,2100,2300,2500,93027,2516,1200,1190.1033064497356,1.9625999848358333,2538.1243000156246,20.408956539499286
1779032072,120,,Aggregated,77.100000,1.300000,1200,1300,1400,1400,1500,1700,1800,1900,2100,2300,2500,93088,2517,1200,1190.043571714934,1.9625999848358333,2538.1243000156246,20.40772172567893
1779032073,120,,Aggregated,77.500000,1.300000,1200,1300,1400,1400,1500,1700,1800,1900,2100,2300,2500,93162,2518,1200,1190.188496832397,1.9625999848358333,2538.1243000156246,20.406721624696765
1779032074,120,,Aggregated,77.600000,1.300000,1200,1300,1400,1400,1500,1700,1800,1900,2100,2300,2500,93239,2519,1200,1190.2555506268868,1.9625999848358333,2538.1243000156246,20.407115048423943
1779032075,120,,Aggregated,75.700000,1.100000,1200,1300,1400,1400,1500,1700,1800,1900,2100,2300,2500,93325,2520,1200,1190.1145153817322,1.9625999848358333,2538.1243000156246,20.408411465309403
1779032076,120,,Aggregated,75.100000,1.100000,1200,1300,1400,1400,1500,1700,1800,1900,2100,2300,2500,93409,2520,1200,1189.9274287392018,1.9625999848358333,2538.1243000156246,20.407744435761007
1779032077,120,,Aggregated,75.100000,0.900000,1200,1300,1400,1400,1500,1700,1800,1900,2100,2300,2500,93475,2520,1200,1189.883924235356,1.9625999848358333,2538.1243000156246,20.407852366943033
1779032078,120,,Aggregated,76.900000,1.000000,1200,1300,1400,1400,1500,1700,1800,1900,2100,2300,2500,93569,2522,1200,1189.8040363378943,1.9625999848358333,2538.1243000156246,20.408693050048626
1779032079,120,,Aggregated,77.000000,0.900000,1200,1300,1400,1400,1500,1700,1800,1900,2100,2300,2500,93649,2523,1200,1189.544917160896,1.9625999848358333,2538.1243000156246,20.408546807760896
1779032080,120,,Aggregated,76.500000,0.700000,1200,1300,1400,1400,1500,1700,1800,1900,2100,2300,2500,93740,2524,1200,1189.357826938345,1.9625999848358333,2538.1243000156246,20.40890761681246
1779032081,120,,Aggregated,78.500000,0.700000,1200,1300,1400,1400,1500,1700,1800,1900,2100,2300,2500,93826,2526,1200,1189.1151217914064,1.9625999848358333,2538.1243000156246,20.41109074243813
1779032082,120,,Aggregated,78.600000,0.700000,1200,1300,1400,1400,1500,1700,1800,1900,2100,2300,2500,93908,2528,1200,1188.9181869318954,1.9625999848358333,2538.1243000156246,20.409890531158155
1779032083,120,,Aggregated,79.200000,0.900000,1200,1300,1400,1400,1500,1700,1800,1900,2100,2300,2500,93975,2528,1200,1188.8604290247438,1.9625999848358333,2538.1243000156246,20.408587390263367
1779032084,120,,Aggregated,80.400000,0.900000,1200,1300,1400,1400,1500,1700,1800,1900,2100,2300,2500,94050,2530,1200,1188.8969342264822,1.9625999848358333,2538.1243000156246,20.406783625730995
1779032085,120,,Aggregated,81.900000,1.000000,1200,1300,1400,1400,1500,1700,1800,1900,2100,2300,2500,94147,2531,1200,1188.7537902992183,1.9625999848358333,2538.1243000156246,20.40870128628634
1779032086,120,,Aggregated,81.400000,0.900000,1200,1300,1400,1400,1500,1700,1800,1900,2100,2300,2500,94235,2532,1200,1188.507786551712,1.9625999848358333,2538.1243000156246,20.410304027166127
1779032087,120,,Aggregated,81.700000,1.200000,1200,1300,1400,1400,1500,1700,1800,1900,2100,2300,2500,94303,2534,1200,1188.4059296130629,1.9625999848358333,2538.1243000156246,20.408491776507642
1779032088,120,,Aggregated,82.000000,1.200000,1200,1300,1400,1400,1500,1700,1800,1900,2100,2300,2500,94378,2535,1200,1188.408651436779,1.9625999848358333,2538.1243000156246,20.410275699845304
1779032089,120,,Aggregated,83.000000,1.200000,1200,1300,1400,1400,1500,1700,1800,1900,2100,2300,2500,94468,2538,1200,1188.406697655295,1.9625999848358333,2538.1243000156246,20.410128297412882
1779032090,120,,Aggregated,81.800000,1.300000,1200,1300,1400,1400,1500,1700,1800,1900,2100,2300,2500,94534,2539,1200,1188.3618336376373,1.9625999848358333,2538.1243000156246,20.40818118348954
1779032091,120,,Aggregated,80.100000,1.200000,1200,1300,1400,1400,1500,1700,1800,1900,2100,2300,2500,94611,2540,1200,1188.3422140279736,1.9625999848358333,2538.1243000156246,20.407531893754427
1779032092,120,,Aggregated,80.300000,1.600000,1200,1300,1400,1400,1500,1700,1800,1900,2100,2300,2500,94684,2544,1200,1188.2884133813589,1.9625999848358333,2538.1243000156246,20.407967555236365
1779032093,120,,Aggregated,78.200000,1.400000,1200,1300,1400,1400,1500,1700,1800,1900,2100,2300,2500,94758,2544,1200,1188.367353814988,1.9625999848358333,2538.1243000156246,20.40955908735938
1779032094,120,,Aggregated,77.700000,1.500000,1200,1300,1400,1400,1500,1700,1800,1900,2100,2300,2500,94831,2545,1200,1188.3960855089642,1.9625999848358333,2538.1243000156246,20.408843099830225
1779032095,120,,Aggregated,77.600000,1.600000,1200,1300,1400,1400,1500,1700,1800,1900,2100,2300,2500,94908,2545,1200,1188.3590939646892,1.9625999848358333,2538.1243000156246,20.408774813503605
1779032096,120,,Aggregated,76.800000,1.600000,1200,1300,1400,1400,1500,1700,1800,1900,2100,2300,2500,94977,2545,1200,1188.3657772102815,1.9625999848358333,2538.1243000156246,20.409172747086135
1779032097,120,,Aggregated,77.400000,1.400000,1200,1300,1400,1400,1500,1700,1800,1900,2100,2300,2500,95057,2546,1200,1188.3183839633118,1.9625999848358333,2538.1243000156246,20.411247988049276
1779032098,120,,Aggregated,74.600000,1.300000,1200,1300,1400,1400,1500,1700,1800,1900,2100,2300,2500,95151,2547,1200,1188.191486222959,1.9625999848358333,2538.1243000156246,20.411966243129342
1779032099,120,,Aggregated,74.400000,1.400000,1200,1300,1400,1400,1500,1700,1800,1900,2100,2300,2500,95230,2548,1200,1187.9889813042205,1.9625999848358333,2538.1243000156246,20.412107529139977
1779032100,120,,Aggregated,75.200000,1.200000,1200,1300,1400,1400,1500,1700,1800,1900,2100,2300,2500,95305,2549,1200,1187.9086764073313,1.9625999848358333,2538.1243000156246,20.41249672105346
1779032101,120,,Aggregated,76.800000,1.300000,1200,1300,1400,1400,1500,1700,1800,1900,2100,2300,2500,95388,2551,1200,1187.8115061171306,1.9625999848358333,2538.1243000156246,20.413427265484128
1779032102,120,,Aggregated,77.400000,0.900000,1200,1300,1400,1400,1500,1700,1800,1900,2100,2300,2500,95471,2553,1200,1187.7336691655128,1.9625999848358333,2538.1243000156246,20.413371599752804
1779032103,120,,Aggregated,77.600000,1.100000,1200,1300,1400,1400,1500,1700,1800,1900,2100,2300,2500,95539,2554,1200,1187.7206940652572,1.9625999848358333,2538.1243000156246,20.4119469536001
1779032104,120,,Aggregated,77.100000,1.000000,1200,1300,1400,1400,1500,1700,1800,1900,2100,2300,2500,95607,2556,1200,1187.758495938588,1.9625999848358333,2538.1243000156246,20.412218770592112
1779032105,120,,Aggregated,78.000000,0.900000,1200,1300,1400,1400,1500,1700,1800,1900,2100,2300,2500,95689,2557,1200,1187.7654564004265,1.9625999848358333,2538.1243000156246,20.41300462958125
1779032106,120,,Aggregated,78.900000,1.000000,1200,1300,1400,1400,1500,1700,1800,1900,2100,2300,2500,95768,2557,1200,1187.7298069731037,1.9625999848358333,2538.1243000156246,20.41285189207251
1779032107,120,,Aggregated,77.400000,1.200000,1200,1300,1300,1400,1500,1700,1800,1900,2100,2300,2500,95854,2559,1200,1187.6720203830857,1.9625999848358333,2538.1243000156246,20.41514177812089
1779032108,120,,Aggregated,78.500000,1.200000,1200,1300,1300,1400,1500,1700,1800,1900,2100,2300,2500,95933,2559,1200,1187.4775331710698,1.9625999848358333,2538.1243000156246,20.416123753035972
1779032109,120,,Aggregated,77.900000,1.100000,1200,1300,1300,1400,1500,1700,1800,1900,2100,2300,2500,96005,2560,1200,1187.4402251257764,1.9625999848358333,2538.1243000156246,20.4155200249987
1779032110,120,,Aggregated,79.600000,1.300000,1200,1300,1300,1400,1500,1700,1800,1900,2100,2300,2500,96078,2561,1200,1187.4642015747627,1.9625999848358333,2538.1243000156246,20.415620641562064
1779032111,120,,Aggregated,77.600000,1.200000,1200,1300,1300,1400,1500,1700,1800,1900,2100,2300,2500,96161,2561,1200,1187.4251966732918,1.9625999848358333,2538.1243000156246,20.416707396969667
1779032112,120,,Aggregated,76.800000,1.200000,1200,1300,1300,1400,1500,1700,1800,1900,2100,2300,2500,96235,2563,1200,1187.400051073942,1.9625999848358333,2538.1243000156246,20.416106406193173
1779032113,120,,Aggregated,76.600000,1.100000,1200,1300,1300,1400,1500,1700,1800,1900,2100,2300,2500,96308,2564,1200,1187.394470654575,1.9625999848358333,2538.1243000156246,20.4159156041035
1779032114,120,,Aggregated,76.900000,1.000000,1200,1300,1300,1400,1500,1700,1800,1900,2100,2300,2500,96376,2565,1200,1187.4375617788708,1.9625999848358333,2538.1243000156246,20.41588154727318
1779032115,120,,Aggregated,76.900000,1.000000,1200,1300,1300,1400,1500,1700,1800,1900,2100,2300,2500,96455,2566,1200,1187.4631219024445,1.9625999848358333,2538.1243000156246,20.41881706495257
1779032116,120,,Aggregated,75.600000,1.000000,1200,1300,1300,1400,1500,1700,1800,1900,2100,2300,2500,96539,2567,1200,1187.3406093216229,1.9625999848358333,2538.1243000156246,20.420027139290855
1779032117,120,,Aggregated,75.500000,0.800000,1200,1300,1300,1400,1500,1700,1800,1900,2100,2300,2500,96616,2568,1200,1187.2101026724345,1.9625999848358333,2538.1243000156246,20.421586486710275
1779032118,120,,Aggregated,76.800000,1.000000,1200,1300,1300,1400,1500,1700,1800,1900,2100,2300,2500,96688,2569,1200,1187.2512595203125,1.9625999848358333,2538.1243000156246,20.421210491477744
1779032119,120,,Aggregated,76.700000,1.000000,1200,1300,1300,1400,1500,1700,1800,1900,2100,2300,2500,96770,2570,1200,1187.2512159181588,1.9625999848358333,2538.1243000156246,20.420956908132684
1779032120,120,,Aggregated,74.900000,0.900000,1200,1300,1300,1400,1500,1700,1800,1900,2100,2300,2500,96841,2571,1200,1187.1594002292422,1.9625999848358333,2538.1243000156246,20.420958065282267
1779032121,120,,Aggregated,75.000000,0.900000,1200,1300,1300,1400,1500,1700,1800,1900,2100,2300,2500,96927,2571,1200,1187.1044925160172,1.9625999848358333,2538.1243000156246,20.421069464648653
1779032122,120,,Aggregated,76.100000,1.000000,1200,1300,1300,1400,1500,1700,1800,1900,2100,2300,2500,97002,2573,1200,1187.0088510865744,1.9625999848358333,2538.1243000156246,20.420846992845508
1779032123,120,,Aggregated,75.900000,1.000000,1200,1300,1300,1400,1500,1700,1800,1900,2100,2300,2500,97078,2574,1200,1187.0046893219894,1.9625999848358333,2538.1243000156246,20.419621335421002
1779032124,120,,Aggregated,76.500000,1.000000,1200,1300,1300,1400,1500,1700,1800,1900,2100,2300,2500,97149,2575,1200,1187.0496667346079,1.9625999848358333,2538.1243000156246,20.42059105086002
1779032125,120,,Aggregated,76.500000,1.000000,1200,1300,1300,1400,1500,1700,1800,1900,2100,2300,2500,97233,2578,1200,1187.0513239723164,1.9625999848358333,2538.1243000156246,20.420762498328756
1779032126,120,,Aggregated,77.000000,1.000000,1200,1300,1300,1400,1500,1700,1800,1900,2100,2300,2500,97314,2580,1200,1186.9670042830471,1.9625999848358333,2538.1243000156246,20.42247775243028
1779032127,120,,Aggregated,77.600000,1.000000,1200,1300,1300,1400,1500,1700,1800,1900,2100,2300,2500,97385,2582,1200,1186.836800973459,1.9625999848358333,2538.1243000156246,20.42200544231658
1779032128,120,,Aggregated,76.000000,1.200000,1200,1300,1300,1400,1500,1700,1800,1900,2100,2300,2500,97453,2582,1200,1186.864870734613,1.9625999848358333,2538.1243000156246,20.42162888777154
1779032129,120,,Aggregated,78.000000,1.500000,1200,1300,1300,1400,1500,1700,1800,1900,2100,2300,2500,97525,2582,1200,1186.991095006412,1.9625999848358333,2538.1243000156246,20.422753140220458
1779032130,120,,Aggregated,76.800000,1.400000,1200,1300,1300,1400,1500,1700,1800,1900,2100,2300,2500,97606,2583,1200,1187.0174784449755,1.9625999848358333,2538.1243000156246,20.424082535909676
1779032131,120,,Aggregated,76.600000,1.300000,1200,1300,1300,1400,1500,1700,1800,1900,2100,2300,2500,97676,2583,1200,1186.9963412650034,1.9625999848358333,2538.1243000156246,20.423840042589788
1779032132,120,,Aggregated,74.700000,1.200000,1200,1300,1300,1400,1500,1700,1800,1900,2100,2300,2500,97744,2583,1200,1187.0814379634608,1.9625999848358333,2538.1243000156246,20.424179489278114
1779032133,120,,Aggregated,76.000000,1.200000,1200,1300,1300,1400,1500,1700,1800,1900,2100,2300,2500,97813,2584,1200,1187.2032994049923,1.9625999848358333,2538.1243000156246,20.423849590545224
1779032134,120,,Aggregated,73.800000,1.200000,1200,1300,1300,1400,1500,1700,1800,1900,2100,2300,2500,97881,2585,1200,1187.361224949689,1.9625999848358333,2538.1243000156246,20.424433751187667
1779032135,120,,Aggregated,73.000000,1.100000,1200,1300,1300,1400,1500,1700,1800,1900,2100,2300,2500,97981,2586,1200,1187.2458097223007,1.9625999848358333,2538.1243000156246,20.426450026025453
1779032136,120,,Aggregated,72.900000,1.000000,1200,1300,1300,1400,1500,1700,1800,1900,2100,2300,2500,98055,2586,1200,1187.0522641721566,1.9625999848358333,2538.1243000156246,20.426413747386672
1779032137,120,,Aggregated,71.600000,1.000000,1200,1300,1300,1400,1500,1700,1800,1900,2100,2300,2500,98131,2587,1200,1186.9850948415963,1.9625999848358333,2538.1243000156246,20.42538035890799
1779032138,120,,Aggregated,74.600000,0.700000,1200,1300,1300,1400,1500,1700,1800,1900,2100,2300,2500,98198,2588,1200,1186.9741948929827,1.9625999848358333,2538.1243000156246,20.424804985844926
1779032139,120,,Aggregated,72.800000,0.400000,1200,1300,1300,1400,1500,1700,1800,1900,2100,2300,2500,98281,2591,1200,1186.9832603494212,1.9625999848358333,2538.1243000156246,20.425636694783325
1779032140,120,,Aggregated,73.800000,0.500000,1200,1300,1300,1400,1500,1700,1800,1900,2100,2300,2500,98364,2592,1200,1186.8525349070978,1.9625999848358333,2538.1243000156246,20.42667032654223
1779032141,120,,Aggregated,74.300000,0.700000,1200,1300,1300,1400,1500,1700,1800,1900,2100,2300,2500,98448,2592,1200,1186.7277803927132,1.9625999848358333,2538.1243000156246,20.42646879570941
1779032142,120,,Aggregated,75.300000,0.900000,1200,1300,1300,1400,1500,1700,1800,1900,2100,2300,2500,98525,2594,1200,1186.6488304247841,1.9625999848358333,2538.1243000156246,20.427495559502663
1779032143,120,,Aggregated,75.700000,0.900000,1200,1300,1300,1400,1500,1700,1800,1900,2100,2300,2500,98589,2594,1200,1186.6635864822827,1.9625999848358333,2538.1243000156246,20.426558743876093
1779032144,120,,Aggregated,77.400000,1.000000,1200,1300,1300,1400,1500,1700,1800,1900,2100,2300,2500,98669,2595,1200,1186.7476590205838,1.9625999848358333,2538.1243000156246,20.42630410767313
1779032145,120,,Aggregated,78.100000,1.000000,1200,1300,1300,1400,1500,1700,1800,1900,2100,2300,2500,98735,2595,1200,1186.7548501463702,1.9625999848358333,2538.1243000156246,20.42553299235327
1779032146,120,,Aggregated,77.700000,1.000000,1200,1300,1300,1400,1500,1700,1800,1900,2100,2300,2500,98812,2596,1200,1186.8123208294687,1.9625999848358333,2538.1243000156246,20.42720519774926
1779032147,120,,Aggregated,78.800000,1.000000,1200,1300,1300,1400,1500,1700,1800,1900,2100,2300,2500,98882,2596,1200,1186.8674671254764,1.9625999848358333,2538.1243000156246,20.426963451386502
1779032148,120,,Aggregated,74.900000,0.900000,1200,1300,1300,1400,1500,1700,1800,1900,2100,2300,2500,98955,2597,1200,1186.9118136476347,1.9625999848358333,2538.1243000156246,20.426213935627306
1779032149,120,,Aggregated,75.800000,1.000000,1200,1300,1300,1400,1500,1700,1800,1900,2100,2300,2500,99033,2599,1200,1186.9830624468777,1.9625999848358333,2538.1243000156246,20.425959023759756
1779032150,120,,Aggregated,75.300000,0.900000,1200,1300,1300,1400,1500,1700,1800,1900,2100,2300,2500,99121,2602,1200,1186.876744071405,1.9625999848358333,2538.1243000156246,20.426327418004256
1779032151,120,,Aggregated,74.500000,0.800000,1200,1300,1300,1400,1500,1700,1800,1900,2100,2300,2500,99197,2604,1200,1186.7683167757298,1.9625999848358333,2538.1243000156246,20.427008881316976
1779032152,120,,Aggregated,75.100000,1.000000,1200,1300,1300,1400,1500,1700,1800,1900,2100,2300,2500,99276,2605,1200,1186.7419535980694,1.9625999848358333,2538.1243000156246,20.429590233289012
1779032153,120,,Aggregated,74.500000,1.000000,1200,1300,1300,1400,1500,1700,1800,1900,2100,2300,2500,99339,2605,1200,1186.7460590130954,1.9625999848358333,2538.1243000156246,20.428230604294384
1779032154,120,,Aggregated,74.500000,1.100000,1200,1300,1300,1400,1500,1700,1800,1900,2100,2300,2500,99411,2606,1200,1186.8434374465821,1.9625999848358333,2538.1243000156246,20.42895655410367
1779032155,120,,Aggregated,74.100000,1.100000,1200,1300,1300,1400,1500,1700,1800,1900,2100,2300,2500,99484,2606,1200,1186.8867501859804,1.9625999848358333,2538.1243000156246,20.42850106549797
1779032156,120,,Aggregated,74.500000,1.200000,1200,1300,1300,1400,1500,1700,1800,1900,2100,2300,2500,99561,2607,1200,1186.846805503177,1.9625999848358333,2538.1243000156246,20.42855134038429
1779032157,120,,Aggregated,74.000000,1.100000,1200,1300,1300,1400,1500,1700,1800,1900,2100,2300,2500,99643,2607,1200,1186.7905803809797,1.9625999848358333,2538.1243000156246,20.427917666067863
1779032158,120,,Aggregated,74.900000,1.100000,1200,1300,1300,1400,1500,1700,1800,1900,2100,2300,2500,99719,2607,1200,1186.7488939901298,1.9625999848358333,2538.1243000156246,20.4277118703557
1779032159,120,,Aggregated,74.300000,1.100000,1200,1300,1300,1400,1500,1700,1800,1900,2100,2300,2500,99802,2609,1200,1186.6561587663773,1.9625999848358333,2538.1243000156246,20.427817077814073
1779032160,120,,Aggregated,75.400000,1.100000,1200,1300,1300,1400,1500,1700,1800,1900,2100,2300,2500,99891,2611,1200,1186.5091407234072,1.9625999848358333,2538.1243000156246,20.429378022044027
1779032161,120,,Aggregated,76.700000,1.100000,1200,1300,1300,1400,1500,1700,1800,1900,2100,2300,2500,99977,2611,1200,1186.3649581063848,1.9625999848358333,2538.1243000156246,20.42886863978715
1779032162,120,,Aggregated,76.100000,0.800000,1200,1300,1300,1400,1500,1700,1800,1900,2100,2300,2500,100052,2611,1200,1186.1981995402598,1.9625999848358333,2538.1243000156246,20.42884699956023
1779032163,120,,Aggregated,76.800000,0.900000,1200,1300,1300,1400,1500,1700,1800,1900,2100,2300,2500,100134,2612,1200,1186.1071505582772,1.9625999848358333,2538.1243000156246,20.42866558811193
1779032164,120,,Aggregated,77.200000,0.700000,1200,1300,1300,1400,1500,1700,1800,1900,2100,2300,2500,100203,2613,1200,1186.1094430596152,1.9625999848358333,2538.1243000156246,20.428460225741745
1779032165,120,,Aggregated,77.500000,0.600000,1200,1300,1300,1400,1500,1700,1800,1900,2100,2300,2500,100288,2614,1200,1186.083562263708,1.9625999848358333,2538.1243000156246,20.429303605615825
1779032166,120,,Aggregated,79.200000,0.600000,1200,1300,1300,1400,1500,1700,1800,1900,2100,2300,2500,100358,2614,1200,1186.0655787022756,1.9625999848358333,2538.1243000156246,20.42966181071763
1779032167,120,,Aggregated,78.800000,0.700000,1200,1300,1300,1400,1500,1700,1800,1900,2100,2300,2500,100445,2618,1200,1186.0002914739694,1.9625999848358333,2538.1243000156246,20.430106028174624
1779032169,120,,Aggregated,79.000000,0.700000,1200,1300,1300,1400,1500,1700,1800,1900,2100,2300,2500,100521,2620,1200,1185.869948164095,1.9625999848358333,2538.1243000156246,20.431273067319268
1779032170,120,,Aggregated,79.800000,1.100000,1200,1300,1300,1400,1500,1700,1800,1900,2100,2300,2500,100602,2620,1200,1185.8336059193916,1.9625999848358333,2538.1243000156246,20.432884038090695
1779032171,120,,Aggregated,79.400000,1.200000,1200,1300,1300,1400,1500,1700,1800,1900,2100,2300,2500,100683,2621,1200,1185.786734904628,1.9625999848358333,2538.1243000156246,20.433419743154257
1779032172,120,,Aggregated,79.400000,1.200000,1200,1300,1300,1400,1500,1700,1800,1900,2100,2300,2500,100760,2622,1200,1185.6570039718354,1.9625999848358333,2538.1243000156246,20.4335847558555
1779032173,120,,Aggregated,78.800000,1.000000,1200,1300,1300,1400,1500,1700,1800,1900,2100,2300,2500,100828,2622,1200,1185.6784665023818,1.9625999848358333,2538.1243000156246,20.43383782282699
1779032174,120,,Aggregated,78.100000,1.100000,1200,1300,1300,1400,1500,1700,1800,1900,2100,2300,2500,100902,2623,1200,1185.7301413976124,1.9625999848358333,2538.1243000156246,20.43444133912113
1779032175,120,,Aggregated,77.300000,1.100000,1200,1300,1300,1400,1500,1700,1800,1900,2100,2300,2500,100962,2623,1200,1185.853098777773,1.9625999848358333,2538.1243000156246,20.43385630237119
1779032176,120,,Aggregated,76.300000,1.100000,1200,1300,1300,1400,1500,1700,1800,1900,2100,2300,2500,101040,2623,1200,1185.9689034887317,1.9625999848358333,2538.1243000156246,20.433541171813143
1779032177,120,,Aggregated,75.200000,1.000000,1200,1300,1300,1400,1500,1700,1800,1900,2100,2300,2500,101109,2624,1200,1185.9825848025523,1.9625999848358333,2538.1243000156246,20.432543097053674
1779032178,120,,Aggregated,75.100000,0.900000,1200,1300,1300,1400,1500,1700,1800,1900,2100,2300,2500,101178,2626,1200,1186.0168165322639,1.9625999848358333,2538.1243000156246,20.433246357903894
1779032179,120,,Aggregated,74.800000,1.000000,1200,1300,1300,1400,1500,1700,1800,1900,2100,2300,2500,101249,2628,1200,1186.1094663730157,1.9625999848358333,2538.1243000156246,20.432201799523945
1779032180,120,,Aggregated,73.100000,0.800000,1200,1300,1300,1400,1500,1700,1800,1900,2100,2300,2500,101314,2630,1200,1186.216783183978,1.9625999848358333,2538.1243000156246,20.433414927848077
1779032181,120,,Aggregated,72.300000,0.800000,1200,1300,1300,1400,1500,1700,1800,1900,2100,2300,2500,101360,2630,1200,1186.3864301736517,1.9625999848358333,2538.1243000156246,20.432409234411995
1779032182,120,,Aggregated,72.300000,0.800000,1200,1300,1300,1400,1500,1700,1800,1900,2100,2300,2500,101427,2630,1200,1186.6916103651045,1.9625999848358333,2538.1243000156246,20.433582773817623
1779032183,120,,Aggregated,67.500000,0.900000,1200,1300,1300,1400,1500,1700,1800,1900,2100,2300,2500,101479,2630,1200,1186.9251789207797,1.9625999848358333,2538.1243000156246,20.432552547817775
1779032184,120,,Aggregated,66.700000,0.800000,1200,1300,1300,1400,1500,1700,1800,1900,2100,2300,2500,101548,2631,1200,1187.167901159074,1.9625999848358333,2538.1243000156246,20.43309567889077
1779032185,120,,Aggregated,64.900000,0.800000,1200,1300,1300,1400,1500,1700,1800,1900,2100,2300,2500,101614,2633,1200,1187.3191896185715,1.9625999848358333,2538.1243000156246,20.433739445352018
1779032186,120,,Aggregated,64.700000,0.800000,1200,1300,1300,1400,1500,1700,1800,1900,2100,2300,2500,101687,2634,1200,1187.4879898728589,1.9625999848358333,2538.1243000156246,20.433634584558497
1779032187,120,,Aggregated,65.000000,1.000000,1200,1300,1300,1400,1500,1700,1800,1900,2100,2300,2500,101759,2637,1200,1187.5350475574778,1.9625999848358333,2538.1243000156246,20.43297398755884
1779032188,120,,Aggregated,64.200000,1.000000,1200,1300,1300,1400,1500,1700,1800,1900,2100,2300,2500,101829,2638,1200,1187.5454661599504,1.9625999848358333,2538.1243000156246,20.43294149996563
1779032189,120,,Aggregated,64.800000,1.300000,1200,1300,1300,1400,1500,1700,1800,1900,2100,2300,2500,101888,2638,1200,1187.6582688972344,1.9625999848358333,2538.1243000156246,20.432062657035175
1779032190,120,,Aggregated,65.000000,1.200000,1200,1300,1300,1400,1500,1700,1800,1900,2100,2300,2500,101947,2638,1200,1187.8406312790112,1.9625999848358333,2538.1243000156246,20.43080227961588
1779032191,120,,Aggregated,64.100000,1.000000,1200,1300,1300,1400,1500,1700,1800,1900,2100,2300,2500,102012,2639,1200,1188.09277026723,1.9625999848358333,2538.1243000156246,20.429959220483866
1779032192,120,,Aggregated,63.000000,0.800000,1200,1300,1300,1400,1500,1700,1800,1900,2100,2300,2500,102078,2640,1200,1188.2982518143087,1.9625999848358333,2538.1243000156246,20.431229060130487
1779032193,120,,Aggregated,64.900000,0.900000,1200,1300,1300,1400,1500,1700,1800,1900,2100,2300,2500,102148,2641,1200,1188.43647278949,1.9625999848358333,2538.1243000156246,20.433155813133883
1779032194,120,,Aggregated,64.200000,1.000000,1200,1300,1300,1400,1500,1700,1800,1900,2100,2300,2500,102217,2642,1200,1188.500970651658,1.9625999848358333,2538.1243000156246,20.434966786346695
1779032195,120,,Aggregated,66.300000,1.100000,1200,1300,1300,1400,1500,1700,1800,1900,2100,2300,2500,102300,2643,1200,1188.5339965562116,1.9625999848358333,2538.1243000156246,20.434828934506353
1779032196,120,,Aggregated,66.300000,1.100000,1200,1300,1300,1400,1500,1700,1800,1900,2100,2300,2500,102361,2646,1200,1188.5786249382159,1.9625999848358333,2538.1243000156246,20.43467726966325
1779032197,120,,Aggregated,67.500000,1.000000,1200,1300,1300,1400,1500,1700,1800,1900,2100,2300,2500,102420,2646,1200,1188.7031199726657,1.9625999848358333,2538.1243000156246,20.43321616871705
1779032198,120,,Aggregated,66.400000,1.200000,1200,1300,1300,1400,1500,1700,1800,1900,2100,2300,2500,102481,2647,1200,1188.8846680223705,1.9625999848358333,2538.1243000156246,20.431806871517647
1779032199,120,,Aggregated,65.800000,0.900000,1200,1300,1300,1400,1500,1700,1800,1900,2100,2300,2500,102547,2647,1200,1189.1270290852033,1.9625999848358333,2538.1243000156246,20.431372931436318
1779032200,120,,Aggregated,64.100000,0.900000,1200,1300,1300,1400,1500,1700,1800,1900,2100,2300,2500,102622,2648,1200,1189.2748891767874,1.9625999848358333,2538.1243000156246,20.432811677807877
1779032201,120,,Aggregated,64.300000,0.900000,1200,1300,1300,1400,1500,1700,1800,1900,2100,2300,2500,102688,2649,1200,1189.2974807027167,1.9625999848358333,2538.1243000156246,20.432981458398256
1779032202,120,,Aggregated,66.600000,0.900000,1200,1300,1300,1400,1500,1700,1800,1900,2100,2300,2500,102757,2650,1200,1189.3251752192125,1.9625999848358333,2538.1243000156246,20.43274910711679
1779032203,120,,Aggregated,66.700000,1.000000,1200,1300,1300,1400,1500,1700,1800,1900,2100,2300,2500,102823,2650,1200,1189.4179536290592,1.9625999848358333,2538.1243000156246,20.43249078513562
1779032204,120,,Aggregated,67.700000,0.900000,1200,1300,1300,1400,1500,1700,1800,1900,2100,2300,2500,102903,2651,1200,1189.5130751853756,1.9625999848358333,2538.1243000156246,20.431999067082593
1779032205,120,,Aggregated,66.600000,0.900000,1200,1300,1300,1400,1500,1700,1800,1900,2100,2300,2500,102968,2652,1200,1189.5070890703962,1.9625999848358333,2538.1243000156246,20.431493279465464
1779032206,120,,Aggregated,67.100000,0.900000,1200,1300,1300,1400,1500,1700,1800,1900,2100,2300,2500,103040,2653,1200,1189.5977490392138,1.9625999848358333,2538.1243000156246,20.432754270186336
1779032207,120,,Aggregated,67.200000,0.900000,1200,1300,1300,1400,1500,1700,1800,1900,2100,2300,2500,103117,2654,1200,1189.6759723673172,1.9625999848358333,2538.1243000156246,20.432954798917734
1779032208,120,,Aggregated,67.400000,0.800000,1200,1300,1300,1400,1500,1700,1800,1900,2100,2300,2500,103192,2656,1200,1189.6742944375553,1.9625999848358333,2538.1243000156246,20.432291262888597
1779032209,120,,Aggregated,68.200000,0.700000,1200,1300,1300,1400,1500,1700,1800,1900,2100,2300,2500,103275,2658,1200,1189.6151878809048,1.9625999848358333,2538.1243000156246,20.433715807310577
1779032210,120,,Aggregated,70.100000,0.800000,1200,1300,1300,1400,1500,1700,1800,1900,2100,2300,2500,103367,2660,1200,1189.4004567183001,1.9625999848358333,2538.1243000156246,20.434897017423356
1779032211,120,,Aggregated,72.800000,1.000000,1200,1300,1300,1400,1500,1700,1800,1900,2100,2300,2500,103445,2660,1200,1189.2388877403523,1.9625999848358333,2538.1243000156246,20.43583546812316
1779032212,120,,Aggregated,74.100000,1.300000,1200,1300,1300,1400,1500,1700,1800,1900,2100,2300,2500,103522,2660,1200,1189.2277937105232,1.9625999848358333,2538.1243000156246,20.436477270531867
1779032213,120,,Aggregated,75.000000,1.100000,1200,1300,1300,1400,1500,1700,1800,1900,2100,2300,2500,103590,2660,1200,1189.2182012617104,1.9625999848358333,2538.1243000156246,20.437165749589727
1779032214,120,,Aggregated,75.000000,1.100000,1200,1300,1300,1400,1500,1700,1800,1900,2100,2300,2500,103659,2660,1200,1189.2769750595767,1.9625999848358333,2538.1243000156246,20.43780086630201
1779032215,120,,Aggregated,76.800000,1.000000,1200,1300,1300,1400,1500,1700,1800,1900,2100,2300,2500,103726,2660,1200,1189.3931005697764,1.9625999848358333,2538.1243000156246,20.437739814511307
1779032216,120,,Aggregated,75.800000,0.900000,1200,1300,1300,1400,1500,1700,1800,1900,2100,2300,2500,103794,2662,1200,1189.523029275301,1.9625999848358333,2538.1243000156246,20.43856099581864
1779032217,120,,Aggregated,74.600000,0.800000,1200,1300,1300,1400,1500,1700,1800,1900,2100,2300,2500,103871,2662,1200,1189.5410353987202,1.9625999848358333,2538.1243000156246,20.4381684974632
1779032218,120,,Aggregated,74.800000,0.700000,1200,1300,1300,1400,1500,1700,1800,1900,2100,2300,2500,103927,2663,1200,1189.6210948281043,1.9625999848358333,2538.1243000156246,20.436989425269662
1779032219,120,,Aggregated,75.600000,0.900000,1200,1300,1300,1400,1500,1700,1800,1900,2100,2300,2500,104007,2665,1200,1189.7350820329461,1.9625999848358333,2538.1243000156246,20.438518561250685
1779032220,120,,Aggregated,73.600000,0.700000,1200,1300,1300,1400,1500,1700,1800,1900,2100,2300,2500,104064,2665,1200,1189.785177738704,1.9625999848358333,2538.1243000156246,20.438182272447726
1779032221,120,,Aggregated,72.900000,0.700000,1200,1300,1300,1400,1500,1700,1800,1900,2100,2300,2500,104139,2666,1200,1189.967790100732,1.9625999848358333,2538.1243000156246,20.439527938620497
1779032222,120,,Aggregated,69.700000,0.500000,1200,1300,1300,1400,1500,1700,1800,1900,2100,2300,2500,104215,2667,1200,1189.9765043439038,1.9625999848358333,2538.1243000156246,20.440099793695726
1779032223,120,,Aggregated,69.100000,0.500000,1200,1300,1300,1400,1500,1700,1800,1900,2100,2300,2500,104280,2668,1200,1189.9846805235904,1.9625999848358333,2538.1243000156246,20.44077483697737
1779032224,120,,Aggregated,69.400000,0.600000,1200,1300,1300,1400,1500,1700,1800,1900,2100,2300,2500,104349,2669,1200,1190.0737452769054,1.9625999848358333,2538.1243000156246,20.44004254952132
1779032225,120,,Aggregated,68.300000,0.800000,1200,1300,1300,1400,1500,1700,1800,1900,2100,2300,2500,104434,2669,1200,1190.1432597209687,1.9625999848358333,2538.1243000156246,20.441149434092345
1779032226,120,,Aggregated,68.400000,0.900000,1200,1300,1300,1400,1500,1700,1800,1900,2100,2300,2500,104501,2669,1200,1190.1364667228054,1.9625999848358333,2538.1243000156246,20.44168955321002
1779032227,120,,Aggregated,70.300000,0.900000,1200,1300,1300,1400,1500,1700,1800,1900,2100,2300,2500,104576,2671,1200,1190.1843251596924,1.9625999848358333,2538.1243000156246,20.442692395960833
1779032228,120,,Aggregated,70.500000,0.900000,1200,1300,1300,1400,1500,1700,1800,1900,2100,2300,2500,104645,2673,1200,1190.2322132543356,1.9625999848358333,2538.1243000156246,20.44296430789813
1779032229,120,,Aggregated,68.900000,0.700000,1200,1300,1300,1400,1500,1700,1800,1900,2100,2300,2500,104716,2673,1200,1190.2564941747203,1.9625999848358333,2538.1243000156246,20.442406127048397
1779032230,120,,Aggregated,70.600000,1.000000,1200,1300,1300,1400,1500,1700,1800,1900,2100,2300,2500,104786,2677,1200,1190.2531599822491,1.9625999848358333,2538.1243000156246,20.44178611646594
1779032231,120,,Aggregated,70.800000,0.900000,1200,1300,1300,1400,1500,1700,1800,1900,2100,2300,2500,104860,2679,1200,1190.3202434293344,1.9625999848358333,2538.1243000156246,20.442590120160215
1779032232,120,,Aggregated,71.600000,1.000000,1200,1300,1300,1400,1500,1700,1800,1900,2100,2300,2500,104947,2679,1200,1190.2845979180008,1.9625999848358333,2538.1243000156246,20.44425281332482
1779032233,120,,Aggregated,71.200000,1.300000,1200,1300,1300,1400,1500,1700,1800,1900,2100,2300,2500,105026,2680,1200,1190.168012576886,1.9625999848358333,2538.1243000156246,20.4456229885933
1779032234,120,,Aggregated,72.100000,1.300000,1200,1300,1300,1400,1500,1700,1800,1900,2100,2300,2500,105089,2681,1200,1190.1615490308232,1.9625999848358333,2538.1243000156246,20.445060853181587
1779032235,120,,Aggregated,73.800000,1.100000,1200,1300,1300,1400,1500,1700,1800,1900,2100,2300,2500,105142,2681,1200,1190.2880687670024,1.9625999848358333,2538.1243000156246,20.44491259439615
1779032236,120,,Aggregated,73.800000,1.200000,1200,1300,1300,1400,1500,1700,1800,1900,2100,2300,2500,105209,2683,1200,1190.5783128705725,1.9625999848358333,2538.1243000156246,20.445133020939274
1779032237,120,,Aggregated,71.900000,1.200000,1200,1300,1400,1400,1500,1700,1800,1900,2100,2300,2500,105264,2683,1200,1190.727544215495,1.9625999848358333,2538.1243000156246,20.444102447180423
1779032238,120,,Aggregated,70.500000,1.300000,1200,1300,1400,1400,1500,1700,1800,1900,2100,2300,2500,105332,2683,1200,1190.9556664109668,1.9625999848358333,2538.1243000156246,20.443331561159003
1779032239,120,,Aggregated,70.700000,1.400000,1200,1300,1400,1400,1500,1700,1800,1900,2100,2300,2500,105395,2683,1200,1191.2111367028767,1.9625999848358333,2538.1243000156246,20.443882537122253
1779032240,120,,Aggregated,69.400000,1.100000,1200,1300,1400,1400,1500,1700,1800,1900,2100,2300,2500,105481,2686,1200,1191.2947357922276,1.9625999848358333,2538.1243000156246,20.444079976488656
1779032241,120,,Aggregated,66.400000,1.000000,1200,1300,1400,1400,1500,1700,1800,1900,2100,2300,2500,105553,2688,1200,1191.2160867014654,1.9625999848358333,2538.1243000156246,20.443985485964397
1779032242,120,,Aggregated,67.600000,1.000000,1200,1300,1400,1400,1500,1700,1800,1900,2100,2300,2500,105617,2688,1200,1191.2547832593207,1.9625999848358333,2538.1243000156246,20.44493784144598
1779032243,120,,Aggregated,69.400000,1.000000,1200,1300,1400,1400,1500,1700,1800,1900,2100,2300,2500,105694,2689,1200,1191.3136209586123,1.9625999848358333,2538.1243000156246,20.44619372906693
1779032244,120,,Aggregated,67.500000,0.900000,1200,1300,1400,1400,1500,1700,1800,1900,2100,2300,2500,105765,2689,1200,1191.3073737294912,1.9625999848358333,2538.1243000156246,20.44697206070061
1779032245,120,,Aggregated,66.400000,1.000000,1200,1300,1400,1400,1500,1700,1800,1900,2100,2300,2500,105830,2689,1200,1191.4033055844238,1.9625999848358333,2538.1243000156246,20.447075498440896
1779032246,120,,Aggregated,66.800000,0.800000,1200,1300,1400,1400,1500,1700,1800,1900,2100,2300,2500,105900,2689,1200,1191.5621718593002,1.9625999848358333,2538.1243000156246,20.4471388101983
1779032247,120,,Aggregated,67.200000,0.800000,1200,1300,1400,1400,1500,1700,1800,1900,2100,2300,2500,105989,2690,1200,1191.5679692185026,1.9625999848358333,2538.1243000156246,20.447263395258
1779032248,120,,Aggregated,68.200000,0.700000,1200,1300,1400,1400,1500,1700,1800,1900,2100,2300,2500,106066,2690,1200,1191.44271364339,1.9625999848358333,2538.1243000156246,20.447428959327212
1779032249,120,,Aggregated,68.900000,0.700000,1200,1300,1400,1400,1500,1700,1800,1900,2100,2300,2500,106134,2692,1200,1191.4294609719786,1.9625999848358333,2538.1243000156246,20.447641660542335
1779032250,120,,Aggregated,71.900000,0.700000,1200,1300,1400,1400,1500,1700,1800,1900,2100,2300,2500,106199,2694,1200,1191.4711473996965,1.9625999848358333,2538.1243000156246,20.44691569600467
1779032251,120,,Aggregated,74.100000,0.900000,1200,1300,1400,1400,1500,1700,1800,1900,2100,2300,2500,106258,2695,1200,1191.5875806631072,1.9625999848358333,2538.1243000156246,20.44713809783734
1779032252,120,,Aggregated,73.500000,0.900000,1200,1300,1400,1400,1500,1700,1800,1900,2100,2300,2500,106340,2697,1200,1191.7779349388784,1.9625999848358333,2538.1243000156246,20.4467086703028
1779032253,120,,Aggregated,70.700000,0.600000,1200,1300,1400,1400,1500,1700,1800,1900,2100,2300,2500,106402,2698,1200,1191.8122421768394,1.9625999848358333,2538.1243000156246,20.44592206913404
1779032254,120,,Aggregated,70.300000,0.700000,1200,1300,1400,1400,1500,1700,1800,1900,2100,2300,2500,106472,2700,1200,1191.882123716093,1.9625999848358333,2538.1243000156246,20.446201818318432
1779032255,120,,Aggregated,70.500000,0.800000,1200,1300,1400,1400,1500,1700,1800,1900,2100,2300,2500,106542,2702,1200,1191.9451177422973,1.9625999848358333,2538.1243000156246,20.446678305269284
1779032256,120,,Aggregated,70.200000,1.000000,1200,1300,1400,1400,1500,1700,1800,1900,2100,2300,2500,106614,2703,1200,1191.9984568077334,1.9625999848358333,2538.1243000156246,20.447642898681224
1779032257,120,,Aggregated,70.600000,1.100000,1200,1300,1400,1400,1500,1700,1800,1900,2100,2300,2500,106675,2703,1200,1192.0685884574627,1.9625999848358333,2538.1243000156246,20.447480665573003
1779032258,120,,Aggregated,70.800000,1.300000,1200,1300,1400,1400,1500,1700,1800,1900,2100,2300,2500,106748,2704,1200,1192.2324044918885,1.9625999848358333,2538.1243000156246,20.448458050736313
1779032259,120,,Aggregated,70.300000,1.300000,1200,1300,1400,1400,1500,1700,1800,1900,2100,2300,2500,106830,2704,1200,1192.2108528344108,1.9625999848358333,2538.1243000156246,20.44987363100253
1779032260,120,,Aggregated,68.200000,1.400000,1200,1300,1400,1400,1500,1700,1800,1900,2100,2300,2500,106895,2704,1200,1192.2109035286983,1.9625999848358333,2538.1243000156246,20.448786192057625
1779032261,120,,Aggregated,67.700000,1.200000,1200,1300,1400,1400,1500,1700,1800,1900,2100,2300,2500,106974,2707,1200,1192.2773648269729,1.9625999848358333,2538.1243000156246,20.449024996728177
1779032262,120,,Aggregated,68.700000,1.000000,1200,1300,1400,1400,1500,1700,1800,1900,2100,2300,2500,107036,2708,1200,1192.3129609850944,1.9625999848358333,2538.1243000156246,20.448942411898802
1779032263,120,,Aggregated,69.500000,1.000000,1200,1300,1400,1400,1500,1700,1800,1900,2100,2300,2500,107110,2708,1200,1192.4372449015107,1.9625999848358333,2538.1243000156246,20.450032676687517
1779032264,120,,Aggregated,70.500000,1.200000,1200,1300,1400,1400,1500,1700,1800,1900,2100,2300,2500,107174,2708,1200,1192.511788525206,1.9625999848358333,2538.1243000156246,20.44912012241775
1779032265,120,,Aggregated,69.400000,1.100000,1200,1300,1400,1400,1500,1700,1800,1900,2100,2300,2500,107232,2708,1200,1192.5922364518087,1.9625999848358333,2538.1243000156246,20.44904506117577
1779032266,120,,Aggregated,70.100000,0.900000,1200,1300,1400,1400,1500,1700,1800,1900,2100,2300,2500,107308,2709,1200,1192.7605076322377,1.9625999848358333,2538.1243000156246,20.450301934618107
1779032267,120,,Aggregated,69.600000,0.800000,1200,1300,1400,1400,1500,1700,1800,1900,2100,2300,2500,107382,2709,1200,1192.770008669055,1.9625999848358333,2538.1243000156246,20.450429308450207
1779032268,120,,Aggregated,68.800000,0.700000,1200,1300,1400,1400,1500,1700,1800,1900,2100,2300,2500,107458,2711,1200,1192.7725484980247,1.9625999848358333,2538.1243000156246,20.44974780844609
1779032269,120,,Aggregated,69.300000,0.600000,1200,1300,1400,1400,1500,1700,1800,1900,2100,2300,2500,107520,2712,1200,1192.854080294838,1.9625999848358333,2538.1243000156246,20.450539434523808
1779032270,120,,Aggregated,69.700000,0.500000,1200,1300,1400,1400,1500,1700,1800,1900,2100,2300,2500,107589,2713,1200,1192.9551428259485,1.9625999848358333,2538.1243000156246,20.451477381516696
1779032271,120,,Aggregated,69.900000,0.700000,1200,1300,1400,1400,1500,1700,1800,1900,2100,2300,2500,107645,2714,1200,1193.0650759979642,1.9625999848358333,2538.1243000156246,20.451976403920295
1779032272,120,,Aggregated,68.400000,0.900000,1200,1300,1400,1400,1500,1700,1800,1900,2100,2300,2500,107702,2714,1200,1193.2735259939568,1.9625999848358333,2538.1243000156246,20.450335184119144
1779032273,120,,Aggregated,68.400000,0.900000,1200,1300,1400,1400,1500,1700,1800,1900,2100,2300,2500,107790,2717,1200,1193.4881268828376,1.9625999848358333,2538.1243000156246,20.45019018461824
1779032274,120,,Aggregated,67.100000,0.700000,1200,1300,1400,1400,1500,1700,1800,1900,2100,2300,2500,107854,2718,1200,1193.4732575268524,1.9625999848358333,2538.1243000156246,20.449997218461995
1779032275,120,,Aggregated,66.600000,0.700000,1200,1300,1400,1400,1500,1700,1800,1900,2100,2300,2500,107941,2719,1200,1193.4817891311084,1.9625999848358333,2538.1243000156246,20.450560954595566
1779032276,120,,Aggregated,67.800000,0.900000,1200,1300,1400,1400,1500,1700,1800,1900,2100,2300,2500,108011,2719,1200,1193.4068633491129,1.9625999848358333,2538.1243000156246,20.448972789808444
1779032277,120,,Aggregated,68.300000,1.000000,1200,1300,1400,1400,1500,1700,1800,1900,2100,2300,2500,108094,2724,1200,1193.3766018076929,1.9625999848358333,2538.1243000156246,20.44933113771347
1779032278,120,,Aggregated,70.700000,1.000000,1200,1300,1400,1400,1500,1700,1800,1900,2100,2300,2500,108167,2729,1200,1193.3233190363135,1.9625999848358333,2538.1243000156246,20.449027892055803
1779032279,120,,Aggregated,69.800000,1.000000,1200,1300,1400,1400,1500,1700,1800,1900,2100,2300,2500,108245,2730,1200,1193.2815995307024,1.9625999848358333,2538.1243000156246,20.44798374058848
1779032280,120,,Aggregated,71.000000,1.700000,1200,1300,1400,1400,1500,1700,1800,1900,2100,2300,2500,108332,2730,1200,1193.2028329118016,1.9625999848358333,2538.1243000156246,20.44863936786914
1779032281,120,,Aggregated,71.100000,1.800000,1200,1300,1400,1400,1500,1700,1800,1900,2100,2300,2500,108402,2731,1200,1193.1235127221025,1.9625999848358333,2538.1243000156246,20.448617184184794
1779032282,120,,Aggregated,71.900000,1.700000,1200,1300,1400,1400,1500,1700,1800,1900,2100,2300,2500,108466,2732,1200,1193.143900732961,1.9625999848358333,2538.1243000156246,20.448380137554626
1779032283,120,,Aggregated,74.200000,1.700000,1200,1300,1400,1400,1500,1700,1800,1900,2100,2300,2500,108532,2732,1200,1193.2965811668575,1.9625999848358333,2538.1243000156246,20.44752699664615
1779032284,120,,Aggregated,75.400000,1.700000,1200,1300,1400,1400,1500,1700,1800,1900,2100,2300,2500,108603,2733,1200,1193.4565182251104,1.9625999848358333,2538.1243000156246,20.448284117381657
1779032285,120,,Aggregated,75.600000,1.700000,1200,1300,1400,1400,1500,1700,1800,1900,2100,2300,2500,108668,2734,1200,1193.5361320195589,1.9625999848358333,2538.1243000156246,20.447712298008614
1779032286,120,,Aggregated,73.300000,1.500000,1200,1300,1400,1400,1500,1700,1800,1900,2100,2300,2500,108763,2735,1200,1193.5521853102775,1.9625999848358333,2538.1243000156246,20.44956464974302
1779032287,120,,Aggregated,73.600000,1.500000,1200,1300,1400,1400,1500,1700,1800,1900,2100,2300,2500,108842,2738,1200,1193.3726126862948,1.9625999848358333,2538.1243000156246,20.449486411495563
1779032288,120,,Aggregated,71.900000,1.500000,1200,1300,1400,1400,1500,1700,1800,1900,2100,2300,2500,108912,2738,1200,1193.2893463741489,1.9625999848358333,2538.1243000156246,20.448398707213162
1779032289,120,,Aggregated,74.500000,1.600000,1200,1300,1400,1400,1500,1700,1800,1900,2100,2300,2500,108988,2739,1200,1193.3517902484805,1.9625999848358333,2538.1243000156246,20.44884757955004
1779032290,120,,Aggregated,74.800000,1.200000,1200,1300,1400,1400,1500,1700,1800,1900,2100,2300,2500,109067,2741,1200,1193.337766956105,1.9625999848358333,2538.1243000156246,20.449155106494175
1779032291,120,,Aggregated,73.800000,0.900000,1200,1300,1400,1400,1500,1700,1800,1900,2100,2300,2500,109135,2742,1200,1193.3054203756926,1.9625999848358333,2538.1243000156246,20.449223438860127
1779032292,120,,Aggregated,74.200000,0.900000,1200,1300,1400,1400,1500,1700,1800,1900,2100,2300,2500,109210,2746,1200,1193.3041512114385,1.9625999848358333,2538.1243000156246,20.449894698287704
1779032293,120,,Aggregated,73.000000,1.100000,1200,1300,1400,1400,1500,1700,1800,1900,2100,2300,2500,109297,2746,1200,1193.2195176610583,1.9625999848358333,2538.1243000156246,20.45079004913218
1779032294,120,,Aggregated,72.900000,1.100000,1200,1300,1400,1400,1500,1700,1800,1900,2100,2300,2500,109377,2749,1200,1193.1447771798507,1.9625999848358333,2538.1243000156246,20.450972325077483
1779032295,120,,Aggregated,74.600000,1.400000,1200,1300,1400,1400,1500,1700,1800,1900,2100,2300,2500,109450,2750,1200,1193.1255775431775,1.9625999848358333,2538.1243000156246,20.453777980813157
1779032296,120,,Aggregated,76.400000,1.500000,1200,1300,1400,1400,1500,1700,1800,1900,2100,2300,2500,109520,2752,1200,1193.1712015960627,1.9625999848358333,2538.1243000156246,20.454674945215487
1779032297,120,,Aggregated,76.800000,1.600000,1200,1300,1400,1400,1500,1700,1800,1900,2100,2300,2500,109595,2752,1200,1193.218751654739,1.9625999848358333,2538.1243000156246,20.455157625804098
1779032298,120,,Aggregated,78.000000,1.700000,1200,1300,1400,1400,1500,1700,1800,1900,2100,2300,2500,109689,2754,1200,1193.0950585409794,1.9625999848358333,2538.1243000156246,20.455761288734514
1779032299,120,,Aggregated,75.700000,1.700000,1200,1300,1400,1400,1500,1700,1800,1900,2100,2300,2500,109752,2755,1200,1192.9888253644733,1.9625999848358333,2538.1243000156246,20.455180771193234
1779032300,120,,Aggregated,74.500000,1.400000,1200,1300,1400,1400,1500,1700,1800,1900,2100,2300,2500,109824,2757,1200,1193.0367649466605,1.9625999848358333,2538.1243000156246,20.455273892773892
1779032301,120,,Aggregated,77.500000,1.600000,1200,1300,1400,1400,1500,1700,1800,1900,2100,2300,2500,109886,2758,1200,1193.1279169120908,1.9625999848358333,2538.1243000156246,20.45571774384362
1779032302,120,,Aggregated,75.900000,1.600000,1200,1300,1400,1400,1500,1700,1800,1900,2100,2300,2500,109959,2759,1200,1193.3189871452284,1.9625999848358333,2538.1243000156246,20.455833537955055
1779032303,120,,Aggregated,75.600000,1.600000,1200,1300,1400,1400,1500,1700,1800,1900,2100,2300,2500,110043,2760,1200,1193.2577541006924,1.9625999848358333,2538.1243000156246,20.458466235925957
1779032304,120,,Aggregated,74.000000,1.600000,1200,1300,1400,1400,1500,1700,1800,1900,2100,2300,2500,110110,2763,1200,1193.1942729416244,1.9625999848358333,2538.1243000156246,20.458832077013895
1779032305,120,,Aggregated,73.800000,1.300000,1200,1300,1400,1400,1500,1700,1800,1900,2100,2300,2500,110175,2763,1200,1193.2765600354176,1.9625999848358333,2538.1243000156246,20.458488767869298
1779032306,120,,Aggregated,74.200000,1.300000,1200,1300,1400,1400,1500,1700,1800,1900,2100,2300,2500,110238,2763,1200,1193.4244529236921,1.9625999848358333,2538.1243000156246,20.457519185761715
1779032307,120,,Aggregated,73.200000,1.400000,1200,1300,1400,1400,1500,1700,1800,1900,2100,2300,2500,110300,2767,1200,1193.6329730970265,1.9625999848358333,2538.1243000156246,20.458059836808705
1779032308,120,,Aggregated,71.800000,1.200000,1200,1300,1400,1400,1500,1700,1800,1900,2100,2300,2500,110359,2769,1200,1193.8310257342118,1.9625999848358333,2538.1243000156246,20.45772433603059
1779032309,120,,Aggregated,71.000000,1.200000,1200,1300,1400,1400,1500,1700,1800,1900,2100,2300,2500,110423,2771,1200,1193.9642607998485,1.9625999848358333,2538.1243000156246,20.459451382411274
1779032310,120,,Aggregated,69.900000,1.500000,1200,1300,1400,1400,1500,1700,1800,1900,2100,2300,2500,110500,2772,1200,1194.0898469285225,1.9625999848358333,2538.1243000156246,20.460515837104072
1779032311,120,,Aggregated,66.800000,1.600000,1200,1300,1400,1400,1500,1700,1800,1900,2100,2300,2500,110572,2773,1200,1194.1047372083476,1.9625999848358333,2538.1243000156246,20.461436891799007
1779032312,120,,Aggregated,67.000000,1.600000,1200,1300,1400,1400,1500,1700,1800,1900,2100,2300,2500,110627,2773,1200,1194.2026871875896,1.9625999848358333,2538.1243000156246,20.460909181302938
1779032313,120,,Aggregated,66.800000,1.500000,1200,1300,1400,1400,1500,1700,1800,1900,2100,2300,2500,110682,2775,1200,1194.3919868696041,1.9625999848358333,2538.1243000156246,20.460490413978786
1779032314,120,,Aggregated,68.400000,1.500000,1200,1300,1400,1400,1500,1700,1800,1900,2100,2300,2500,110756,2777,1200,1194.6004427949824,1.9625999848358333,2538.1243000156246,20.4612571779407
1779032315,120,,Aggregated,66.700000,1.400000,1200,1300,1400,1400,1500,1700,1800,1900,2100,2300,2500,110829,2779,1200,1194.676431291456,1.9625999848358333,2538.1243000156246,20.461187956220844
1779032316,120,,Aggregated,63.600000,1.500000,1200,1300,1400,1400,1500,1700,1800,1900,2100,2300,2500,110910,2779,1200,1194.6928043242349,1.9625999848358333,2538.1243000156246,20.462212604814713
1779032317,120,,Aggregated,64.300000,1.400000,1200,1300,1400,1400,1500,1700,1800,1900,2100,2300,2500,110994,2780,1200,1194.5343112474648,1.9625999848358333,2538.1243000156246,20.46357460763645
1779032318,120,,Aggregated,65.000000,1.600000,1200,1300,1400,1400,1500,1700,1800,1900,2100,2300,2500,111081,2781,1200,1194.3931432432285,1.9625999848358333,2538.1243000156246,20.465624184153906
1779032319,120,,Aggregated,67.000000,1.500000,1200,1300,1400,1400,1500,1700,1800,1900,2100,2300,2500,111174,2781,1200,1194.180726297525,1.9625999848358333,2538.1243000156246,20.465648442981273
1779032321,120,,Aggregated,69.100000,1.300000,1200,1300,1400,1400,1500,1700,1800,1900,2100,2300,2500,111245,2782,1200,1194.051368961311,1.9625999848358333,2538.1243000156246,20.46530630590139
1779032322,120,,Aggregated,74.300000,1.000000,1200,1300,1400,1400,1500,1700,1800,1900,2100,2300,2500,111318,2782,1200,1194.014499668527,1.9625999848358333,2538.1243000156246,20.464866418728327
1779032323,120,,Aggregated,74.300000,1.000000,1200,1300,1400,1400,1500,1700,1800,1900,2100,2300,2500,111374,2783,1200,1194.0671139781368,1.9625999848358333,2538.1243000156246,20.465539533463826
1779032324,120,,Aggregated,74.500000,0.900000,1200,1300,1400,1400,1500,1700,1800,1900,2100,2300,2500,111438,2784,1200,1194.2936166541158,1.9625999848358333,2538.1243000156246,20.465658034063786
1779032325,120,,Aggregated,74.400000,1.000000,1200,1300,1400,1400,1500,1700,1800,1900,2100,2300,2500,111511,2785,1200,1194.525409557816,1.9625999848358333,2538.1243000156246,20.46499448484903
1779032326,120,,Aggregated,75.100000,0.900000,1200,1300,1400,1400,1500,1700,1800,1900,2100,2300,2500,111584,2786,1200,1194.505831336047,1.9625999848358333,2538.1243000156246,20.464788858617723
1779032327,120,,Aggregated,75.200000,0.800000,1200,1300,1400,1400,1500,1700,1800,1900,2100,2300,2500,111666,2787,1200,1194.5145135144196,1.9625999848358333,2538.1243000156246,20.464886357530492
1779032328,120,,Aggregated,75.200000,0.600000,1200,1300,1400,1400,1500,1700,1800,1900,2100,2300,2500,111738,2788,1200,1194.4988680717504,1.9625999848358333,2538.1243000156246,20.464658397322307
1779032329,120,,Aggregated,74.900000,0.800000,1200,1300,1400,1400,1500,1700,1800,1900,2100,2300,2500,111807,2788,1200,1194.5212699267597,1.9625999848358333,2538.1243000156246,20.464854615542855
1779032330,120,,Aggregated,73.800000,0.800000,1200,1300,1400,1400,1500,1700,1800,1900,2100,2300,2500,111882,2788,1200,1194.5859619331204,1.9625999848358333,2538.1243000156246,20.46502565202624
1779032331,120,,Aggregated,72.100000,0.700000,1200,1300,1400,1400,1500,1700,1800,1900,2100,2300,2500,111963,2791,1200,1194.5782912971385,1.9625999848358333,2538.1243000156246,20.464385555942588
1779032332,120,,Aggregated,70.000000,0.700000,1200,1300,1400,1400,1500,1700,1800,1900,2100,2300,2500,112029,2794,1200,1194.5781055548273,1.9625999848358333,2538.1243000156246,20.464424390113273
1779032333,120,,Aggregated,71.400000,0.700000,1200,1300,1400,1400,1500,1700,1800,1900,2100,2300,2500,112086,2797,1200,1194.6582770890357,1.9625999848358333,2538.1243000156246,20.463635065931516
1779032334,120,,Aggregated,71.400000,0.700000,1200,1300,1400,1400,1500,1700,1800,1900,2100,2300,2500,112132,2797,1200,1194.8419464087121,1.9625999848358333,2538.1243000156246,20.46306139193094
1779032335,120,,Aggregated,71.100000,1.400000,1200,1300,1400,1400,1500,1700,1800,1900,2100,2300,2500,112197,2797,1200,1195.1818442944275,1.9625999848358333,2538.1243000156246,20.46290007754218
1779032336,120,,Aggregated,69.600000,1.300000,1200,1300,1400,1400,1600,1700,1800,1900,2100,2300,2500,112250,2797,1200,1195.4144298984568,1.9625999848358333,2538.1243000156246,20.461870824053452
1779032337,120,,Aggregated,68.200000,1.200000,1200,1300,1400,1400,1600,1700,1800,1900,2100,2300,2500,112325,2797,1200,1195.6648137885759,1.9625999848358333,2538.1243000156246,20.462372579568218
1779032338,120,,Aggregated,66.300000,1.200000,1200,1300,1400,1400,1600,1700,1800,1900,2100,2300,2500,112396,2797,1200,1195.738802310594,1.9625999848358333,2538.1243000156246,20.462036015516567
1779032339,120,,Aggregated,66.100000,1.000000,1200,1300,1400,1400,1600,1700,1800,1900,2100,2300,2500,112470,2797,1200,1195.8183161678833,1.9625999848358333,2538.1243000156246,20.462185471681337
1779032340,120,,Aggregated,65.600000,0.900000,1200,1300,1400,1400,1600,1700,1800,1900,2100,2300,2500,112537,2797,1200,1195.8304225854763,1.9625999848358333,2538.1243000156246,20.462185770013416
1779032341,120,,Aggregated,64.800000,0.900000,1200,1300,1400,1400,1600,1700,1800,1900,2100,2300,2500,112615,2797,1200,1195.859612191996,1.9625999848358333,2538.1243000156246,20.462087643741953
1779032342,120,,Aggregated,65.300000,0.900000,1200,1300,1400,1400,1600,1700,1800,1900,2100,2300,2500,112706,2797,1200,1195.7154855163126,1.9625999848358333,2538.1243000156246,20.463018827746527
1779032343,120,,Aggregated,64.500000,0.800000,1200,1300,1400,1400,1600,1700,1800,1900,2100,2300,2500,112777,2797,1200,1195.6484624852728,1.9625999848358333,2538.1243000156246,20.46233717868005
1779032344,120,,Aggregated,67.700000,0.300000,1200,1300,1400,1400,1600,1700,1800,1900,2100,2300,2500,112857,2800,1200,1195.6161060288787,1.9625999848358333,2538.1243000156246,20.463125902691015
1779032345,120,,Aggregated,68.500000,0.000000,1200,1300,1400,1400,1600,1700,1800,1900,2100,2300,2500,112910,2800,1200,1195.646564774611,1.9625999848358333,2538.1243000156246,20.462766805420245
1779032346,120,,Aggregated,71.800000,0.300000,1200,1300,1400,1400,1600,1700,1800,1900,2100,2300,2500,112983,2800,1200,1195.8351104909711,1.9625999848358333,2538.1243000156246,20.464627421824524
1779032347,120,,Aggregated,71.000000,0.300000,1200,1300,1400,1400,1600,1700,1800,1900,2100,2300,2500,113055,2801,1200,1195.9060862606811,1.9625999848358333,2538.1243000156246,20.46367697138561
1779032348,120,,Aggregated,72.500000,0.300000,1200,1300,1400,1400,1600,1700,1800,1900,2100,2300,2500,113126,2801,1200,1195.9168153395412,1.9625999848358333,2538.1243000156246,20.463200325300992
1779032349,120,,Aggregated,72.600000,0.400000,1200,1300,1400,1400,1600,1700,1800,1900,2100,2300,2500,113207,2802,1200,1195.9450596650472,1.9625999848358333,2538.1243000156246,20.463593240700664
1779032350,120,,Aggregated,72.500000,0.400000,1200,1300,1400,1400,1600,1700,1800,1900,2100,2300,2500,113276,2802,1200,1195.9231666451956,1.9625999848358333,2538.1243000156246,20.464326070835835
1779032351,120,,Aggregated,73.700000,0.500000,1200,1300,1400,1400,1600,1700,1800,1900,2100,2300,2500,113339,2804,1200,1195.9772273815777,1.9625999848358333,2538.1243000156246,20.463238602775743
1779032352,120,,Aggregated,73.400000,0.500000,1200,1300,1400,1400,1600,1700,1800,1900,2100,2300,2500,113408,2805,1200,1196.0812834985238,1.9625999848358333,2538.1243000156246,20.46426178047404
1779032353,120,,Aggregated,72.100000,0.600000,1200,1300,1400,1400,1600,1700,1800,1900,2100,2300,2500,113481,2807,1200,1196.159403821789,1.9625999848358333,2538.1243000156246,20.465487614666774
1779032354,120,,Aggregated,69.500000,0.800000,1200,1300,1400,1400,1600,1700,1800,1900,2100,2300,2500,113544,2808,1200,1196.1995287412856,1.9625999848358333,2538.1243000156246,20.46563446769534
1779032355,120,,Aggregated,70.100000,1.000000,1200,1300,1400,1400,1600,1700,1800,1900,2100,2300,2500,113606,2810,1200,1196.3211970741038,1.9625999848358333,2538.1243000156246,20.46578525782089
1779032356,120,,Aggregated,68.500000,0.800000,1200,1300,1400,1400,1600,1700,1800,1900,2100,2300,2500,113674,2812,1200,1196.5161086317053,1.9625999848358333,2538.1243000156246,20.465673768847758
1779032357,120,,Aggregated,69.000000,0.900000,1200,1300,1400,1400,1600,1700,1800,1900,2100,2300,2500,113744,2812,1200,1196.5985621026189,1.9625999848358333,2538.1243000156246,20.46539597693065
1779032358,120,,Aggregated,69.000000,1.100000,1200,1300,1400,1400,1600,1700,1800,1900,2100,2300,2500,113820,2812,1200,1196.6322671551613,1.9625999848358333,2538.1243000156246,20.4652872957301
1779032359,120,,Aggregated,68.100000,1.100000,1200,1300,1400,1400,1600,1700,1800,1900,2100,2300,2500,113889,2812,1200,1196.6938129880891,1.9625999848358333,2538.1243000156246,20.46475954657605
1779032360,120,,Aggregated,68.900000,1.100000,1200,1300,1400,1400,1600,1700,1800,1900,2100,2300,2500,113966,2813,1200,1196.741475404072,1.9625999848358333,2538.1243000156246,20.465156274678414
1779032361,120,,Aggregated,68.300000,1.000000,1200,1300,1400,1400,1600,1700,1800,1900,2100,2300,2500,114038,2815,1200,1196.7615611796136,1.9625999848358333,2538.1243000156246,20.464871358669917
1779032362,120,,Aggregated,68.500000,1.100000,1200,1300,1400,1400,1600,1700,1800,1900,2100,2300,2500,114099,2815,1200,1196.7833275699224,1.9625999848358333,2538.1243000156246,20.464763056643793
1779032363,120,,Aggregated,69.400000,1.200000,1200,1300,1400,1400,1600,1700,1800,1900,2100,2300,2500,114159,2815,1200,1196.8934348119792,1.9625999848358333,2538.1243000156246,20.46497429024431
1779032364,120,,Aggregated,69.600000,1.000000,1200,1300,1400,1400,1600,1700,1800,1900,2100,2300,2500,114239,2815,1200,1197.0314536725698,1.9625999848358333,2538.1243000156246,20.465567800838592
1779032365,120,,Aggregated,67.600000,0.800000,1200,1300,1400,1400,1600,1700,1800,1900,2100,2300,2500,114308,2816,1200,1197.0926112993036,1.9625999848358333,2538.1243000156246,20.46548797984393
1779032366,120,,Aggregated,68.400000,0.700000,1200,1300,1400,1400,1600,1700,1800,1900,2100,2300,2500,114370,2816,1200,1197.1961983693318,1.9625999848358333,2538.1243000156246,20.4643962577599
1779032367,120,,Aggregated,69.600000,0.700000,1200,1300,1400,1400,1600,1700,1800,1900,2100,2300,2500,114433,2817,1200,1197.3886671930331,1.9625999848358333,2538.1243000156246,20.46425419240953
1779032368,120,,Aggregated,69.500000,0.500000,1200,1300,1400,1400,1600,1700,1800,1900,2100,2300,2500,114483,2817,1200,1197.57863699327,1.9625999848358333,2538.1243000156246,20.46382432326197
1779032369,120,,Aggregated,68.700000,0.500000,1200,1300,1400,1400,1600,1700,1800,1900,2100,2300,2500,114546,2821,1200,1197.837063171133,1.9625999848358333,2538.1243000156246,20.46299303336651
1779032370,120,,Aggregated,66.300000,0.500000,1200,1300,1400,1400,1600,1700,1800,1900,2100,2300,2500,114612,2821,1200,1198.0371578909776,1.9625999848358333,2538.1243000156246,20.462604264823927
1779032371,120,,Aggregated,65.900000,0.800000,1200,1300,1400,1400,1600,1700,1800,1900,2100,2300,2500,114686,2822,1200,1198.1451424227935,1.9625999848358333,2538.1243000156246,20.46347418167867
1779032372,120,,Aggregated,64.400000,0.800000,1200,1300,1400,1400,1600,1700,1800,1900,2100,2300,2500,114738,2822,1200,1198.217716154199,1.9625999848358333,2538.1243000156246,20.462479736443026
1779032373,120,,Aggregated,64.300000,0.700000,1200,1300,1400,1400,1600,1700,1800,1900,2100,2300,2500,114812,2823,1200,1198.3520030972438,1.9625999848358333,2538.1243000156246,20.462756506288542
1779032374,120,,Aggregated,63.500000,0.700000,1200,1300,1400,1400,1600,1700,1800,1900,2100,2300,2500,114885,2824,1200,1198.4478009505237,1.9625999848358333,2538.1243000156246,20.462131696914305
1779032375,120,,Aggregated,64.800000,0.800000,1200,1300,1400,1400,1600,1700,1800,1900,2100,2300,2500,114972,2826,1200,1198.4068908195097,1.9625999848358333,2538.1243000156246,20.46200814111262
1779032376,120,,Aggregated,64.400000,0.900000,1200,1300,1400,1400,1600,1700,1800,1900,2100,2300,2500,115049,2828,1200,1198.290552483732,1.9625999848358333,2538.1243000156246,20.461820615563802
1779032377,120,,Aggregated,65.300000,1.000000,1200,1300,1400,1400,1600,1700,1800,1900,2100,2300,2500,115116,2828,1200,1198.2671151343056,1.9625999848358333,2538.1243000156246,20.461117481496924
1779032378,120,,Aggregated,67.200000,1.200000,1200,1300,1400,1400,1600,1700,1800,1900,2100,2300,2500,115171,2828,1200,1198.387488588279,1.9625999848358333,2538.1243000156246,20.461487700896928
1779032379,120,,Aggregated,67.900000,1.100000,1200,1300,1400,1400,1600,1700,1800,1900,2100,2300,2500,115231,2828,1200,1198.6232597738524,1.9625999848358333,2538.1243000156246,20.461707353056035
1779032380,120,,Aggregated,68.500000,1.100000,1200,1300,1400,1400,1600,1700,1800,1900,2100,2300,2500,115325,2830,1200,1198.6819795014108,1.9625999848358333,2538.1243000156246,20.46307392152612
1779032381,120,,Aggregated,67.300000,0.800000,1200,1300,1400,1400,1600,1700,1800,1900,2100,2300,2500,115391,2831,1200,1198.5916156268684,1.9625999848358333,2538.1243000156246,20.463545683805496
1779032382,120,,Aggregated,70.400000,0.800000,1200,1300,1400,1400,1600,1700,1800,1900,2100,2300,2500,115467,2832,1200,1198.6086719530235,1.9625999848358333,2538.1243000156246,20.46437510284324
1779032383,120,,Aggregated,70.700000,0.900000,1200,1300,1400,1400,1600,1700,1800,1900,2100,2300,2500,115540,2832,1200,1198.6786670676795,1.9625999848358333,2538.1243000156246,20.46451445386879
1779032384,120,,Aggregated,71.900000,1.000000,1200,1300,1400,1400,1600,1700,1800,1900,2100,2300,2500,115589,2833,1200,1198.805839477803,1.9625999848358333,2538.1243000156246,20.4642310254436
1779032385,120,,Aggregated,70.800000,0.900000,1200,1300,1400,1400,1600,1700,1800,1900,2100,2300,2500,115650,2833,1200,1199.0565687444825,1.9625999848358333,2538.1243000156246,20.46396887159533
1779032386,120,,Aggregated,70.400000,0.900000,1200,1300,1400,1400,1600,1700,1800,1900,2100,2300,2500,115713,2833,1200,1199.2829518048936,1.9625999848358333,2538.1243000156246,20.463068108164165
1779032387,120,,Aggregated,68.000000,0.700000,1200,1300,1400,1400,1600,1700,1800,1900,2100,2300,2500,115790,2834,1200,1199.3571268745075,1.9625999848358333,2538.1243000156246,20.46529924863978
1779032388,120,,Aggregated,66.000000,0.500000,1200,1300,1400,1400,1600,1700,1800,1900,2100,2300,2500,115863,2835,1200,1199.4186863666537,1.9625999848358333,2538.1243000156246,20.464850728878073
1779032389,120,,Aggregated,66.400000,0.600000,1200,1300,1400,1400,1600,1700,1800,1900,2100,2300,2500,115926,2836,1200,1199.4395583596383,1.9625999848358333,2538.1243000156246,20.46537446301951
1779032390,120,,Aggregated,67.400000,0.600000,1200,1300,1400,1400,1600,1700,1800,1900,2100,2300,2500,116003,2836,1200,1199.5221373585123,1.9625999848358333,2538.1243000156246,20.466281044455748
1779032391,120,,Aggregated,69.400000,0.700000,1200,1300,1400,1400,1600,1700,1800,1900,2100,2300,2500,116082,2837,1200,1199.5028014730935,1.9625999848358333,2538.1243000156246,20.46647197670612
1779032392,120,,Aggregated,66.900000,0.700000,1200,1300,1400,1400,1600,1700,1800,1900,2100,2300,2500,116151,2837,1200,1199.4550293316418,1.9625999848358333,2538.1243000156246,20.465420013602984
1779032393,120,,Aggregated,67.900000,0.600000,1200,1300,1400,1400,1600,1700,1800,1900,2100,2300,2500,116214,2838,1200,1199.530970188613,1.9625999848358333,2538.1243000156246,20.465270965632367
1779032394,120,,Aggregated,68.100000,0.500000,1200,1300,1400,1400,1600,1700,1800,1900,2100,2300,2500,116278,2839,1200,1199.673251339029,1.9625999848358333,2538.1243000156246,20.465358881301707
1779032395,120,,Aggregated,68.200000,0.600000,1200,1300,1400,1400,1600,1700,1800,1900,2100,2300,2500,116340,2839,1200,1199.8490655097098,1.9625999848358333,2538.1243000156246,20.4660993639333
1779032396,120,,Aggregated,68.300000,0.600000,1200,1300,1400,1400,1600,1700,1800,1900,2100,2300,2500,116395,2839,1200,1200.0088045835266,1.9625999848358333,2538.1243000156246,20.465638558357316
1779032397,120,,Aggregated,68.800000,0.600000,1200,1300,1400,1400,1600,1700,1800,1900,2100,2300,2500,116468,2839,1200,1200.1932108699357,1.9625999848358333,2538.1243000156246,20.465990658378267
1779032398,120,,Aggregated,68.800000,0.600000,1200,1300,1400,1400,1600,1700,1800,1900,2100,2300,2500,116527,2841,1200,1200.314643196853,1.9625999848358333,2538.1243000156246,20.465591665450926
1779032399,120,,Aggregated,67.800000,0.500000,1200,1300,1400,1400,1600,1700,1800,1900,2100,2300,2500,116601,2842,1200,1200.462465748147,1.9625999848358333,2538.1243000156246,20.465587773689762
1779032400,120,,Aggregated,67.400000,0.600000,1200,1300,1400,1400,1600,1700,1800,1900,2100,2300,2500,116667,2843,1200,1200.5106588735434,1.9625999848358333,2538.1243000156246,20.465238670746654
1779032401,120,,Aggregated,66.400000,0.700000,1200,1300,1400,1400,1600,1700,1800,1900,2100,2300,2500,116737,2843,1200,1200.57485974198,1.9625999848358333,2538.1243000156246,20.466030478768513
1779032402,120,,Aggregated,67.600000,0.700000,1200,1300,1400,1400,1600,1700,1800,1900,2100,2300,2500,116807,2845,1200,1200.619136332582,1.9625999848358333,2538.1243000156246,20.465888174510088
1779032403,120,,Aggregated,65.400000,0.600000,1200,1300,1400,1400,1600,1700,1800,1900,2100,2300,2500,116888,2847,1200,1200.6099816773337,1.9625999848358333,2538.1243000156246,20.468200328519607
1779032404,120,,Aggregated,66.000000,0.800000,1200,1300,1400,1400,1600,1700,1800,1900,2100,2300,2500,116965,2847,1200,1200.5500130910973,1.9625999848358333,2538.1243000156246,20.468490574103363
1779032405,120,,Aggregated,66.500000,0.900000,1200,1300,1400,1400,1600,1700,1800,1900,2100,2300,2500,117037,2848,1200,1200.5308286712755,1.9625999848358333,2538.1243000156246,20.46839888240471
1779032406,120,,Aggregated,67.600000,0.800000,1200,1300,1400,1400,1600,1700,1800,1900,2100,2300,2500,117107,2849,1200,1200.5349872637833,1.9625999848358333,2538.1243000156246,20.467572391061168
1779032407,120,,Aggregated,69.100000,0.900000,1200,1300,1400,1400,1600,1700,1800,1900,2100,2300,2500,117195,2850,1200,1200.5287062314897,1.9625999848358333,2538.1243000156246,20.468287896241307
1779032408,120,,Aggregated,69.600000,0.900000,1200,1300,1400,1400,1600,1700,1800,1900,2100,2300,2500,117265,2851,1200,1200.4531331497003,1.9625999848358333,2538.1243000156246,20.468912292670446
1779032409,120,,Aggregated,71.000000,1.100000,1200,1300,1400,1400,1600,1700,1800,1900,2100,2300,2500,117331,2851,1200,1200.4856095064347,1.9625999848358333,2538.1243000156246,20.4686314784669
1779032410,120,,Aggregated,73.000000,1.000000,1200,1300,1400,1400,1600,1700,1800,1900,2100,2300,2500,117409,2851,1200,1200.544877777678,1.9625999848358333,2538.1243000156246,20.46950404142783
1779032411,120,,Aggregated,73.500000,0.900000,1200,1300,1400,1400,1600,1700,1800,1900,2100,2300,2500,117473,2851,1200,1200.590930967962,1.9625999848358333,2538.1243000156246,20.468865186042752
1779032412,120,,Aggregated,72.900000,0.800000,1200,1300,1400,1400,1600,1700,1800,1900,2100,2300,2500,117535,2851,1200,1200.6678613680965,1.9625999848358333,2538.1243000156246,20.46856680988642
1779032413,120,,Aggregated,73.200000,0.800000,1200,1300,1400,1400,1600,1700,1800,1900,2100,2300,2500,117592,2851,1200,1200.8111781804805,1.9625999848358333,2538.1243000156246,20.468390706850805
1779032414,120,,Aggregated,72.300000,0.600000,1200,1300,1400,1400,1600,1700,1800,1900,2100,2300,2500,117670,2852,1200,1201.024209535979,1.9625999848358333,2538.1243000156246,20.46813121441319
1779032415,120,,Aggregated,70.900000,0.400000,1200,1300,1400,1400,1600,1700,1800,1900,2100,2300,2500,117742,2855,1200,1201.0263372789575,1.9625999848358333,2538.1243000156246,20.467284401487998
1779032416,120,,Aggregated,69.400000,0.400000,1200,1300,1400,1400,1600,1700,1800,1900,2100,2300,2500,117818,2856,1200,1201.0751404038372,1.9625999848358333,2538.1243000156246,20.4682815868543
1779032417,120,,Aggregated,70.000000,0.500000,1200,1300,1400,1400,1600,1700,1800,1900,2100,2300,2500,117888,2856,1200,1201.0847584665032,1.9625999848358333,2538.1243000156246,20.468376764386537
1779032418,120,,Aggregated,69.900000,0.700000,1200,1300,1400,1400,1600,1700,1800,1900,2100,2300,2500,117958,2856,1200,1201.120791330804,1.9625999848358333,2538.1243000156246,20.469395886671528
1779032419,120,,Aggregated,70.200000,0.600000,1200,1300,1400,1400,1600,1700,1800,1900,2100,2300,2500,118043,2858,1200,1201.1107927145092,1.9625999848358333,2538.1243000156246,20.470997856713232
1779032420,120,,Aggregated,68.400000,0.600000,1200,1300,1400,1400,1600,1700,1800,1900,2100,2300,2500,118120,2858,1200,1201.0305384549524,1.9625999848358333,2538.1243000156246,20.47147815780562
1779032421,120,,Aggregated,69.800000,0.700000,1200,1300,1400,1400,1600,1700,1800,1900,2100,2300,2500,118211,2859,1200,1200.8897860122934,1.9625999848358333,2538.1243000156246,20.471453587229615
1779032422,120,,Aggregated,70.200000,0.700000,1200,1300,1400,1400,1600,1700,1800,1900,2100,2300,2500,118286,2862,1200,1200.748326641356,1.9625999848358333,2538.1243000156246,20.472803205789358
1779032423,120,,Aggregated,72.200000,0.800000,1200,1300,1400,1400,1600,1700,1800,1900,2100,2300,2500,118345,2864,1200,1200.7724237838474,1.9625999848358333,2538.1243000156246,20.47282943935105
1779032424,120,,Aggregated,73.100000,0.900000,1200,1300,1400,1400,1600,1700,1800,1900,2100,2300,2500,118427,2865,1200,1200.8314810026372,1.9625999848358333,2538.1243000156246,20.47400508330026
1779032425,120,,Aggregated,75.000000,1.200000,1200,1300,1400,1400,1600,1700,1800,1900,2100,2300,2500,118505,2867,1200,1200.7837070148885,1.9625999848358333,2538.1243000156246,20.474908231720182
1779032426,120,,Aggregated,75.900000,1.400000,1200,1300,1400,1400,1600,1700,1800,1900,2100,2300,2500,118577,2869,1200,1200.7858990908808,1.9625999848358333,2538.1243000156246,20.474687333968646
1779032427,120,,Aggregated,75.800000,1.300000,1200,1300,1400,1400,1600,1700,1800,1900,2100,2300,2500,118636,2870,1200,1200.8561059425424,1.9625999848358333,2538.1243000156246,20.474046663744563
1779032428,120,,Aggregated,75.900000,1.200000,1200,1300,1400,1400,1600,1700,1800,1900,2100,2300,2500,118705,2873,1200,1200.98962437555,1.9625999848358333,2538.1243000156246,20.475110568215324
1779032429,120,,Aggregated,74.800000,1.300000,1200,1300,1400,1400,1600,1700,1800,1900,2100,2300,2500,118764,2873,1200,1201.1260373926425,1.9625999848358333,2538.1243000156246,20.474495638408946
1779032430,120,,Aggregated,74.800000,1.500000,1200,1300,1400,1400,1600,1700,1800,1900,2100,2300,2500,118815,2873,1200,1201.2988995800167,1.9625999848358333,2538.1243000156246,20.474409796742837
1779032431,120,,Aggregated,72.600000,1.500000,1200,1300,1400,1400,1600,1700,1800,1900,2100,2300,2500,118878,2873,1200,1201.5427794890545,1.9625999848358333,2538.1243000156246,20.47366207372264
1779032432,120,,Aggregated,71.100000,1.500000,1200,1300,1400,1400,1600,1700,1800,1900,2100,2300,2500,118930,2873,1200,1201.7533705339267,1.9625999848358333,2538.1243000156246,20.474178087950897
1779032433,120,,Aggregated,67.800000,1.400000,1200,1300,1400,1400,1600,1700,1800,1900,2100,2300,2500,118986,2874,1200,1202.008219818296,1.9625999848358333,2538.1243000156246,20.47385406686501
1779032434,120,,Aggregated,65.500000,1.300000,1200,1300,1400,1400,1600,1700,1800,1900,2100,2300,2500,119067,2876,1200,1202.257167593873,1.9625999848358333,2538.1243000156246,20.473640891262903
1779032435,120,,Aggregated,63.800000,1.000000,1200,1300,1400,1400,1600,1700,1800,1900,2100,2300,2500,119134,2879,1200,1202.282434827166,1.9625999848358333,2538.1243000156246,20.473240216898617
1779032436,120,,Aggregated,63.100000,0.900000,1200,1300,1400,1400,1600,1700,1800,1900,2100,2300,2500,119206,2880,1200,1202.3648857767223,1.9625999848358333,2538.1243000156246,20.47301310336728
1779032437,120,,Aggregated,62.700000,1.200000,1200,1300,1400,1400,1600,1700,1800,1900,2100,2300,2500,119283,2880,1200,1202.3390091513434,1.9625999848358333,2538.1243000156246,20.4740658769481
1779032438,120,,Aggregated,62.100000,1.300000,1200,1300,1400,1400,1600,1700,1800,1900,2100,2300,2500,119345,2880,1200,1202.3216368670614,1.9625999848358333,2538.1243000156246,20.4735263312246
1779032439,120,,Aggregated,63.000000,1.100000,1200,1300,1400,1400,1600,1700,1800,1900,2100,2300,2500,119398,2881,1200,1202.4798441774506,1.9625999848358333,2538.1243000156246,20.4725623544783
1779032440,120,,Aggregated,63.500000,0.900000,1200,1300,1400,1400,1600,1700,1800,1900,2100,2300,2500,119460,2881,1200,1202.7695423380123,1.9625999848358333,2538.1243000156246,20.472116189519504
1779032441,120,,Aggregated,63.300000,0.800000,1200,1300,1400,1400,1600,1700,1800,1900,2200,2300,2500,119527,2881,1200,1202.9653001974375,1.9625999848358333,2538.1243000156246,20.471893379738468
1779032442,120,,Aggregated,62.800000,0.800000,1200,1300,1400,1400,1600,1700,1800,1900,2200,2300,2500,119582,2882,1200,1203.0708432983158,1.9625999848358333,2538.1243000156246,20.47098225485441
1779032443,120,,Aggregated,63.900000,0.800000,1200,1300,1400,1400,1600,1700,1800,1900,2200,2300,2500,119650,2883,1200,1203.273144966148,1.9625999848358333,2538.1243000156246,20.470564145424152
1779032444,120,,Aggregated,64.600000,0.800000,1200,1300,1400,1400,1600,1700,1800,1900,2200,2300,2500,119718,2886,1200,1203.4650235419858,1.9625999848358333,2538.1243000156246,20.471382749461235
1779032445,120,,Aggregated,64.600000,0.900000,1200,1300,1400,1400,1600,1700,1800,1900,2200,2300,2500,119794,2886,1200,1203.48134553149,1.9625999848358333,2538.1243000156246,20.47135916656928
1779032446,120,,Aggregated,64.800000,1.000000,1200,1300,1400,1400,1600,1700,1800,1900,2200,2300,2500,119864,2887,1200,1203.493276939693,1.9625999848358333,2538.1243000156246,20.47142594940933
1779032447,120,,Aggregated,64.600000,0.800000,1200,1300,1400,1400,1600,1700,1800,1900,2200,2300,2500,119935,2887,1200,1203.5305499603905,1.9625999848358333,2538.1243000156246,20.4716804936007
1779032448,120,,Aggregated,66.000000,0.600000,1200,1300,1400,1400,1600,1700,1800,1900,2200,2300,2500,119991,2888,1200,1203.6095236592687,1.9625999848358333,2538.1243000156246,20.47156870098591
1779032449,120,,Aggregated,65.000000,0.700000,1200,1300,1400,1400,1600,1700,1800,1900,2200,2300,2500,120050,2888,1200,1203.8035653094482,1.9625999848358333,2538.1243000156246,20.47158683881716
1779032450,120,,Aggregated,64.900000,0.700000,1200,1300,1400,1400,1600,1700,1800,1900,2200,2300,2500,120126,2890,1200,1204.0024021310912,1.9625999848358333,2538.1243000156246,20.47356941877695
1779032451,120,,Aggregated,64.700000,0.700000,1200,1300,1400,1400,1600,1700,1800,1900,2200,2300,2500,120202,2893,1200,1203.9824287307977,1.9625999848358333,2538.1243000156246,20.47326167617843
1779032452,120,,Aggregated,65.300000,0.800000,1200,1300,1400,1400,1600,1700,1800,1900,2200,2300,2500,120258,2893,1200,1203.9870097956007,1.9625999848358333,2538.1243000156246,20.47349864458082
1779032453,120,,Aggregated,66.600000,1.000000,1200,1300,1400,1400,1600,1700,1800,1900,2200,2300,2500,120334,2894,1200,1204.1465089658682,1.9625999848358333,2538.1243000156246,20.47395582295943
1779032454,120,,Aggregated,67.100000,1.200000,1200,1300,1400,1400,1600,1700,1800,1900,2200,2300,2500,120397,2896,1200,1204.2166751879095,1.9625999848358333,2538.1243000156246,20.474787577763564
1779032455,120,,Aggregated,67.500000,1.100000,1200,1300,1400,1400,1600,1700,1800,1900,2200,2300,2500,120485,2898,1200,1204.230888166152,1.9625999848358333,2538.1243000156246,20.475909864298462
1779032456,120,,Aggregated,68.800000,1.000000,1200,1300,1400,1400,1600,1700,1800,1900,2200,2300,2500,120556,2899,1200,1204.1503002065356,1.9625999848358333,2538.1243000156246,20.47665815056903
1779032457,120,,Aggregated,68.500000,1.200000,1200,1300,1400,1400,1600,1700,1800,1900,2200,2300,2500,120643,2899,1200,1204.0846881269501,1.9625999848358333,2538.1243000156246,20.477043840090182
1779032458,120,,Aggregated,68.400000,1.200000,1200,1300,1400,1400,1600,1700,1800,1900,2200,2300,2500,120709,2900,1200,1204.0420248572975,1.9625999848358333,2538.1243000156246,20.47703153865909
1779032459,120,,Aggregated,69.100000,1.200000,1200,1300,1400,1400,1600,1700,1800,1900,2200,2300,2500,120777,2902,1200,1204.0651786225792,1.9625999848358333,2538.1243000156246,20.475901868733285
1779032460,120,,Aggregated,70.200000,1.200000,1200,1300,1400,1400,1600,1700,1800,1900,2200,2300,2500,120870,2903,1200,1204.0172972491064,1.9625999848358333,2538.1243000156246,20.476660875320594
1779032461,120,,Aggregated,71.200000,1.200000,1200,1300,1400,1400,1600,1700,1800,1900,2200,2300,2500,120934,2905,1200,1203.98298878396,1.9625999848358333,2538.1243000156246,20.476317660872873
1779032462,120,,Aggregated,73.200000,1.300000,1200,1300,1400,1400,1600,1700,1800,1900,2200,2300,2500,121003,2906,1200,1204.0796661454606,1.9625999848358333,2538.1243000156246,20.47654190391974
1779032463,120,,Aggregated,73.500000,1.300000,1200,1300,1400,1400,1600,1700,1800,1900,2200,2300,2500,121082,2908,1200,1204.1372967798616,1.9625999848358333,2538.1243000156246,20.47800664012818
1779032464,120,,Aggregated,73.500000,1.200000,1200,1300,1400,1400,1600,1700,1800,1900,2200,2300,2500,121159,2909,1200,1204.0757221774645,1.9625999848358333,2538.1243000156246,20.478462186053036
1779032465,120,,Aggregated,74.200000,1.300000,1200,1300,1400,1400,1600,1700,1800,1900,2200,2300,2500,121215,2910,1200,1204.1079419205496,1.9625999848358333,2538.1243000156246,20.478208142556614
1779032466,120,,Aggregated,74.400000,1.400000,1200,1300,1400,1400,1600,1700,1800,1900,2200,2300,2500,121296,2913,1200,1204.1755046753344,1.9625999848358333,2538.1243000156246,20.478614298905157
1779032467,120,,Aggregated,74.800000,1.100000,1200,1300,1400,1400,1600,1700,1800,1900,2200,2300,2500,121353,2913,1200,1204.2007068914595,1.9625999848358333,2538.1243000156246,20.47810107702323
1779032468,120,,Aggregated,73.100000,1.200000,1200,1300,1400,1400,1600,1700,1800,1900,2200,2300,2500,121421,2913,1200,1204.333989645937,1.9625999848358333,2538.1243000156246,20.47801451149307
1779032469,120,,Aggregated,73.000000,1.400000,1200,1300,1400,1400,1600,1700,1800,1900,2200,2300,2500,121489,2915,1200,1204.4358555243632,1.9625999848358333,2538.1243000156246,20.47829844677296
1779032470,120,,Aggregated,70.900000,1.400000,1200,1300,1400,1400,1600,1700,1800,1900,2200,2300,2500,121554,2917,1200,1204.5082961514986,1.9625999848358333,2538.1243000156246,20.47861032956546
1779032471,120,,Aggregated,71.100000,1.300000,1200,1300,1400,1400,1600,1700,1800,1900,2200,2300,2500,121627,2917,1200,1204.5898655948045,1.9625999848358333,2538.1243000156246,20.478101079530038
1779032472,120,,Aggregated,69.800000,1.400000,1200,1300,1400,1400,1600,1700,1800,1900,2200,2300,2500,121688,2918,1200,1204.672690041741,1.9625999848358333,2538.1243000156246,20.478510617316417
1779032473,120,,Aggregated,68.300000,1.300000,1200,1300,1400,1400,1600,1700,1800,1900,2200,2300,2500,121752,2919,1200,1204.8141708390758,1.9625999848358333,2538.1243000156246,20.477667717984097
1779032474,120,,Aggregated,68.700000,1.200000,1200,1300,1400,1400,1600,1700,1800,1900,2200,2300,2500,121815,2920,1200,1204.933857611945,1.9625999848358333,2538.1243000156246,20.478069203300088
1779032475,120,,Aggregated,67.900000,1.200000,1200,1300,1400,1400,1600,1700,1800,1900,2200,2300,2500,121893,2920,1200,1205.060168887458,1.9625999848358333,2538.1243000156246,20.4786246954296
1779032476,120,,Aggregated,66.900000,1.100000,1200,1300,1400,1400,1600,1700,1800,1900,2200,2300,2500,121954,2921,1200,1205.0633293971428,1.9625999848358333,2538.1243000156246,20.479320071502368
1779032477,120,,Aggregated,65.100000,1.100000,1200,1300,1400,1400,1600,1700,1800,1900,2200,2300,2500,122029,2922,1200,1205.0999791090587,1.9625999848358333,2538.1243000156246,20.479156593924394
1779032478,120,,Aggregated,67.000000,1.000000,1200,1300,1400,1400,1600,1700,1800,1900,2200,2300,2500,122099,2923,1200,1205.1790934528462,1.9625999848358333,2538.1243000156246,20.478652568817107
1779032480,120,,Aggregated,65.700000,0.800000,1200,1300,1400,1400,1600,1700,1800,1900,2200,2300,2500,122168,2923,1200,1205.261673556077,1.9625999848358333,2538.1243000156246,20.47821851876105
1779032481,120,,Aggregated,67.400000,1.000000,1200,1300,1400,1400,1600,1700,1800,1900,2200,2300,2500,122256,2924,1200,1205.2138773123515,1.9625999848358333,2538.1243000156246,20.478798586572438
1779032482,120,,Aggregated,67.600000,0.700000,1200,1300,1400,1400,1600,1700,1800,1900,2200,2300,2500,122315,2924,1200,1205.202985503813,1.9625999848358333,2538.1243000156246,20.4777991252095
1779032483,120,,Aggregated,67.600000,0.700000,1200,1300,1400,1400,1600,1700,1800,1900,2200,2300,2500,122390,2924,1200,1205.2762776141772,1.9625999848358333,2538.1243000156246,20.47851131628401
1779032484,120,,Aggregated,68.200000,0.700000,1200,1300,1400,1400,1600,1700,1800,1900,2200,2300,2500,122465,2926,1200,1205.2650217400835,1.9625999848358333,2538.1243000156246,20.47861838076185
1779032485,120,,Aggregated,68.200000,0.700000,1200,1300,1400,1400,1600,1700,1800,1900,2200,2300,2500,122535,2926,1200,1205.2748248247399,1.9625999848358333,2538.1243000156246,20.478940710817316
1779032486,120,,Aggregated,70.400000,0.700000,1200,1300,1400,1400,1600,1700,1800,1900,2200,2300,2500,122600,2927,1200,1205.3218992830266,1.9625999848358333,2538.1243000156246,20.47890701468189
1779032487,120,,Aggregated,72.000000,0.600000,1200,1300,1400,1400,1600,1700,1800,1900,2200,2300,2500,122668,2927,1200,1205.4150282918076,1.9625999848358333,2538.1243000156246,20.479089901196726
1779032488,120,,Aggregated,70.400000,0.700000,1200,1300,1400,1400,1600,1700,1800,1900,2200,2300,2500,122733,2927,1200,1205.5159370210106,1.9625999848358333,2538.1243000156246,20.479382073281023
1779032489,120,,Aggregated,70.900000,0.600000,1200,1300,1400,1400,1600,1700,1800,1900,2200,2300,2500,122806,2928,1200,1205.5767223392977,1.9625999848358333,2538.1243000156246,20.479797404035633
1779032490,120,,Aggregated,69.900000,0.500000,1200,1300,1400,1400,1600,1700,1800,1900,2200,2300,2500,122877,2929,1200,1205.6380044157943,1.9625999848358333,2538.1243000156246,20.48039909828528
1779032491,120,,Aggregated,70.600000,0.500000,1200,1300,1400,1400,1600,1700,1800,1900,2200,2300,2500,122946,2930,1200,1205.7125490459182,1.9625999848358333,2538.1243000156246,20.480284027133862
1779032492,120,,Aggregated,70.200000,0.600000,1200,1300,1400,1400,1600,1700,1800,1900,2100,2300,2500,123008,2930,1200,1205.7453024892643,1.9625999848358333,2538.1243000156246,20.481090660770032
1779032493,120,,Aggregated,68.700000,0.600000,1200,1300,1400,1400,1600,1700,1800,1900,2100,2300,2500,123071,2930,1200,1205.8693163848457,1.9625999848358333,2538.1243000156246,20.481128779322503
1779032494,120,,Aggregated,69.300000,0.600000,1200,1300,1400,1400,1600,1700,1800,1900,2100,2300,2500,123151,2932,1200,1205.9891553913465,1.9625999848358333,2538.1243000156246,20.482091091424348
1779032495,120,,Aggregated,67.900000,0.600000,1200,1300,1400,1400,1600,1700,1800,1900,2100,2300,2500,123211,2932,1200,1206.0494427129038,1.9625999848358333,2538.1243000156246,20.48141805520611
1779032496,120,,Aggregated,68.400000,0.600000,1200,1300,1400,1400,1600,1700,1800,1900,2100,2300,2500,123281,2932,1200,1206.1662161225122,1.9625999848358333,2538.1243000156246,20.481785514393945
1779032497,120,,Aggregated,67.100000,0.600000,1200,1300,1400,1400,1600,1700,1800,1900,2100,2300,2500,123351,2933,1200,1206.2113482030902,1.9625999848358333,2538.1243000156246,20.481082439542444
1779032498,120,,Aggregated,67.500000,0.500000,1200,1300,1400,1400,1600,1700,1800,1900,2100,2300,2500,123432,2935,1200,1206.1874018763324,1.9625999848358333,2538.1243000156246,20.481617408775683
1779032499,120,,Aggregated,67.900000,0.600000,1200,1300,1400,1400,1600,1700,1800,1900,2100,2300,2500,123503,2935,1200,1206.1729805745542,1.9625999848358333,2538.1243000156246,20.481526764532035
1779032500,120,,Aggregated,69.200000,0.700000,1200,1300,1400,1400,1600,1700,1800,1900,2100,2300,2500,123571,2936,1200,1206.203431839988,1.9625999848358333,2538.1243000156246,20.481245599695722
1779032501,120,,Aggregated,68.800000,0.700000,1200,1300,1400,1400,1600,1700,1800,1900,2100,2300,2500,123656,2939,1200,1206.2155576866403,1.9625999848358333,2538.1243000156246,20.48127870867568
1779032502,120,,Aggregated,69.400000,0.700000,1200,1300,1400,1400,1600,1700,1800,1900,2100,2300,2500,123720,2940,1200,1206.1973718234653,1.9625999848358333,2538.1243000156246,20.480649854510183
1779032503,120,,Aggregated,70.200000,0.900000,1200,1300,1400,1400,1600,1700,1800,1900,2100,2300,2500,123793,2940,1200,1206.2424461488067,1.9625999848358333,2538.1243000156246,20.480536056158265
1779032504,120,,Aggregated,70.800000,1.000000,1200,1300,1400,1400,1600,1700,1800,1900,2100,2300,2500,123865,2942,1200,1206.2616264610588,1.9625999848358333,2538.1243000156246,20.48068461631615
1779032505,120,,Aggregated,71.100000,1.000000,1200,1300,1400,1400,1600,1700,1800,1900,2100,2300,2500,123927,2944,1200,1206.314848453518,1.9625999848358333,2538.1243000156246,20.47970175990704
1779032506,120,,Aggregated,70.700000,1.000000,1200,1300,1400,1400,1600,1700,1800,1900,2100,2300,2500,123996,2945,1200,1206.4255571236092,1.9625999848358333,2538.1243000156246,20.47956385689861
1779032507,120,,Aggregated,71.100000,1.200000,1200,1300,1400,1400,1600,1700,1800,1900,2100,2300,2500,124068,2945,1200,1206.510340579352,1.9625999848358333,2538.1243000156246,20.47922913241126
1779032508,120,,Aggregated,71.300000,1.200000,1200,1300,1400,1400,1600,1700,1800,1900,2100,2300,2500,124134,2946,1200,1206.5582732941741,1.9625999848358333,2538.1243000156246,20.479924919844684
1779032509,120,,Aggregated,71.200000,1.200000,1200,1300,1400,1400,1600,1700,1800,1900,2100,2300,2500,124210,2946,1200,1206.6284319837282,1.9625999848358333,2538.1243000156246,20.480170678689316
1779032510,120,,Aggregated,70.100000,1.200000,1200,1300,1400,1400,1600,1700,1800,1900,2100,2300,2500,124284,2946,1200,1206.6515577765358,1.9625999848358333,2538.1243000156246,20.47994914872389
1779032511,120,,Aggregated,69.600000,1.100000,1200,1300,1400,1400,1600,1700,1800,1900,2100,2300,2500,124353,2948,1200,1206.6523755486314,1.9625999848358333,2538.1243000156246,20.48101774786294
1779032512,120,,Aggregated,70.400000,1.000000,1200,1300,1400,1400,1600,1700,1800,1900,2100,2300,2500,124426,2949,1200,1206.6904799905121,1.9625999848358333,2538.1243000156246,20.48164370790671
1779032513,120,,Aggregated,69.300000,0.900000,1200,1300,1400,1400,1600,1700,1800,1900,2100,2300,2500,124494,2949,1200,1206.7108711263163,1.9625999848358333,2538.1243000156246,20.482248140472635
1779032514,120,,Aggregated,69.400000,0.900000,1200,1300,1400,1400,1600,1700,1800,1900,2100,2300,2500,124571,2949,1200,1206.7538970442542,1.9625999848358333,2538.1243000156246,20.48340303923064
1779032515,120,,Aggregated,70.000000,0.900000,1200,1300,1400,1400,1600,1700,1800,1900,2100,2300,2500,124624,2949,1200,1206.7676922663356,1.9625999848358333,2538.1243000156246,20.482595647708308
1779032516,120,,Aggregated,69.800000,0.700000,1200,1300,1400,1400,1600,1700,1800,1900,2100,2300,2500,124729,2950,1200,1206.7562375213452,1.9625999848358333,2538.1243000156246,20.485492547843727
1779032517,120,,Aggregated,69.700000,0.500000,1200,1300,1400,1400,1600,1700,1800,1900,2100,2300,2500,124801,2950,1200,1206.6049861299136,1.9625999848358333,2538.1243000156246,20.48554098124214
1779032518,120,,Aggregated,72.500000,0.600000,1200,1300,1400,1400,1600,1700,1800,1900,2100,2300,2500,124872,2952,1200,1206.6052854426898,1.9625999848358333,2538.1243000156246,20.48526491126914
1779032519,120,,Aggregated,72.900000,0.500000,1200,1300,1400,1400,1600,1700,1800,1900,2100,2300,2500,124934,2953,1200,1206.6382903292913,1.9625999848358333,2538.1243000156246,20.485296236412825
1779032520,120,,Aggregated,73.300000,0.600000,1200,1300,1400,1400,1600,1700,1800,1900,2100,2300,2500,125007,2957,1200,1206.7465382314563,1.9625999848358333,2538.1243000156246,20.48639676178134
1779032521,120,,Aggregated,73.500000,0.700000,1200,1300,1400,1400,1600,1700,1800,1900,2100,2300,2500,125085,2958,1200,1206.75498147899,1.9625999848358333,2538.1243000156246,20.488379901666868
1779032522,120,,Aggregated,71.300000,0.800000,1200,1300,1400,1400,1600,1700,1800,1900,2100,2300,2500,125148,2958,1200,1206.73739656486,1.9625999848358333,2538.1243000156246,20.488725349186563
1779032523,120,,Aggregated,73.200000,1.000000,1200,1300,1400,1400,1600,1700,1800,1900,2100,2300,2500,125209,2958,1200,1206.881344987972,1.9625999848358333,2538.1243000156246,20.48926195401289
1779032524,120,,Aggregated,72.800000,0.900000,1200,1300,1400,1400,1600,1700,1800,1900,2100,2300,2500,125265,2959,1200,1207.0568072111041,1.9625999848358333,2538.1243000156246,20.48890751606594
1779032525,120,,Aggregated,70.900000,0.900000,1200,1300,1400,1400,1600,1700,1800,1900,2100,2300,2500,125341,2960,1200,1207.213307876904,1.9625999848358333,2538.1243000156246,20.489177523715306
1779032526,120,,Aggregated,69.800000,1.000000,1200,1300,1400,1400,1600,1700,1800,1900,2100,2300,2500,125396,2960,1200,1207.2730847770194,1.9625999848358333,2538.1243000156246,20.488675874828544
1779032527,120,,Aggregated,70.900000,1.100000,1200,1300,1400,1400,1600,1700,1800,1900,2100,2300,2500,125469,2962,1200,1207.4497232264487,1.9625999848358333,2538.1243000156246,20.48870238863783
1779032528,120,,Aggregated,67.400000,1.000000,1200,1300,1400,1400,1600,1700,1800,1900,2100,2300,2500,125549,2964,1200,1207.4986162972161,1.9625999848358333,2538.1243000156246,20.488542322121244
1779032529,120,,Aggregated,65.900000,1.100000,1200,1300,1400,1400,1600,1700,1800,1900,2100,2300,2500,125623,2965,1200,1207.441941973196,1.9625999848358333,2538.1243000156246,20.488867484457465
1779032530,120,,Aggregated,67.100000,1.200000,1200,1300,1400,1400,1600,1700,1800,1900,2100,2300,2500,125683,2965,1200,1207.470301001717,1.9625999848358333,2538.1243000156246,20.489023973011466
1779032531,120,,Aggregated,67.900000,1.100000,1200,1300,1400,1400,1600,1700,1800,1900,2100,2300,2500,125758,2966,1200,1207.572703750048,1.9625999848358333,2538.1243000156246,20.48942413206317
1779032532,120,,Aggregated,68.500000,1.100000,1200,1300,1400,1400,1600,1700,1800,1900,2100,2300,2500,125830,2966,1200,1207.5879218874572,1.9625999848358333,2538.1243000156246,20.490296431693555
1779032533,120,,Aggregated,66.300000,0.800000,1200,1300,1400,1400,1600,1700,1800,1900,2100,2300,2500,125894,2967,1200,1207.6145450632978,1.9625999848358333,2538.1243000156246,20.490325194211003
1779032534,120,,Aggregated,66.900000,0.800000,1200,1300,1400,1400,1600,1700,1800,1900,2100,2300,2500,125966,2968,1200,1207.684854060611,1.9625999848358333,2538.1243000156246,20.49051331311624
1779032535,120,,Aggregated,68.300000,0.900000,1200,1300,1400,1400,1600,1700,1800,1900,2100,2300,2500,126034,2970,1200,1207.7468305480963,1.9625999848358333,2538.1243000156246,20.489717060475744
1779032536,120,,Aggregated,68.700000,0.900000,1200,1300,1400,1400,1600,1700,1800,1900,2100,2300,2500,126105,2971,1200,1207.776853611663,1.9625999848358333,2538.1243000156246,20.490139169739503
1779032537,120,,Aggregated,68.900000,0.900000,1200,1300,1400,1400,1600,1700,1800,1900,2100,2300,2500,126186,2971,1200,1207.7966804122375,1.9625999848358333,2538.1243000156246,20.491464980267224
1779032538,120,,Aggregated,70.200000,1.100000,1200,1300,1400,1400,1600,1700,1800,1900,2100,2300,2500,126264,2972,1200,1207.699093022543,1.9625999848358333,2538.1243000156246,20.492674079706013
1779032539,120,,Aggregated,71.100000,1.000000,1200,1300,1400,1400,1600,1700,1800,1900,2100,2300,2500,126333,2973,1200,1207.706952029146,1.9625999848358333,2538.1243000156246,20.492682038738888
1779032540,120,,Aggregated,71.700000,0.800000,1200,1300,1400,1400,1600,1700,1800,1900,2100,2300,2500,126405,2973,1200,1207.7711136196997,1.9625999848358333,2538.1243000156246,20.492369763854278
1779032541,120,,Aggregated,70.600000,0.800000,1200,1300,1400,1400,1600,1700,1800,1900,2100,2300,2500,126467,2974,1200,1207.7786239912211,1.9625999848358333,2538.1243000156246,20.491408826017853
1779032542,120,,Aggregated,71.000000,0.800000,1200,1300,1400,1400,1600,1700,1800,1900,2100,2300,2500,126532,2976,1200,1207.8811471611716,1.9625999848358333,2538.1243000156246,20.4918202510037
1779032543,120,,Aggregated,71.600000,0.800000,1200,1300,1400,1400,1600,1700,1800,1900,2100,2300,2500,126603,2976,1200,1208.0029404500451,1.9625999848358333,2538.1243000156246,20.491986761767098
1779032544,120,,Aggregated,70.500000,0.900000,1200,1300,1400,1400,1600,1700,1800,1900,2100,2300,2500,126672,2978,1200,1208.0693839861776,1.9625999848358333,2538.1243000156246,20.491126689402552
1779032545,120,,Aggregated,69.900000,0.900000,1200,1300,1400,1400,1600,1700,1800,1900,2100,2300,2500,126734,2978,1200,1208.1536750713872,1.9625999848358333,2538.1243000156246,20.4911783736014
1779032546,120,,Aggregated,71.100000,1.000000,1200,1300,1400,1400,1600,1700,1800,1900,2100,2300,2500,126814,2978,1200,1208.233350274395,1.9625999848358333,2538.1243000156246,20.492658539277997
1779032547,120,,Aggregated,69.400000,0.900000,1200,1300,1400,1400,1600,1700,1800,1900,2100,2300,2500,126878,2979,1200,1208.2524306128494,1.9625999848358333,2538.1243000156246,20.49201595233216
1779032548,120,,Aggregated,69.200000,0.700000,1200,1300,1400,1400,1600,1700,1800,1900,2100,2300,2500,126937,2980,1200,1208.3642290127939,1.9625999848358333,2538.1243000156246,20.491401246287527
1779032549,120,,Aggregated,70.200000,0.800000,1200,1300,1400,1400,1600,1700,1800,1900,2100,2300,2500,126997,2980,1200,1208.5906648912746,1.9625999848358333,2538.1243000156246,20.49125569895352
1779032550,120,,Aggregated,66.200000,0.700000,1200,1300,1400,1400,1600,1700,1800,1900,2100,2300,2500,127071,2980,1200,1208.7180567658831,1.9625999848358333,2538.1243000156246,20.49153622777817
1779032551,120,,Aggregated,65.200000,0.800000,1200,1300,1400,1400,1600,1700,1800,1900,2100,2300,2500,127149,2981,1200,1208.6872205026982,1.9625999848358333,2538.1243000156246,20.49268967903798
1779032552,120,,Aggregated,66.300000,0.700000,1200,1300,1400,1400,1600,1700,1800,1900,2100,2300,2500,127213,2982,1200,1208.7441125647356,1.9625999848358333,2538.1243000156246,20.493345805853174
1779032553,120,,Aggregated,67.100000,0.700000,1200,1300,1400,1400,1600,1700,1800,1900,2100,2300,2500,127282,2982,1200,1208.7940005939406,1.9625999848358333,2538.1243000156246,20.493691173928756
1779032554,120,,Aggregated,66.000000,0.600000,1200,1300,1400,1400,1600,1700,1800,1900,2100,2300,2500,127349,2984,1200,1208.856692987755,1.9625999848358333,2538.1243000156246,20.493415731572295
1779032555,120,,Aggregated,68.100000,0.600000,1200,1300,1400,1400,1600,1700,1800,1900,2100,2300,2500,127409,2985,1200,1208.980548164553,1.9625999848358333,2538.1243000156246,20.493442378481898
1779032556,120,,Aggregated,66.800000,0.500000,1200,1300,1400,1400,1600,1700,1800,1900,2100,2300,2500,127475,2986,1200,1209.145515945066,1.9625999848358333,2538.1243000156246,20.493532065110806
1779032557,120,,Aggregated,67.200000,0.700000,1200,1300,1400,1400,1600,1700,1800,1900,2100,2300,2500,127545,2986,1200,1209.1920370488638,1.9625999848358333,2538.1243000156246,20.49366106080207
1779032558,120,,Aggregated,65.900000,0.700000,1200,1300,1400,1400,1600,1700,1800,1900,2100,2300,2500,127613,2987,1200,1209.2664701628942,1.9625999848358333,2538.1243000156246,20.493413680424407
1779032559,120,,Aggregated,66.200000,0.700000,1200,1300,1400,1400,1600,1700,1800,1900,2100,2300,2500,127692,2987,1200,1209.3369720311182,1.9625999848358333,2538.1243000156246,20.493460827616452
1779032560,120,,Aggregated,67.200000,0.700000,1200,1300,1400,1400,1600,1700,1800,1900,2100,2300,2500,127761,2988,1200,1209.3139186238218,1.9625999848358333,2538.1243000156246,20.493961381016117
1779032561,120,,Aggregated,68.400000,0.700000,1200,1300,1400,1400,1600,1700,1800,1900,2100,2300,2500,127819,2989,1200,1209.3782425077495,1.9625999848358333,2538.1243000156246,20.492954881512137
1779032562,120,,Aggregated,68.400000,0.700000,1200,1300,1400,1400,1600,1700,1800,1900,2100,2300,2500,127886,2989,1200,1209.4867459831285,1.9625999848358333,2538.1243000156246,20.49454983344541
1779032563,120,,Aggregated,67.100000,0.700000,1200,1300,1400,1400,1600,1700,1800,1900,2100,2300,2500,127950,2991,1200,1209.6351629534856,1.9625999848358333,2538.1243000156246,20.494701055099647
1779032564,120,,Aggregated,68.200000,0.800000,1200,1300,1400,1400,1600,1700,1800,1900,2100,2300,2500,128012,2993,1200,1209.7482912312785,1.9625999848358333,2538.1243000156246,20.495148892291347
1779032565,120,,Aggregated,66.600000,0.900000,1200,1300,1400,1400,1600,1700,1800,1900,2100,2300,2500,128081,2995,1200,1209.8911160937096,1.9625999848358333,2538.1243000156246,20.494085773846237
1779032566,120,,Aggregated,66.400000,0.900000,1200,1300,1400,1400,1600,1700,1800,1900,2100,2300,2500,128158,2996,1200,1209.9267101562014,1.9625999848358333,2538.1243000156246,20.495271461789354
1779032567,120,,Aggregated,66.400000,0.900000,1200,1300,1400,1400,1600,1700,1800,1900,2100,2300,2500,128233,2997,1200,1209.8911273954332,1.9625999848358333,2538.1243000156246,20.49472444690524
1779032568,120,,Aggregated,67.500000,1.000000,1200,1300,1400,1400,1600,1700,1800,1900,2100,2300,2500,128296,2997,1200,1209.9026806486454,1.9625999848358333,2538.1243000156246,20.49540905406248
1779032569,120,,Aggregated,67.800000,1.100000,1200,1300,1400,1400,1600,1700,1800,1900,2100,2300,2500,128362,2997,1200,1210.0069773562147,1.9625999848358333,2538.1243000156246,20.496299527897666
1779032570,120,,Aggregated,68.800000,1.100000,1200,1300,1400,1400,1600,1700,1800,1900,2100,2300,2500,128440,2997,1200,1210.072454845829,1.9625999848358333,2538.1243000156246,20.495710059171596
1779032571,120,,Aggregated,67.800000,1.000000,1200,1300,1400,1400,1600,1700,1800,1900,2100,2300,2500,128504,2998,1200,1210.0966640361235,1.9625999848358333,2538.1243000156246,20.496412563033058
1779032572,120,,Aggregated,67.800000,1.000000,1200,1300,1400,1400,1600,1700,1800,1900,2100,2300,2500,128577,3002,1200,1210.1630535282186,1.9625999848358333,2538.1243000156246,20.497188455166942
1779032573,120,,Aggregated,67.600000,0.900000,1200,1300,1400,1400,1600,1700,1800,1900,2100,2300,2500,128640,3003,1200,1210.2656512017893,1.9625999848358333,2538.1243000156246,20.496711753731343
1779032574,120,,Aggregated,68.600000,1.200000,1200,1300,1400,1400,1600,1700,1800,1900,2100,2300,2500,128705,3004,1200,1210.3883594988376,1.9625999848358333,2538.1243000156246,20.49728448778214
1779032575,120,,Aggregated,67.900000,1.200000,1200,1300,1400,1400,1600,1700,1800,1900,2100,2300,2500,128772,3004,1200,1210.5002220591243,1.9625999848358333,2538.1243000156246,20.49811294380766
1779032576,120,,Aggregated,68.400000,1.100000,1200,1300,1400,1400,1600,1700,1800,1900,2100,2300,2500,128839,3005,1200,1210.6020169560302,1.9625999848358333,2538.1243000156246,20.49768315494532
1779032577,120,,Aggregated,68.900000,1.000000,1200,1300,1400,1400,1600,1700,1800,1900,2100,2300,2500,128916,3006,1200,1210.645257978822,1.9625999848358333,2538.1243000156246,20.4994570107667
1779032578,120,,Aggregated,68.300000,0.900000,1200,1300,1400,1400,1600,1700,1800,1900,2100,2300,2500,128991,3008,1200,1210.620791256738,1.9625999848358333,2538.1243000156246,20.50023645060508
1779032579,120,,Aggregated,67.100000,0.900000,1200,1300,1400,1400,1600,1700,1800,1900,2100,2300,2500,129052,3009,1200,1210.6971383411183,1.9625999848358333,2538.1243000156246,20.499876018969097
1779032580,120,,Aggregated,68.100000,0.900000,1200,1300,1400,1400,1600,1700,1800,1900,2100,2300,2500,129116,3010,1200,1210.8418355145602,1.9625999848358333,2538.1243000156246,20.49869109947644
1779032581,120,,Aggregated,68.200000,1.100000,1200,1300,1400,1400,1600,1700,1800,1900,2100,2300,2500,129190,3011,1200,1210.9198165066805,1.9625999848358333,2538.1243000156246,20.499187243594704
1779032582,120,,Aggregated,66.900000,1.200000,1200,1300,1400,1400,1600,1700,1800,1900,2100,2300,2500,129262,3011,1200,1210.9337358040104,1.9625999848358333,2538.1243000156246,20.49869257786511
1779032583,120,,Aggregated,67.100000,1.300000,1200,1300,1400,1400,1600,1700,1800,1900,2100,2300,2500,129322,3011,1200,1210.993114929387,1.9625999848358333,2538.1243000156246,20.49880144136342
1779032584,120,,Aggregated,67.700000,1.000000,1200,1300,1400,1400,1600,1700,1800,1900,2100,2300,2500,129384,3011,1200,1211.1598648781778,1.9625999848358333,2538.1243000156246,20.498376924503802
1779032585,120,,Aggregated,68.100000,0.800000,1200,1300,1400,1400,1600,1700,1800,1900,2100,2300,2500,129442,3012,1200,1211.3383704021742,1.9625999848358333,2538.1243000156246,20.497373340955797
1779032586,120,,Aggregated,67.400000,0.800000,1200,1300,1400,1400,1600,1700,1800,1900,2100,2300,2500,129510,3012,1200,1211.455417639553,1.9625999848358333,2538.1243000156246,20.496594857539957
1779032587,120,,Aggregated,67.100000,0.800000,1200,1300,1400,1400,1600,1700,1800,1900,2100,2300,2500,129594,3012,1200,1211.464628936515,1.9625999848358333,2538.1243000156246,20.49856474836798
1779032588,120,,Aggregated,66.900000,0.800000,1200,1300,1400,1400,1600,1700,1800,1900,2100,2300,2500,129666,3014,1200,1211.3793299739234,1.9625999848358333,2538.1243000156246,20.498673515030926
1779032589,120,,Aggregated,67.100000,0.600000,1200,1300,1400,1400,1600,1700,1800,1900,2100,2300,2500,129725,3015,1200,1211.446814507603,1.9625999848358333,2538.1243000156246,20.497537097706687
1779032590,120,,Aggregated,67.400000,0.800000,1200,1300,1400,1400,1600,1700,1800,1900,2100,2300,2500,129793,3016,1200,1211.6010684459027,1.9625999848358333,2538.1243000156246,20.49760002465464
1779032591,120,,Aggregated,67.300000,0.600000,1200,1300,1400,1400,1600,1700,1800,1900,2100,2300,2500,129867,3018,1200,1211.637915468894,1.9625999848358333,2538.1243000156246,20.497262584028274
1779032592,120,,Aggregated,67.500000,0.600000,1200,1300,1400,1400,1600,1700,1800,1900,2100,2300,2500,129930,3018,1200,1211.6701501793173,1.9625999848358333,2538.1243000156246,20.49739090279381
1779032593,120,,Aggregated,68.300000,0.600000,1200,1300,1400,1400,1600,1700,1800,1900,2100,2300,2500,130009,3018,1200,1211.7635827619524,1.9625999848358333,2538.1243000156246,20.498703935881363
1779032594,120,,Aggregated,66.500000,0.700000,1200,1300,1400,1400,1600,1700,1800,1900,2100,2300,2500,130083,3019,1200,1211.7387921749848,1.9625999848358333,2538.1243000156246,20.498773859766455
1779032595,120,,Aggregated,66.900000,0.700000,1200,1300,1400,1400,1600,1700,1800,1900,2100,2300,2500,130149,3021,1200,1211.7730963019187,1.9625999848358333,2538.1243000156246,20.49865922903749
1779032596,120,,Aggregated,68.700000,0.800000,1200,1300,1400,1400,1600,1700,1800,1900,2100,2300,2500,130222,3022,1200,1211.849360088144,1.9625999848358333,2538.1243000156246,20.499393343674647
1779032597,120,,Aggregated,69.400000,0.700000,1200,1300,1400,1400,1600,1700,1800,1900,2100,2300,2500,130293,3022,1200,1211.854376474545,1.9625999848358333,2538.1243000156246,20.499689162119225
1779032598,120,,Aggregated,69.500000,0.900000,1200,1300,1400,1400,1600,1700,1800,1900,2100,2300,2500,130359,3022,1200,1211.8923157549364,1.9625999848358333,2538.1243000156246,20.498975905000805
1779032599,120,,Aggregated,69.600000,1.000000,1200,1300,1400,1400,1600,1700,1800,1900,2100,2300,2500,130432,3024,1200,1211.978356184049,1.9625999848358333,2538.1243000156246,20.498903643277725
1779032600,120,,Aggregated,68.500000,0.800000,1200,1300,1400,1400,1600,1700,1800,1900,2100,2300,2500,130493,3024,1200,1212.074573728078,1.9625999848358333,2538.1243000156246,20.498455855869665
1779032601,120,,Aggregated,69.600000,0.800000,1200,1300,1400,1400,1600,1700,1800,1900,2100,2300,2500,130567,3026,1200,1212.156108630037,1.9625999848358333,2538.1243000156246,20.498793722763025
1779032602,120,,Aggregated,69.600000,0.900000,1200,1300,1400,1400,1600,1700,1800,1900,2100,2300,2500,130623,3027,1200,1212.187912716735,1.9625999848358333,2538.1243000156246,20.49866409437848
1779032603,120,,Aggregated,68.100000,0.800000,1200,1300,1400,1400,1600,1700,1800,1900,2100,2300,2500,130686,3029,1200,1212.3571104563478,1.9625999848358333,2538.1243000156246,20.498171188956736
1779032604,120,,Aggregated,69.400000,0.800000,1200,1300,1400,1400,1600,1700,1800,1900,2100,2300,2500,130751,3030,1200,1212.4743592255375,1.9625999848358333,2538.1243000156246,20.4988183646779
1779032605,120,,Aggregated,68.400000,1.000000,1200,1300,1400,1400,1600,1700,1800,1900,2100,2300,2500,130823,3031,1200,1212.5637289184479,1.9625999848358333,2538.1243000156246,20.49816163824404
1779032606,120,,Aggregated,67.500000,1.000000,1200,1300,1400,1400,1600,1700,1800,1900,2100,2300,2500,130897,3032,1200,1212.6005672093202,1.9625999848358333,2538.1243000156246,20.498850241029206
1779032607,120,,Aggregated,66.800000,1.200000,1200,1300,1400,1400,1600,1700,1800,1900,2100,2300,2500,130984,3033,1200,1212.5415171639115,1.9625999848358333,2538.1243000156246,20.499404507420753
1779032608,120,,Aggregated,67.400000,1.000000,1200,1300,1400,1400,1600,1700,1800,1900,2100,2300,2500,131065,3033,1200,1212.431044434426,1.9625999848358333,2538.1243000156246,20.50101094876588
1779032609,120,,Aggregated,67.600000,1.000000,1200,1300,1400,1400,1600,1700,1800,1900,2100,2300,2500,131138,3036,1200,1212.4050848746963,1.9625999848358333,2538.1243000156246,20.50077780658543
1779032610,120,,Aggregated,68.600000,1.100000,1200,1300,1400,1400,1600,1700,1800,1900,2100,2300,2500,131207,3037,1200,1212.400743982391,1.9625999848358333,2538.1243000156246,20.500796451408842
