Timestamp,User Count,Type,Name,Requests/s,Failures/s,50%,66%,75%,80%,90%,95%,98%,99%,99.9%,99.99%,100%,Total Request Count,Total Failure Count,Total Median Response Time,Total Average Response Time,Total Min Response Time,Total Max Response Time,Total Average Content Size
1779029014,0,,Aggregated,0.000000,0.000000,N/A,N/A,N/A,N/A,N/A,N/A,N/A,N/A,N/A,N/A,N/A,0,0,0,0.0,0,0,0
1779029015,6,,Aggregated,0.000000,0.000000,21,26,33,33,54,60,60,60,60,60,60,11,0,21,26.16936364211142,11.60389999859035,59.59420005092397,29.272727272727273
1779029016,9,,Aggregated,0.000000,0.000000,15,22,26,33,60,130,140,140,140,140,140,25,0,15,28.69227200280875,6.621100008487701,142.56599999498576,32.48
1779029017,12,,Aggregated,6.000000,0.000000,20,25,33,54,81,120,140,140,140,140,140,44,0,19,32.77136591284282,5.142199981492013,142.56599999498576,29.977272727272727
1779029018,15,,Aggregated,9.000000,0.000000,20,27,33,64,120,130,140,140,140,140,140,69,0,20,36.993249277314305,5.142199981492013,144.96950001921505,28.507246376811594
1779029019,18,,Aggregated,12.000000,0.000000,20,26,33,77,110,130,140,140,140,140,140,99,0,20,37.02793030580976,5.142199981492013,144.96950001921505,29.050505050505052
1779029020,21,,Aggregated,14.750000,0.000000,19,25,32,54,91,120,140,140,140,140,140,143,0,19,33.42434195834179,5.142199981492013,144.96950001921505,28.685314685314687
1779029021,24,,Aggregated,17.200000,0.000000,20,27,34,52,93,130,140,150,150,150,150,190,0,20,34.42227999912575,5.142199981492013,146.45279996329919,28.3
1779029022,27,,Aggregated,20.333333,0.000000,19,27,35,53,110,130,140,150,150,150,150,245,0,19,35.062221631559794,4.845999996177852,151.7580000218004,28.20408163265306
1779029023,30,,Aggregated,24.000000,0.000000,19,27,43,62,110,130,140,150,160,160,160,303,0,19,36.60355511305104,4.347099980805069,158.434999990277,28.514851485148515
1779029024,33,,Aggregated,27.250000,0.000000,20,28,43,66,120,140,150,160,170,170,170,362,0,20,38.52452679301833,4.347099980805069,166.6308999992907,28.03314917127072
1779029025,36,,Aggregated,30.777778,0.000000,19,28,43,64,120,140,150,160,170,170,170,440,0,19,37.930228407177225,4.347099980805069,166.6308999992907,27.868181818181817
1779029026,39,,Aggregated,32.900000,0.000000,19,28,41,63,110,140,150,150,170,170,170,525,0,19,37.57495485545535,4.113600007258356,166.6308999992907,27.845714285714287
1779029027,42,,Aggregated,39.400000,0.000000,20,29,39,60,110,140,150,160,170,170,170,625,0,20,37.631840959656984,4.113600007258356,173.90840000007302,27.7136
1779029028,45,,Aggregated,46.300000,0.000000,20,30,42,64,110,140,150,150,170,170,170,710,0,20,38.26106816864717,4.113600007258356,173.90840000007302,27.6887323943662
1779029029,48,,Aggregated,53.200000,0.000000,21,30,43,64,110,140,150,150,170,170,170,814,0,20,38.61695454512833,4.113600007258356,173.90840000007302,27.743243243243242
1779029030,51,,Aggregated,60.300000,0.000000,21,31,48,66,110,140,150,160,170,170,170,913,0,21,39.55120120418379,4.113600007258356,173.90840000007302,27.687842278203725
1779029031,54,,Aggregated,67.600000,0.000000,21,32,48,66,110,140,150,160,170,170,170,1024,0,21,39.6825904290381,4.113600007258356,173.90840000007302,27.9453125
1779029032,57,,Aggregated,73.500000,0.000000,22,32,48,66,110,140,150,160,170,170,170,1145,1,22,39.5781832307935,4.113600007258356,173.90840000007302,27.955458515283844
1779029033,60,,Aggregated,80.000000,0.000000,22,32,48,66,110,140,150,160,170,200,200,1279,1,22,39.59950930355197,4.113600007258356,200.60229999944568,27.879593432369038
1779029034,63,,Aggregated,85.700000,0.000000,22,32,47,65,110,140,150,160,170,200,200,1410,1,22,39.41577851011893,4.113600007258356,200.60229999944568,27.834751773049646
1779029035,66,,Aggregated,92.100000,0.100000,23,33,49,65,110,140,150,160,180,200,200,1548,2,23,40.00620264823197,4.113600007258356,200.60229999944568,27.624031007751938
1779029036,69,,Aggregated,100.600000,0.100000,23,33,48,64,110,140,150,160,180,200,200,1690,2,23,39.5674266267262,4.113600007258356,200.60229999944568,27.703550295857987
1779029037,70,,Aggregated,107.200000,0.200000,23,34,48,64,110,140,150,160,180,200,200,1834,2,23,40.00339171148541,4.113600007258356,200.60229999944568,27.61886586695747
1779029038,70,,Aggregated,113.300000,0.200000,24,34,48,64,110,140,150,160,180,200,200,1975,2,24,40.10412496134427,4.113600007258356,200.60229999944568,27.545316455696202
1779029039,70,,Aggregated,118.400000,0.200000,24,35,48,65,110,140,150,160,180,200,200,2127,3,24,40.52265430108255,4.113600007258356,200.60229999944568,27.450869769628586
1779029040,70,,Aggregated,122.500000,0.200000,24,35,48,64,110,140,150,160,180,200,200,2274,3,24,40.610005803935174,4.113600007258356,200.60229999944568,27.572999120492526
1779029041,70,,Aggregated,127.900000,0.200000,24,35,48,65,110,140,150,160,180,200,200,2426,3,24,40.5664674350178,3.9919999544508755,200.60229999944568,27.666117065127782
1779029042,70,,Aggregated,132.100000,0.300000,24,36,51,68,120,140,150,160,200,210,210,2569,3,24,41.64780034940946,3.9919999544508755,213.37340003810823,27.622421175554692
1779029043,70,,Aggregated,136.600000,0.300000,25,36,50,67,110,140,150,160,200,210,210,2721,3,25,41.641433332738345,3.9919999544508755,213.37340003810823,27.640205806688716
1779029044,70,,Aggregated,139.600000,0.300000,25,37,50,66,110,140,160,160,200,210,210,2872,3,25,41.763825034158444,3.9919999544508755,213.37340003810823,27.547701949860723
1779029045,70,,Aggregated,142.700000,0.200000,25,37,51,68,110,140,160,160,190,210,210,3015,3,25,42.08852885523425,3.9919999544508755,213.37340003810823,27.507462686567163
1779029046,70,,Aggregated,144.100000,0.200000,25,38,53,70,110,140,160,160,190,210,210,3173,3,25,42.36613138940369,3.9919999544508755,213.37340003810823,27.624960605105578
1779029047,70,,Aggregated,145.600000,0.100000,26,39,54,71,110,140,160,160,200,210,210,3321,3,26,42.63122706969617,3.9919999544508755,213.37340003810823,27.642878651008733
1779029048,70,,Aggregated,146.100000,0.100000,25,39,54,70,110,140,160,160,200,210,210,3463,3,25,42.54196107387475,3.9919999544508755,213.37340003810823,27.619693907017037
1779029049,70,,Aggregated,147.400000,0.100000,26,38,53,69,110,140,160,160,200,210,210,3608,3,26,42.38345241098277,3.9919999544508755,213.37340003810823,27.59090909090909
1779029050,70,,Aggregated,148.600000,0.100000,26,38,53,70,110,140,160,160,200,210,210,3761,4,26,42.441459345601956,3.9919999544508755,213.37340003810823,27.56261632544536
1779029051,70,,Aggregated,147.500000,0.100000,26,39,54,69,110,140,160,160,200,210,210,3906,5,26,42.663492472900515,3.9919999544508755,213.37340003810823,27.49206349206349
1779029052,70,,Aggregated,147.700000,0.000000,26,39,53,69,110,140,160,160,190,210,210,4060,5,26,42.52637209341485,3.9919999544508755,213.37340003810823,27.519458128078817
1779029053,70,,Aggregated,147.500000,0.200000,26,38,53,69,110,140,160,160,190,210,210,4214,6,26,42.471317180699685,3.9919999544508755,213.37340003810823,27.522306597057426
1779029054,70,,Aggregated,148.900000,0.200000,26,39,53,69,110,140,160,160,190,210,210,4356,7,26,42.546903053140376,3.9919999544508755,213.37340003810823,27.542011019283745
1779029055,70,,Aggregated,149.100000,0.200000,26,39,53,69,110,140,160,160,190,210,210,4506,7,26,42.54948812684107,3.9919999544508755,213.37340003810823,27.48890368397692
1779029056,70,,Aggregated,148.900000,0.400000,26,38,53,68,110,140,160,160,190,210,210,4654,7,26,42.32160655346032,3.9919999544508755,213.37340003810823,27.551353674258703
1779029057,70,,Aggregated,147.800000,0.400000,26,38,53,68,110,140,160,160,190,210,210,4816,7,26,42.30174019939902,3.9919999544508755,213.37340003810823,27.554194352159467
1779029058,70,,Aggregated,147.400000,0.400000,25,38,52,68,110,140,160,160,190,210,210,4957,7,25,42.12710006049655,3.981199988629669,213.37340003810823,27.610248133951988
1779029059,70,,Aggregated,148.200000,0.400000,26,38,53,68,110,140,160,160,190,210,210,5113,7,26,42.246321337832164,3.981199988629669,213.37340003810823,27.690983766868765
1779029060,70,,Aggregated,148.600000,0.400000,26,38,52,68,110,140,160,160,190,210,210,5256,7,26,42.234622393473835,3.981199988629669,213.37340003810823,27.691400304414003
1779029061,70,,Aggregated,148.700000,0.400000,26,38,52,68,110,140,160,160,190,210,210,5406,7,26,42.23094041811308,3.648200014140457,213.37340003810823,27.68553459119497
1779029062,70,,Aggregated,150.300000,0.400000,26,38,53,69,110,140,160,160,190,210,210,5545,7,26,42.40255368814902,3.6291000433266163,213.37340003810823,27.696122633002705
1779029063,70,,Aggregated,149.200000,0.200000,25,38,52,69,110,140,160,160,190,210,210,5697,7,25,42.10879873626679,3.6291000433266163,213.37340003810823,27.80656485869756
1779029064,70,,Aggregated,148.000000,0.200000,25,37,52,68,110,140,160,160,190,210,210,5852,7,25,42.03573708143658,3.592299995943904,213.37340003810823,27.827751196172247
1779029065,70,,Aggregated,146.900000,0.200000,25,37,52,68,110,140,160,160,190,210,210,5995,7,25,41.92541879909564,3.592299995943904,213.37340003810823,27.816346955796497
1779029066,70,,Aggregated,147.300000,0.000000,25,37,52,68,110,140,150,160,190,210,210,6130,7,25,41.83013704736439,3.4138999762944877,213.37340003810823,27.838988580750406
1779029067,70,,Aggregated,148.400000,0.000000,25,37,52,68,110,140,150,160,190,210,210,6287,7,25,41.78487728653355,3.4138999762944877,213.37340003810823,27.837124224590426
1779029068,70,,Aggregated,147.800000,0.000000,25,37,52,67,110,140,160,160,190,210,210,6445,7,25,41.90523294033663,3.4138999762944877,213.37340003810823,27.84980605120248
1779029069,70,,Aggregated,147.200000,0.000000,25,37,52,68,110,140,160,160,190,210,210,6603,7,25,41.95019704692313,3.4138999762944877,213.37340003810823,27.876571255489928
1779029070,70,,Aggregated,146.100000,0.000000,25,37,52,68,110,140,160,160,190,210,210,6745,8,25,41.843751727337924,3.4138999762944877,213.37340003810823,27.879762787249813
1779029071,70,,Aggregated,148.000000,0.000000,25,37,52,68,110,140,150,160,190,210,210,6891,8,25,41.84937894363859,3.4138999762944877,213.37340003810823,27.828326803076475
1779029072,70,,Aggregated,147.700000,0.100000,25,37,52,67,110,140,150,160,190,210,210,7039,8,25,41.801285608880654,3.4138999762944877,213.37340003810823,27.880806932802955
1779029073,70,,Aggregated,148.400000,0.100000,25,37,52,68,110,140,160,160,190,210,210,7188,10,25,41.969998970652206,3.4138999762944877,213.37340003810823,27.846828046744573
1779029074,70,,Aggregated,148.600000,0.100000,25,37,52,68,110,140,160,160,190,210,210,7325,10,25,41.898015590572136,3.4138999762944877,213.37340003810823,27.82716723549488
1779029075,70,,Aggregated,149.300000,0.100000,25,38,52,68,110,140,160,160,190,210,210,7470,10,25,42.101206010841196,3.4138999762944877,213.37340003810823,27.78768406961178
1779029076,70,,Aggregated,147.100000,0.300000,25,37,52,68,110,140,160,160,190,210,210,7613,10,25,42.02747228439165,3.4138999762944877,213.37340003810823,27.78457900958886
1779029077,70,,Aggregated,146.400000,0.300000,25,37,51,68,110,140,160,160,190,210,210,7764,10,25,41.94302058225925,3.4138999762944877,213.37340003810823,27.769062339000516
1779029078,70,,Aggregated,147.200000,0.300000,25,37,51,67,110,140,160,160,190,210,210,7914,11,25,41.862554384695216,3.4138999762944877,213.37340003810823,27.821076573161488
1779029079,70,,Aggregated,146.200000,0.300000,25,37,51,67,110,140,160,160,190,210,210,8068,11,25,41.860923810173325,3.4138999762944877,213.37340003810823,27.81197322756569
1779029080,70,,Aggregated,147.300000,0.300000,25,38,52,68,110,140,160,160,190,210,210,8217,12,25,42.195064597869376,3.4138999762944877,213.37340003810823,27.748570037726665
1779029081,70,,Aggregated,145.500000,0.400000,26,38,52,68,110,140,160,160,190,210,210,8366,12,26,42.269415778246874,3.4138999762944877,213.37340003810823,27.767391824049724
1779029082,70,,Aggregated,145.700000,0.300000,26,38,53,69,110,140,160,160,200,230,230,8517,12,26,42.50044722322006,3.4138999762944877,226.97239997796714,27.75179053657391
1779029083,70,,Aggregated,145.900000,0.400000,26,38,53,69,110,140,160,160,200,230,230,8671,13,26,42.501092469159936,3.4138999762944877,226.97239997796714,27.767846845807867
1779029084,70,,Aggregated,145.900000,0.400000,26,38,53,69,110,140,160,160,200,230,230,8810,13,26,42.561394767326995,3.4138999762944877,226.97239997796714,27.760953461975028
1779029085,70,,Aggregated,146.000000,0.400000,26,39,53,69,110,140,160,160,200,230,230,8963,13,26,42.62534282050223,3.4138999762944877,226.97239997796714,27.726988731451524
1779029086,70,,Aggregated,147.400000,0.300000,26,38,53,69,110,140,160,160,200,230,230,9112,13,26,42.56243857552178,3.4138999762944877,226.97239997796714,27.729038630377524
1779029087,70,,Aggregated,147.900000,0.300000,26,38,53,69,110,140,160,160,200,230,230,9271,13,26,42.44554168919157,3.4138999762944877,226.97239997796714,27.73994175385611
1779029088,70,,Aggregated,148.200000,0.300000,26,38,53,68,110,140,160,160,200,230,230,9424,14,26,42.4194386990634,3.4138999762944877,226.97239997796714,27.745649405772497
1779029089,70,,Aggregated,149.300000,0.300000,26,39,53,68,110,140,160,160,200,230,230,9579,14,26,42.46910009392798,3.4138999762944877,226.97239997796714,27.75331454222779
1779029090,70,,Aggregated,149.700000,0.300000,26,39,53,68,110,140,160,160,200,230,230,9727,14,26,42.47769451013723,3.4138999762944877,226.97239997796714,27.736609437647786
1779029091,70,,Aggregated,150.700000,0.300000,26,39,53,68,110,140,150,160,200,230,230,9882,14,26,42.50016001826571,3.4138999762944877,226.97239997796714,27.749645820684073
1779029092,70,,Aggregated,150.300000,0.300000,26,39,53,68,110,140,160,160,190,210,230,10033,14,26,42.50260086721397,3.4138999762944877,226.97239997796714,27.744742350244195
1779029093,70,,Aggregated,149.400000,0.200000,26,39,53,68,110,140,160,160,190,210,230,10170,14,26,42.471503608733244,3.4138999762944877,226.97239997796714,27.737856440511308
1779029094,70,,Aggregated,151.500000,0.200000,26,39,53,68,110,140,160,160,190,210,230,10316,14,26,42.617447334344185,3.4138999762944877,226.97239997796714,27.711516091508337
1779029095,70,,Aggregated,150.700000,0.200000,26,39,53,69,110,140,160,160,200,220,230,10462,14,26,42.78304318494969,3.4138999762944877,226.97239997796714,27.70225578283311
1779029096,70,,Aggregated,149.800000,0.100000,26,39,54,69,110,140,160,160,200,220,230,10615,15,26,42.83571169106597,3.4138999762944877,226.97239997796714,27.704757418747057
1779029097,70,,Aggregated,150.200000,0.100000,26,39,53,69,110,140,160,160,200,220,230,10769,15,26,42.7529701365867,3.4138999762944877,226.97239997796714,27.734237162224904
1779029098,70,,Aggregated,150.000000,0.100000,26,39,54,69,110,140,160,160,200,220,230,10925,15,26,42.81899196346178,3.4138999762944877,226.97239997796714,27.72192219679634
1779029099,70,,Aggregated,149.100000,0.200000,26,39,54,69,110,140,160,160,190,220,230,11074,15,26,42.884783032426355,3.4138999762944877,226.97239997796714,27.716633556077298
1779029100,70,,Aggregated,150.300000,0.200000,26,39,54,69,110,140,160,160,190,220,230,11218,16,26,42.818171385376424,3.4138999762944877,226.97239997796714,27.72401497593154
1779029101,70,,Aggregated,149.500000,0.100000,26,39,54,69,110,140,160,160,190,220,230,11369,17,26,42.822533556284455,3.4138999762944877,226.97239997796714,27.710088838068433
1779029102,70,,Aggregated,148.800000,0.100000,26,39,54,69,110,140,160,160,190,220,230,11518,17,26,42.86564590215258,3.4138999762944877,226.97239997796714,27.703507553394687
1779029103,70,,Aggregated,150.100000,0.300000,26,39,54,69,110,140,160,160,190,220,230,11663,17,26,42.80545700085016,3.4138999762944877,226.97239997796714,27.722369887678983
1779029104,70,,Aggregated,148.100000,0.300000,26,39,54,69,110,140,160,160,190,220,230,11818,17,26,42.818640074539196,3.4138999762944877,226.97239997796714,27.744965307158573
1779029105,70,,Aggregated,148.700000,0.300000,26,39,54,69,110,140,160,160,190,220,230,11973,17,26,42.80914015707583,3.4138999762944877,226.97239997796714,27.74200283972271
1779029106,70,,Aggregated,150.000000,0.300000,26,39,54,68,110,140,160,160,190,220,230,12128,17,26,42.75069835095761,3.4138999762944877,226.97239997796714,27.76030672823219
1779029107,70,,Aggregated,149.600000,0.300000,26,39,54,68,110,140,160,160,190,220,230,12262,18,26,42.691683412177,3.4138999762944877,226.97239997796714,27.76211058554885
1779029108,70,,Aggregated,150.200000,0.300000,26,39,54,68,110,140,160,160,190,220,230,12422,18,26,42.65658010787343,3.4138999762944877,226.97239997796714,27.783690227016585
1779029109,70,,Aggregated,150.900000,0.200000,26,39,54,68,110,140,160,160,200,220,230,12566,18,26,42.71426338528049,3.4138999762944877,226.97239997796714,27.8028807894318
1779029110,70,,Aggregated,148.200000,0.300000,26,39,54,69,110,140,160,160,200,230,250,12718,19,26,42.88166666927346,3.4138999762944877,251.49519997648895,27.804922157571944
1779029111,70,,Aggregated,149.200000,0.300000,26,40,54,69,110,140,160,160,200,230,250,12871,19,26,42.92443452715302,3.4138999762944877,251.49519997648895,27.7921684406806
1779029112,70,,Aggregated,149.000000,0.300000,26,40,54,69,110,140,160,160,200,230,250,13030,19,26,42.935255303098344,3.4138999762944877,251.49519997648895,27.79155794320798
1779029113,70,,Aggregated,148.600000,0.200000,26,40,54,69,110,140,160,160,200,230,250,13188,19,26,42.86860867454399,3.4138999762944877,251.49519997648895,27.830831058538063
1779029114,70,,Aggregated,149.700000,0.200000,26,40,54,69,110,140,160,160,200,230,250,13326,20,26,42.92176864023273,3.4138999762944877,251.49519997648895,27.817949872429836
1779029115,70,,Aggregated,150.100000,0.200000,26,40,54,69,110,140,160,160,200,230,250,13488,20,26,42.93374420969878,3.4138999762944877,251.49519997648895,27.81961743772242
1779029116,70,,Aggregated,151.000000,0.200000,26,40,54,69,110,140,160,160,200,230,250,13635,20,26,42.90199126514801,3.4138999762944877,251.49519997648895,27.83138980564723
1779029117,70,,Aggregated,149.800000,0.300000,26,40,54,69,110,140,160,160,200,230,250,13781,20,26,42.95285665050666,3.4138999762944877,251.49519997648895,27.833829185109934
1779029119,70,,Aggregated,150.600000,0.300000,26,40,54,69,110,140,160,160,200,230,250,13932,20,26,42.99302028427652,3.4138999762944877,251.49519997648895,27.829385587137526
1779029120,70,,Aggregated,150.800000,0.200000,27,40,54,69,110,140,160,160,200,230,250,14081,20,27,43.0738367020083,3.4138999762944877,251.49519997648895,27.822668844542292
1779029121,70,,Aggregated,150.800000,0.200000,27,40,54,69,110,140,160,160,200,230,250,14235,20,27,43.049825669208545,3.4138999762944877,251.49519997648895,27.838356164383562
1779029122,70,,Aggregated,150.600000,0.200000,27,40,54,70,110,140,160,160,200,230,250,14376,20,27,43.124027420783754,3.4138999762944877,251.49519997648895,27.819212576516417
1779029123,70,,Aggregated,151.000000,0.100000,27,40,54,69,110,140,160,160,200,230,250,14527,20,27,43.08175814008969,3.4138999762944877,251.49519997648895,27.815997797205203
1779029124,70,,Aggregated,149.400000,0.100000,27,40,54,69,110,140,160,160,200,230,250,14681,20,27,43.04953700709608,3.4138999762944877,251.49519997648895,27.807029493903684
1779029125,70,,Aggregated,149.400000,0.100000,27,40,54,69,110,140,160,160,200,230,250,14822,21,27,43.021143631178774,3.4138999762944877,251.49519997648895,27.80009445418972
1779029126,70,,Aggregated,148.400000,0.100000,27,40,54,69,110,140,160,160,200,230,250,14971,21,27,43.00469865080445,3.4138999762944877,251.49519997648895,27.805490615189367
1779029127,70,,Aggregated,149.300000,0.100000,27,40,54,69,110,140,160,160,200,230,250,15129,21,27,42.98943854856008,3.4138999762944877,251.49519997648895,27.80963712076145
1779029128,70,,Aggregated,147.600000,0.100000,27,40,54,69,110,140,160,160,200,230,250,15278,21,27,42.964400988406545,3.4138999762944877,251.49519997648895,27.80887550726535
1779029129,70,,Aggregated,148.000000,0.100000,27,40,54,69,110,140,160,160,200,230,250,15426,109,27,42.959602638421266,2.609599963761866,251.49519997648895,27.66725009723843
1779029130,70,,Aggregated,148.200000,0.100000,27,40,54,69,110,140,160,160,200,230,250,15561,203,27,42.97243986251481,2.609599963761866,251.49519997648895,27.490971017286807
1779029131,70,,Aggregated,148.500000,8.000000,27,40,55,70,110,140,160,160,200,230,250,15704,294,27,43.17443974152098,2.320299972780049,251.49519997648895,27.331635252165054
1779029132,70,,Aggregated,147.300000,17.400000,27,40,55,70,110,140,160,160,200,230,250,15868,408,27,43.24793178100613,2.320299972780049,251.49519997648895,27.12213259389967
1779029133,70,,Aggregated,145.400000,25.900000,27,40,55,71,110,140,160,160,200,230,250,16020,516,27,43.32568710366483,2.320299972780049,251.49519997648895,26.93570536828964
1779029134,70,,Aggregated,147.200000,36.400000,27,41,56,70,110,140,160,160,200,230,250,16168,664,27,43.34372702878083,2.320299972780049,251.49519997648895,26.68913904007917
1779029135,70,,Aggregated,147.500000,47.700000,27,41,56,70,110,140,160,160,210,230,250,16310,787,27,43.42321248321136,2.320299972780049,251.49519997648895,26.48841201716738
1779029136,70,,Aggregated,146.700000,61.800000,27,41,56,71,110,140,160,160,210,230,250,16447,907,27,43.50815377280168,2.320299972780049,251.49519997648895,26.29184653736244
1779029137,70,,Aggregated,146.600000,74.400000,28,42,57,71,110,140,160,160,210,230,250,16596,1036,28,43.777777145179385,2.320299972780049,251.49519997648895,26.09466136418414
1779029138,70,,Aggregated,145.800000,86.200000,28,42,57,71,110,140,160,160,210,230,250,16738,1154,28,43.80169071583227,2.320299972780049,251.49519997648895,25.91832954952802
1779029139,70,,Aggregated,144.000000,97.800000,28,42,57,71,110,140,160,160,210,230,250,16886,1271,28,43.7307812567581,2.320299972780049,251.49519997648895,25.743574558806113
1779029140,70,,Aggregated,143.500000,109.500000,28,42,57,71,110,140,160,170,210,250,260,17032,1374,28,43.924051737993246,2.320299972780049,258.43829999212176,25.591474870831377
1779029141,70,,Aggregated,143.400000,113.600000,28,42,58,71,110,140,160,170,210,250,260,17176,1475,28,44.00288544492666,2.320299972780049,258.43829999212176,25.44323474615743
1779029142,70,,Aggregated,144.700000,114.700000,28,43,58,72,110,140,160,170,210,250,260,17332,1578,28,44.225186735637905,2.320299972780049,258.43829999212176,25.302907915993536
1779029143,70,,Aggregated,144.700000,115.600000,28,43,59,73,110,140,160,170,210,250,260,17480,1666,28,44.44702990857996,2.320299972780049,258.43829999212176,25.18421052631579
1779029144,70,,Aggregated,143.600000,114.200000,28,43,59,72,110,140,160,170,210,250,260,17623,1753,28,44.39552839486548,2.320299972780049,258.43829999212176,25.07217840322306
1779029145,70,,Aggregated,142.700000,111.700000,28,43,59,73,110,140,160,170,210,250,260,17770,1820,28,44.515972380595414,2.320299972780049,258.43829999212176,24.989082723691617
1779029146,70,,Aggregated,142.200000,105.600000,29,43,59,73,110,140,160,170,220,250,260,17908,1870,29,44.756630316229064,2.320299972780049,258.43829999212176,24.931818181818183
1779029147,70,,Aggregated,142.200000,99.700000,29,43,59,73,110,140,160,170,220,250,260,18067,1935,29,44.80377798764823,2.320299972780049,258.43829999212176,24.855814468367743
1779029148,70,,Aggregated,143.300000,93.700000,29,43,59,73,110,140,160,170,220,250,260,18215,1991,29,44.812410930711664,2.320299972780049,258.43829999212176,24.788965138622014
1779029149,70,,Aggregated,144.200000,87.600000,29,43,59,73,110,140,160,170,220,250,260,18367,2041,29,44.756000969330294,2.320299972780049,258.43829999212176,24.757989873142048
1779029150,70,,Aggregated,145.300000,82.000000,29,43,59,73,110,140,160,170,220,250,260,18505,2071,29,44.73785225092993,2.320299972780049,258.43829999212176,24.751472574979736
1779029151,70,,Aggregated,145.400000,75.700000,29,43,59,72,110,140,160,170,220,250,260,18646,2111,29,44.76111448587642,2.320299972780049,258.43829999212176,24.707551217419287
1779029152,70,,Aggregated,145.100000,70.000000,29,43,59,72,110,140,160,170,220,250,260,18794,2135,29,44.736337586658564,2.320299972780049,258.43829999212176,24.695434713206343
1779029153,70,,Aggregated,144.700000,63.600000,29,43,59,72,110,140,160,170,220,250,260,18937,2157,29,44.718126699255954,2.320299972780049,258.43829999212176,24.694249353118234
1779029154,70,,Aggregated,144.000000,58.500000,29,43,59,72,110,140,160,170,220,250,260,19088,2174,29,44.715460954742504,2.320299972780049,258.43829999212176,24.70190695725063
1779029155,70,,Aggregated,144.100000,52.100000,29,43,59,72,110,140,160,170,220,250,260,19241,2177,29,44.70785511167999,2.320299972780049,258.43829999212176,24.718881555012732
1779029156,70,,Aggregated,145.400000,46.300000,29,43,59,72,110,140,160,170,220,250,260,19379,2184,29,44.684221219029496,2.320299972780049,258.43829999212176,24.725114815005934
1779029157,70,,Aggregated,145.100000,41.200000,29,43,59,72,110,140,160,170,220,250,260,19535,2197,29,44.74680808822784,2.320299972780049,258.43829999212176,24.73683132838495
1779029158,70,,Aggregated,145.400000,35.800000,29,43,59,72,110,140,160,170,220,250,260,19697,2203,29,44.749520744480456,2.320299972780049,258.43829999212176,24.74468193125857
1779029159,70,,Aggregated,145.600000,30.900000,29,43,59,72,110,140,160,170,220,250,260,19835,2203,29,44.71044433092474,2.320299972780049,258.43829999212176,24.781598185026468
1779029160,70,,Aggregated,146.100000,26.100000,29,43,59,72,110,140,160,170,220,250,260,19987,2206,29,44.76202015330022,2.320299972780049,258.43829999212176,24.792365037274227
1779029161,70,,Aggregated,146.300000,21.000000,29,43,59,72,110,140,160,170,220,240,260,20146,2207,29,44.71668308366184,2.320299972780049,258.43829999212176,24.816737813958106
1779029162,70,,Aggregated,145.400000,16.200000,29,43,59,72,110,140,160,170,220,240,260,20283,2207,29,44.635592964694105,2.320299972780049,258.43829999212176,24.852733816496574
1779029163,70,,Aggregated,147.800000,13.600000,29,43,59,72,110,140,160,170,220,240,260,20430,2208,29,44.61782255521221,2.320299972780049,258.43829999212176,24.884728340675476
1779029164,70,,Aggregated,148.900000,9.600000,29,43,59,72,110,140,160,170,220,240,260,20569,2208,29,44.59594797524671,2.320299972780049,258.43829999212176,24.900870241625746
1779029165,70,,Aggregated,147.900000,7.200000,29,43,59,72,110,140,160,170,220,240,260,20736,2209,29,44.70773690696593,2.320299972780049,258.43829999212176,24.924382716049383
1779029166,70,,Aggregated,148.500000,5.100000,29,43,59,72,110,140,160,170,220,240,260,20876,2209,29,44.704192402880075,2.320299972780049,258.43829999212176,24.94385897681548
1779029167,70,,Aggregated,148.300000,3.500000,29,43,59,72,110,140,160,170,220,240,260,21026,2210,29,44.74514221927879,2.320299972780049,258.43829999212176,24.96147626747836
1779029168,70,,Aggregated,149.400000,3.100000,29,43,59,73,110,140,160,170,220,240,260,21185,2211,29,44.83511009689769,2.320299972780049,258.43829999212176,24.980033042246873
1779029169,70,,Aggregated,149.200000,2.600000,29,44,59,73,110,140,160,170,220,240,260,21332,2211,29,44.887406403629114,2.320299972780049,258.43829999212176,25.00173448340521
1779029170,70,,Aggregated,148.200000,1.400000,29,44,59,73,110,140,160,170,220,240,260,21467,2211,29,44.896242730801276,2.320299972780049,258.43829999212176,25.02785671029953
1779029171,70,,Aggregated,147.800000,0.800000,29,44,59,73,110,140,160,170,220,240,260,21631,2212,29,44.907199200320576,2.320299972780049,258.43829999212176,25.05607692663307
1779029172,70,,Aggregated,148.900000,0.800000,29,44,59,73,110,140,160,170,220,240,260,21775,2212,29,45.0013072285737,2.320299972780049,258.43829999212176,25.070952927669346
1779029173,70,,Aggregated,148.500000,0.400000,29,44,60,73,110,140,160,170,220,240,260,21913,2212,29,45.122329001169476,2.320299972780049,258.43829999212176,25.07579975357094
1779029174,70,,Aggregated,148.300000,0.500000,29,44,60,73,110,140,160,170,220,240,260,22063,2212,29,45.15229737127264,2.320299972780049,258.43829999212176,25.098082762996874
1779029175,70,,Aggregated,148.200000,0.500000,29,44,60,73,110,140,160,170,220,240,260,22229,2213,29,45.189515632829085,2.320299972780049,258.43829999212176,25.1247019659004
1779029176,70,,Aggregated,148.100000,0.400000,30,44,60,73,110,140,160,170,220,240,260,22372,2213,30,45.2875057036556,2.320299972780049,258.43829999212176,25.141918469515467
1779029177,70,,Aggregated,148.800000,0.300000,30,44,60,73,110,140,160,170,220,240,260,22515,2213,30,45.301990211087535,2.320299972780049,258.43829999212176,25.157894736842106
1779029178,70,,Aggregated,147.400000,0.400000,30,44,60,73,110,140,160,170,220,240,260,22677,2213,30,45.30726134862267,2.320299972780049,258.43829999212176,25.176919345592452
1779029179,70,,Aggregated,147.600000,0.300000,30,44,60,73,110,140,160,170,220,240,260,22827,2213,30,45.31788825085833,2.320299972780049,258.43829999212176,25.197529241687477
1779029180,70,,Aggregated,147.700000,0.200000,30,44,60,73,110,140,160,170,220,240,260,22977,2213,30,45.38704040572868,2.320299972780049,258.43829999212176,25.20938329633982
1779029181,70,,Aggregated,148.400000,0.200000,30,44,60,73,110,140,160,170,220,240,260,23132,2213,30,45.392339970718744,2.320299972780049,258.43829999212176,25.229941206985995
1779029182,70,,Aggregated,150.000000,0.200000,30,44,60,73,110,140,160,170,220,240,260,23287,2213,30,45.42894283088996,2.320299972780049,258.43829999212176,25.251556662515565
1779029183,70,,Aggregated,147.800000,0.200000,30,44,60,73,110,140,160,170,220,240,260,23430,2213,30,45.36781141286165,2.320299972780049,258.43829999212176,25.280239009816473
1779029184,70,,Aggregated,149.400000,0.100000,30,44,60,73,110,140,160,170,220,240,260,23590,2213,30,45.39068247152474,2.320299972780049,258.43829999212176,25.290462060194997
1779029185,70,,Aggregated,150.800000,0.100000,30,44,60,73,110,140,160,170,220,240,260,23737,2213,30,45.33422923297165,2.320299972780049,258.43829999212176,25.31461431520411
1779029186,70,,Aggregated,150.600000,0.100000,30,44,60,73,110,140,160,170,220,240,260,23898,2215,30,45.268306829148315,2.320299972780049,258.43829999212176,25.346765419700393
1779029187,70,,Aggregated,150.200000,0.100000,30,44,60,73,110,140,160,170,220,240,260,24043,2215,30,45.24210674636324,2.320299972780049,258.43829999212176,25.35261822567899
1779029188,70,,Aggregated,151.600000,0.000000,30,44,60,73,110,140,160,170,220,240,260,24184,2216,30,45.224260155573496,2.320299972780049,258.43829999212176,25.366564670856764
1779029189,70,,Aggregated,151.800000,0.200000,30,44,60,73,110,140,160,170,220,240,260,24335,2216,30,45.23212059184219,2.320299972780049,258.43829999212176,25.37891925210602
1779029190,70,,Aggregated,151.900000,0.300000,30,44,60,73,110,140,160,170,220,240,260,24481,2217,30,45.31158527438752,2.320299972780049,258.43829999212176,25.385237531146604
1779029191,70,,Aggregated,150.300000,0.300000,30,44,60,73,110,140,160,170,220,240,260,24625,2217,30,45.372039744252255,2.320299972780049,258.43829999212176,25.39784771573604
1779029192,70,,Aggregated,148.400000,0.400000,30,45,60,73,110,140,160,170,220,250,260,24758,2218,30,45.470358308524816,2.320299972780049,258.43829999212176,25.408756765489944
1779029193,70,,Aggregated,149.200000,0.400000,30,45,60,73,110,140,160,170,220,250,260,24902,2218,30,45.489721363846336,2.320299972780049,258.43829999212176,25.416030840896312
1779029194,70,,Aggregated,147.900000,0.500000,30,45,60,73,110,140,160,170,220,250,260,25058,2218,30,45.4267587517972,2.320299972780049,258.43829999212176,25.44277276718014
1779029195,70,,Aggregated,147.500000,0.500000,30,45,61,74,110,140,160,170,220,250,260,25200,2218,30,45.54778401599458,2.320299972780049,258.43829999212176,25.442222222222224
1779029196,70,,Aggregated,146.900000,0.500000,30,45,61,74,110,140,160,170,220,250,260,25350,2219,30,45.63989027230165,2.320299972780049,258.43829999212176,25.4530966469428
1779029197,70,,Aggregated,146.300000,0.500000,30,45,61,74,110,140,160,170,220,250,260,25499,2220,30,45.61890632586379,2.320299972780049,258.43829999212176,25.472528334444487
1779029198,70,,Aggregated,144.800000,0.600000,30,45,61,74,110,140,160,170,220,250,260,25652,2221,30,45.615747166045274,2.320299972780049,258.43829999212176,25.483782940901293
1779029199,70,,Aggregated,144.900000,0.400000,30,45,61,74,110,140,160,170,220,250,290,25792,2221,30,45.78252468994467,2.320299972780049,285.2928999927826,25.499767369727046
1779029200,70,,Aggregated,145.100000,0.400000,30,45,61,74,110,140,160,170,220,250,290,25929,2221,30,45.89398786313714,2.320299972780049,285.2928999927826,25.50769408770103
1779029201,70,,Aggregated,145.500000,0.500000,30,45,61,75,110,140,160,170,220,250,290,26076,2221,30,45.936244692554254,2.320299972780049,285.2928999927826,25.51595336708084
1779029202,70,,Aggregated,145.100000,0.400000,30,45,62,75,110,140,160,170,220,250,290,26206,2221,30,45.997663745084616,2.320299972780049,285.2928999927826,25.534419598565215
1779029203,70,,Aggregated,145.200000,0.400000,30,45,62,75,110,140,160,170,220,250,290,26363,2222,30,46.00024416051451,2.320299972780049,285.2928999927826,25.54713044797633
1779029204,70,,Aggregated,144.200000,0.300000,30,45,61,75,110,140,160,170,220,250,290,26500,2222,30,45.99069761524399,2.320299972780049,285.2928999927826,25.565849056603774
1779029205,70,,Aggregated,143.500000,0.300000,30,45,62,75,110,140,160,170,220,250,290,26642,2222,30,46.02953203228516,2.320299972780049,285.2928999927826,25.569739509045867
1779029206,70,,Aggregated,142.700000,0.400000,30,45,62,75,110,140,160,170,220,250,290,26791,2223,30,46.090872386402616,2.320299972780049,285.2928999927826,25.570676719793962
1779029207,70,,Aggregated,143.800000,0.400000,30,46,62,75,110,140,160,170,220,250,290,26934,2223,30,46.14850617079492,2.320299972780049,285.2928999927826,25.574626865671643
1779029208,70,,Aggregated,144.100000,0.300000,30,46,62,75,110,140,160,170,220,250,290,27085,2223,30,46.116381897895366,2.320299972780049,285.2928999927826,25.595421820195682
1779029209,70,,Aggregated,143.100000,0.400000,30,46,62,75,110,140,160,170,220,250,290,27231,2223,30,46.11630826280212,2.320299972780049,285.2928999927826,25.610443979288313
1779029210,70,,Aggregated,142.500000,0.300000,30,46,62,75,110,140,160,170,220,250,290,27381,2223,30,46.09836083797143,2.320299972780049,285.2928999927826,25.627405865381103
1779029211,70,,Aggregated,142.600000,0.200000,30,46,62,75,110,140,160,170,220,250,290,27524,2223,30,46.13041294886864,2.320299972780049,285.2928999927826,25.631812236593518
1779029212,70,,Aggregated,143.200000,0.200000,30,46,62,75,110,140,160,170,220,250,290,27678,2223,30,46.14332257406009,2.320299972780049,285.2928999927826,25.6371125081292
1779029213,70,,Aggregated,143.600000,0.200000,30,46,62,75,110,140,160,170,220,250,290,27825,2224,30,46.1372258042961,2.320299972780049,285.2928999927826,25.649380053908356
1779029214,70,,Aggregated,145.000000,0.200000,30,46,62,75,110,140,160,170,220,250,290,27965,2224,30,46.13611451474207,2.320299972780049,285.2928999927826,25.65524763096728
1779029215,70,,Aggregated,145.900000,0.300000,30,46,62,75,110,140,160,170,220,250,290,28120,2224,30,46.124201227034305,2.320299972780049,285.2928999927826,25.666891891891893
1779029216,70,,Aggregated,147.100000,0.200000,30,46,62,75,110,140,160,170,220,250,290,28267,2225,30,46.10725213161403,2.320299972780049,285.2928999927826,25.677999080199527
1779029217,70,,Aggregated,146.300000,0.200000,30,45,62,75,110,140,160,170,220,250,290,28432,2226,30,46.08184612073375,2.320299972780049,285.2928999927826,25.691333708497467
1779029218,70,,Aggregated,146.500000,0.200000,30,45,62,75,110,140,160,170,220,250,290,28575,2228,30,46.08531566421898,2.320299972780049,285.2928999927826,25.70446194225722
1779029219,70,,Aggregated,147.700000,0.200000,30,45,62,75,110,140,160,170,220,250,290,28726,2228,30,46.05473711288508,2.320299972780049,285.2928999927826,25.7341084731602
1779029220,70,,Aggregated,148.600000,0.300000,30,45,62,75,110,140,160,170,220,250,290,28874,2228,30,46.071453342265706,2.320299972780049,285.2928999927826,25.741393641338227
1779029221,70,,Aggregated,149.200000,0.500000,30,45,62,75,110,140,160,170,220,250,290,29025,2228,30,46.05848205701386,2.320299972780049,285.2928999927826,25.75059431524548
1779029222,70,,Aggregated,149.200000,0.500000,30,45,62,75,110,140,160,170,220,250,290,29174,2228,30,46.019209810268656,2.320299972780049,285.2928999927826,25.771885925824364
1779029223,70,,Aggregated,149.300000,0.500000,30,45,61,74,110,140,160,170,220,250,290,29316,2228,30,45.9970536875735,2.320299972780049,285.2928999927826,25.783155955792058
1779029224,70,,Aggregated,149.000000,0.500000,30,45,61,74,110,140,160,170,220,250,290,29472,2228,30,45.966349389416955,2.320299972780049,285.2928999927826,25.7912934310532
1779029225,70,,Aggregated,149.900000,0.400000,30,45,61,74,110,140,160,170,220,250,290,29606,2228,30,45.96825766416339,2.320299972780049,285.2928999927826,25.79250827534959
1779029226,70,,Aggregated,148.200000,0.400000,30,45,61,74,110,140,160,170,220,250,290,29756,2228,30,45.967794290394494,2.320299972780049,285.2928999927826,25.80457722812206
1779029227,70,,Aggregated,149.700000,0.400000,30,45,61,74,110,140,160,170,220,250,290,29905,2228,30,45.96848298629375,2.320299972780049,285.2928999927826,25.82203644875439
1779029228,70,,Aggregated,148.400000,0.400000,30,45,61,74,110,140,160,170,220,250,290,30058,2229,30,45.93970907262858,2.320299972780049,285.2928999927826,25.83704837314525
1779029229,70,,Aggregated,147.300000,0.300000,30,45,61,74,110,140,160,170,220,250,290,30200,2229,30,45.93758387434249,2.320299972780049,285.2928999927826,25.84430463576159
1779029230,70,,Aggregated,147.300000,0.200000,30,45,61,74,110,140,160,170,220,250,290,30343,2229,30,45.92894106073116,2.320299972780049,285.2928999927826,25.851333091652112
1779029231,70,,Aggregated,147.100000,0.100000,30,45,61,75,110,140,160,170,220,250,290,30482,2229,30,45.967633915285546,2.320299972780049,285.2928999927826,25.86218095925464
1779029232,70,,Aggregated,146.500000,0.100000,30,45,61,74,110,140,160,170,220,250,290,30635,2230,30,45.93009224106746,2.320299972780049,285.2928999927826,25.8777868451118
1779029233,70,,Aggregated,146.500000,0.100000,30,45,61,74,110,140,160,170,220,250,290,30788,2230,30,45.93172067056134,2.320299972780049,285.2928999927826,25.888885279979213
1779029234,70,,Aggregated,145.600000,0.100000,30,45,61,74,110,140,160,170,220,250,290,30947,2230,30,45.9144279608931,2.320299972780049,285.2928999927826,25.904708049245485
1779029235,70,,Aggregated,144.600000,0.200000,30,45,61,74,110,140,160,170,220,250,290,31102,2230,30,45.902567352779045,2.320299972780049,285.2928999927826,25.912674426081924
1779029236,70,,Aggregated,146.800000,0.200000,30,45,61,74,110,140,160,170,220,250,290,31256,2231,30,45.89842580324168,2.320299972780049,285.2928999927826,25.93073329920655
1779029237,70,,Aggregated,146.500000,0.200000,30,45,61,74,110,140,160,170,220,250,290,31414,2234,30,45.87621866066109,2.320299972780049,285.2928999927826,25.940949894951295
1779029238,70,,Aggregated,148.600000,0.200000,30,45,61,74,110,140,160,170,220,250,290,31562,2234,30,45.866695887635295,2.320299972780049,285.2928999927826,25.955737912679805
1779029239,70,,Aggregated,149.700000,0.300000,30,45,61,74,110,140,160,170,220,250,290,31712,2235,30,45.89673136370745,2.320299972780049,285.2928999927826,25.974142280524724
1779029240,70,,Aggregated,150.200000,0.600000,30,45,61,74,110,140,160,170,220,250,290,31860,2235,30,45.87125337432331,2.320299972780049,285.2928999927826,25.980477087256748
1779029241,70,,Aggregated,149.800000,0.500000,30,45,61,74,110,140,160,170,220,250,290,31994,2236,30,45.876598121720285,2.320299972780049,285.2928999927826,25.988091517159468
1779029242,70,,Aggregated,150.400000,0.600000,30,45,61,74,110,140,160,170,220,250,290,32139,2236,30,45.86177067756504,2.320299972780049,285.2928999927826,26.00597405021936
1779029243,70,,Aggregated,150.700000,0.600000,30,45,61,74,110,140,160,170,220,250,290,32291,2236,30,45.836767511281465,2.320299972780049,285.2928999927826,26.015236443591093
1779029244,70,,Aggregated,150.200000,0.700000,30,45,61,74,110,140,160,170,220,250,290,32441,2236,30,45.8295471134418,2.320299972780049,285.2928999927826,26.029283930828274
1779029245,70,,Aggregated,149.600000,0.600000,30,45,61,74,110,140,160,170,220,250,290,32590,2237,30,45.845213992234754,2.320299972780049,285.2928999927826,26.041485118134396
1779029246,70,,Aggregated,149.200000,0.600000,30,45,61,74,110,140,160,170,220,250,290,32738,2237,30,45.84743664876076,2.320299972780049,285.2928999927826,26.053943429653614
1779029247,70,,Aggregated,149.100000,0.600000,30,45,61,74,110,140,160,170,220,250,290,32875,2237,30,45.83867577814671,2.320299972780049,285.2928999927826,26.065247148288975
1779029248,70,,Aggregated,147.600000,0.700000,30,45,61,74,110,140,160,170,220,250,290,33032,2237,30,45.863372502621274,2.320299972780049,285.2928999927826,26.06844877694357
1779029249,70,,Aggregated,147.300000,0.600000,30,45,61,74,110,140,160,170,220,250,290,33181,2239,30,45.86428319238454,2.320299972780049,285.2928999927826,26.080166360266418
1779029250,70,,Aggregated,145.700000,0.300000,30,45,61,74,110,140,160,170,220,250,290,33332,2320,30,45.84409065481173,2.320299972780049,285.2928999927826,26.015600624024962
1779029252,70,,Aggregated,146.500000,0.400000,30,45,62,74,110,140,160,170,220,250,290,33484,2416,30,45.91252318737769,2.320299972780049,285.2928999927826,25.946631226854617
1779029253,70,,Aggregated,146.500000,8.700000,30,45,61,74,110,140,160,170,220,250,290,33629,2519,30,45.872313203077205,2.320299972780049,285.2928999927826,25.874988848910167
1779029254,70,,Aggregated,147.400000,17.500000,30,45,61,74,110,140,160,170,220,250,290,33775,2663,30,45.854915819576505,2.320299972780049,285.2928999927826,25.7640562546262
1779029255,70,,Aggregated,147.800000,28.000000,30,45,61,74,110,140,160,170,220,250,290,33921,2800,30,45.773162704695515,2.320299972780049,285.2928999927826,25.65997464697385
1779029256,70,,Aggregated,147.400000,42.500000,30,45,61,74,110,140,160,170,220,250,290,34072,2934,30,45.77766368002428,2.320299972780049,285.2928999927826,25.56377670814745
1779029257,70,,Aggregated,146.500000,55.900000,30,45,61,74,110,140,160,170,220,250,290,34213,3055,30,45.776088051478816,2.320299972780049,285.2928999927826,25.478005436529973
1779029258,70,,Aggregated,147.400000,69.300000,30,45,61,73,110,140,160,170,220,250,290,34356,3173,30,45.734872037059084,2.320299972780049,285.2928999927826,25.39553498661078
1779029259,70,,Aggregated,145.800000,80.600000,30,45,61,73,110,140,160,170,220,250,290,34501,3287,30,45.731442025012996,2.320299972780049,285.2928999927826,25.31225181878786
1779029260,70,,Aggregated,146.200000,92.800000,30,45,61,73,110,140,160,170,220,250,290,34654,3395,30,45.68451037411408,2.320299972780049,285.2928999927826,25.234431811623477
1779029261,70,,Aggregated,144.900000,103.400000,30,45,61,73,110,140,160,170,220,250,290,34790,3483,30,45.65446051178449,2.320299972780049,285.2928999927826,25.176918654785858
1779029262,70,,Aggregated,144.200000,113.000000,30,45,61,73,110,140,160,170,220,250,290,34933,3571,30,45.76616417728445,2.320299972780049,285.2928999927826,25.118083187816676
1779029263,70,,Aggregated,144.000000,114.800000,30,45,61,73,110,140,160,170,220,250,290,35087,3662,30,45.75789658861984,2.320299972780049,285.2928999927826,25.060079231624247
1779029264,70,,Aggregated,143.300000,114.000000,31,46,61,73,110,140,160,170,220,250,290,35231,3748,31,45.77311560004795,2.320299972780049,285.2928999927826,25.004030541284664
1779029265,70,,Aggregated,143.400000,111.900000,31,46,61,73,110,140,160,170,220,250,290,35388,3828,31,45.790035503703365,2.320299972780049,285.2928999927826,24.946507290606984
1779029266,70,,Aggregated,143.000000,105.900000,31,46,61,73,110,140,160,170,220,250,290,35533,3888,31,45.80871971421181,2.320299972780049,285.2928999927826,24.91407986941716
1779029267,70,,Aggregated,144.000000,100.100000,31,46,61,73,110,140,160,170,220,250,290,35679,3943,31,45.85450467235705,2.320299972780049,285.2928999927826,24.877827293365847
1779029268,70,,Aggregated,143.300000,92.700000,31,46,61,73,110,140,160,170,220,250,290,35827,4000,31,45.86027753105007,2.320299972780049,285.2928999927826,24.846149552013845
1779029269,70,,Aggregated,144.600000,87.000000,31,46,61,73,110,140,160,170,220,250,290,35966,4048,31,45.848500486691115,2.320299972780049,285.2928999927826,24.81935717066118
1779029270,70,,Aggregated,144.300000,80.500000,31,46,61,73,110,140,160,170,220,250,290,36116,4085,31,45.87173425917372,2.320299972780049,285.2928999927826,24.807232251633625
1779029271,70,,Aggregated,144.900000,75.700000,31,46,61,73,110,140,160,170,220,250,290,36273,4142,31,45.871295216949434,2.320299972780049,285.2928999927826,24.77509442284895
1779029272,70,,Aggregated,145.000000,70.600000,31,46,61,73,110,140,160,170,220,250,290,36436,4187,31,45.855528307285546,2.320299972780049,285.2928999927826,24.755324404435175
1779029273,70,,Aggregated,145.300000,63.900000,31,46,61,73,110,140,160,170,220,250,290,36573,4201,31,45.84538664326705,2.320299972780049,285.2928999927826,24.763842178656386
1779029274,70,,Aggregated,146.900000,61.000000,31,46,61,73,110,140,160,170,220,250,290,36718,4212,31,45.81299471115979,2.320299972780049,285.2928999927826,24.770820850808867
1779029275,70,,Aggregated,147.000000,56.600000,31,46,61,73,110,140,160,170,220,250,290,36873,4219,31,45.82575604654261,2.320299972780049,285.2928999927826,24.780272828356793
1779029276,70,,Aggregated,147.200000,49.200000,31,46,61,73,110,140,160,170,220,250,290,37010,4226,31,45.807716717202275,2.320299972780049,285.2928999927826,24.787679005674143
1779029277,70,,Aggregated,145.900000,42.200000,31,46,61,73,110,140,160,170,220,250,290,37164,4241,31,45.82856427197173,2.320299972780049,285.2928999927826,24.792675707674093
1779029278,70,,Aggregated,146.200000,36.800000,31,46,61,73,110,140,160,170,220,250,290,37318,4250,31,45.81065034309769,2.320299972780049,285.2928999927826,24.80006967147221
1779029279,70,,Aggregated,146.200000,32.500000,31,46,61,73,110,140,160,170,220,250,290,37450,4254,31,45.83433949008232,2.320299972780049,285.2928999927826,24.803711615487316
1779029280,70,,Aggregated,147.700000,28.000000,31,46,61,73,110,140,160,170,220,250,290,37606,4256,31,45.858592426828636,2.320299972780049,285.2928999927826,24.80883369675052
1779029281,70,,Aggregated,147.000000,22.600000,31,46,61,73,110,140,160,170,220,250,290,37759,4259,31,45.86083724153557,2.320299972780049,285.2928999927826,24.811197330437775
1779029282,70,,Aggregated,147.600000,18.100000,31,46,61,73,110,140,160,170,220,250,290,37899,4261,31,45.92020052515873,2.320299972780049,285.2928999927826,24.81595820470197
1779029283,70,,Aggregated,147.200000,15.000000,31,46,61,73,110,140,160,170,220,250,290,38048,4262,31,45.96489364231834,2.320299972780049,285.2928999927826,24.824957947855342
1779029284,70,,Aggregated,146.600000,10.000000,31,46,61,73,110,140,160,170,220,250,290,38197,4263,31,45.937240673410926,2.320299972780049,285.2928999927826,24.842867240882793
1779029285,70,,Aggregated,145.600000,6.100000,31,46,61,73,110,140,160,170,220,250,290,38350,4263,31,45.955915843600145,2.320299972780049,285.2928999927826,24.854732724902217
1779029286,70,,Aggregated,146.700000,5.100000,31,46,61,73,110,140,160,170,220,250,290,38492,4263,31,45.94089520425759,2.320299972780049,285.2928999927826,24.868674010183934
1779029287,70,,Aggregated,147.400000,4.500000,31,46,61,73,110,140,160,170,220,250,290,38656,4268,31,45.98982624178768,2.320299972780049,285.2928999927826,24.867368584437084
1779029288,70,,Aggregated,147.700000,3.800000,31,46,61,73,110,140,160,170,220,250,290,38801,4272,31,45.97103015650595,2.320299972780049,285.2928999927826,24.876446483338057
1779029289,70,,Aggregated,147.900000,2.500000,31,46,61,74,110,140,160,170,220,250,290,38935,4272,31,46.00352214722156,2.320299972780049,285.2928999927826,24.88380634390651
1779029290,70,,Aggregated,147.800000,2.200000,31,46,61,74,110,140,160,170,220,250,290,39079,4272,31,46.05348953664429,2.320299972780049,285.2928999927826,24.889480283528236
1779029291,70,,Aggregated,147.700000,1.800000,31,46,61,74,110,140,160,170,220,250,290,39228,4272,31,46.052810385503705,2.320299972780049,285.2928999927826,24.90262057713878
1779029292,70,,Aggregated,146.700000,1.600000,31,46,61,74,110,140,160,170,220,250,290,39381,4272,31,46.06768394408597,2.320299972780049,285.2928999927826,24.91579695792387
1779029293,70,,Aggregated,147.400000,1.300000,31,46,61,74,110,140,160,170,220,250,290,39537,4273,31,46.1022094443746,2.320299972780049,285.2928999927826,24.93006550825809
1779029294,70,,Aggregated,146.800000,1.100000,31,46,61,74,110,140,160,170,220,250,290,39663,4273,31,46.12090227926318,2.320299972780049,285.2928999927826,24.93109447091748
1779029295,70,,Aggregated,147.700000,1.100000,31,46,61,74,110,140,160,170,220,250,290,39822,4273,31,46.148910582138015,2.320299972780049,285.2928999927826,24.939003565868113
1779029296,70,,Aggregated,147.400000,1.000000,31,46,61,74,110,140,160,170,220,250,290,39964,4274,31,46.14665784961816,2.320299972780049,285.2928999927826,24.947828045240716
1779029297,70,,Aggregated,146.900000,1.000000,31,46,61,74,110,140,160,170,220,250,290,40105,4274,31,46.14222419653916,2.320299972780049,285.2928999927826,24.956938037651167
1779029298,70,,Aggregated,146.500000,1.100000,31,46,61,74,110,140,160,170,220,250,290,40259,4274,31,46.17142094692527,2.320299972780049,285.2928999927826,24.975483742765594
1779029299,70,,Aggregated,146.000000,1.100000,31,46,61,74,110,140,160,170,220,250,290,40409,4275,31,46.164701314109855,2.320299972780049,285.2928999927826,24.98673562820164
1779029300,70,,Aggregated,144.700000,0.200000,31,46,62,74,110,140,160,170,220,250,290,40554,4275,31,46.20984824436846,2.320299972780049,285.2928999927826,24.996005326231693
1779029301,70,,Aggregated,146.200000,0.200000,31,46,62,74,110,140,160,170,220,250,290,40695,4275,31,46.19926302008223,2.320299972780049,285.2928999927826,25.006044968669368
1779029302,70,,Aggregated,145.700000,0.300000,31,46,62,74,110,140,160,170,220,250,290,40845,4275,31,46.19833953243073,2.320299972780049,285.2928999927826,25.009793120332965
1779029303,70,,Aggregated,145.200000,0.300000,31,46,62,74,110,140,160,170,220,250,290,41000,4275,31,46.21132727811204,2.320299972780049,285.2928999927826,25.024121951219513
1779029304,70,,Aggregated,145.400000,0.300000,31,46,62,74,110,140,160,170,220,250,290,41155,4275,31,46.16939108984531,2.320299972780049,285.2928999927826,25.040383914469686
1779029305,70,,Aggregated,145.700000,0.200000,31,46,61,74,110,140,160,170,220,250,290,41302,4275,31,46.14811955360475,2.320299972780049,285.2928999927826,25.04789114328604
1779029306,70,,Aggregated,146.400000,0.200000,31,46,61,74,110,140,160,170,220,250,290,41458,4276,31,46.13623072514427,2.320299972780049,285.2928999927826,25.06010902600222
1779029307,70,,Aggregated,146.200000,0.200000,31,46,61,74,110,140,160,170,220,250,290,41586,4276,31,46.111411472688275,2.320299972780049,285.2928999927826,25.074880969557064
1779029308,70,,Aggregated,146.900000,0.100000,31,46,61,74,110,140,160,170,220,250,290,41740,4276,31,46.09286188556336,2.320299972780049,285.2928999927826,25.089051269765214
1779029309,70,,Aggregated,146.900000,0.200000,31,46,61,74,110,140,160,170,220,250,290,41891,4276,31,46.04629102918134,2.320299972780049,285.2928999927826,25.101095700747177
1779029310,70,,Aggregated,146.800000,0.200000,31,46,61,74,110,140,160,170,220,250,290,42030,4276,31,46.04479567221579,2.320299972780049,285.2928999927826,25.1105876754699
1779029311,70,,Aggregated,147.000000,0.200000,31,46,61,74,110,140,160,170,220,250,290,42185,4276,31,46.02137575923297,2.320299972780049,285.2928999927826,25.126443048476947
1779029312,70,,Aggregated,147.700000,0.100000,31,46,61,74,110,140,160,170,220,250,290,42322,4276,31,46.01285275277904,2.320299972780049,285.2928999927826,25.136288455176977
1779029313,70,,Aggregated,147.600000,0.100000,31,46,61,74,110,140,160,170,220,250,290,42479,4276,31,46.00580827945905,2.320299972780049,285.2928999927826,25.145648438051744
1779029314,70,,Aggregated,147.700000,0.100000,31,46,61,74,110,140,160,170,220,250,290,42627,4278,31,46.01200123170589,2.320299972780049,285.2928999927826,25.156121706899384
1779029315,70,,Aggregated,147.700000,0.100000,31,46,61,74,110,140,160,170,220,250,290,42775,4279,31,45.993982522600355,2.320299972780049,285.2928999927826,25.16876680303916
1779029316,70,,Aggregated,147.000000,0.200000,31,46,61,74,110,140,160,170,220,250,290,42937,4280,31,45.99634349638315,2.320299972780049,285.2928999927826,25.17607191932366
1779029317,70,,Aggregated,147.300000,0.300000,31,46,61,74,110,140,160,170,220,250,290,43088,4280,31,45.99430525909965,2.320299972780049,285.2928999927826,25.185132751578166
1779029318,70,,Aggregated,147.000000,0.400000,31,46,61,74,110,140,160,170,220,250,290,43239,4281,31,45.984473116959784,2.320299972780049,285.2928999927826,25.191956335715442
1779029319,70,,Aggregated,148.900000,0.400000,31,46,61,74,110,140,160,170,220,250,290,43397,4282,31,45.981163050537866,2.320299972780049,285.2928999927826,25.20042860105537
1779029320,70,,Aggregated,149.900000,0.400000,31,46,61,74,110,140,160,170,220,250,290,43549,4282,31,46.010957078328225,2.320299972780049,285.2928999927826,25.20530896231831
1779029321,70,,Aggregated,149.200000,0.600000,31,46,61,74,110,140,160,170,220,250,290,43697,4282,31,45.98558878422728,2.320299972780049,285.2928999927826,25.21429388745223
1779029322,70,,Aggregated,150.600000,0.600000,31,46,61,73,110,140,160,170,220,250,290,43837,4282,31,45.97546648501807,2.320299972780049,285.2928999927826,25.22522070397153
1779029323,70,,Aggregated,151.400000,0.600000,31,46,61,73,110,140,160,170,220,250,290,43991,4282,31,45.96686864368447,2.320299972780049,285.2928999927826,25.243072446636813
1779029324,70,,Aggregated,151.000000,0.600000,31,46,61,74,110,140,160,170,220,250,290,44149,4283,31,45.974077064142136,2.320299972780049,285.2928999927826,25.245011212031983
1779029325,70,,Aggregated,150.300000,0.600000,31,46,61,73,110,140,160,170,220,250,290,44300,4288,31,45.94477504977308,2.320299972780049,285.2928999927826,25.254040632054178
1779029326,70,,Aggregated,150.600000,0.500000,31,46,61,73,110,140,160,170,220,250,290,44455,4295,31,45.95021762916159,2.320299972780049,285.2928999927826,25.25367225283995
1779029327,70,,Aggregated,151.200000,0.500000,31,46,61,73,110,140,160,170,220,250,290,44596,4312,31,45.9441327384589,2.320299972780049,285.2928999927826,25.251121176787155
1779029328,70,,Aggregated,152.100000,0.900000,31,46,61,73,110,140,160,170,220,250,290,44752,4313,31,45.94341809538587,2.320299972780049,285.2928999927826,25.26369771183411
1779029329,70,,Aggregated,150.400000,1.500000,31,46,61,73,110,140,160,170,220,250,290,44906,4314,31,45.94351426991501,2.320299972780049,285.2928999927826,25.273816416514496
1779029330,70,,Aggregated,150.200000,3.200000,31,46,61,73,110,140,160,170,220,250,290,45053,4321,31,45.9251837525848,2.320299972780049,285.2928999927826,25.275630923578895
1779029331,70,,Aggregated,150.900000,3.100000,31,46,61,74,110,140,160,170,220,250,290,45204,4321,31,45.96174953776461,2.320299972780049,285.2928999927826,25.278227590478718
1779029332,70,,Aggregated,150.500000,3.200000,31,46,61,74,110,140,160,170,220,250,290,45354,4325,31,45.959743963161145,2.320299972780049,285.2928999927826,25.285487498346342
1779029333,70,,Aggregated,149.600000,3.900000,31,46,61,73,110,140,160,170,220,250,290,45492,4326,31,45.95229019618947,2.320299972780049,285.2928999927826,25.29167765761013
1779029334,70,,Aggregated,150.500000,3.900000,31,46,61,73,110,140,160,170,220,250,290,45646,4326,31,45.93594009343658,2.320299972780049,285.2928999927826,25.300004381544934
1779029335,70,,Aggregated,150.700000,4.300000,31,46,61,74,110,140,160,170,220,250,290,45795,4326,31,45.9602276734352,2.320299972780049,285.2928999927826,25.312151981657387
1779029336,70,,Aggregated,149.600000,4.400000,31,46,61,73,110,140,160,170,220,250,290,45940,4326,31,45.956801480309714,2.320299972780049,285.2928999927826,25.317022202873314
1779029337,70,,Aggregated,149.500000,4.300000,31,46,61,73,110,140,160,170,220,250,290,46088,4327,31,45.938418156691654,2.320299972780049,285.2928999927826,25.327699184169415
1779029338,70,,Aggregated,147.400000,3.800000,31,46,61,73,110,140,160,170,220,250,290,46233,4327,31,45.945641991762756,2.320299972780049,285.2928999927826,25.330283563688276
1779029339,70,,Aggregated,149.200000,3.200000,31,46,61,73,110,140,160,170,220,250,290,46379,4327,31,45.935755548963826,2.320299972780049,285.2928999927826,25.337156902908642
1779029340,70,,Aggregated,146.800000,1.500000,31,46,61,73,110,140,160,170,220,250,290,46523,4328,31,45.96914069182228,2.320299972780049,285.2928999927826,25.337961868323195
1779029341,70,,Aggregated,147.600000,1.400000,31,46,61,73,110,140,160,170,220,250,290,46664,4328,31,45.967205610431485,2.320299972780049,285.2928999927826,25.34476255786045
1779029342,70,,Aggregated,146.000000,1.300000,31,46,61,73,110,140,160,170,220,250,290,46816,4329,31,45.971456773445475,2.320299972780049,285.2928999927826,25.349602699931648
1779029343,70,,Aggregated,146.500000,0.700000,31,46,61,73,110,140,160,170,220,250,290,46967,4329,31,45.967443673337705,2.320299972780049,285.2928999927826,25.361551727808887
1779029344,70,,Aggregated,146.000000,0.700000,31,46,61,73,110,140,160,170,210,250,290,47116,4329,31,45.96092713740242,2.320299972780049,285.2928999927826,25.367263774513965
1779029345,70,,Aggregated,146.400000,0.400000,31,46,61,73,110,140,160,170,210,250,290,47268,4329,31,45.95285035131458,2.320299972780049,285.2928999927826,25.374650926631126
1779029346,70,,Aggregated,146.500000,0.300000,31,46,61,73,110,140,160,170,210,250,290,47409,4329,31,45.96544704393643,2.320299972780049,285.2928999927826,25.380771583454617
1779029347,70,,Aggregated,147.200000,0.300000,31,46,61,73,110,140,160,170,210,250,290,47561,4329,31,45.96832276667627,2.320299972780049,285.2928999927826,25.385252622947373
1779029348,70,,Aggregated,147.600000,0.300000,31,46,61,74,110,140,160,170,210,250,290,47714,4330,31,45.988155373814735,2.320299972780049,285.2928999927826,25.396655069790835
1779029349,70,,Aggregated,146.000000,0.200000,31,46,61,73,110,140,160,170,210,250,290,47865,4330,31,45.965665409079854,2.320299972780049,285.2928999927826,25.407165987673665
1779029350,70,,Aggregated,148.300000,0.200000,31,46,61,73,110,140,160,170,210,250,290,48002,4330,31,45.97149205044572,2.320299972780049,285.2928999927826,25.41567018040915
1779029351,70,,Aggregated,146.900000,0.300000,31,46,61,73,110,140,160,170,210,250,290,48163,4330,31,45.95434845638566,2.320299972780049,285.2928999927826,25.42609472001329
1779029352,70,,Aggregated,147.800000,0.300000,31,46,61,73,110,140,160,170,210,250,290,48306,4331,31,45.96933309745203,2.320299972780049,285.2928999927826,25.432617066202955
1779029353,70,,Aggregated,147.800000,0.200000,31,46,61,73,110,140,160,170,220,250,290,48458,4333,31,46.01168906487053,2.320299972780049,285.2928999927826,25.43743035205745
1779029354,70,,Aggregated,147.700000,0.300000,31,46,61,73,110,140,160,170,220,250,290,48597,4333,31,46.00829559037687,2.320299972780049,285.2928999927826,25.44109718706916
1779029355,70,,Aggregated,147.900000,0.200000,31,46,61,73,110,140,160,170,220,250,290,48747,4333,31,46.033181875932506,2.320299972780049,285.2928999927826,25.447637803352002
1779029356,70,,Aggregated,147.700000,0.400000,31,46,61,73,110,140,160,170,220,250,290,48888,4333,31,46.013996835754526,2.320299972780049,285.2928999927826,25.455919653084603
1779029357,70,,Aggregated,146.100000,0.400000,31,46,61,73,110,140,160,170,210,250,290,49038,4333,31,46.00461030642635,2.320299972780049,285.2928999927826,25.459256087116113
1779029358,70,,Aggregated,146.300000,0.400000,31,46,61,73,110,140,160,170,210,250,290,49184,4333,31,46.00238560724026,2.320299972780049,285.2928999927826,25.467245445673388
1779029359,70,,Aggregated,147.000000,0.400000,31,46,61,73,110,140,160,170,210,250,290,49327,4333,31,46.03447764116916,2.320299972780049,285.2928999927826,25.47051310641231
1779029360,70,,Aggregated,145.900000,0.400000,31,46,61,74,110,140,160,170,220,250,290,49472,4333,31,46.06592601886907,2.320299972780049,285.2928999927826,25.4839707309185
1779029361,70,,Aggregated,146.500000,0.300000,31,46,61,74,110,140,160,170,220,250,290,49622,4333,31,46.077309711531996,2.320299972780049,285.2928999927826,25.494216275039296
1779029362,70,,Aggregated,146.400000,0.300000,31,46,61,74,110,140,160,170,220,250,290,49771,4333,31,46.063232446717485,2.320299972780049,285.2928999927826,25.503666793916135
1779029363,70,,Aggregated,145.500000,0.300000,31,46,61,74,110,140,160,170,220,250,290,49919,4334,31,46.093555886647664,2.320299972780049,285.2928999927826,25.509745788176847
1779029364,70,,Aggregated,146.200000,0.200000,31,46,61,74,110,140,160,170,220,250,290,50072,4334,31,46.07915341918441,2.320299972780049,285.2928999927826,25.522327847899025
1779029365,70,,Aggregated,145.200000,0.300000,31,46,61,74,110,140,160,170,220,250,290,50225,4335,31,46.08957500459261,2.320299972780049,285.2928999927826,25.528103534096566
1779029366,70,,Aggregated,145.500000,0.100000,31,46,61,74,110,140,160,170,220,250,290,50374,4336,31,46.08984947603546,2.320299972780049,285.2928999927826,25.53468058919284
1779029367,70,,Aggregated,148.000000,0.200000,31,46,61,74,110,140,160,170,220,250,290,50511,4336,31,46.16053934202831,2.320299972780049,285.2928999927826,25.54071390390212
1779029368,70,,Aggregated,146.800000,0.200000,31,46,61,74,110,140,160,170,220,250,290,50640,4336,31,46.191947367789666,2.320299972780049,285.2928999927826,25.5472551342812
1779029369,70,,Aggregated,145.500000,0.300000,31,46,62,74,110,140,160,170,220,260,300,50769,4336,31,46.40436070643786,2.320299972780049,296.23549996176735,25.54419035238039
1779029370,70,,Aggregated,146.300000,0.300000,31,47,62,74,110,140,160,170,220,260,300,50911,4337,31,46.500545510899755,2.320299972780049,296.23549996176735,25.552493567205516
1779029371,70,,Aggregated,142.700000,0.300000,31,47,62,75,110,140,160,170,220,260,300,51065,4403,31,46.57035827878418,2.320299972780049,296.23549996176735,25.51771271908352
1779029372,70,,Aggregated,141.700000,0.300000,31,47,62,75,110,140,160,170,220,260,300,51203,4492,31,46.587251129933335,2.320299972780049,296.23549996176735,25.47432767611273
1779029373,70,,Aggregated,142.600000,0.400000,31,47,62,75,110,140,160,170,220,260,300,51347,4631,31,46.5974447057443,2.320299972780049,296.23549996176735,25.40514538337196
1779029374,70,,Aggregated,142.000000,8.500000,31,47,63,75,110,140,160,170,220,260,300,51485,4751,31,46.63494311170577,2.320299972780049,296.23549996176735,25.347615810430224
1779029375,70,,Aggregated,141.900000,17.400000,31,47,63,75,110,140,160,170,220,260,300,51636,4882,31,46.62142077244801,2.320299972780049,296.23549996176735,25.28553722209311
1779029376,70,,Aggregated,141.200000,31.000000,31,47,63,75,110,140,160,170,220,260,300,51780,5005,31,46.67489219980937,2.320299972780049,296.23549996176735,25.229374275782156
1779029378,70,,Aggregated,138.300000,42.700000,32,47,63,75,110,140,160,170,220,260,300,51927,5127,32,46.67148618648979,2.320299972780049,296.23549996176735,25.17280027731238
1779029379,70,,Aggregated,139.800000,67.400000,32,47,63,75,110,140,160,170,220,260,300,52075,5244,32,46.68990611629534,2.320299972780049,296.23549996176735,25.116236197791647
1779029380,70,,Aggregated,139.200000,79.100000,32,47,63,75,110,140,160,170,220,260,300,52230,5356,32,46.68303009967986,2.320299972780049,296.23549996176735,25.06392877656519
1779029381,70,,Aggregated,142.200000,90.600000,32,47,63,75,110,140,160,170,220,260,300,52363,5431,32,46.75311901736198,2.320299972780049,296.23549996176735,25.032274697782785
1779029382,70,,Aggregated,144.100000,101.600000,32,47,63,75,110,140,160,170,220,260,300,52507,5507,32,46.791042550626585,2.320299972780049,296.23549996176735,25.000380901594074
1779029383,70,,Aggregated,141.800000,108.600000,32,48,63,75,110,140,160,170,220,260,300,52645,5580,32,46.86363803031319,2.320299972780049,296.23549996176735,24.9681261278374
1779029384,70,,Aggregated,141.600000,107.900000,32,48,63,75,110,140,160,170,220,260,300,52794,5666,32,46.95506527646941,2.320299972780049,296.23549996176735,24.9325112702201
1779029385,70,,Aggregated,140.900000,105.700000,32,48,63,75,110,140,160,170,220,260,300,52934,5729,32,46.94285287539519,2.320299972780049,296.23549996176735,24.90915101824914
1779029386,70,,Aggregated,140.300000,99.100000,32,48,64,75,110,140,160,170,220,260,300,53071,5778,32,46.94421019024686,2.320299972780049,296.23549996176735,24.896195662414502
1779029387,70,,Aggregated,141.200000,94.200000,32,48,63,75,110,140,160,170,220,260,300,53224,5837,32,46.924243350872345,2.320299972780049,296.23549996176735,24.874624229670825
1779029388,70,,Aggregated,140.000000,87.100000,32,48,63,75,110,140,160,170,220,260,300,53367,5880,32,46.90406859119721,2.320299972780049,296.23549996176735,24.861075196282346
1779029389,70,,Aggregated,140.900000,79.800000,32,48,63,75,110,140,160,170,220,260,300,53506,5926,32,46.92283509898376,2.320299972780049,296.23549996176735,24.845550031772138
1779029390,70,,Aggregated,140.500000,73.900000,32,48,64,75,110,140,160,170,220,260,300,53658,5965,32,46.95337308334163,2.320299972780049,296.23549996176735,24.828282828282827
1779029391,70,,Aggregated,140.200000,65.900000,32,48,64,75,110,140,160,170,220,260,300,53807,6012,32,46.978561824792635,2.320299972780049,296.23549996176735,24.811641607969225
1779029392,70,,Aggregated,138.800000,59.400000,32,48,64,75,110,140,160,170,220,260,300,53953,6041,32,46.96448651245592,2.320299972780049,296.23549996176735,24.807536188905157
1779029393,70,,Aggregated,140.300000,56.200000,32,48,64,75,110,140,160,170,220,260,300,54115,6079,32,46.98940265374221,2.320299972780049,296.23549996176735,24.799611937540423
1779029394,70,,Aggregated,141.600000,53.100000,32,48,64,75,110,140,160,170,220,260,300,54266,6094,32,46.99263562096902,2.320299972780049,296.23549996176735,24.800538090148528
1779029395,70,,Aggregated,142.800000,49.300000,32,48,64,75,110,140,160,170,220,260,300,54408,6102,32,46.99580463365245,2.320299972780049,296.23549996176735,24.807859138362005
1779029396,70,,Aggregated,144.600000,45.400000,32,48,64,75,110,140,160,170,220,260,300,54574,6116,32,47.0033590575662,2.320299972780049,296.23549996176735,24.81126543775424
1779029397,70,,Aggregated,144.800000,39.700000,32,48,63,75,110,140,160,170,220,260,300,54719,6127,32,46.981765308343974,2.320299972780049,296.23549996176735,24.81684606809335
1779029398,70,,Aggregated,147.200000,34.500000,32,48,63,75,110,140,160,170,220,260,300,54873,6137,32,46.971417380262395,2.320299972780049,296.23549996176735,24.827911723434113
1779029399,70,,Aggregated,146.900000,31.700000,32,48,64,75,110,140,160,170,220,260,300,55014,6144,32,46.9862794489999,2.320299972780049,296.23549996176735,24.833006143890646
1779029400,70,,Aggregated,148.300000,26.800000,32,48,64,75,110,140,160,170,220,260,300,55160,6151,32,47.033224996500394,2.320299972780049,296.23549996176735,24.837255257432922
1779029401,70,,Aggregated,148.100000,24.200000,32,48,64,75,110,140,160,170,220,260,300,55298,6151,32,47.082334401009525,2.320299972780049,296.23549996176735,24.837534811385584
1779029402,70,,Aggregated,149.900000,20.500000,32,48,64,75,110,140,160,170,220,260,300,55457,6152,32,47.08415682072803,2.320299972780049,296.23549996176735,24.84883783832519
1779029403,70,,Aggregated,149.000000,16.600000,32,48,64,75,110,140,160,170,220,260,300,55605,6153,32,47.07441026719736,2.320299972780049,296.23549996176735,24.854707310493662
1779029404,70,,Aggregated,149.000000,12.400000,32,48,64,75,110,140,160,170,220,260,300,55761,6153,32,47.11121838394577,2.320299972780049,296.23549996176735,24.860547694625275
1779029405,70,,Aggregated,149.400000,9.500000,32,48,64,75,110,140,160,170,220,260,300,55921,6153,32,47.09518252726743,2.320299972780049,296.23549996176735,24.87409023443787
1779029406,70,,Aggregated,148.500000,6.400000,32,48,64,75,110,140,160,170,220,260,300,56071,6154,32,47.06737102258589,2.320299972780049,296.23549996176735,24.88805264753616
1779029407,70,,Aggregated,149.800000,5.200000,32,48,64,75,110,140,160,170,220,260,300,56232,6159,32,47.071857549215956,2.320299972780049,296.23549996176735,24.897478304168445
1779029408,70,,Aggregated,149.600000,4.800000,32,48,64,75,110,140,160,170,220,260,300,56385,6179,32,47.058119909688195,2.320299972780049,296.23549996176735,24.898519109692295
1779029409,70,,Aggregated,149.900000,2.900000,32,48,64,75,110,140,160,170,220,260,300,56529,6193,32,47.04848863959504,2.320299972780049,296.23549996176735,24.89821153744096
1779029410,70,,Aggregated,149.800000,2.600000,32,48,64,75,110,140,160,170,220,260,300,56676,6196,32,47.0574242767303,2.320299972780049,296.23549996176735,24.908462135648247
1779029411,70,,Aggregated,151.200000,3.600000,32,48,64,75,110,140,160,170,220,260,300,56824,6213,32,47.03575525320376,2.320299972780049,296.23549996176735,24.911375475151345
1779029412,70,,Aggregated,149.100000,4.200000,32,48,64,75,110,140,160,170,220,260,300,56986,6217,32,47.05080837763851,2.320299972780049,296.23549996176735,24.920752465517847
1779029413,70,,Aggregated,151.000000,4.500000,32,48,64,75,110,140,160,170,220,260,300,57126,6218,32,47.043037060322426,2.320299972780049,296.23549996176735,24.92863144627665
1779029414,70,,Aggregated,151.100000,6.100000,32,48,64,75,110,140,160,170,220,260,300,57260,6218,32,47.096795033325364,2.320299972780049,296.23549996176735,24.935242752357667
1779029415,70,,Aggregated,150.300000,6.500000,32,48,64,75,110,140,160,170,220,260,300,57413,6219,32,47.092375533556115,2.320299972780049,296.23549996176735,24.944280911988574
1779029416,70,,Aggregated,150.700000,6.500000,32,48,64,75,110,140,160,170,220,260,300,57547,6219,32,47.10629678537601,2.320299972780049,296.23549996176735,24.955618885432777
1779029417,70,,Aggregated,148.700000,6.600000,32,48,64,76,110,140,160,170,220,260,300,57701,6219,32,47.16504961625925,2.320299972780049,296.23549996176735,24.96062459922705
1779029418,70,,Aggregated,146.800000,6.600000,32,48,64,76,110,140,160,170,220,260,300,57842,6219,32,47.19863441803017,2.320299972780049,296.23549996176735,24.972822516510494
1779029419,70,,Aggregated,146.200000,6.500000,32,48,64,76,110,140,160,170,220,260,300,57995,6219,32,47.21714837671383,2.320299972780049,296.23549996176735,24.980670747478232
1779029420,70,,Aggregated,145.400000,5.900000,32,48,64,76,110,140,160,170,220,260,300,58137,6219,32,47.269704296883276,2.320299972780049,296.23549996176735,24.98732304728486
1779029421,70,,Aggregated,143.600000,4.000000,32,48,64,76,110,140,160,170,220,260,300,58270,6219,32,47.311276379065944,2.320299972780049,296.23549996176735,24.988707739831817
1779029422,70,,Aggregated,145.100000,2.600000,32,49,64,76,110,140,160,170,220,260,300,58414,6219,32,47.42197460897285,2.320299972780049,296.23549996176735,24.989625774643066
1779029423,70,,Aggregated,144.100000,2.300000,32,49,64,76,110,140,160,170,220,260,300,58561,6219,32,47.45161079573019,2.320299972780049,296.23549996176735,24.995491880261607
1779029424,70,,Aggregated,141.000000,0.600000,32,49,64,76,110,140,160,170,220,260,300,58710,6219,32,47.43060105788355,2.320299972780049,296.23549996176735,25.00577414409811
1779029425,70,,Aggregated,141.500000,0.100000,32,49,64,76,110,140,160,170,220,260,300,58854,6219,32,47.41464287404333,2.320299972780049,296.23549996176735,25.013049240493423
1779029426,70,,Aggregated,141.900000,0.100000,32,49,64,76,110,140,160,170,220,260,300,58994,6221,32,47.389275290852666,2.320299972780049,296.23549996176735,25.019646065701597
1779029427,70,,Aggregated,143.300000,0.000000,32,49,64,76,110,140,160,170,220,260,300,59146,6221,32,47.393553811058105,2.320299972780049,296.23549996176735,25.02245291313022
1779029428,70,,Aggregated,143.800000,0.100000,32,49,64,76,110,140,160,170,220,260,300,59300,6222,32,47.40300616035065,2.320299972780049,296.23549996176735,25.028499156829678
1779029429,70,,Aggregated,143.700000,0.200000,32,49,64,76,110,140,160,170,220,260,300,59451,6222,32,47.41289440561795,2.320299972780049,296.23549996176735,25.02834266875242
1779029430,70,,Aggregated,143.800000,0.200000,32,49,64,76,110,140,160,170,220,260,300,59603,6222,32,47.415207729615126,2.320299972780049,296.23549996176735,25.033370803483045
1779029431,70,,Aggregated,145.500000,0.300000,32,49,64,76,110,140,160,170,220,260,300,59752,6222,32,47.40519454759536,2.320299972780049,296.23549996176735,25.03939617083947
1779029432,70,,Aggregated,144.900000,0.300000,32,49,64,76,110,140,160,170,220,260,300,59901,6222,32,47.4027590893038,2.320299972780049,296.23549996176735,25.043705447321415
1779029433,70,,Aggregated,146.900000,0.300000,32,49,64,76,110,140,160,170,220,260,300,60045,6223,32,47.39223386806883,2.320299972780049,296.23549996176735,25.050695311849445
1779029434,70,,Aggregated,149.100000,0.300000,32,49,64,76,110,140,160,170,220,260,300,60197,6223,32,47.38365626207254,2.320299972780049,296.23549996176735,25.053706995365218
1779029435,70,,Aggregated,148.900000,0.400000,32,49,64,76,110,140,160,170,220,260,300,60336,6223,32,47.368280025329156,2.320299972780049,296.23549996176735,25.0598481835057
1779029436,70,,Aggregated,149.000000,0.400000,32,48,64,76,110,140,160,170,220,260,300,60485,6223,32,47.3522954072652,2.320299972780049,296.23549996176735,25.067835000413325
1779029437,70,,Aggregated,148.100000,0.400000,32,48,64,76,110,140,160,170,220,260,300,60614,6223,32,47.34358922209505,2.320299972780049,296.23549996176735,25.068367043917245
1779029438,70,,Aggregated,146.900000,0.300000,32,48,64,76,110,140,160,170,220,260,300,60772,6223,32,47.32100823418555,2.320299972780049,296.23549996176735,25.073471335483447
1779029439,70,,Aggregated,147.400000,0.200000,32,48,64,76,110,140,160,170,220,260,300,60918,6225,32,47.300511538592765,2.320299972780049,296.23549996176735,25.080501657966447
1779029440,70,,Aggregated,147.000000,0.200000,32,48,64,76,110,140,160,170,220,260,300,61066,6225,32,47.30376473991887,2.320299972780049,296.23549996176735,25.088854681819672
1779029441,70,,Aggregated,146.700000,0.200000,32,48,64,76,110,140,160,170,220,260,300,61214,6225,32,47.303701143670395,2.320299972780049,296.23549996176735,25.095533701440846
1779029442,70,,Aggregated,146.800000,0.300000,32,48,64,76,110,140,160,170,220,260,300,61371,6225,32,47.32232066299547,2.320299972780049,296.23549996176735,25.09926512522201
1779029443,70,,Aggregated,145.300000,0.300000,32,48,64,76,110,140,160,170,220,260,300,61529,6225,32,47.32440632236721,2.320299972780049,296.23549996176735,25.103674689983585
1779029444,70,,Aggregated,145.700000,0.300000,32,48,64,76,110,140,160,170,220,260,300,61685,6226,32,47.32832061941839,2.320299972780049,296.23549996176735,25.112361189916513
1779029445,70,,Aggregated,146.700000,0.200000,32,48,64,76,110,140,160,170,220,260,300,61826,6226,32,47.319218739825,2.320299972780049,296.23549996176735,25.11577653414421
1779029446,70,,Aggregated,147.600000,0.200000,32,48,64,76,110,140,160,170,220,260,300,61986,6226,32,47.29926911896823,2.320299972780049,296.23549996176735,25.124205465750332
1779029447,70,,Aggregated,147.800000,0.300000,32,48,64,76,110,140,160,170,220,260,300,62140,6226,32,47.33471569212799,2.320299972780049,296.23549996176735,25.125490827164466
1779029448,70,,Aggregated,149.400000,0.300000,32,48,64,76,110,140,160,170,220,260,300,62285,6226,32,47.30896862180232,2.320299972780049,296.23549996176735,25.137625431484306
1779029449,70,,Aggregated,150.800000,0.300000,32,48,64,76,110,140,160,170,220,260,300,62437,6226,32,47.297279356941594,2.320299972780049,296.23549996176735,25.1459230904752
1779029450,70,,Aggregated,151.800000,0.300000,32,48,64,76,110,140,160,170,220,260,300,62583,6226,32,47.275073112654155,2.320299972780049,296.23549996176735,25.155457552370454
1779029451,70,,Aggregated,151.300000,0.200000,32,48,64,76,110,140,160,170,220,260,300,62740,6226,32,47.27518295201318,2.320299972780049,296.23549996176735,25.160121134842207
1779029452,70,,Aggregated,150.900000,0.100000,32,48,64,76,110,140,160,170,220,260,300,62896,6226,32,47.266197742451915,2.320299972780049,296.23549996176735,25.167943907402698
1779029453,70,,Aggregated,152.300000,0.100000,32,48,64,76,110,140,160,170,220,260,300,63040,6226,32,47.25988034913336,2.320299972780049,296.23549996176735,25.170923223350254
1779029454,70,,Aggregated,152.400000,0.100000,32,48,64,76,110,140,160,170,220,260,300,63187,6227,32,47.26956085602239,2.320299972780049,296.23549996176735,25.175463307325874
1779029455,70,,Aggregated,151.400000,0.100000,32,48,64,76,110,140,160,170,220,260,300,63343,6227,32,47.24881752063245,2.320299972780049,296.23549996176735,25.18169332049319
1779029456,70,,Aggregated,149.900000,0.100000,32,48,64,76,110,140,160,170,220,260,300,63495,6227,32,47.24049600298245,2.320299972780049,296.23549996176735,25.19593668792818
1779029457,70,,Aggregated,150.900000,0.100000,32,48,64,76,110,140,160,170,220,260,300,63648,6227,32,47.243448999344416,2.320299972780049,296.23549996176735,25.200933257918553
1779029458,70,,Aggregated,151.400000,0.100000,32,48,64,76,110,140,160,170,220,260,300,63795,6227,32,47.22934303174679,2.320299972780049,296.23549996176735,25.20677169057136
1779029459,70,,Aggregated,150.200000,0.100000,32,48,64,76,110,140,160,170,220,260,300,63928,6227,32,47.229306527820455,2.320299972780049,296.23549996176735,25.206247653610312
1779029460,70,,Aggregated,149.700000,0.100000,32,48,64,76,110,140,160,170,220,260,300,64089,6228,32,47.23267691195577,2.320299972780049,296.23549996176735,25.214873067141006
1779029461,70,,Aggregated,149.700000,0.100000,32,48,64,76,110,140,160,170,220,260,300,64245,6229,32,47.23257247117431,2.320299972780049,296.23549996176735,25.2223986302436
1779029462,70,,Aggregated,150.000000,0.200000,32,48,64,76,110,140,160,170,220,260,300,64399,6229,32,47.21645107549549,2.320299972780049,296.23549996176735,25.229522197549652
1779029463,70,,Aggregated,148.700000,0.200000,32,48,64,76,110,140,160,170,220,260,300,64549,6232,32,47.20392425926065,2.320299972780049,296.23549996176735,25.236115199305953
1779029464,70,,Aggregated,149.100000,0.300000,32,48,64,76,110,140,160,170,220,260,300,64701,6236,32,47.19152946802988,2.320299972780049,296.23549996176735,25.23658057835273
1779029465,70,,Aggregated,149.700000,0.400000,32,48,64,76,110,140,160,170,220,260,300,64851,6237,32,47.17448631032821,2.320299972780049,296.23549996176735,25.2477062805508
1779029466,70,,Aggregated,150.500000,0.600000,32,48,64,76,110,140,160,170,220,260,300,64995,6249,32,47.16237347965983,2.320299972780049,296.23549996176735,25.247326717439805
1779029467,70,,Aggregated,149.900000,0.900000,32,48,64,76,110,140,160,170,220,260,300,65141,6249,32,47.16320153990229,2.320299972780049,296.23549996176735,25.25523096053177
1779029468,70,,Aggregated,150.000000,1.000000,32,48,64,76,110,140,160,170,220,260,300,65300,6249,32,47.16012331869262,2.320299972780049,296.23549996176735,25.259571209800917
1779029469,70,,Aggregated,149.400000,2.200000,32,48,64,76,110,140,160,170,220,260,300,65443,6250,32,47.18928065508297,2.320299972780049,296.23549996176735,25.2652078908363
1779029470,70,,Aggregated,149.800000,2.200000,32,48,64,76,110,140,160,170,220,260,300,65598,6250,32,47.200300864525005,2.320299972780049,296.23549996176735,25.27796579163999
1779029471,70,,Aggregated,149.900000,2.200000,32,48,64,76,110,140,160,170,220,260,300,65740,6251,32,47.17767838471327,2.320299972780049,296.23549996176735,25.2864313964101
1779029472,70,,Aggregated,149.300000,2.200000,32,48,64,76,110,140,160,170,220,260,300,65897,6251,32,47.164782761141595,2.320299972780049,296.23549996176735,25.292335007663475
1779029473,70,,Aggregated,150.000000,2.200000,32,48,64,76,110,140,160,170,220,260,300,66050,6253,32,47.146630051633394,2.320299972780049,296.23549996176735,25.301408024224074
1779029474,70,,Aggregated,149.700000,2.200000,32,48,64,76,110,140,160,170,220,260,300,66197,6256,32,47.138581994808575,2.320299972780049,296.23549996176735,25.30527063159962
1779029475,70,,Aggregated,150.000000,2.100000,32,48,64,76,110,140,160,170,220,260,300,66337,6256,32,47.13822497263793,2.320299972780049,296.23549996176735,25.3126460346413
1779029476,70,,Aggregated,149.400000,2.100000,32,48,64,76,110,140,160,170,220,260,300,66484,6256,32,47.12545473662386,2.320299972780049,296.23549996176735,25.321836832922205
1779029477,70,,Aggregated,149.800000,2.000000,32,48,64,76,110,140,160,170,220,260,300,66637,6256,32,47.10959371234516,2.320299972780049,296.23549996176735,25.327940933715503
1779029478,70,,Aggregated,147.700000,1.900000,32,48,64,75,110,140,160,170,220,260,300,66783,6257,32,47.08485029737601,2.320299972780049,296.23549996176735,25.337660781935522
1779029479,70,,Aggregated,147.700000,0.700000,32,48,64,75,110,140,160,170,220,260,300,66932,6258,32,47.07624828496467,2.320299972780049,296.23549996176735,25.344962051036873
1779029480,70,,Aggregated,148.200000,0.700000,32,48,64,75,110,140,160,170,220,260,300,67076,6258,32,47.06469309602374,2.320299972780049,296.23549996176735,25.3476802433061
1779029481,70,,Aggregated,148.900000,0.800000,32,48,64,75,110,140,160,170,220,260,300,67227,6260,32,47.05877237432368,2.320299972780049,296.23549996176735,25.355541672244783
1779029482,70,,Aggregated,149.400000,0.800000,32,48,64,75,110,140,160,170,220,260,300,67367,6262,32,47.060019330063774,2.320299972780049,296.23549996176735,25.36237326881114
1779029483,70,,Aggregated,148.000000,0.800000,32,48,64,75,110,140,160,170,220,260,300,67528,6262,32,47.053325940475226,2.320299972780049,296.23549996176735,25.37335623741263
1779029484,70,,Aggregated,146.600000,0.900000,32,48,64,75,110,140,160,170,220,260,300,67680,6262,32,47.03023571968059,2.320299972780049,296.23549996176735,25.37733451536643
1779029485,70,,Aggregated,145.700000,1.100000,32,48,63,75,110,140,160,170,220,260,300,67825,6262,32,47.0225129142394,2.320299972780049,296.23549996176735,25.380641356431994
1779029486,70,,Aggregated,147.500000,0.900000,32,48,63,75,110,140,160,170,220,260,300,67982,6266,32,47.00962362254747,2.320299972780049,296.23549996176735,25.3830572798682
1779029487,70,,Aggregated,146.700000,0.600000,32,48,63,75,110,140,160,170,220,260,300,68138,6280,32,46.99509126784303,2.320299972780049,296.23549996176735,25.38366256714315
1779029488,70,,Aggregated,148.200000,0.600000,32,48,63,75,110,140,160,170,220,260,300,68283,6285,32,47.009365779308595,2.320299972780049,296.23549996176735,25.38595257970505
1779029489,70,,Aggregated,149.400000,1.000000,32,48,63,75,110,140,160,170,220,260,300,68427,6304,32,47.01112490111029,2.320299972780049,296.23549996176735,25.38530112382539
1779029490,70,,Aggregated,149.600000,2.400000,32,48,63,75,110,140,160,170,220,260,300,68580,6314,32,47.0118617411496,2.320299972780049,296.23549996176735,25.390011665208515
1779029491,70,,Aggregated,147.900000,2.800000,32,48,63,75,110,140,160,170,220,260,300,68727,6380,32,47.00650912899232,2.320299972780049,296.23549996176735,25.36605700816273
1779029492,70,,Aggregated,147.900000,4.600000,32,48,63,75,110,140,160,170,220,260,300,68865,6474,32,47.017602394657686,2.320299972780049,296.23549996176735,25.330908298845568
1779029493,70,,Aggregated,149.300000,5.700000,32,48,63,75,110,140,160,170,220,260,300,69013,6615,32,47.02188338875577,2.320299972780049,296.23549996176735,25.279019894802428
1779029494,70,,Aggregated,149.700000,13.900000,32,48,63,75,110,140,160,170,220,260,300,69150,6734,32,47.02735134791593,2.320299972780049,296.23549996176735,25.237093275488068
1779029495,70,,Aggregated,148.600000,22.500000,32,48,63,75,110,140,160,170,220,260,300,69302,6863,32,47.05019606228894,2.320299972780049,296.23549996176735,25.190773715044298
1779029496,70,,Aggregated,146.600000,36.600000,32,48,63,75,110,140,160,170,220,260,300,69439,6982,32,47.04818848642544,2.320299972780049,296.23549996176735,25.147697979521595
1779029497,70,,Aggregated,145.900000,48.700000,32,48,63,75,110,140,160,170,220,260,300,69587,7106,32,47.05700847440868,2.320299972780049,296.23549996176735,25.103022116199863
1779029498,70,,Aggregated,145.800000,61.000000,32,48,63,75,110,140,160,170,220,260,300,69732,7219,32,47.05510933442652,2.320299972780049,296.23549996176735,25.065378879137267
1779029499,70,,Aggregated,143.400000,72.100000,32,48,63,75,110,140,160,170,220,260,300,69880,7319,32,47.07215160572127,2.320299972780049,296.23549996176735,25.031468231253577
1779029500,70,,Aggregated,142.600000,83.100000,32,48,63,75,110,140,160,170,220,260,300,70021,7416,32,47.04707558171885,2.320299972780049,296.23549996176735,25.001156795818396
1779029502,70,,Aggregated,143.100000,93.600000,32,48,63,75,110,140,160,170,220,260,300,70159,7501,32,47.039480390359145,2.320299972780049,296.23549996176735,24.974315483401988
1779029503,70,,Aggregated,142.000000,110.200000,32,48,63,75,110,140,160,170,220,260,300,70307,7590,32,47.037709037606,2.320299972780049,296.23549996176735,24.94057490719274
1779029504,70,,Aggregated,141.300000,110.200000,32,48,63,75,110,140,160,170,220,260,300,70446,7673,32,47.018086714744555,2.320299972780049,296.23549996176735,24.915325213638816
1779029505,70,,Aggregated,142.500000,110.100000,32,48,63,75,110,140,160,170,220,260,300,70608,7754,32,47.02691262189704,2.320299972780049,296.23549996176735,24.888412077951507
1779029506,70,,Aggregated,141.300000,103.800000,32,48,63,75,110,140,160,170,220,260,300,70760,7823,32,47.042287829384506,2.320299972780049,296.23549996176735,24.867721876766534
1779029507,70,,Aggregated,143.500000,99.700000,32,48,63,75,110,140,160,170,220,260,300,70897,7875,32,47.029554254865396,2.320299972780049,296.23549996176735,24.853463475182306
1779029508,70,,Aggregated,143.800000,94.200000,32,48,63,75,110,140,160,170,220,260,300,71048,7926,32,47.04139138620786,2.320299972780049,296.23549996176735,24.836279698232183
1779029509,70,,Aggregated,143.500000,88.300000,32,48,63,75,110,140,160,170,220,260,300,71191,7979,32,47.02856758870348,2.320299972780049,296.23549996176735,24.822716354595386
1779029510,70,,Aggregated,144.200000,80.800000,32,48,63,75,110,140,160,170,220,260,300,71328,8017,32,47.027703077441046,2.320299972780049,296.23549996176735,24.81554228353522
1779029511,70,,Aggregated,144.700000,75.000000,32,48,63,75,110,140,160,170,220,260,300,71474,8052,32,47.036963392392,2.320299972780049,296.23549996176735,24.805229873800265
1779029512,70,,Aggregated,143.200000,69.700000,32,48,63,75,110,140,160,170,220,260,300,71632,8097,32,47.028357454877835,2.320299972780049,296.23549996176735,24.797199575608666
1779029513,70,,Aggregated,144.000000,63.500000,32,48,63,75,110,140,160,170,220,260,300,71771,8129,32,47.014313867827944,2.320299972780049,296.23549996176735,24.789441417842863
1779029514,70,,Aggregated,145.700000,59.600000,32,48,63,75,110,140,160,170,220,260,300,71913,8144,32,47.03170239189028,2.320299972780049,296.23549996176735,24.790997455258438
1779029515,70,,Aggregated,145.300000,54.100000,32,48,63,75,110,140,160,170,220,260,300,72071,8154,32,47.034519686247805,2.320299972780049,296.23549996176735,24.792107782603267
1779029516,70,,Aggregated,145.900000,47.800000,32,48,63,75,110,140,160,170,220,260,300,72220,8156,32,47.04297347559851,2.320299972780049,296.23549996176735,24.79660758792578
1779029517,70,,Aggregated,144.800000,40.700000,32,48,63,75,110,140,160,170,220,260,300,72362,8174,32,47.01149468515894,2.320299972780049,296.23549996176735,24.80307343633399
1779029518,70,,Aggregated,145.500000,34.200000,32,48,63,75,110,140,160,170,220,260,300,72518,8182,32,47.01362020059792,2.320299972780049,296.23549996176735,24.808985355360047
1779029519,70,,Aggregated,146.700000,30.400000,32,48,63,75,110,140,160,170,220,260,300,72668,8198,32,47.01527981239244,2.320299972780049,296.23549996176735,24.808939285517695
1779029520,70,,Aggregated,146.200000,26.300000,32,48,63,75,110,140,160,170,220,260,300,72817,8205,32,47.00444404887649,1.9025999936275184,296.23549996176735,24.81523545325954
1779029521,70,,Aggregated,147.200000,22.700000,32,48,63,75,110,140,160,170,220,260,300,72961,8211,32,47.024969187749385,1.9025999936275184,296.23549996176735,24.816052411562342
1779029522,70,,Aggregated,148.100000,18.800000,32,48,63,75,110,140,160,170,220,260,300,73108,8222,32,47.01006807336339,1.9025999936275184,296.23549996176735,24.821100289981946
1779029523,70,,Aggregated,147.400000,15.900000,32,48,63,75,110,140,160,170,220,260,300,73243,8222,32,47.002503939051586,1.9025999936275184,296.23549996176735,24.827014185655965
1779029524,70,,Aggregated,146.700000,12.500000,32,48,63,75,110,140,160,170,220,260,300,73394,8223,32,46.99887361376041,1.9025999936275184,296.23549996176735,24.832983622639453
1779029525,70,,Aggregated,146.800000,9.300000,32,48,63,75,110,140,160,170,220,260,300,73545,8223,32,46.9928822286821,1.9025999936275184,296.23549996176735,24.83824869127745
1779029526,70,,Aggregated,147.000000,7.900000,32,48,63,75,110,140,160,170,220,260,300,73703,8223,32,46.97766612496435,1.9025999936275184,296.23549996176735,24.842421611060608
1779029527,70,,Aggregated,147.300000,7.000000,32,48,63,75,110,140,160,170,220,260,300,73850,8223,32,46.964832098958965,1.9025999936275184,296.23549996176735,24.850060934326336
1779029528,70,,Aggregated,146.800000,6.700000,32,48,63,75,110,140,160,170,220,260,300,73997,8224,32,46.95274042877985,1.9025999936275184,296.23549996176735,24.853629201183832
1779029529,70,,Aggregated,147.700000,4.900000,32,48,63,75,110,140,160,170,220,260,300,74149,8224,32,46.967225986980154,1.9025999936275184,296.23549996176735,24.85744919014417
1779029530,70,,Aggregated,148.100000,4.200000,32,48,63,75,110,140,160,170,220,260,300,74291,8232,32,46.98447881585451,1.9025999936275184,296.23549996176735,24.858690823922142
1779029531,70,,Aggregated,146.200000,2.600000,32,48,63,75,110,140,160,170,220,260,300,74435,8239,32,46.98204071886005,1.9025999936275184,296.23549996176735,24.86146302142809
1779029532,70,,Aggregated,146.800000,2.700000,32,48,63,75,110,140,160,170,220,260,300,74579,8239,32,46.99798963391838,1.9025999936275184,296.23549996176735,24.864519502809102
1779029533,70,,Aggregated,146.600000,2.800000,32,48,63,75,110,140,160,170,220,260,300,74726,8241,32,46.99446938158487,1.9025999936275184,296.23549996176735,24.871624334234404
1779029534,70,,Aggregated,145.400000,1.700000,32,48,63,75,110,140,160,170,220,260,300,74883,8256,32,46.98915399367949,1.9025999936275184,296.23549996176735,24.873869903716464
1779029535,70,,Aggregated,146.900000,1.900000,32,48,63,75,110,140,160,170,220,260,300,75032,8281,32,46.9819431750234,1.9025999936275184,296.23549996176735,24.869162490670647
1779029536,70,,Aggregated,147.500000,2.100000,32,48,63,75,110,140,160,170,220,260,300,75181,8295,32,46.98932475370071,1.9025999936275184,296.23549996176735,24.869860736090235
1779029537,70,,Aggregated,147.800000,5.800000,32,48,63,75,110,140,160,170,220,260,300,75329,8308,32,46.9834899216489,1.9025999936275184,296.23549996176735,24.871908561111923
1779029538,70,,Aggregated,148.400000,7.200000,32,48,63,75,110,140,160,170,220,260,300,75474,8308,32,46.96583972371321,1.9025999936275184,296.23549996176735,24.875679041789226
1779029539,70,,Aggregated,147.600000,8.500000,32,48,63,75,110,140,160,170,220,260,300,75633,8308,32,46.96674979979614,1.9025999936275184,296.23549996176735,24.883212354395567
1779029540,70,,Aggregated,146.000000,8.400000,32,48,63,75,110,140,160,170,220,260,300,75779,8317,32,46.975523339026125,1.9025999936275184,296.23549996176735,24.88565433695351
1779029541,70,,Aggregated,147.000000,8.400000,32,48,63,75,110,140,160,170,220,260,300,75932,8336,32,46.94658113322414,1.9025999936275184,296.23549996176735,24.88764947584681
1779029542,70,,Aggregated,147.900000,8.500000,32,48,63,75,110,140,160,170,220,260,300,76080,8346,32,46.91563824931419,1.9025999936275184,296.23549996176735,24.893835436382755
1779029543,70,,Aggregated,149.600000,9.700000,32,48,63,75,110,140,160,170,220,260,300,76226,8364,32,46.89054680302984,1.9025999936275184,296.23549996176735,24.896190276283683
1779029544,70,,Aggregated,150.100000,10.700000,32,48,63,75,110,140,160,170,220,260,300,76378,8372,32,46.8613716319869,1.9025999936275184,296.23549996176735,24.897562125219302
1779029545,70,,Aggregated,149.500000,12.300000,32,48,63,75,110,140,160,170,220,260,300,76523,8372,32,46.86062753430991,1.9025999936275184,296.23549996176735,24.900173803954367
1779029546,70,,Aggregated,149.800000,12.800000,32,48,63,74,110,140,160,170,220,260,300,76683,8372,32,46.83936700714242,1.9025999936275184,296.23549996176735,24.907411029824083
1779029547,70,,Aggregated,149.300000,9.100000,32,48,63,74,110,140,160,170,220,260,300,76836,8372,32,46.816206213356416,1.9025999936275184,296.23549996176735,24.91656254880525
1779029548,70,,Aggregated,147.500000,7.700000,32,48,63,74,110,140,160,170,220,260,300,76984,8378,32,46.795084819042174,1.9025999936275184,296.23549996176735,24.917905019224776
1779029549,70,,Aggregated,149.200000,6.400000,32,48,63,74,110,140,160,170,220,260,300,77139,8390,32,46.771563622934465,1.9025999936275184,296.23549996176735,24.920870117579952
1779029550,70,,Aggregated,150.800000,6.900000,32,48,63,74,110,140,160,170,220,260,300,77292,8403,32,46.751301802377455,1.9025999936275184,296.23549996176735,24.92893184288154
1779029551,70,,Aggregated,151.300000,8.100000,32,48,63,74,110,140,160,170,220,260,300,77430,8403,32,46.73620542566537,1.9025999936275184,296.23549996176735,24.93679452408627
1779029552,70,,Aggregated,150.500000,8.600000,32,48,63,74,110,140,160,170,220,260,300,77588,8403,32,46.7236785406218,1.9025999936275184,296.23549996176735,24.942156003505698
1779029553,70,,Aggregated,149.400000,6.700000,32,48,63,74,110,140,160,170,220,260,300,77741,8403,32,46.70602138523858,1.9025999936275184,296.23549996176735,24.948585688375502
1779029554,70,,Aggregated,150.100000,5.700000,32,48,63,74,110,140,160,170,220,260,300,77897,8403,32,46.692214738823715,1.9025999936275184,296.23549996176735,24.954080388204936
1779029555,70,,Aggregated,150.400000,3.900000,32,48,63,74,110,140,160,170,220,260,300,78056,8404,32,46.681171347622914,1.9025999936275184,296.23549996176735,24.957786717228657
1779029556,70,,Aggregated,150.900000,3.100000,32,48,63,74,110,140,160,170,220,260,300,78214,8415,32,46.66041211688346,1.9025999936275184,296.23549996176735,24.958741401795074
1779029557,70,,Aggregated,151.100000,3.200000,32,48,63,74,110,140,160,170,220,260,300,78351,8423,32,46.64508205778858,1.9025999936275184,296.23549996176735,24.962131944710343
1779029558,70,,Aggregated,152.300000,3.200000,32,48,63,74,110,140,160,170,220,260,300,78504,8423,32,46.61928007885037,1.9025999936275184,296.23549996176735,24.97476561703862
1779029559,70,,Aggregated,151.200000,5.100000,32,48,63,74,110,140,160,170,220,260,300,78651,8423,32,46.5931187678419,1.9025999936275184,296.23549996176735,24.981042834801848
1779029560,70,,Aggregated,150.200000,4.600000,32,48,63,74,110,140,160,170,220,260,300,78794,8423,32,46.58201019252521,1.9025999936275184,296.23549996176735,24.98653450770363
1779029561,70,,Aggregated,149.900000,3.400000,32,48,63,74,110,140,160,170,220,260,300,78944,8423,32,46.586521374778286,1.9025999936275184,296.23549996176735,24.99308370490474
1779029562,70,,Aggregated,150.200000,2.000000,32,48,63,74,110,140,160,170,220,260,300,79095,8424,32,46.60027989140013,1.9025999936275184,296.23549996176735,24.99892534294203
1779029563,70,,Aggregated,150.200000,2.000000,32,48,63,74,110,140,160,170,220,260,300,79241,8424,32,46.600405061906855,1.9025999936275184,296.23549996176735,25.00418975025555
1779029564,70,,Aggregated,150.200000,2.100000,32,48,63,74,110,140,160,170,220,260,300,79385,8424,32,46.600359141026054,1.9025999936275184,296.23549996176735,25.00940983813063
1779029565,70,,Aggregated,149.300000,2.100000,32,48,63,74,110,140,160,170,220,260,300,79535,8424,32,46.58694346149727,1.9025999936275184,296.23549996176735,25.016194128371158
1779029566,70,,Aggregated,148.300000,2.100000,32,48,63,74,110,140,160,170,220,260,300,79680,8424,32,46.57151905634909,1.9025999936275184,296.23549996176735,25.023368473895584
1779029567,70,,Aggregated,147.200000,2.000000,32,48,63,74,110,140,160,170,220,260,300,79821,8424,32,46.56237168676897,1.9025999936275184,296.23549996176735,25.023652923416144
1779029568,70,,Aggregated,146.500000,2.000000,32,48,63,74,110,140,160,170,220,260,300,79976,8424,32,46.53592335462609,1.9025999936275184,296.23549996176735,25.032297189156747
1779029569,70,,Aggregated,145.800000,0.100000,32,48,63,74,110,140,160,170,220,260,300,80126,8424,32,46.557343223295554,1.9025999936275184,296.23549996176735,25.03395901455208
1779029570,70,,Aggregated,146.500000,0.100000,32,48,63,74,110,140,160,170,220,260,300,80274,8424,32,46.587101188553625,1.9025999936275184,296.23549996176735,25.038829508931908
1779029571,70,,Aggregated,146.800000,0.100000,32,48,63,74,110,140,160,170,220,260,300,80430,8425,32,46.58876406079526,1.9025999936275184,296.23549996176735,25.046114633843093
1779029572,70,,Aggregated,146.200000,0.100000,32,48,63,74,110,140,160,170,220,260,300,80587,8426,32,46.583218225152024,1.9025999936275184,296.23549996176735,25.05333366423865
1779029573,70,,Aggregated,146.300000,0.200000,32,48,63,74,110,140,160,170,220,260,300,80727,8426,32,46.58259201270863,1.9025999936275184,296.23549996176735,25.058741189440955
1779029574,70,,Aggregated,147.400000,0.100000,32,48,63,74,110,140,160,170,220,260,300,80875,8426,32,46.62368954077415,1.9025999936275184,296.23549996176735,25.063938176197837
1779029575,70,,Aggregated,147.900000,0.200000,32,48,63,74,110,140,160,170,220,260,300,81024,8426,32,46.64343074287428,1.9025999936275184,296.23549996176735,25.063030706951025
1779029576,70,,Aggregated,147.700000,0.200000,32,48,63,74,110,140,160,170,220,260,300,81177,8426,32,46.63829048265444,1.9025999936275184,296.23549996176735,25.06847998817399
1779029577,70,,Aggregated,148.500000,0.200000,32,48,63,74,110,140,160,170,220,260,300,81321,8426,32,46.63471535040362,1.9025999936275184,296.23549996176735,25.073117644888775
1779029578,70,,Aggregated,148.100000,0.200000,32,48,63,74,110,140,160,170,220,260,300,81487,8426,32,46.6452459853766,1.9025999936275184,296.23549996176735,25.077018420116094
1779029579,70,,Aggregated,150.200000,0.200000,32,48,63,74,110,140,160,170,220,260,300,81629,8427,32,46.63494441571483,1.9025999936275184,296.23549996176735,25.08113538080829
1779029580,70,,Aggregated,149.800000,0.200000,32,48,63,74,110,140,160,170,220,260,300,81781,8427,32,46.63780278317043,1.9025999936275184,296.23549996176735,25.08675609249092
1779029581,70,,Aggregated,149.700000,0.200000,32,48,63,74,110,140,160,170,220,260,300,81935,8427,32,46.6354014280873,1.9025999936275184,296.23549996176735,25.09082809544151
1779029582,70,,Aggregated,150.100000,0.300000,32,48,63,74,110,140,160,170,220,260,300,82086,8427,32,46.64788529969117,1.9025999936275184,296.23549996176735,25.09452281753283
1779029583,70,,Aggregated,149.600000,0.200000,32,48,63,74,110,140,160,170,220,260,300,82224,8427,32,46.66263247848089,1.9025999936275184,296.23549996176735,25.099630278264254
1779029584,70,,Aggregated,149.000000,0.200000,32,48,63,74,110,140,160,170,220,260,300,82364,8427,32,46.66161393825741,1.9025999936275184,296.23549996176735,25.099570200573066
1779029585,70,,Aggregated,149.300000,0.100000,32,48,63,74,110,140,160,170,220,260,300,82515,8428,32,46.651255768169584,1.9025999936275184,296.23549996176735,25.108465127552567
1779029586,70,,Aggregated,148.700000,0.100000,32,48,63,74,110,140,160,170,220,260,300,82660,8428,32,46.65333076833461,1.9025999936275184,296.23549996176735,25.11071860633922
1779029587,70,,Aggregated,148.100000,0.100000,32,48,63,74,110,140,160,170,220,260,300,82809,8428,32,46.66967037170877,1.9025999936275184,296.23549996176735,25.113888586989336
1779029588,70,,Aggregated,149.300000,0.200000,32,48,63,75,110,140,160,170,220,260,300,82967,8428,32,46.687101501934066,1.9025999936275184,296.23549996176735,25.11520242988176
1779029589,70,,Aggregated,148.200000,0.200000,32,48,63,75,110,140,160,170,220,260,300,83118,8428,32,46.67961138033912,1.9025999936275184,296.23549996176735,25.120635722707476
1779029590,70,,Aggregated,149.100000,0.200000,32,48,63,75,110,140,160,170,220,260,300,83260,8428,32,46.68326603783938,1.9025999936275184,296.23549996176735,25.124837857314436
1779029591,70,,Aggregated,148.100000,0.200000,32,48,63,75,110,140,160,170,220,260,300,83410,8428,32,46.680798537474345,1.9025999936275184,296.23549996176735,25.131650881189305
1779029592,70,,Aggregated,147.300000,0.100000,32,48,63,74,110,140,160,170,220,260,300,83557,8428,32,46.65324970631182,1.9025999936275184,296.23549996176735,25.1427648192252
1779029593,70,,Aggregated,147.100000,0.100000,32,48,63,75,110,140,160,170,220,260,300,83703,8428,32,46.660771308204545,1.9025999936275184,296.23549996176735,25.14746185919262
1779029594,70,,Aggregated,146.200000,0.100000,32,48,63,75,110,140,160,170,220,260,300,83851,8428,32,46.682961555744406,1.9025999936275184,296.23549996176735,25.14977758166271
1779029595,70,,Aggregated,147.300000,0.100000,32,48,63,75,110,140,160,170,220,260,300,84000,8428,32,46.675347585848485,1.9025999936275184,296.23549996176735,25.15677380952381
1779029596,70,,Aggregated,146.600000,0.100000,32,48,63,75,110,140,160,170,220,260,300,84156,8429,32,46.65342416359142,1.9025999936275184,296.23549996176735,25.16674984552498
1779029597,70,,Aggregated,147.800000,0.100000,32,48,63,75,110,140,160,170,220,260,300,84297,8430,32,46.64483524812898,1.9025999936275184,296.23549996176735,25.17037379740679
1779029598,70,,Aggregated,147.500000,0.100000,32,48,63,75,110,140,160,170,220,260,300,84456,8430,32,46.663295677174794,1.9025999936275184,296.23549996176735,25.178057213223454
1779029599,70,,Aggregated,147.600000,0.200000,32,48,63,75,110,140,160,170,220,260,300,84591,8430,32,46.65809150041524,1.9025999936275184,296.23549996176735,25.182879975411097
1779029600,70,,Aggregated,147.100000,0.200000,32,48,63,75,110,140,160,170,220,260,300,84733,8430,32,46.67136552950098,1.9025999936275184,296.23549996176735,25.184721419045708
1779029601,70,,Aggregated,146.400000,0.200000,32,48,63,75,110,140,160,170,220,260,300,84881,8430,32,46.67705358220949,1.9025999936275184,296.23549996176735,25.187379979029465
1779029602,70,,Aggregated,146.500000,0.200000,32,48,63,75,110,140,160,170,220,260,300,85028,8430,32,46.672938140507576,1.9025999936275184,296.23549996176735,25.193642094368915
1779029603,70,,Aggregated,146.600000,0.200000,32,48,63,74,110,140,160,170,220,260,300,85171,8430,32,46.661768110173426,1.9025999936275184,296.23549996176735,25.199704124643365
1779029604,70,,Aggregated,147.600000,0.200000,32,48,63,75,110,140,160,170,220,260,300,85306,8430,32,46.668005937576034,1.9025999936275184,296.23549996176735,25.201709141209292
1779029605,70,,Aggregated,145.500000,0.200000,32,48,63,74,110,140,160,170,220,260,300,85460,8430,32,46.65371826012794,1.9025999936275184,296.23549996176735,25.210800374444183
1779029606,70,,Aggregated,146.300000,0.200000,32,48,63,75,110,140,160,170,220,260,300,85613,8430,32,46.66875079147595,1.9025999936275184,296.23549996176735,25.214885589805288
1779029607,70,,Aggregated,145.200000,0.200000,32,48,63,74,110,140,160,170,220,260,300,85773,8430,32,46.64647552855155,1.9025999936275184,296.23549996176735,25.220768773390226
1779029608,70,,Aggregated,145.500000,0.100000,32,48,63,75,110,140,160,170,220,260,300,85922,8430,32,46.64627028945641,1.9025999936275184,296.23549996176735,25.22358650869393
1779029609,70,,Aggregated,145.800000,0.000000,32,48,63,75,110,140,160,170,220,260,300,86057,8430,32,46.637827206504056,1.9025999936275184,296.23549996176735,25.22923178823338
1779029610,70,,Aggregated,145.900000,0.000000,32,48,63,75,110,140,160,170,220,260,300,86210,8430,32,46.675567478365124,1.9025999936275184,296.23549996176735,25.232652824498317
1779029611,70,,Aggregated,146.900000,0.000000,32,48,63,75,110,140,160,170,220,260,300,86355,8452,32,46.67081130692531,1.9025999936275184,296.23549996176735,25.22725956806207
1779029612,70,,Aggregated,146.500000,0.000000,32,48,63,74,110,140,160,170,220,260,300,86511,8568,32,46.617176449345294,1.9025999936275184,296.23549996176735,25.194946307405996
1779029613,70,,Aggregated,147.700000,0.000000,32,48,63,74,110,140,160,170,220,260,300,86670,8701,32,46.55938509644129,1.9025999936275184,296.23549996176735,25.15654782508365
1779029614,70,,Aggregated,148.100000,7.100000,31,48,63,74,110,140,160,170,220,260,300,86825,8847,31,46.49315910058749,1.9025999936275184,296.23549996176735,25.114771091275554
1779029615,70,,Aggregated,148.700000,17.600000,31,48,63,74,110,140,160,170,220,260,300,86975,8979,31,46.42939511248609,1.9025999936275184,296.23549996176735,25.07647025007186
1779029616,70,,Aggregated,149.200000,31.900000,31,47,63,74,110,140,160,170,220,260,300,87133,9116,31,46.36893628371671,1.9025999936275184,296.23549996176735,25.037161580572228
1779029617,70,,Aggregated,151.400000,47.700000,31,47,63,74,110,140,160,170,220,260,300,87281,9240,31,46.31260509514046,1.9025999936275184,296.23549996176735,25.002153962488972
1779029618,70,,Aggregated,151.900000,61.300000,31,47,63,74,110,140,160,170,220,260,300,87444,9372,31,46.25081771429837,1.9025999936275184,296.23549996176735,24.96633273866703
1779029619,70,,Aggregated,150.900000,74.100000,31,47,62,74,110,140,160,170,220,260,300,87591,9487,31,46.199262455149494,1.9025999936275184,296.23549996176735,24.93427406925369
1779029620,70,,Aggregated,151.900000,87.900000,31,47,62,74,110,140,160,170,220,260,300,87747,9601,31,46.14515435979697,1.9025999936275184,296.23549996176735,24.90252658210537
1779029621,70,,Aggregated,152.700000,100.100000,31,47,62,74,110,140,160,170,220,260,300,87908,9719,31,46.09684830401603,1.9025999936275184,296.23549996176735,24.871058379214634
1779029622,70,,Aggregated,154.600000,111.500000,31,47,62,74,110,140,160,170,220,260,300,88064,9818,31,46.0567688602561,1.9025999936275184,296.23549996176735,24.845532794331394
1779029623,70,,Aggregated,154.600000,122.500000,31,47,62,74,110,140,160,170,220,260,300,88210,9905,31,46.016591014725755,1.859900017734617,296.23549996176735,24.82280920530552
1779029624,70,,Aggregated,154.100000,125.300000,31,47,62,74,110,140,160,170,220,260,300,88367,10004,31,45.97812546549082,1.859900017734617,296.23549996176735,24.796281417271153
1779029625,70,,Aggregated,154.200000,124.000000,31,47,62,74,110,140,160,170,220,260,300,88520,10081,31,45.93604020118904,1.859900017734617,296.23549996176735,24.777632173520107
1779029626,70,,Aggregated,155.000000,119.300000,31,47,62,73,110,140,160,170,220,260,300,88683,10151,31,45.909889772662,1.859900017734617,296.23549996176735,24.75969464271619
1779029627,70,,Aggregated,153.900000,111.500000,31,47,62,73,110,140,160,170,220,260,300,88839,10227,31,45.875476154722946,1.859900017734617,296.23549996176735,24.740980875516385
1779029628,70,,Aggregated,153.800000,105.200000,31,47,62,73,110,140,160,170,220,260,300,88990,10286,31,45.867088629162396,1.859900017734617,296.23549996176735,24.727474997190697
1779029629,70,,Aggregated,154.800000,99.000000,31,47,62,73,110,140,160,170,220,260,300,89148,10353,31,45.84073158129233,1.859900017734617,296.23549996176735,24.712859514515188
1779029630,70,,Aggregated,154.300000,92.000000,31,47,62,73,110,140,160,170,220,260,300,89289,10382,31,45.832120066402034,1.859900017734617,296.23549996176735,24.709045907110617
1779029631,70,,Aggregated,154.000000,86.300000,31,47,62,73,110,140,160,170,220,260,300,89450,10436,31,45.82101638914961,1.859900017734617,296.23549996176735,24.696690888764675
1779029632,70,,Aggregated,152.400000,80.800000,31,47,62,73,110,140,160,170,220,260,300,89598,10471,31,45.7948720296148,1.859900017734617,296.23549996176735,24.690606933190473
1779029633,70,,Aggregated,152.600000,72.700000,31,47,62,73,110,140,160,170,220,260,300,89766,10513,31,45.76770387907793,1.859900017734617,296.23549996176735,24.683031437292517
1779029634,70,,Aggregated,153.200000,68.200000,31,47,62,73,110,140,160,170,220,260,300,89914,10531,31,45.74564258301399,1.859900017734617,296.23549996176735,24.682808016549146
1779029635,70,,Aggregated,153.900000,62.500000,31,47,62,73,110,140,160,170,220,260,300,90059,10532,31,45.7463780467136,1.859900017734617,296.23549996176735,24.68301890982578
1779029636,70,,Aggregated,154.700000,57.100000,31,47,62,73,110,140,160,170,220,260,300,90213,10539,31,45.756426418686054,1.859900017734617,296.23549996176735,24.685411193508696
1779029637,70,,Aggregated,153.200000,50.900000,31,47,62,73,110,140,160,170,220,260,300,90370,10556,31,45.746931506129044,1.859900017734617,296.23549996176735,24.68763970344141
1779029638,70,,Aggregated,152.700000,43.700000,31,47,62,73,110,140,160,170,220,260,300,90509,10558,31,45.735850574075705,1.859900017734617,296.23549996176735,24.693234926913345
1779029639,70,,Aggregated,152.300000,37.800000,31,47,62,73,110,140,160,170,220,260,300,90656,10564,31,45.71924353389441,1.859900017734617,296.23549996176735,24.700108100953052
1779029640,70,,Aggregated,152.300000,32.700000,31,47,62,73,110,140,160,170,220,260,300,90795,10566,31,45.72577185537078,1.859900017734617,296.23549996176735,24.70386034473264
1779029641,70,,Aggregated,150.900000,26.400000,31,47,62,73,110,140,160,170,220,260,300,90949,10577,31,45.703539397987285,1.859900017734617,296.23549996176735,24.707616356419532
1779029642,70,,Aggregated,150.400000,21.100000,31,47,62,73,110,140,160,170,220,260,300,91106,10591,31,45.69370941438853,1.859900017734617,296.23549996176735,24.708372664808024
1779029643,70,,Aggregated,149.800000,18.400000,31,47,62,73,110,140,160,170,220,260,300,91247,10597,31,45.68174354233553,1.859900017734617,296.23549996176735,24.710335682269005
1779029644,70,,Aggregated,148.800000,14.100000,31,47,62,73,110,140,160,170,220,260,300,91416,10609,31,45.67747008737694,1.859900017734617,296.23549996176735,24.714273212566727
1779029645,70,,Aggregated,148.200000,12.000000,31,47,62,73,110,140,160,170,220,260,300,91565,10617,31,45.67188406168098,1.859900017734617,296.23549996176735,24.71787254955496
1779029646,70,,Aggregated,148.100000,8.400000,31,47,62,73,110,140,160,170,220,260,300,91707,10617,31,45.67738500449989,1.859900017734617,296.23549996176735,24.72131898328372
1779029647,70,,Aggregated,149.100000,7.800000,31,47,62,73,110,140,160,170,220,260,300,91854,10619,31,45.66461972922061,1.859900017734617,296.23549996176735,24.72812289067433
1779029648,70,,Aggregated,148.700000,8.500000,31,47,62,73,110,140,160,170,220,260,300,92002,10620,31,45.65217026051016,1.859900017734617,296.23549996176735,24.73615790961066
1779029649,70,,Aggregated,149.100000,7.900000,31,47,62,73,110,140,160,170,220,260,300,92158,10620,31,45.653885866746094,1.859900017734617,296.23549996176735,24.73923045204974
1779029650,70,,Aggregated,148.300000,6.400000,31,47,62,73,110,140,160,170,220,260,300,92303,10621,31,45.72357552850299,1.859900017734617,296.23549996176735,24.742846928052177
1779029651,70,,Aggregated,149.100000,6.200000,31,47,62,73,110,140,160,170,220,260,300,92464,10639,31,45.71805108807365,1.859900017734617,296.23549996176735,24.741867105035475
1779029652,70,,Aggregated,150.100000,5.600000,31,47,62,73,110,140,160,170,220,260,300,92612,10643,31,45.71313253366258,1.859900017734617,296.23549996176735,24.7454001641256
1779029653,70,,Aggregated,150.400000,5.500000,31,47,62,73,110,140,160,170,220,260,300,92758,10652,31,45.7070723668848,1.859900017734617,296.23549996176735,24.749477134047737
1779029654,70,,Aggregated,150.800000,6.200000,31,47,62,73,110,140,160,170,220,260,300,92898,10674,31,45.70169247462396,1.859900017734617,296.23549996176735,24.746356218648412
1779029655,70,,Aggregated,151.100000,5.300000,31,47,62,73,110,140,160,170,220,260,300,93054,10678,31,45.700823404777104,1.859900017734617,296.23549996176735,24.74971521912008
1779029656,70,,Aggregated,150.100000,5.500000,31,47,62,73,110,140,160,170,220,260,300,93209,10695,31,45.694313220912086,1.859900017734617,296.23549996176735,24.74877962428521
1779029657,70,,Aggregated,148.700000,6.500000,31,47,62,73,110,140,160,170,220,260,300,93355,10701,31,45.673719071370336,1.859900017734617,296.23549996176735,24.754764072626
1779029658,70,,Aggregated,149.500000,6.100000,31,47,62,73,110,140,160,170,220,260,300,93500,10701,31,45.66809719901047,1.859900017734617,296.23549996176735,24.758705882352942
1779029659,70,,Aggregated,148.600000,7.700000,31,47,62,73,110,140,160,170,220,260,300,93640,10701,31,45.675453374700346,1.859900017734617,296.23549996176735,24.762932507475437
1779029660,70,,Aggregated,147.900000,8.100000,31,47,62,73,110,140,160,170,220,260,300,93787,10701,31,45.67880499330299,1.859900017734617,296.23549996176735,24.770565216927718
1779029661,70,,Aggregated,147.800000,8.100000,31,47,62,73,110,140,160,170,220,260,300,93924,10701,31,45.68344222783131,1.859900017734617,296.23549996176735,24.774189770452708
1779029662,70,,Aggregated,148.700000,8.100000,31,47,62,73,110,140,160,170,220,260,300,94068,10708,31,45.66263846373045,1.859900017734617,296.23549996176735,24.77979759323043
1779029663,70,,Aggregated,147.200000,8.000000,31,47,62,73,110,140,160,170,220,260,300,94223,10717,31,45.653561316302294,1.859900017734617,296.23549996176735,24.78183670653662
1779029664,70,,Aggregated,145.700000,6.200000,31,47,62,73,110,140,160,170,220,260,300,94377,10717,31,45.6434520106199,1.859900017734617,296.23549996176735,24.788581963825933
1779029665,70,,Aggregated,145.300000,6.400000,30,47,62,73,110,140,160,170,220,260,300,94528,10730,30,45.61682019619812,1.859900017734617,296.23549996176735,24.790993144888287
1779029666,70,,Aggregated,145.100000,6.500000,30,46,62,73,110,140,160,170,220,260,300,94673,10730,30,45.59783376153838,1.859900017734617,296.23549996176735,24.79561226537661
1779029667,70,,Aggregated,147.100000,4.300000,30,46,62,73,110,140,160,170,220,260,300,94826,10731,30,45.58366275500634,1.859900017734617,296.23549996176735,24.800497753780608
1779029668,70,,Aggregated,146.600000,5.200000,30,46,62,73,110,140,160,170,220,260,300,94965,10731,30,45.57049665252034,1.859900017734617,296.23549996176735,24.804822829463486
1779029669,70,,Aggregated,146.300000,3.600000,30,46,62,73,110,140,160,170,220,260,300,95099,10731,30,45.577058833499564,1.859900017734617,296.23549996176735,24.808862343452613
1779029670,70,,Aggregated,146.400000,3.000000,30,46,62,73,110,140,160,170,220,260,300,95253,10731,30,45.58469786575674,1.859900017734617,296.23549996176735,24.814221074401857
1779029671,70,,Aggregated,145.500000,3.000000,30,46,62,73,110,140,160,170,220,260,300,95406,10731,30,45.58160401763945,1.859900017734617,296.23549996176735,24.820472506970212
1779029672,70,,Aggregated,144.600000,3.000000,30,46,62,73,110,140,160,170,220,260,300,95553,10732,30,45.57813170499098,1.859900017734617,296.23549996176735,24.826054650298786
1779029673,70,,Aggregated,145.900000,3.000000,30,46,62,73,110,140,160,170,220,260,300,95699,10732,30,45.58489940236428,1.859900017734617,296.23549996176735,24.829935527017
1779029674,70,,Aggregated,147.200000,3.000000,30,46,62,73,110,140,160,170,220,260,300,95856,10732,30,45.5862227779904,1.859900017734617,296.23549996176735,24.833677599732933
1779029675,70,,Aggregated,146.100000,2.400000,30,46,62,73,110,140,160,170,220,260,300,96018,10732,30,45.577878987346786,1.859900017734617,296.23549996176735,24.83886354641838
1779029676,70,,Aggregated,146.900000,1.500000,30,46,62,73,110,140,160,170,220,260,300,96167,10732,30,45.58008206356906,1.859900017734617,296.23549996176735,24.842555138457058
1779029677,70,,Aggregated,146.500000,1.500000,30,46,61,73,110,140,160,170,220,260,300,96320,10746,30,45.55138562923449,1.859900017734617,296.23549996176735,24.84608596345515
1779029678,70,,Aggregated,148.500000,0.200000,30,46,61,73,110,140,160,170,220,260,300,96452,10747,30,45.54178786969592,1.859900017734617,296.23549996176735,24.849738730145564
1779029679,70,,Aggregated,149.100000,0.100000,30,46,61,73,110,140,160,170,220,260,300,96600,10747,30,45.52936229821748,1.859900017734617,296.23549996176735,24.856780538302278
1779029680,70,,Aggregated,148.900000,1.500000,30,46,61,73,110,140,160,170,220,260,300,96750,10747,30,45.51742551222844,1.859900017734617,296.23549996176735,24.86280103359173
1779029681,70,,Aggregated,150.100000,1.600000,30,46,61,73,110,140,160,170,220,260,300,96904,10747,30,45.50317744580235,1.859900017734617,296.23549996176735,24.867518368694792
1779029682,70,,Aggregated,149.900000,1.600000,30,46,61,73,110,140,160,170,220,260,300,97053,10747,30,45.48153178580558,1.859900017734617,296.23549996176735,24.876675630840882
1779029683,70,,Aggregated,148.900000,1.600000,30,46,61,73,110,140,160,170,220,260,300,97200,10747,30,45.465505648227285,1.859900017734617,296.23549996176735,24.88272633744856
1779029684,70,,Aggregated,149.600000,1.600000,30,46,61,73,110,140,160,170,220,260,300,97361,10747,30,45.45917934704723,1.859900017734617,296.23549996176735,24.886535676502913
1779029685,70,,Aggregated,150.100000,1.500000,30,46,61,73,110,140,160,170,220,260,300,97513,10758,30,45.449458361529445,1.859900017734617,296.23549996176735,24.888179012029166
1779029686,70,,Aggregated,149.600000,1.500000,30,46,61,73,110,140,160,170,220,260,300,97661,10764,30,45.436184759603464,1.859900017734617,296.23549996176735,24.88988439602298
1779029687,70,,Aggregated,149.700000,1.500000,30,46,61,73,110,140,160,170,220,260,300,97810,10769,30,45.4239062704002,1.859900017734617,296.23549996176735,24.892311624578262
1779029688,70,,Aggregated,148.000000,2.600000,30,46,61,73,110,140,160,170,220,260,300,97961,10769,30,45.43314479546236,1.859900017734617,296.23549996176735,24.894406957870988
1779029689,70,,Aggregated,148.000000,3.200000,30,46,61,73,110,140,160,170,220,260,300,98108,10771,30,45.42418731712759,1.859900017734617,296.23549996176735,24.89768418477596
1779029690,70,,Aggregated,148.200000,2.300000,30,46,61,73,110,140,160,170,220,260,300,98264,10771,30,45.43248399321291,1.859900017734617,296.23549996176735,24.90476675079378
1779029691,70,,Aggregated,148.800000,2.200000,30,46,61,73,110,140,160,170,220,260,300,98407,10786,30,45.45047140253549,1.859900017734617,296.23549996176735,24.901460261973234
1779029692,70,,Aggregated,149.300000,2.400000,30,46,61,73,110,140,160,170,220,260,300,98558,10788,30,45.44286621795577,1.859900017734617,296.23549996176735,24.906572779480104
1779029693,70,,Aggregated,151.100000,2.400000,30,46,61,73,110,140,160,170,220,260,300,98703,10788,30,45.438289975074085,1.859900017734617,296.23549996176735,24.90865525870541
1779029694,70,,Aggregated,149.700000,3.900000,30,46,61,73,110,140,160,170,220,260,300,98844,10789,30,45.43455351776629,1.859900017734617,296.23549996176735,24.912235441706123
1779029695,70,,Aggregated,150.000000,4.100000,30,46,61,73,110,140,160,170,220,260,300,98987,10789,30,45.43327147715857,1.859900017734617,296.23549996176735,24.913271439684
1779029696,70,,Aggregated,149.600000,4.100000,30,46,61,73,110,140,160,170,220,260,300,99134,10789,30,45.423590165932715,1.859900017734617,296.23549996176735,24.919775253697015
1779029697,70,,Aggregated,148.500000,4.200000,30,46,61,73,110,140,160,170,220,260,300,99287,10789,30,45.41984276903661,1.859900017734617,296.23549996176735,24.925267154813824
1779029698,70,,Aggregated,147.600000,3.100000,30,46,61,73,110,140,160,170,220,260,300,99442,10789,30,45.41485971732016,1.859900017734617,296.23549996176735,24.92995917218077
1779029699,70,,Aggregated,147.000000,2.500000,30,46,61,73,110,140,160,170,220,260,300,99592,10789,30,45.40691954383525,1.859900017734617,296.23549996176735,24.93365933006667
1779029700,70,,Aggregated,147.500000,2.000000,30,46,61,73,110,140,160,170,220,260,300,99739,10790,30,45.410367338853035,1.859900017734617,296.23549996176735,24.936183438775203
1779029701,70,,Aggregated,148.100000,2.000000,30,46,61,73,110,140,160,170,220,260,300,99897,10790,30,45.4108020892517,1.859900017734617,296.23549996176735,24.94163988908576
1779029702,70,,Aggregated,148.100000,1.800000,30,46,61,73,110,140,160,170,220,260,300,100046,10790,30,45.40704234961742,1.859900017734617,296.23549996176735,24.947024368790355
1779029703,70,,Aggregated,147.000000,1.900000,30,46,61,73,110,140,160,170,220,260,300,100201,10790,30,45.39663161455134,1.859900017734617,296.23549996176735,24.953094280496202
1779029704,70,,Aggregated,148.300000,0.400000,30,46,61,73,110,140,160,170,220,260,300,100349,10790,30,45.38318274830841,1.859900017734617,296.23549996176735,24.956461947802172
1779029705,70,,Aggregated,148.400000,0.200000,30,46,61,73,110,140,160,170,220,260,300,100501,10790,30,45.385122707331895,1.859900017734617,296.23549996176735,24.96157252166645
1779029707,70,,Aggregated,149.300000,0.200000,30,46,61,73,110,140,160,170,220,260,300,100652,10791,30,45.38341356962058,1.859900017734617,296.23549996176735,24.968088065810914
1779029708,70,,Aggregated,149.900000,0.100000,30,46,61,73,110,140,160,170,220,260,300,100790,10791,30,45.38670582606286,1.859900017734617,296.23549996176735,24.970919734100605
1779029709,70,,Aggregated,151.200000,0.200000,30,46,61,73,110,140,160,170,220,260,300,100951,10791,30,45.383281998283586,1.859900017734617,296.23549996176735,24.9754336262147
1779029710,70,,Aggregated,150.200000,0.200000,30,46,61,73,110,140,160,170,220,260,300,101098,10795,30,45.369130516020626,1.859900017734617,296.23549996176735,24.980949178025284
1779029711,70,,Aggregated,150.100000,0.200000,30,46,61,73,110,140,160,170,220,260,300,101251,10803,30,45.36091342711148,1.859900017734617,296.23549996176735,24.982449556053766
1779029712,70,,Aggregated,150.100000,0.600000,30,46,61,73,110,140,160,170,220,260,300,101396,10819,30,45.35129658278973,1.859900017734617,296.23549996176735,24.983648270148723
1779029713,70,,Aggregated,150.600000,1.300000,30,46,61,73,110,140,160,170,220,260,300,101551,10820,30,45.345960135382036,1.859900017734617,296.23549996176735,24.98911876790972
1779029714,70,,Aggregated,149.500000,2.900000,30,46,61,73,110,140,160,170,220,260,300,101695,10820,30,45.33940227747821,1.859900017734617,296.23549996176735,24.993411672156938
1779029715,70,,Aggregated,150.000000,3.000000,30,46,61,73,110,140,160,170,220,260,300,101843,10821,30,45.340342804202905,1.859900017734617,296.23549996176735,24.997044470410337
1779029716,70,,Aggregated,149.000000,3.000000,30,46,61,73,110,140,160,170,220,260,300,102004,10821,30,45.346585428101164,1.859900017734617,296.23549996176735,25.002529312575977
1779029717,70,,Aggregated,148.800000,3.100000,30,46,61,73,110,140,160,170,220,260,300,102152,10821,30,45.33490539204242,1.859900017734617,296.23549996176735,25.0085656668494
1779029718,70,,Aggregated,149.500000,3.100000,30,46,61,73,110,140,160,170,220,260,300,102304,10824,30,45.322938568459335,1.859900017734617,296.23549996176735,25.013235064122615
1779029719,70,,Aggregated,149.000000,3.000000,30,46,61,73,110,140,160,170,220,260,300,102462,10830,30,45.30375219796445,1.859900017734617,296.23549996176735,25.016845269465755
1779029720,70,,Aggregated,151.300000,3.300000,30,46,61,73,110,140,160,170,220,260,300,102613,10843,30,45.290270518425736,1.859900017734617,296.23549996176735,25.01584594544551
1779029721,70,,Aggregated,150.500000,3.900000,30,46,61,73,110,140,160,170,220,260,300,102767,10848,30,45.28929009416839,1.859900017734617,296.23549996176735,25.019948037794233
1779029722,70,,Aggregated,150.700000,4.800000,30,46,61,73,110,140,160,170,220,260,300,102925,10866,30,45.27515728741798,1.859900017734617,296.23549996176735,25.020296332280786
1779029723,70,,Aggregated,151.400000,4.500000,30,46,61,73,110,140,160,170,220,260,300,103080,10876,30,45.262413939728404,1.859900017734617,296.23549996176735,25.023981373690336
1779029724,70,,Aggregated,152.400000,4.700000,30,46,61,73,110,140,160,170,220,260,300,103229,10887,30,45.24684309454815,1.859900017734617,296.23549996176735,25.02511891038371
1779029725,70,,Aggregated,152.500000,5.600000,30,46,61,73,110,140,160,170,220,260,300,103378,10899,30,45.23957881277798,1.859900017734617,296.23549996176735,25.025459962467835
1779029726,70,,Aggregated,152.700000,6.700000,30,46,61,73,110,140,160,170,220,260,300,103524,10906,30,45.232085307824896,1.859900017734617,296.23549996176735,25.026148525945676
1779029727,70,,Aggregated,153.000000,7.800000,30,46,61,73,110,140,160,170,220,260,300,103672,10906,30,45.24088944562815,1.859900017734617,296.23549996176735,25.028918126398644
1779029728,70,,Aggregated,152.100000,8.500000,30,46,61,73,110,140,160,170,220,260,300,103830,10906,30,45.24027098629954,1.859900017734617,296.23549996176735,25.03182124626794
1779029729,70,,Aggregated,152.000000,8.500000,30,46,61,73,110,140,160,170,220,260,300,103985,10906,30,45.22723002555727,1.859900017734617,296.23549996176735,25.037168822426313
1779029730,70,,Aggregated,151.000000,8.200000,30,46,61,73,110,140,160,170,220,260,300,104137,10907,30,45.22565050373681,1.859900017734617,296.23549996176735,25.04222322517453
1779029731,70,,Aggregated,151.200000,7.600000,30,46,61,73,110,140,160,170,220,260,300,104282,10910,30,45.21957901371322,1.859900017734617,296.23549996176735,25.04728524577588
1779029732,70,,Aggregated,151.800000,6.400000,30,46,61,72,110,140,160,170,220,260,300,104446,10993,30,45.19425976110166,1.859900017734617,296.23549996176735,25.02963253738774
1779029733,70,,Aggregated,150.300000,6.200000,30,46,61,72,110,140,160,170,220,260,300,104600,11101,30,45.15808119224141,1.859900017734617,296.23549996176735,25.00616634799235
1779029734,70,,Aggregated,151.200000,11.100000,30,46,61,72,110,140,160,170,220,260,300,104756,11256,30,45.104553645699525,1.859900017734617,296.23549996176735,24.96908052999351
1779029735,70,,Aggregated,151.400000,21.100000,30,46,61,72,110,140,160,170,220,260,300,104922,11413,30,45.04702710307769,1.859900017734617,296.23549996176735,24.93186367015497
1779029736,70,,Aggregated,151.600000,34.800000,30,46,61,72,110,140,160,170,220,260,300,105077,11546,30,45.00087320735665,1.859900017734617,296.23549996176735,24.899949560798273
1779029737,70,,Aggregated,153.000000,49.100000,30,46,60,72,110,140,160,170,220,260,300,105242,11692,30,44.95094648628181,1.8552999827079475,296.23549996176735,24.864759316622642
1779029738,70,,Aggregated,153.800000,61.900000,30,46,60,72,110,140,160,170,220,260,300,105406,11832,30,44.90511013518672,1.8552999827079475,296.23549996176735,24.832760943399805
1779029739,70,,Aggregated,155.200000,75.800000,30,45,60,72,110,140,160,170,220,260,300,105565,11960,30,44.85813036336781,1.8552999827079475,296.23549996176735,24.803514422393786
1779029740,70,,Aggregated,157.400000,90.700000,30,45,60,72,110,140,160,170,220,260,300,105712,12064,30,44.8335425004658,1.8552999827079475,296.23549996176735,24.779589828969275
1779029741,70,,Aggregated,157.600000,102.900000,30,45,60,72,110,140,160,170,220,260,300,105868,12177,30,44.787480072441674,1.8552999827079475,296.23549996176735,24.754977897003815
1779029742,70,,Aggregated,157.600000,114.200000,30,45,60,72,110,140,160,170,210,260,300,106045,12301,30,44.7381611420595,1.8552999827079475,296.23549996176735,24.729143288226695
1779029743,70,,Aggregated,158.400000,124.800000,29,45,60,72,110,140,160,170,210,260,300,106203,12400,29,44.70042721496032,1.8552999827079475,296.23549996176735,24.7096880502434
1779029744,70,,Aggregated,158.800000,129.600000,29,45,60,72,110,140,160,170,210,260,300,106370,12512,29,44.66321031879928,1.8552999827079475,296.23549996176735,24.68471373507568
1779029745,70,,Aggregated,159.500000,129.100000,29,45,60,72,110,140,160,170,210,260,300,106533,12598,29,44.633913010150856,1.8552999827079475,296.23549996176735,24.66958594989346
1779029746,70,,Aggregated,160.500000,124.700000,29,45,60,72,110,140,160,170,210,260,300,106689,12672,29,44.60174309544288,1.8552999827079475,296.23549996176735,24.6566468895575
1779029747,70,,Aggregated,160.300000,117.700000,29,45,60,72,110,140,160,170,210,260,300,106827,12719,29,44.585821577036064,1.8552999827079475,296.23549996176735,24.646868301084933
1779029748,70,,Aggregated,159.800000,111.400000,29,45,60,72,110,140,160,170,220,260,300,106983,12784,29,44.57751685136299,1.8552999827079475,296.23549996176735,24.632951029602832
1779029749,70,,Aggregated,157.900000,103.600000,29,45,60,72,110,140,160,170,210,260,300,107135,12846,29,44.55574347887513,1.8552999827079475,296.23549996176735,24.620646847435477
1779029750,70,,Aggregated,155.500000,94.200000,29,45,60,72,110,140,160,170,210,260,300,107274,12874,29,44.55271090114386,1.8552999827079475,296.23549996176735,24.61590879430244
1779029751,70,,Aggregated,155.500000,87.800000,29,45,60,71,110,140,160,170,210,260,300,107437,12934,29,44.529277730293366,1.8552999827079475,296.23549996176735,24.60379571283636
1779029752,70,,Aggregated,154.800000,82.100000,29,45,60,71,110,140,160,170,210,260,300,107585,12965,29,44.510093620945874,1.8552999827079475,296.23549996176735,24.60292791746061
1779029753,70,,Aggregated,154.000000,74.800000,29,45,60,71,110,140,160,170,210,260,300,107730,12992,29,44.49547535328847,1.8552999827079475,296.23549996176735,24.601568736656457
1779029754,70,,Aggregated,152.700000,67.900000,29,45,60,71,110,140,160,170,210,260,300,107871,13019,29,44.474740234258604,1.8552999827079475,296.23549996176735,24.60035598075479
1779029755,70,,Aggregated,150.300000,61.000000,29,45,60,71,110,140,160,170,210,260,300,108020,13026,29,44.46352385585806,1.8552999827079475,296.23549996176735,24.60349009442696
1779029756,70,,Aggregated,149.500000,53.700000,29,45,60,71,110,140,160,170,210,260,300,108170,13032,29,44.46290055569524,1.8552999827079475,296.23549996176735,24.607275584727745
1779029757,70,,Aggregated,148.200000,45.900000,29,45,60,71,110,140,160,170,210,260,300,108307,13032,29,44.461255475726254,1.8552999827079475,296.23549996176735,24.6120195370567
1779029758,70,,Aggregated,147.600000,39.300000,29,45,60,71,110,140,160,170,210,260,300,108464,13045,29,44.471474418324426,1.8552999827079475,296.23549996176735,24.61157619117864
1779029759,70,,Aggregated,147.400000,33.200000,29,45,60,71,110,140,160,170,210,260,300,108616,13052,29,44.457520808257414,1.8552999827079475,296.23549996176735,24.616179936657584
1779029760,70,,Aggregated,147.300000,29.000000,29,45,60,71,110,140,160,170,210,260,300,108769,13067,29,44.45531653696919,1.8552999827079475,296.23549996176735,24.617630023260304
1779029761,70,,Aggregated,148.000000,23.900000,29,45,60,71,110,140,160,170,210,260,300,108916,13084,29,44.442503984805484,1.8552999827079475,296.23549996176735,24.616612802526717
1779029762,70,,Aggregated,148.200000,19.700000,29,45,60,71,110,140,160,170,210,260,300,109059,13084,29,44.44762465187871,1.8552999827079475,296.23549996176735,24.621269221247214
1779029763,70,,Aggregated,148.300000,17.800000,29,45,60,71,110,140,160,170,210,260,300,109207,13084,29,44.44673929884702,1.8552999827079475,296.23549996176735,24.6253628430412
1779029764,70,,Aggregated,146.200000,13.200000,29,45,60,71,110,140,160,170,210,260,300,109366,13094,29,44.431842364252475,1.8552999827079475,296.23549996176735,24.62620009875098
1779029765,70,,Aggregated,147.200000,9.600000,29,45,60,71,110,140,160,170,210,260,300,109514,13102,29,44.42176831646247,1.8552999827079475,296.23549996176735,24.62795624303742
1779029766,70,,Aggregated,147.200000,7.500000,29,45,60,71,110,140,160,170,210,260,300,109677,13114,29,44.402003734686936,1.8552999827079475,296.23549996176735,24.62981299634381
1779029767,70,,Aggregated,148.600000,7.600000,29,45,60,71,110,140,160,170,210,260,300,109833,13126,29,44.38922482140269,1.8552999827079475,296.23549996176735,24.633962470295813
1779029768,70,,Aggregated,148.600000,7.300000,29,45,60,71,110,140,160,170,210,260,300,109991,13143,29,44.38164212534477,1.8552999827079475,296.23549996176735,24.63428825994854
1779029769,70,,Aggregated,150.800000,9.200000,29,45,60,71,110,140,160,170,210,250,300,110135,13145,29,44.371965115617584,1.8552999827079475,296.23549996176735,24.6386344032324
1779029770,70,,Aggregated,151.500000,9.000000,29,45,60,71,110,140,160,170,210,250,300,110280,13151,29,44.36349708024094,1.8552999827079475,296.23549996176735,24.641739209285454
1779029771,70,,Aggregated,150.400000,9.300000,29,45,60,71,110,140,160,170,210,250,300,110435,13160,29,44.359447165381965,1.8552999827079475,296.23549996176735,24.642767238647167
1779029772,70,,Aggregated,150.500000,7.900000,29,45,60,71,110,140,160,170,210,250,300,110577,13163,29,44.375993533093485,1.8552999827079475,296.23549996176735,24.6459028550241
1779029773,70,,Aggregated,150.500000,7.600000,29,45,60,71,110,140,160,170,210,250,300,110732,13163,29,44.37916801475299,1.8552999827079475,296.23549996176735,24.646064371636022
1779029774,70,,Aggregated,152.300000,7.900000,29,45,60,71,110,140,160,170,210,250,300,110878,13182,29,44.36338827368623,1.8552999827079475,296.23549996176735,24.64802756182471
1779029775,70,,Aggregated,151.300000,7.900000,29,45,60,71,110,140,160,170,210,250,300,111036,13206,29,44.35135389431906,1.8552999827079475,296.23549996176735,24.64468280557657
1779029776,70,,Aggregated,152.000000,7.300000,29,45,60,71,110,140,160,170,210,250,300,111180,13210,29,44.34810114238,1.8552999827079475,296.23549996176735,24.64872279186904
1779029777,70,,Aggregated,150.200000,8.800000,29,45,60,71,110,140,160,170,210,250,300,111330,13216,29,44.35216170672977,1.8552999827079475,296.23549996176735,24.649797898140662
1779029778,70,,Aggregated,151.000000,10.500000,29,45,60,71,110,140,160,170,210,250,300,111475,13227,29,44.348302513661615,1.6472000279463828,296.23549996176735,24.650827539807132
1779029779,70,,Aggregated,149.000000,8.600000,29,45,60,71,110,140,160,170,210,250,300,111618,13229,29,44.354471532466505,1.6472000279463828,296.23549996176735,24.653335483524163
1779029780,70,,Aggregated,148.600000,8.200000,29,45,60,71,110,140,160,170,210,250,300,111763,13237,29,44.36578677210833,1.6472000279463828,296.23549996176735,24.653561554360568
1779029781,70,,Aggregated,147.300000,8.200000,29,45,60,71,110,140,160,170,210,250,300,111907,13237,29,44.37577561824823,1.6472000279463828,296.23549996176735,24.656098367394353
1779029782,70,,Aggregated,146.200000,8.300000,29,45,60,71,110,140,160,170,210,250,300,112063,13248,29,44.38678683071869,1.6472000279463828,296.23549996176735,24.65576506072477
1779029783,70,,Aggregated,146.500000,7.700000,29,45,60,71,110,140,160,170,210,250,300,112217,13256,29,44.376147672013126,1.6472000279463828,296.23549996176735,24.65793952787902
1779029784,70,,Aggregated,146.600000,7.400000,29,45,60,71,110,140,160,170,210,250,300,112374,13274,29,44.374293937300145,1.6472000279463828,296.23549996176735,24.656895723209995
1779029785,70,,Aggregated,147.400000,8.500000,29,45,60,71,110,140,160,170,210,250,300,112520,13274,29,44.36105179710635,1.6472000279463828,296.23549996176735,24.65929612513331
1779029786,70,,Aggregated,146.600000,8.900000,29,45,60,71,110,140,160,170,210,250,300,112670,13274,29,44.35963876018999,1.6472000279463828,296.23549996176735,24.664808733469425
1779029787,70,,Aggregated,146.900000,8.400000,29,45,60,71,110,140,160,170,210,250,300,112821,13276,29,44.354950521719246,1.6472000279463828,296.23549996176735,24.668191205537976
1779029788,70,,Aggregated,147.200000,6.400000,29,45,60,71,110,140,160,170,210,250,300,112981,13291,29,44.349514238777424,1.6472000279463828,296.23549996176735,24.668616847080482
1779029789,70,,Aggregated,148.800000,6.500000,29,45,60,71,110,140,160,170,210,250,300,113131,13302,29,44.34333327037991,1.6472000279463828,296.23549996176735,24.670532391652156
1779029790,70,,Aggregated,147.600000,5.900000,29,45,60,71,110,140,160,170,210,250,300,113296,13325,29,44.3339525015197,1.6472000279463828,296.23549996176735,24.672936379042508
1779029791,70,,Aggregated,150.500000,6.400000,29,45,60,71,110,140,160,170,210,250,300,113447,13330,29,44.34370306938261,1.6472000279463828,296.23549996176735,24.67469390993151
1779029792,70,,Aggregated,152.800000,7.300000,29,45,60,71,110,140,160,170,210,250,300,113580,13330,29,44.348641135869336,1.6472000279463828,296.23549996176735,24.6761137524212
1779029793,70,,Aggregated,151.700000,8.800000,29,45,60,71,110,140,160,170,210,250,300,113719,13330,29,44.34685526967129,1.6472000279463828,296.23549996176735,24.678927883643016
1779029794,70,,Aggregated,151.400000,9.300000,29,45,60,71,110,140,160,170,210,250,300,113882,13330,29,44.34678189100891,1.6472000279463828,296.23549996176735,24.68355842011907
1779029795,70,,Aggregated,151.200000,8.200000,29,45,60,71,110,140,160,170,210,250,300,114036,13331,29,44.35683018355244,1.6472000279463828,296.23549996176735,24.687054965098742
1779029796,70,,Aggregated,150.200000,7.400000,29,45,60,71,110,140,160,170,210,250,300,114176,13331,29,44.36264792523855,1.6472000279463828,296.23549996176735,24.691590176569505
1779029797,70,,Aggregated,151.700000,5.700000,29,45,60,71,110,140,160,170,210,250,300,114322,13331,29,44.360772106960916,1.6472000279463828,296.23549996176735,24.695395461940834
1779029798,70,,Aggregated,150.900000,5.700000,29,45,60,71,110,140,160,170,210,250,300,114483,13331,29,44.357516623535616,1.6472000279463828,296.23549996176735,24.70019129477739
1779029799,70,,Aggregated,149.200000,5.600000,29,45,60,71,110,140,160,170,210,260,300,114615,13331,29,44.365934465052355,1.6472000279463828,296.23549996176735,24.703084238537713
1779029800,70,,Aggregated,150.100000,5.500000,29,45,60,71,110,140,160,170,210,260,300,114766,13332,29,44.3644260679303,1.6472000279463828,296.23549996176735,24.706019204293955
1779029801,70,,Aggregated,147.800000,4.000000,29,45,60,71,110,140,160,170,210,260,300,114914,13332,29,44.350223186138024,1.6472000279463828,296.23549996176735,24.711897592982577
1779029802,70,,Aggregated,145.800000,2.900000,29,45,60,71,110,140,160,170,210,260,300,115064,13332,29,44.34955362851684,1.6472000279463828,296.23549996176735,24.718669609956198
1779029803,70,,Aggregated,147.400000,0.700000,29,45,60,71,110,140,160,170,210,260,300,115207,13332,29,44.3367534829602,1.6472000279463828,296.23549996176735,24.723428263907575
1779029804,70,,Aggregated,147.500000,0.200000,29,45,60,71,110,140,160,170,210,260,300,115350,13332,29,44.33257285401835,1.6472000279463828,296.23549996176735,24.727698309492848
1779029805,70,,Aggregated,147.900000,0.200000,29,45,60,71,110,140,160,170,210,260,300,115499,13332,29,44.33067619556238,1.6472000279463828,296.23549996176735,24.732880804162807
1779029806,70,,Aggregated,147.300000,0.200000,29,45,60,71,110,140,160,170,210,260,300,115637,13332,29,44.315502186250605,1.6472000279463828,296.23549996176735,24.737506161522695
1779029807,70,,Aggregated,146.700000,0.100000,29,45,60,71,110,140,160,170,210,260,300,115786,13333,29,44.30551196009101,1.6472000279463828,296.23549996176735,24.742464546663673
1779029808,70,,Aggregated,145.700000,0.100000,29,45,60,71,110,140,160,170,210,260,300,115928,13333,29,44.30142596966529,1.6472000279463828,296.23549996176735,24.7466530950245
1779029809,70,,Aggregated,146.600000,0.100000,29,45,60,71,110,140,160,170,210,260,300,116085,13333,29,44.30655999923636,1.6472000279463828,296.23549996176735,24.749717879140285
1779029810,70,,Aggregated,146.200000,0.200000,29,45,60,71,110,140,160,170,210,260,300,116233,13333,29,44.326349328604415,1.6472000279463828,296.23549996176735,24.752626190496674
1779029811,70,,Aggregated,146.500000,0.200000,29,45,60,71,110,140,160,170,210,260,300,116384,13333,29,44.31758223563045,1.6472000279463828,296.23549996176735,24.759313995050867
1779029812,70,,Aggregated,146.800000,0.200000,29,45,60,71,110,140,160,170,210,260,300,116531,13333,29,44.325964183020666,1.6472000279463828,296.23549996176735,24.761968918141953
1779029813,70,,Aggregated,146.800000,0.100000,29,45,60,71,110,140,160,170,210,260,300,116681,13333,29,44.31880410274062,1.6472000279463828,296.23549996176735,24.767631405284494
1779029814,70,,Aggregated,146.700000,0.100000,29,45,60,71,110,140,160,170,210,260,300,116839,13333,29,44.31517562125006,1.6472000279463828,296.23549996176735,24.771634471366582
1779029815,70,,Aggregated,146.000000,0.100000,29,45,60,71,110,140,160,170,210,260,300,116982,13333,29,44.31282814630533,1.6472000279463828,296.23549996176735,24.77675197893693
1779029816,70,,Aggregated,148.500000,0.100000,29,45,60,71,110,140,160,170,210,260,300,117135,13333,29,44.308248106131124,1.6472000279463828,296.23549996176735,24.783087890041404
1779029817,70,,Aggregated,146.500000,0.100000,29,45,59,71,110,140,160,170,210,260,300,117288,13333,29,44.303109342913785,1.6472000279463828,296.23549996176735,24.7887848714276
1779029818,70,,Aggregated,148.200000,0.100000,29,45,59,71,110,140,160,170,210,260,300,117446,13334,29,44.2957182118737,1.6472000279463828,296.23549996176735,24.792466324949338
1779029819,70,,Aggregated,148.200000,0.100000,29,45,59,71,110,140,160,170,210,260,300,117596,13334,29,44.3040049330943,1.6472000279463828,296.23549996176735,24.794550835062417
1779029820,70,,Aggregated,149.300000,0.000000,29,45,60,71,110,140,160,170,210,260,300,117744,13334,29,44.331422470034695,1.6472000279463828,296.23549996176735,24.7988177741541
1779029821,70,,Aggregated,150.200000,0.100000,29,45,60,71,110,140,160,170,210,260,300,117884,13334,29,44.342397591798594,1.6472000279463828,296.23549996176735,24.801940891045433
1779029822,70,,Aggregated,150.500000,0.100000,29,45,60,71,110,140,160,170,210,260,300,118027,13334,29,44.337483440325855,1.6472000279463828,296.23549996176735,24.806078270226305
1779029823,70,,Aggregated,148.600000,0.100000,29,45,60,71,110,140,160,170,210,260,300,118169,13335,29,44.33425809739918,1.6472000279463828,296.23549996176735,24.809941693676006
1779029824,70,,Aggregated,147.900000,0.100000,29,45,60,71,110,140,160,170,210,260,300,118313,13335,29,44.327261696616546,1.6472000279463828,296.23549996176735,24.813308765731577
1779029825,70,,Aggregated,148.400000,0.100000,29,45,60,71,110,140,160,170,210,260,300,118466,13335,29,44.327932185705606,1.6472000279463828,296.23549996176735,24.817660763425792
1779029826,70,,Aggregated,146.400000,0.200000,29,45,60,71,110,140,160,170,210,260,300,118614,13336,29,44.31699387181744,1.6472000279463828,296.23549996176735,24.82112566813361
1779029827,70,,Aggregated,148.000000,0.200000,29,45,60,71,110,140,160,170,210,260,300,118764,13336,29,44.32022181815778,1.6472000279463828,296.23549996176735,24.822572496716177
1779029828,70,,Aggregated,146.300000,0.300000,29,45,60,71,110,140,160,170,210,260,300,118914,13336,29,44.32590729276442,1.6472000279463828,296.23549996176735,24.827951292530738
1779029829,70,,Aggregated,147.500000,0.300000,29,45,60,71,110,140,160,170,210,260,300,119068,13337,29,44.32076326394752,1.6472000279463828,296.23549996176735,24.832625054590654
1779029830,70,,Aggregated,146.900000,0.300000,29,45,60,71,110,140,160,170,210,260,300,119218,13337,29,44.321938229223626,1.6472000279463828,296.23549996176735,24.837054807159994
1779029831,70,,Aggregated,146.500000,0.300000,29,45,60,71,110,140,160,170,210,260,300,119361,13337,29,44.31368246756401,1.6472000279463828,296.23549996176735,24.84165682258024
1779029832,70,,Aggregated,146.600000,0.300000,29,45,60,71,110,140,160,170,210,260,300,119510,13337,29,44.31179294963552,1.6472000279463828,296.23549996176735,24.8464479959836
1779029833,70,,Aggregated,147.700000,0.300000,29,45,60,71,110,140,160,170,210,260,300,119647,13337,29,44.31870920383103,1.6472000279463828,296.23549996176735,24.845545646777605
1779029834,70,,Aggregated,147.200000,0.300000,29,45,59,71,110,140,160,170,210,260,300,119804,13337,29,44.31376783505129,1.6472000279463828,296.23549996176735,24.850839704851257
1779029835,70,,Aggregated,147.000000,0.300000,29,45,59,71,110,140,160,170,210,260,300,119951,13337,29,44.30237022959535,1.6472000279463828,296.23549996176735,24.854373869329976
1779029836,70,,Aggregated,147.500000,0.200000,29,45,59,71,110,140,160,170,210,250,300,120097,13338,29,44.29584492460496,1.6472000279463828,296.23549996176735,24.860271280714755
1779029837,70,,Aggregated,147.600000,0.200000,29,45,59,71,110,140,160,170,210,250,300,120252,13338,29,44.29858912375938,1.6472000279463828,296.23549996176735,24.863436782756214
1779029838,70,,Aggregated,147.900000,0.200000,29,45,59,71,110,140,160,170,210,250,300,120399,13338,29,44.29510489630414,1.6472000279463828,296.23549996176735,24.86644407345576
1779029839,70,,Aggregated,147.700000,0.200000,29,45,59,71,110,140,160,170,210,250,300,120546,13338,29,44.293326110444774,1.6472000279463828,296.23549996176735,24.86919516201284
1779029840,70,,Aggregated,147.600000,0.200000,29,45,59,71,110,140,160,170,210,250,300,120691,13338,29,44.2910361171067,1.6472000279463828,296.23549996176735,24.873917690631448
1779029841,70,,Aggregated,147.600000,0.100000,29,45,59,71,110,140,160,170,210,250,300,120845,13338,29,44.29463570201424,1.6472000279463828,296.23549996176735,24.877760767925857
1779029842,70,,Aggregated,147.300000,0.100000,29,45,59,71,110,140,160,170,210,250,300,120983,13338,29,44.283180358479626,1.6472000279463828,296.23549996176735,24.882710794078506
1779029843,70,,Aggregated,147.300000,0.100000,29,45,59,71,110,140,160,170,210,250,300,121153,13338,29,44.272803858837676,1.6472000279463828,296.23549996176735,24.88842207786848
1779029844,70,,Aggregated,148.200000,0.100000,29,45,59,71,110,140,160,170,210,250,300,121290,13338,29,44.274543869320055,1.6472000279463828,296.23549996176735,24.893321790749443
1779029845,70,,Aggregated,148.100000,0.100000,29,45,59,71,110,140,160,170,210,250,300,121433,13339,29,44.27190097346281,1.6472000279463828,296.23549996176735,24.89692258282345
1779029846,70,,Aggregated,148.900000,0.100000,29,45,59,71,110,140,160,170,210,250,300,121579,13340,29,44.27568120407658,1.6472000279463828,296.23549996176735,24.90062428544403
1779029847,70,,Aggregated,148.400000,0.100000,29,45,59,71,110,140,160,170,210,250,300,121727,13340,29,44.27678055411331,1.6472000279463828,296.23549996176735,24.905214126693338
1779029848,70,,Aggregated,148.200000,0.100000,29,45,59,71,110,140,160,170,210,250,300,121872,13341,29,44.27734001994465,1.6472000279463828,296.23549996176735,24.9074684915321
1779029849,70,,Aggregated,146.000000,0.200000,29,45,59,71,110,140,160,170,210,250,300,122012,13341,29,44.27990741903121,1.6472000279463828,296.23549996176735,24.90984493328525
1779029850,70,,Aggregated,147.700000,0.200000,29,45,59,71,110,140,160,170,210,250,300,122164,13341,29,44.31117397032975,1.6472000279463828,296.23549996176735,24.911610621787105
1779029851,70,,Aggregated,146.300000,0.300000,29,45,59,71,110,140,160,170,210,250,300,122316,13341,29,44.317235853128,1.6472000279463828,296.23549996176735,24.917050917296184
1779029852,70,,Aggregated,145.600000,0.300000,29,45,59,71,110,140,160,170,210,250,300,122483,13419,29,44.29736469641907,1.6472000279463828,296.23549996176735,24.902574234791768
1779029853,70,,Aggregated,145.400000,0.300000,29,45,59,71,110,140,160,170,210,250,300,122644,13580,29,44.248434950849074,1.6472000279463828,296.23549996176735,24.86988356544144
1779029854,70,,Aggregated,145.100000,0.300000,29,45,59,71,110,140,160,170,210,250,300,122804,13731,29,44.20575458301267,1.6472000279463828,296.23549996176735,24.83942705449334
1779029855,70,,Aggregated,148.000000,10.700000,29,45,59,71,110,140,160,170,210,250,300,122960,13867,29,44.16444042706573,1.6472000279463828,296.23549996176735,24.812483734547822
1779029856,70,,Aggregated,149.700000,27.600000,29,44,59,71,110,140,160,170,210,250,300,123114,14001,29,44.123652521332424,1.6472000279463828,296.23549996176735,24.7860113390841
1779029857,70,,Aggregated,149.600000,41.500000,29,44,59,71,110,140,160,170,210,250,300,123277,14137,29,44.082669296881,1.6472000279463828,296.23549996176735,24.760036340923286
1779029858,70,,Aggregated,151.800000,55.600000,29,44,59,71,110,140,160,170,210,250,300,123436,14265,29,44.04791983628234,1.6472000279463828,296.23549996176735,24.73520690884345
1779029859,70,,Aggregated,154.200000,69.300000,29,44,59,71,110,140,160,170,210,250,300,123614,14399,29,44.014989329778835,1.6472000279463828,296.23549996176735,24.709102528839775
1779029860,70,,Aggregated,153.100000,82.100000,29,44,59,71,110,140,160,170,210,250,300,123755,14497,29,43.98461387104752,1.6472000279463828,296.23549996176735,24.690307462324753
1779029861,70,,Aggregated,156.400000,95.800000,29,44,59,71,110,140,160,170,210,250,300,123910,14599,29,43.95982142854525,1.6472000279463828,296.23549996176735,24.672278266483737
1779029862,70,,Aggregated,158.100000,107.300000,29,44,59,71,110,140,160,170,210,250,300,124070,14701,29,43.930438253492376,1.6472000279463828,296.23549996176735,24.652857257999518
1779029863,70,,Aggregated,158.700000,117.900000,29,44,59,71,110,140,160,170,210,250,300,124218,14793,29,43.90961643892776,1.6472000279463828,296.23549996176735,24.636035035180086
1779029864,70,,Aggregated,159.600000,127.900000,29,44,59,71,110,140,160,170,210,250,300,124376,14882,29,43.87572851282304,1.6472000279463828,296.23549996176735,24.620811088956067
1779029865,70,,Aggregated,156.900000,126.300000,29,44,59,71,110,140,160,170,210,250,300,124528,14949,29,43.849932648165705,1.6472000279463828,296.23549996176735,24.60993511499422
1779029866,70,,Aggregated,156.300000,120.200000,29,44,59,70,110,140,160,170,210,250,300,124686,15031,29,43.82196780641857,1.6472000279463828,296.23549996176735,24.596257799592575
1779029867,70,,Aggregated,157.400000,114.500000,28,44,59,70,110,140,160,170,210,250,300,124842,15100,28,43.79915045987022,1.6472000279463828,296.23549996176735,24.58373784463562
1779029868,70,,Aggregated,155.800000,106.700000,28,44,59,70,110,140,160,170,210,250,300,124992,15164,28,43.77762768026351,1.6472000279463828,296.23549996176735,24.57269265232975
1779029869,70,,Aggregated,155.600000,99.900000,28,44,59,70,110,140,160,170,210,250,300,125150,15219,28,43.76630341679375,1.6472000279463828,296.23549996176735,24.56509788254095
1779029870,70,,Aggregated,156.600000,94.100000,28,44,59,70,110,140,160,170,210,250,300,125298,15250,28,43.76192867174182,1.6472000279463828,296.23549996176735,24.56169292406902
1779029871,70,,Aggregated,154.200000,86.500000,28,44,59,70,110,140,160,170,210,250,300,125460,15297,28,43.74203505110843,1.6472000279463828,296.23549996176735,24.55659174238801
1779029872,70,,Aggregated,153.700000,80.500000,28,44,59,70,110,140,160,170,210,250,300,125611,15338,28,43.734687501989306,1.6472000279463828,296.23549996176735,24.551934145894865
1779029873,70,,Aggregated,153.300000,73.000000,28,44,59,70,110,140,160,170,210,250,300,125761,15384,28,43.72135721656074,1.6472000279463828,296.23549996176735,24.544087594723326
1779029874,70,,Aggregated,153.900000,67.700000,28,44,59,70,110,140,160,170,210,250,300,125932,15405,28,43.72587778969569,1.6472000279463828,296.23549996176735,24.539751611981067
1779029875,70,,Aggregated,153.900000,63.000000,28,44,59,70,110,140,160,170,210,250,300,126079,15408,28,43.72012722667665,1.6472000279463828,296.23549996176735,24.54384949119203
1779029876,70,,Aggregated,153.300000,56.800000,28,44,59,70,110,140,160,170,210,250,300,126230,15426,28,43.72439770428531,1.6472000279463828,296.23549996176735,24.543618791095618
1779029877,70,,Aggregated,153.600000,50.700000,28,44,59,70,110,140,160,170,210,250,300,126371,15430,28,43.72033037019491,1.6472000279463828,296.23549996176735,24.5458372569656
1779029878,70,,Aggregated,153.900000,44.600000,28,44,59,70,110,140,160,170,210,250,300,126520,15442,28,43.734745902721244,1.6472000279463828,296.23549996176735,24.543431868479292
1779029879,70,,Aggregated,153.100000,39.400000,28,44,59,70,110,140,160,170,210,250,300,126662,15443,28,43.73187646186101,1.6472000279463828,296.23549996176735,24.546517503276437
1779029880,70,,Aggregated,150.700000,32.800000,28,44,59,70,110,140,160,170,210,250,300,126804,15444,28,43.738708743514614,1.6472000279463828,296.23549996176735,24.548255575533894
1779029881,70,,Aggregated,151.400000,27.800000,28,44,59,70,110,140,160,170,210,250,300,126952,15457,28,43.73013812947286,1.6472000279463828,296.23549996176735,24.55022370659777
1779029882,70,,Aggregated,149.900000,22.400000,28,44,59,70,110,140,160,170,210,250,300,127105,15471,28,43.72426995800422,1.6472000279463828,296.23549996176735,24.550993273278
1779029883,70,,Aggregated,149.800000,19.400000,28,44,59,70,110,140,160,170,210,250,300,127254,15472,28,43.732337134486684,1.6472000279463828,296.23549996176735,24.55659547047637
1779029884,70,,Aggregated,148.400000,16.000000,28,44,59,70,110,140,160,170,210,250,300,127392,15473,28,43.72828412704514,1.6472000279463828,296.23549996176735,24.560168613413715
1779029885,70,,Aggregated,149.300000,13.300000,28,44,59,70,110,140,160,170,210,250,300,127544,15473,28,43.72279656285209,1.6472000279463828,296.23549996176735,24.56746691337891
1779029886,70,,Aggregated,148.500000,8.800000,28,44,59,70,110,140,160,170,210,250,300,127693,15473,28,43.73149391519248,1.6472000279463828,296.23549996176735,24.56983546474748
1779029887,70,,Aggregated,145.700000,6.800000,28,44,59,70,110,140,160,170,210,250,300,127847,15473,28,43.72925163526089,1.6472000279463828,296.23549996176735,24.5754065406306
1779029888,70,,Aggregated,146.200000,6.500000,28,44,59,70,110,140,160,170,210,250,300,128005,15488,28,43.726184559301906,1.6472000279463828,296.23549996176735,24.575711886254442
1779029889,70,,Aggregated,145.900000,4.700000,28,44,59,70,110,140,160,170,210,250,300,128150,15494,28,43.723085158120405,1.6472000279463828,296.23549996176735,24.578119391338277
1779029891,70,,Aggregated,147.600000,4.300000,28,44,59,70,110,140,160,170,210,250,300,128306,15508,28,43.71791321460176,1.6472000279463828,296.23549996176735,24.5793103985784
1779029892,70,,Aggregated,147.900000,4.600000,28,44,59,70,110,140,160,170,210,250,300,128466,15527,28,43.708581175661266,1.6472000279463828,296.23549996176735,24.578199679292574
1779029893,70,,Aggregated,149.700000,6.400000,28,44,59,70,110,140,160,170,210,250,300,128628,15548,28,43.705627259326775,1.6472000279463828,296.23549996176735,24.578917498522873
1779029894,70,,Aggregated,149.700000,6.400000,28,44,59,70,110,140,160,170,210,250,300,128760,15548,28,43.707698709324745,1.6472000279463828,296.23549996176735,24.582634358496428
1779029895,70,,Aggregated,151.600000,7.700000,28,44,59,70,110,140,160,170,210,250,300,128904,15551,28,43.70921452408442,1.6472000279463828,296.23549996176735,24.587010488425495
1779029896,70,,Aggregated,150.100000,7.600000,28,44,59,70,110,140,160,170,210,250,300,129064,15564,28,43.69982724394544,1.6472000279463828,296.23549996176735,24.588746668319594
1779029897,70,,Aggregated,150.600000,7.800000,28,44,59,70,110,140,160,170,210,250,300,129211,15581,28,43.697706637302794,1.6472000279463828,296.23549996176735,24.588014952287345
1779029898,70,,Aggregated,151.600000,9.100000,28,44,59,70,110,140,160,170,210,250,300,129353,15590,28,43.69886623048649,1.6472000279463828,296.23549996176735,24.58781783182454
1779029899,70,,Aggregated,151.600000,10.800000,28,44,59,70,110,140,160,170,210,250,300,129514,15596,28,43.705387702585476,1.6472000279463828,296.23549996176735,24.590090646571028
1779029900,70,,Aggregated,149.900000,11.700000,28,44,59,70,110,140,160,170,210,250,300,129664,15608,28,43.694942110475274,1.6472000279463828,296.23549996176735,24.59284766781836
1779029901,70,,Aggregated,150.400000,10.800000,28,44,59,70,110,140,160,170,210,250,300,129795,15608,28,43.707063320718106,1.6472000279463828,296.23549996176735,24.59602450017335
1779029902,70,,Aggregated,150.500000,11.400000,28,44,59,70,110,140,160,170,210,250,300,129948,15620,28,43.701238487028576,1.6472000279463828,296.23549996176735,24.597185027857297
1779029903,70,,Aggregated,148.600000,10.000000,28,44,59,70,110,140,160,170,210,250,300,130101,15621,28,43.696689574350586,1.6472000279463828,296.23549996176735,24.602601056102568
1779029904,70,,Aggregated,147.200000,9.300000,28,44,59,70,110,140,160,170,210,250,300,130251,15625,28,43.68836974543758,1.6472000279463828,296.23549996176735,24.6065903524733
1779029905,70,,Aggregated,147.100000,7.300000,28,44,59,70,110,140,160,170,210,250,300,130404,15640,28,43.68276076434348,1.6472000279463828,296.23549996176735,24.606752860341707
1779029906,70,,Aggregated,148.400000,7.700000,28,44,59,70,110,140,160,170,210,250,300,130551,15653,28,43.670586476647905,1.6472000279463828,296.23549996176735,24.607417790748443
1779029907,70,,Aggregated,149.400000,8.900000,28,44,59,70,110,140,160,170,210,250,300,130695,15658,28,43.658494189625905,1.6472000279463828,296.23549996176735,24.61167603963426
1779029908,70,,Aggregated,147.400000,8.900000,28,44,59,70,110,140,160,170,210,250,300,130849,15658,28,43.672330061469374,1.6472000279463828,296.23549996176735,24.61470855719188
1779029909,70,,Aggregated,147.600000,7.700000,28,44,59,70,110,140,160,170,210,250,300,130997,15659,28,43.66511448516668,1.6472000279463828,296.23549996176735,24.61712863653366
1779029910,70,,Aggregated,149.200000,6.800000,28,44,59,70,110,140,160,170,210,250,300,131147,15663,28,43.660466812150524,1.6472000279463828,296.23549996176735,24.62138668822009
1779029911,70,,Aggregated,147.600000,6.300000,28,44,59,70,110,140,160,170,210,250,300,131291,15666,28,43.6724251701431,1.6472000279463828,296.23549996176735,24.622099001454785
1779029912,70,,Aggregated,147.400000,5.500000,28,44,59,70,110,140,160,170,210,250,300,131447,15678,28,43.669477564446815,1.6472000279463828,296.23549996176735,24.624586335176915
1779029913,70,,Aggregated,148.400000,5.800000,28,44,59,70,110,140,160,170,210,250,300,131594,15691,28,43.676478889720656,1.6472000279463828,296.23549996176735,24.62523367326778
1779029914,70,,Aggregated,149.800000,5.800000,28,44,59,70,110,140,160,170,210,250,300,131741,15691,28,43.66900174823508,1.6472000279463828,296.23549996176735,24.630540226656848
1779029915,70,,Aggregated,148.700000,7.000000,28,44,59,70,110,140,160,170,210,250,300,131889,15691,28,43.66461685973423,1.6472000279463828,296.23549996176735,24.633570654110652
1779029916,70,,Aggregated,147.900000,6.600000,28,44,59,70,110,140,160,170,210,250,300,132047,15691,28,43.66282202104752,1.6472000279463828,296.23549996176735,24.636477920740344
1779029917,70,,Aggregated,148.200000,5.100000,28,44,59,70,110,140,160,170,210,250,300,132196,15692,28,43.66060631724104,1.6472000279463828,296.23549996176735,24.64004205876123
1779029918,70,,Aggregated,148.700000,3.800000,28,44,59,70,110,140,160,170,210,250,300,132343,15692,28,43.663424210681725,1.6472000279463828,296.23549996176735,24.643562560921243
1779029919,70,,Aggregated,148.400000,3.400000,28,44,59,70,110,140,160,170,210,250,300,132474,15692,28,43.65496285621458,1.6472000279463828,296.23549996176735,24.647206244244153
1779029920,70,,Aggregated,147.600000,3.400000,28,44,59,70,110,140,160,170,210,250,300,132629,15692,28,43.657186429925396,1.6472000279463828,296.23549996176735,24.64860626258209
1779029921,70,,Aggregated,147.100000,3.300000,28,44,59,70,110,140,160,170,210,250,300,132770,15692,28,43.66275086250328,1.6472000279463828,296.23549996176735,24.651359493861566
1779029922,70,,Aggregated,147.200000,2.900000,28,44,59,70,110,140,160,170,210,250,300,132930,15692,28,43.6666598556721,1.6472000279463828,296.23549996176735,24.65433686902881
1779029923,70,,Aggregated,147.200000,2.600000,28,44,59,70,110,140,160,170,210,250,300,133076,15692,28,43.665516891211055,1.6472000279463828,296.23549996176735,24.658217860470707
1779029924,70,,Aggregated,147.100000,1.400000,28,44,59,70,110,140,160,170,210,250,300,133227,15698,28,43.65235570128207,1.6472000279463828,296.23549996176735,24.663566694438813
1779029925,70,,Aggregated,147.200000,0.100000,28,44,59,70,110,140,160,170,210,250,300,133389,15713,28,43.6443173973519,1.6472000279463828,296.23549996176735,24.66543717997736
1779029926,70,,Aggregated,148.200000,0.700000,28,44,59,70,110,140,160,170,210,250,300,133534,15715,28,43.63590670328131,1.6472000279463828,296.23549996176735,24.668354127038807
1779029927,70,,Aggregated,149.100000,2.200000,28,44,59,70,110,140,160,170,210,250,300,133670,15723,28,43.64326789942521,1.6472000279463828,296.23549996176735,24.667823745043766
1779029928,70,,Aggregated,148.500000,2.400000,28,44,59,70,110,140,160,170,210,250,300,133814,15723,28,43.646445795778014,1.6472000279463828,296.23549996176735,24.671387149326677
1779029929,70,,Aggregated,147.900000,3.100000,28,44,59,70,110,140,160,170,210,250,300,133966,15724,28,43.646021520511326,1.6472000279463828,296.23549996176735,24.674820476837407
1779029930,70,,Aggregated,147.500000,3.100000,28,44,59,70,110,140,160,170,210,250,300,134112,15725,28,43.63810460150509,1.6472000279463828,296.23549996176735,24.680244869959438
1779029931,70,,Aggregated,148.400000,3.200000,28,44,59,70,110,140,160,170,210,250,300,134265,15726,28,43.64332868221132,1.6472000279463828,296.23549996176735,24.683774624809146
1779029932,70,,Aggregated,148.700000,3.300000,28,44,59,70,110,140,160,170,210,250,300,134413,15734,28,43.64303434799495,1.6472000279463828,296.23549996176735,24.68477007432317
1779029933,70,,Aggregated,148.900000,3.300000,28,44,59,70,110,140,160,170,210,250,300,134563,15734,28,43.65131440899175,1.6472000279463828,296.23549996176735,24.685307253851356
1779029934,70,,Aggregated,148.400000,4.200000,28,44,59,70,110,140,160,170,210,250,300,134710,15734,28,43.65381756526634,1.6472000279463828,296.23549996176735,24.689703808180536
1779029935,70,,Aggregated,147.800000,4.200000,28,44,59,70,110,140,160,170,210,250,300,134857,15734,28,43.66090511443098,1.6472000279463828,296.23549996176735,24.692570648909587
1779029936,70,,Aggregated,147.900000,3.600000,28,44,59,70,110,140,160,170,210,250,300,135007,15734,28,43.66521273279853,1.6472000279463828,296.23549996176735,24.693675142770374
1779029937,70,,Aggregated,145.500000,2.100000,28,44,59,70,110,140,160,170,210,250,300,135160,15734,28,43.65852532566577,1.6472000279463828,296.23549996176735,24.69603432968334
1779029938,70,,Aggregated,146.200000,1.900000,28,44,59,70,110,140,160,170,210,250,300,135306,15734,28,43.650819011845336,1.6472000279463828,296.23549996176735,24.700641508876178
1779029939,70,,Aggregated,147.200000,1.100000,28,44,59,70,110,140,160,170,210,250,300,135462,15735,28,43.66215561276537,1.6472000279463828,296.23549996176735,24.70318613338058
1779029940,70,,Aggregated,147.900000,1.100000,28,44,59,70,110,140,160,170,210,250,300,135604,15735,28,43.672477221295516,1.6472000279463828,296.23549996176735,24.70567977345801
1779029941,70,,Aggregated,147.900000,1.100000,28,44,59,70,110,140,160,170,210,250,300,135751,15735,28,43.700504822182936,1.6472000279463828,296.23549996176735,24.707015049612895
1779029942,70,,Aggregated,148.000000,1.000000,28,44,59,70,110,140,160,170,210,250,300,135901,15735,28,43.6987150757958,1.6472000279463828,296.23549996176735,24.709891759442534
1779029943,70,,Aggregated,147.900000,1.000000,28,44,59,70,110,140,160,170,210,250,300,136053,15735,28,43.70179997438966,1.6472000279463828,296.23549996176735,24.712626696948984
1779029944,70,,Aggregated,146.900000,0.100000,28,44,59,70,110,140,160,170,210,250,300,136208,15735,28,43.70027576659046,1.6472000279463828,296.23549996176735,24.71548660871608
1779029945,70,,Aggregated,147.600000,0.100000,28,44,59,70,110,140,160,170,210,250,300,136351,15735,28,43.70186763291462,1.6472000279463828,296.23549996176735,24.719239316176633
1779029946,70,,Aggregated,148.100000,0.100000,28,44,59,70,110,140,160,170,210,250,300,136511,15735,28,43.702194722146054,1.6472000279463828,296.23549996176735,24.721341137344243
1779029947,70,,Aggregated,148.800000,0.100000,28,44,59,70,110,140,160,170,210,250,300,136659,15735,28,43.6956364638655,1.6472000279463828,296.23549996176735,24.724021103622885
1779029948,70,,Aggregated,148.800000,0.100000,28,44,59,70,110,140,160,170,210,250,300,136805,15736,28,43.69891510409024,1.6472000279463828,296.23549996176735,24.7267643726472
1779029949,70,,Aggregated,149.700000,0.100000,28,44,59,70,110,140,160,170,210,250,300,136956,15739,28,43.69761711290207,1.6472000279463828,296.23549996176735,24.730256432722918
1779029950,70,,Aggregated,149.000000,0.200000,28,44,59,70,110,140,160,170,210,250,300,137112,15739,28,43.70756423956223,1.6472000279463828,296.23549996176735,24.73229184899936
1779029951,70,,Aggregated,149.400000,0.200000,28,44,59,70,110,140,160,170,210,250,300,137267,15752,28,43.71541419360923,1.6472000279463828,296.23549996176735,24.733781608106828
1779029952,70,,Aggregated,149.600000,0.400000,28,44,59,70,110,140,160,170,210,250,300,137427,15761,28,43.714837983179876,1.6472000279463828,296.23549996176735,24.73506661718585
1779029953,70,,Aggregated,150.800000,1.700000,28,44,59,70,110,140,160,170,210,250,300,137575,15770,28,43.709921397889815,1.6472000279463828,296.23549996176735,24.735780483372707
1779029954,70,,Aggregated,151.200000,2.500000,28,44,59,70,110,140,160,170,210,250,300,137722,15781,28,43.698648388892195,1.6472000279463828,296.23549996176735,24.73691930120097
1779029955,70,,Aggregated,150.800000,3.500000,28,44,59,70,110,140,160,170,210,250,300,137880,15792,28,43.68434471217863,1.6472000279463828,296.23549996176735,24.741021177835798
1779029956,70,,Aggregated,151.000000,4.600000,28,44,59,70,110,140,160,170,210,250,300,138031,15793,28,43.677410688286656,1.6472000279463828,296.23549996176735,24.74344893538408
1779029957,70,,Aggregated,152.800000,5.700000,28,44,59,70,110,140,160,170,210,250,300,138168,15793,28,43.692794110903165,1.6472000279463828,296.23549996176735,24.744217184876383
1779029958,70,,Aggregated,152.400000,5.800000,28,44,59,70,110,140,160,170,210,250,300,138326,15794,28,43.69852200248115,1.6472000279463828,296.23549996176735,24.747921576565506
1779029959,70,,Aggregated,151.100000,5.800000,28,44,59,70,110,140,160,170,210,250,300,138460,15794,28,43.6970070902438,1.6472000279463828,296.23549996176735,24.751430015889067
1779029960,70,,Aggregated,151.500000,5.800000,28,44,59,70,110,140,160,170,210,250,300,138594,15794,28,43.71572713187511,1.6472000279463828,296.23549996176735,24.754289507482287
1779029961,70,,Aggregated,150.400000,5.700000,28,44,59,70,110,140,160,170,210,250,300,138748,15795,28,43.719145218783375,1.6472000279463828,296.23549996176735,24.75743794505146
1779029962,70,,Aggregated,148.500000,5.500000,28,44,59,70,110,140,160,170,210,250,300,138892,15795,28,43.717783650720875,1.6472000279463828,296.23549996176735,24.761130950666704
1779029963,70,,Aggregated,147.500000,4.200000,28,44,59,70,110,140,160,170,210,250,300,139040,15796,28,43.703467753276996,1.6472000279463828,296.23549996176735,24.765837169159955
1779029964,70,,Aggregated,147.100000,3.500000,28,44,59,70,110,140,160,170,210,250,300,139193,15796,28,43.70544727906979,1.6472000279463828,296.23549996176735,24.76898981989037
1779029965,70,,Aggregated,147.300000,2.600000,28,44,59,70,110,140,160,170,210,250,300,139346,15796,28,43.70303376713796,1.6472000279463828,296.23549996176735,24.77208531281845
1779029966,70,,Aggregated,146.900000,1.500000,28,44,59,70,110,140,160,170,210,250,300,139489,15796,28,43.71224513771734,1.6472000279463828,296.23549996176735,24.775602377248386
1779029967,70,,Aggregated,145.200000,0.400000,28,44,59,70,110,140,160,170,210,250,300,139626,15796,28,43.70783087401546,1.6472000279463828,296.23549996176735,24.778121553292365
1779029968,70,,Aggregated,145.200000,0.300000,28,44,59,70,110,140,160,170,210,250,300,139785,15796,28,43.69991304442836,1.6472000279463828,296.23549996176735,24.78215116071109
1779029969,70,,Aggregated,146.100000,0.300000,28,44,59,70,110,140,160,170,210,250,300,139942,15796,28,43.70603521112577,1.6472000279463828,296.23549996176735,24.78521101599234
1779029970,70,,Aggregated,145.400000,0.200000,28,44,59,70,110,140,160,170,210,250,300,140080,15796,28,43.71142888003803,1.6472000279463828,296.23549996176735,24.78853512278698
1779029971,70,,Aggregated,147.000000,0.200000,28,44,59,70,110,140,160,170,210,250,300,140225,15796,28,43.722254008310756,1.6472000279463828,296.23549996176735,24.79193439115707
1779029972,70,,Aggregated,148.700000,0.200000,28,44,59,70,110,140,160,170,210,250,300,140391,15817,28,43.723631841896825,1.6472000279463828,296.23549996176735,24.79360500316972
1779029973,70,,Aggregated,148.000000,0.200000,28,44,59,70,110,140,160,170,210,250,300,140561,15939,28,43.69209495461277,1.6472000279463828,296.23549996176735,24.773144755657686
1779029974,70,,Aggregated,148.700000,0.200000,28,44,59,70,110,140,160,170,210,250,300,140716,16094,28,43.65186575311564,1.6472000279463828,296.23549996176735,24.74585690326615
1779029975,70,,Aggregated,150.100000,7.700000,28,44,59,70,110,140,160,170,210,250,300,140892,16261,28,43.61129759756,1.6472000279463828,296.23549996176735,24.716591431734948
1779029976,70,,Aggregated,152.100000,24.700000,28,44,58,70,110,140,160,170,210,250,300,141060,16409,28,43.57805971016538,1.6472000279463828,296.23549996176735,24.69069899333617
1779029977,70,,Aggregated,153.600000,39.800000,28,44,58,70,110,140,160,170,210,250,300,141219,16548,28,43.54500095677956,1.6472000279463828,296.23549996176735,24.666645423066303
1779029978,70,,Aggregated,155.400000,54.200000,28,44,58,70,110,140,160,170,210,250,300,141384,16689,28,43.51469880832,1.6472000279463828,296.23549996176735,24.642024557234198
1779029979,70,,Aggregated,156.500000,68.700000,28,44,58,70,110,140,160,170,210,250,300,141540,16808,28,43.48570933174729,1.6472000279463828,296.23549996176735,24.622474212236824
1779029980,70,,Aggregated,157.700000,81.600000,28,44,58,70,110,140,160,170,210,250,300,141693,16921,28,43.456790171819385,1.6472000279463828,296.23549996176735,24.603064371563875
1779029981,70,,Aggregated,158.100000,94.400000,28,44,58,70,110,140,160,170,210,250,300,141848,17031,28,43.429583820823225,1.6472000279463828,296.23549996176735,24.58440725283402
1779029982,70,,Aggregated,158.900000,106.000000,28,44,58,70,110,140,160,170,210,250,300,141990,17121,28,43.40784912611165,1.6472000279463828,296.23549996176735,24.569025987745615
1779029983,70,,Aggregated,160.400000,117.300000,28,44,58,70,110,140,160,170,210,250,300,142151,17222,28,43.38250910030075,1.6472000279463828,296.23549996176735,24.5535311042483
1779029984,70,,Aggregated,159.800000,126.400000,28,44,58,70,110,140,160,170,210,250,300,142297,17311,28,43.367983203557884,1.6472000279463828,296.23549996176735,24.539308629134837
1779029985,70,,Aggregated,158.900000,128.200000,28,43,58,70,110,140,160,170,210,250,300,142462,17401,28,43.344870981153754,1.6472000279463828,296.23549996176735,24.52625261473235
1779029986,70,,Aggregated,156.700000,120.700000,28,43,58,70,110,140,160,170,210,250,300,142612,17465,28,43.33299511133051,1.6472000279463828,296.23549996176735,24.516877962583795
1779029987,70,,Aggregated,156.700000,113.900000,28,43,58,70,110,140,160,170,210,250,300,142765,17527,28,43.31676818840271,1.6472000279463828,296.23549996176735,24.50957867824747
1779029988,70,,Aggregated,155.700000,107.100000,28,43,58,70,110,140,160,170,210,250,300,142908,17580,28,43.30217143699093,1.6472000279463828,296.23549996176735,24.502519103199262
1779029989,70,,Aggregated,154.200000,98.400000,28,43,58,70,110,140,160,170,210,250,300,143059,17638,28,43.28948962188652,1.6472000279463828,296.23549996176735,24.494886725057494
1779029990,70,,Aggregated,152.900000,91.500000,28,43,58,70,110,140,160,170,210,250,300,143209,17675,28,43.2854669267825,1.6472000279463828,296.23549996176735,24.490339294318094
1779029991,70,,Aggregated,151.300000,84.000000,28,43,58,70,110,140,160,170,210,250,300,143371,17730,28,43.28939179762576,1.6472000279463828,296.23549996176735,24.483940266860102
1779029992,70,,Aggregated,151.300000,78.200000,28,43,58,70,110,140,160,170,210,250,300,143523,17767,28,43.27938082200904,1.6472000279463828,296.23549996176735,24.48171373229378
1779029993,70,,Aggregated,151.300000,70.600000,28,43,58,70,110,140,160,170,210,250,300,143676,17798,28,43.2796140198615,1.6472000279463828,296.23549996176735,24.480664829199032
1779029994,70,,Aggregated,151.500000,66.900000,28,43,58,70,110,140,160,170,210,250,300,143821,17813,28,43.28132728820742,1.6472000279463828,296.23549996176735,24.480632174717183
1779029995,70,,Aggregated,152.100000,61.200000,28,43,58,70,110,140,160,170,210,250,300,143982,17835,28,43.27700498199479,1.6472000279463828,296.23549996176735,24.480448945007016
1779029996,70,,Aggregated,151.100000,54.800000,28,43,58,70,110,140,160,170,210,250,300,144130,17839,28,43.27552673987302,1.6472000279463828,296.23549996176735,24.48327898425033
1779029997,70,,Aggregated,151.000000,48.100000,28,43,58,70,110,140,160,170,210,250,300,144281,17853,28,43.27777312478873,1.6472000279463828,296.23549996176735,24.483563324346242
1779029998,70,,Aggregated,150.400000,42.600000,28,43,58,70,110,140,160,170,210,250,300,144438,17863,28,43.282534631588916,1.6472000279463828,296.23549996176735,24.48624323239037
1779029999,70,,Aggregated,150.600000,37.300000,28,43,58,70,110,140,160,170,210,250,300,144591,17886,28,43.27409640238818,1.6472000279463828,296.23549996176735,24.48523075433464
1779030000,70,,Aggregated,151.700000,32.700000,28,43,58,70,110,140,160,170,210,250,300,144745,17892,28,43.26983374705466,1.6472000279463828,296.23549996176735,24.4883899271132
1779030001,70,,Aggregated,152.000000,28.300000,28,43,58,70,110,140,160,170,210,250,300,144887,17902,28,43.279204535381396,1.6472000279463828,296.23549996176735,24.488663579203102
1779030002,70,,Aggregated,152.400000,24.800000,28,43,58,70,110,140,160,170,210,250,300,145038,17905,28,43.28922538726064,1.6472000279463828,296.23549996176735,24.49127814779575
1779030003,70,,Aggregated,151.900000,21.700000,28,43,58,70,110,140,160,170,210,250,300,145202,17921,28,43.27803415460674,1.6472000279463828,296.23549996176735,24.49361579041611
1779030004,70,,Aggregated,151.900000,17.200000,28,43,58,70,110,140,160,170,210,250,300,145344,17922,28,43.276073968771165,1.6472000279463828,296.23549996176735,24.49568609643329
1779030005,70,,Aggregated,151.600000,13.800000,28,43,58,70,110,140,160,170,210,250,300,145484,17925,28,43.278695006437914,1.6472000279463828,296.23549996176735,24.49714745264084
1779030006,70,,Aggregated,152.000000,12.300000,28,43,58,70,110,140,160,170,210,250,300,145644,17937,28,43.28493760962762,1.6472000279463828,296.23549996176735,24.497397764411854
1779030007,70,,Aggregated,151.000000,10.800000,28,43,58,70,110,140,160,170,210,250,300,145796,17939,28,43.27802662293003,1.6472000279463828,296.23549996176735,24.501995939531948
1779030008,70,,Aggregated,151.000000,9.100000,28,43,58,70,110,140,160,170,210,250,300,145920,17939,28,43.278764547811036,1.6472000279463828,296.23549996176735,24.504666940789473
1779030009,70,,Aggregated,150.700000,9.700000,28,43,58,70,110,140,160,170,210,250,300,146075,17939,28,43.284597808086716,1.6472000279463828,296.23549996176735,24.5095327742598
1779030010,70,,Aggregated,150.800000,8.500000,28,43,58,70,110,140,160,170,210,250,300,146217,17939,28,43.29511778464029,1.6472000279463828,296.23549996176735,24.511513709076237
1779030011,70,,Aggregated,149.600000,7.600000,28,43,58,70,110,140,160,170,210,250,300,146366,17939,28,43.332739060414326,1.6472000279463828,296.23549996176735,24.51498298785237
1779030012,70,,Aggregated,148.300000,5.300000,28,43,58,70,110,140,160,170,210,250,300,146525,17941,28,43.335446469320516,1.6472000279463828,296.23549996176735,24.52019791844395
1779030013,70,,Aggregated,147.700000,4.700000,28,43,58,70,110,140,160,170,210,250,300,146678,17956,28,43.34007461185191,1.6472000279463828,296.23549996176735,24.520527959203154
1779030014,70,,Aggregated,147.000000,3.700000,28,43,58,70,110,140,160,170,210,250,300,146825,17962,28,43.33642988807838,1.6472000279463828,296.23549996176735,24.52406606504342
1779030015,70,,Aggregated,147.000000,3.600000,28,43,58,70,110,140,160,170,210,250,300,146966,17973,28,43.334102239412125,1.6472000279463828,296.23549996176735,24.525937972047956
1779030016,70,,Aggregated,147.500000,3.500000,28,43,58,70,110,140,160,170,210,250,300,147116,17985,28,43.33933687850077,1.6472000279463828,296.23549996176735,24.527624459610102
1779030017,70,,Aggregated,147.500000,4.000000,28,43,58,70,110,140,160,170,210,250,300,147261,17989,28,43.35148631149262,1.6472000279463828,296.23549996176735,24.529549575243955
1779030018,70,,Aggregated,147.400000,4.700000,28,43,58,70,110,140,160,170,210,250,300,147412,17997,28,43.352106800102426,1.6472000279463828,296.23549996176735,24.530852305104062
1779030019,70,,Aggregated,147.500000,4.800000,28,43,58,70,110,140,160,170,210,250,300,147557,18003,28,43.34187202177319,1.6472000279463828,296.23549996176735,24.53395636940301
1779030020,70,,Aggregated,146.400000,5.000000,28,43,58,70,110,140,160,170,210,250,300,147714,18026,28,43.33948761808267,1.6472000279463828,296.23549996176735,24.535433337395236
1779030021,70,,Aggregated,147.300000,5.800000,28,43,58,70,110,140,160,170,210,250,300,147865,18026,28,43.33350001770191,1.6472000279463828,296.23549996176735,24.540242789030536
1779030022,70,,Aggregated,147.100000,6.400000,28,43,58,70,110,140,160,170,210,250,300,148015,18047,28,43.32579122060023,1.6472000279463828,296.23549996176735,24.541404587372902
1779030023,70,,Aggregated,149.000000,8.700000,28,43,58,70,110,140,160,170,210,250,300,148163,18047,28,43.33711524886792,1.6472000279463828,296.23549996176735,24.54317879632567
1779030024,70,,Aggregated,149.100000,8.700000,28,43,58,70,110,140,160,170,210,250,300,148317,18055,28,43.33022645427073,1.6472000279463828,296.23549996176735,24.545210596222955
1779030025,70,,Aggregated,148.200000,10.600000,28,43,58,70,110,140,160,170,210,250,300,148463,18055,28,43.327293362105884,1.6472000279463828,296.23549996176735,24.54938267447108
1779030026,70,,Aggregated,148.200000,9.100000,28,43,58,70,110,140,160,170,210,250,300,148598,18056,28,43.33227355696793,1.6472000279463828,296.23549996176735,24.551736900900416
1779030027,70,,Aggregated,148.100000,9.300000,28,43,58,70,110,140,160,170,210,250,300,148748,18058,28,43.34220617029097,1.6472000279463828,296.23549996176735,24.55266625433619
1779030028,70,,Aggregated,147.900000,8.200000,28,43,58,70,110,140,160,170,210,250,300,148907,18062,28,43.34678808866189,1.6472000279463828,296.23549996176735,24.55581000221615
1779030029,70,,Aggregated,147.400000,7.100000,28,43,58,70,110,140,160,170,210,250,300,149059,18063,28,43.344379617591144,1.6472000279463828,296.23549996176735,24.560167450472633
1779030030,70,,Aggregated,148.500000,6.900000,28,43,58,70,110,140,160,170,210,250,300,149206,18070,28,43.35096816561308,1.6472000279463828,296.23549996176735,24.563462595337988
1779030031,70,,Aggregated,150.300000,6.500000,28,43,58,70,110,140,160,170,210,250,300,149350,18077,28,43.35818638445462,1.6472000279463828,296.23549996176735,24.565979243388014
1779030032,70,,Aggregated,149.100000,6.000000,28,43,58,70,110,140,160,170,210,250,300,149500,18084,28,43.3460957546372,1.6472000279463828,296.23549996176735,24.57038795986622
1779030033,70,,Aggregated,146.900000,4.400000,28,43,58,70,110,140,160,170,210,250,300,149645,18103,28,43.34500912171086,1.6472000279463828,296.23549996176735,24.56873266731264
1779030034,70,,Aggregated,148.400000,5.100000,28,43,58,70,110,140,160,170,210,250,300,149794,18105,28,43.337938378162704,1.6472000279463828,296.23549996176735,24.571745196736853
1779030035,70,,Aggregated,147.600000,3.700000,28,43,58,70,110,140,160,170,210,250,300,149948,18105,28,43.33601810639727,1.6472000279463828,296.23549996176735,24.57441246298717
1779030036,70,,Aggregated,147.600000,5.600000,28,43,58,70,110,140,160,170,210,250,300,150103,18105,28,43.330422408736325,1.6472000279463828,296.23549996176735,24.579435454321366
1779030037,70,,Aggregated,147.700000,5.000000,28,43,58,70,110,140,160,170,210,250,300,150252,18109,28,43.32991199664028,1.6472000279463828,296.23549996176735,24.582727684157284
1779030038,70,,Aggregated,148.700000,5.000000,28,43,58,70,110,140,160,170,210,250,300,150393,18109,28,43.32406520462443,1.6472000279463828,296.23549996176735,24.58529319848663
1779030039,70,,Aggregated,149.000000,4.900000,28,43,58,70,110,140,160,170,210,250,300,150542,18123,28,43.31867451554446,1.6472000279463828,296.23549996176735,24.585530948173933
1779030040,70,,Aggregated,149.100000,5.100000,28,43,58,70,110,140,160,170,210,250,300,150687,18123,28,43.34309360342371,1.6472000279463828,296.23549996176735,24.587383118649917
1779030041,70,,Aggregated,147.400000,4.700000,28,43,58,70,110,140,160,170,210,250,300,150841,18124,28,43.34598644280555,1.6472000279463828,296.23549996176735,24.590277179281497
1779030042,70,,Aggregated,148.200000,6.000000,28,43,58,70,110,140,160,170,210,250,300,150993,18124,28,43.341617565839925,1.6472000279463828,296.23549996176735,24.595193154649554
1779030043,70,,Aggregated,147.900000,5.300000,28,43,58,70,110,140,160,170,210,250,300,151154,18124,28,43.3285446426746,1.6472000279463828,296.23549996176735,24.601413128332695
1779030044,70,,Aggregated,148.300000,4.700000,28,43,58,70,110,140,160,170,210,250,300,151305,18128,28,43.32711982300204,1.6472000279463828,296.23549996176735,24.605148541026402
1779030045,70,,Aggregated,149.600000,4.000000,28,43,58,70,110,140,160,170,210,250,300,151449,18128,28,43.32005163797545,1.6472000279463828,296.23549996176735,24.60835000561245
1779030046,70,,Aggregated,150.600000,2.100000,28,43,58,70,110,140,160,170,210,250,300,151603,18129,28,43.31542195352084,1.6472000279463828,296.23549996176735,24.612962804166145
1779030047,70,,Aggregated,150.200000,2.300000,28,43,58,70,110,140,160,170,210,250,300,151753,18142,28,43.31683830118448,1.6472000279463828,296.23549996176735,24.612620508326028
1779030048,70,,Aggregated,148.900000,2.400000,28,43,58,70,110,140,160,170,210,250,300,151903,18145,28,43.30734589849736,1.6472000279463828,296.23549996176735,24.616847593530082
1779030049,70,,Aggregated,149.800000,2.400000,28,43,58,70,110,140,160,170,210,250,300,152049,18145,28,43.310484286774965,1.6472000279463828,296.23549996176735,24.619589737518826
1779030050,70,,Aggregated,148.600000,3.300000,28,43,58,70,110,140,160,170,210,250,300,152191,18145,28,43.306639627310425,1.6472000279463828,296.23549996176735,24.622862061488526
1779030051,70,,Aggregated,148.000000,3.600000,28,43,58,70,110,140,160,170,210,250,300,152338,18145,28,43.30801530688125,1.6472000279463828,296.23549996176735,24.62713177276845
1779030052,70,,Aggregated,148.900000,2.200000,28,43,58,70,110,140,160,170,210,250,300,152482,18145,28,43.31694291470053,1.6472000279463828,296.23549996176735,24.62843483165226
1779030053,70,,Aggregated,149.900000,2.200000,28,43,58,70,110,140,160,170,210,250,300,152638,18145,28,43.32392832203877,1.6472000279463828,296.23549996176735,24.631074830645055
1779030054,70,,Aggregated,148.600000,2.100000,28,43,58,70,110,140,160,170,210,250,300,152784,18145,28,43.323177192765066,1.6472000279463828,296.23549996176735,24.63380982301812
1779030055,70,,Aggregated,148.000000,2.100000,28,43,58,70,110,140,160,170,210,250,300,152934,18150,28,43.320546148139435,1.6472000279463828,296.23549996176735,24.63564674957825
1779030056,70,,Aggregated,147.300000,2.100000,28,43,58,70,110,140,160,170,210,250,300,153084,18151,28,43.3174574881713,1.6472000279463828,296.23549996176735,24.639622690810274
1779030057,70,,Aggregated,147.700000,1.700000,28,43,58,70,110,140,160,170,210,250,300,153245,18152,28,43.323284474660156,1.6472000279463828,296.23549996176735,24.64180234265392
1779030058,70,,Aggregated,148.200000,2.100000,28,43,58,70,110,140,160,170,210,250,300,153380,18153,28,43.32355442834091,1.6472000279463828,296.23549996176735,24.644393010822792
1779030059,70,,Aggregated,147.400000,2.200000,28,43,58,70,110,140,160,170,210,250,300,153529,18153,28,43.320798217398924,1.6472000279463828,296.23549996176735,24.64795576080089
1779030060,70,,Aggregated,148.600000,1.000000,28,43,58,70,110,140,160,170,210,250,300,153676,18153,28,43.3331973237144,1.6472000279463828,296.23549996176735,24.650947447877353
1779030061,70,,Aggregated,148.700000,0.800000,28,43,58,70,110,140,160,170,210,250,300,153826,18154,28,43.333835350457285,1.6472000279463828,296.23549996176735,24.654024677232716
1779030062,70,,Aggregated,148.400000,0.800000,28,43,58,70,110,140,160,170,210,250,300,153983,18154,28,43.335494221567636,1.6472000279463828,296.23549996176735,24.6570855224278
1779030063,70,,Aggregated,147.700000,0.800000,28,43,58,70,110,140,160,170,210,250,300,154123,18154,28,43.346616863282854,1.6472000279463828,296.23549996176735,24.661160242144263
1779030064,70,,Aggregated,148.300000,0.900000,28,43,58,70,110,140,160,170,210,250,300,154275,18154,28,43.34773073031649,1.6472000279463828,296.23549996176735,24.663146977799386
1779030065,70,,Aggregated,149.200000,0.900000,28,43,58,70,110,140,160,170,210,250,300,154435,18155,28,43.34203308718761,1.6472000279463828,296.23549996176735,24.667912066565222
1779030066,70,,Aggregated,147.800000,0.900000,28,43,58,70,110,140,160,170,210,250,300,154572,18155,28,43.33609219534712,1.6472000279463828,296.23549996176735,24.669241518515644
1779030067,70,,Aggregated,148.200000,0.900000,28,43,58,70,110,140,160,170,210,250,300,154724,18155,28,43.330452423794284,1.6472000279463828,296.23549996176735,24.672746309557663
1779030068,70,,Aggregated,149.100000,0.500000,28,43,58,70,110,140,160,170,210,250,300,154878,18155,28,43.330793887567836,1.6472000279463828,296.23549996176735,24.676952181717223
1779030069,70,,Aggregated,148.200000,0.400000,28,43,58,70,110,140,160,170,210,250,300,155033,18155,28,43.33701864905289,1.6472000279463828,296.23549996176735,24.68052608154393
1779030070,70,,Aggregated,147.200000,0.300000,28,43,58,70,110,140,160,170,210,250,300,155172,18155,28,43.34812917290655,1.6472000279463828,296.23549996176735,24.684762714922794
1779030071,70,,Aggregated,148.600000,0.200000,28,43,58,70,110,140,160,170,210,250,300,155314,18155,28,43.34317959886587,1.6472000279463828,296.23549996176735,24.688141442497134
1779030072,70,,Aggregated,148.600000,0.200000,28,43,58,70,110,140,160,170,210,250,300,155468,18155,28,43.346782916218224,1.6472000279463828,296.23549996176735,24.691981629660123
1779030073,70,,Aggregated,148.600000,0.200000,28,43,58,70,110,140,160,170,210,250,300,155628,18156,28,43.3461043875081,1.6472000279463828,296.23549996176735,24.694495849076002
1779030074,70,,Aggregated,148.100000,0.100000,28,43,58,70,110,140,160,170,210,250,300,155778,18158,28,43.3405460002006,1.6472000279463828,296.23549996176735,24.696311417530076
1779030075,70,,Aggregated,147.700000,0.100000,28,43,58,70,110,140,160,170,210,250,300,155927,18161,28,43.34643767416272,1.6472000279463828,296.23549996176735,24.69581919744496
1779030076,70,,Aggregated,149.400000,0.200000,28,43,58,70,110,140,160,170,210,250,300,156080,18161,28,43.34504573564352,1.6472000279463828,296.23549996176735,24.69825089697591
1779030077,70,,Aggregated,149.400000,0.400000,28,43,58,70,110,140,160,170,210,250,300,156225,18186,28,43.34381080313265,1.6472000279463828,296.23549996176735,24.695880940950552
1779030078,70,,Aggregated,149.100000,0.600000,28,43,58,70,110,140,160,170,210,250,300,156381,18186,28,43.34177593198332,1.6472000279463828,296.23549996176735,24.69918979927229
1779030079,70,,Aggregated,150.100000,0.600000,28,43,58,70,110,140,160,170,210,250,300,156526,18186,28,43.338589896372866,1.6472000279463828,296.23549996176735,24.7012956313967
1779030080,70,,Aggregated,149.600000,3.100000,28,43,58,70,110,140,160,170,210,250,300,156676,18195,28,43.340084485305006,1.6472000279463828,296.23549996176735,24.700911435063443
1779030081,70,,Aggregated,150.000000,3.100000,28,43,58,70,110,140,160,170,210,250,300,156820,18196,28,43.34609397857385,1.6472000279463828,296.23549996176735,24.701906644560644
1779030082,70,,Aggregated,149.500000,3.100000,28,43,58,70,110,140,160,170,210,250,300,156956,18196,28,43.341832330841264,1.6472000279463828,296.23549996176735,24.70330538494865
1779030083,70,,Aggregated,149.900000,4.000000,28,43,58,70,110,140,160,170,210,250,300,157104,18196,28,43.34395422853302,1.6472000279463828,296.23549996176735,24.706302831245544
1779030084,70,,Aggregated,149.200000,4.100000,28,43,58,70,110,140,160,170,210,250,300,157240,18196,28,43.33580725972804,1.6472000279463828,296.23549996176735,24.70966675146273
1779030085,70,,Aggregated,147.700000,4.100000,28,43,58,70,110,140,160,170,210,250,300,157392,18196,28,43.33824987051188,1.6472000279463828,296.23549996176735,24.71321922334045
1779030086,70,,Aggregated,146.600000,4.000000,28,43,58,70,110,140,160,170,210,250,300,157531,18196,28,43.33748412388516,1.6472000279463828,296.23549996176735,24.715230653014327
1779030087,70,,Aggregated,145.500000,3.800000,28,43,58,70,110,140,160,170,210,250,300,157678,18196,28,43.341251267264965,1.6472000279463828,296.23549996176735,24.71796953284542
1779030088,70,,Aggregated,144.800000,3.500000,28,43,58,70,110,140,160,170,210,250,300,157841,18196,28,43.343466686221404,1.6472000279463828,296.23549996176735,24.720009376524477
1779030089,70,,Aggregated,143.800000,3.500000,28,43,58,70,110,140,160,170,210,250,300,157992,18198,28,43.35126172034079,1.6472000279463828,296.23549996176735,24.72227074788597
1779030090,70,,Aggregated,145.500000,1.000000,28,43,58,70,110,140,160,170,210,250,300,158151,18198,28,43.351195816781626,1.6472000279463828,296.23549996176735,24.726887594767028
1779030091,70,,Aggregated,145.300000,1.000000,28,43,58,70,110,140,160,170,210,250,300,158292,18199,28,43.34863568164805,1.6472000279463828,296.23549996176735,24.731546761680946
1779030092,70,,Aggregated,146.400000,1.200000,28,43,58,70,110,140,160,170,210,250,300,158439,18227,28,43.34230425980762,1.6472000279463828,296.23549996176735,24.730262119806362
1779030093,70,,Aggregated,146.900000,0.300000,28,43,58,70,110,140,160,170,210,250,300,158603,18388,28,43.30545081000988,1.6472000279463828,296.23549996176735,24.705169511295498
1779030094,70,,Aggregated,146.800000,0.300000,28,43,58,70,110,140,160,170,210,250,300,158764,18540,28,43.270671592549625,1.6472000279463828,296.23549996176735,24.682207553349627
1779030095,70,,Aggregated,148.700000,4.700000,28,43,58,70,110,140,160,170,210,250,300,158926,18680,28,43.24140902948287,1.6472000279463828,296.23549996176735,24.660898783081436
1779030096,70,,Aggregated,150.000000,20.200000,28,43,58,70,110,140,160,170,210,250,300,159082,18817,28,43.215819193364986,1.6472000279463828,296.23549996176735,24.640543870456746
1779030097,70,,Aggregated,151.500000,35.000000,28,43,58,70,110,140,160,170,210,250,300,159248,18959,28,43.185575381285304,1.6472000279463828,296.23549996176735,24.619009343916407
1779030098,70,,Aggregated,153.700000,49.600000,28,43,58,69,110,140,160,170,210,250,300,159406,19085,28,43.16033066144854,1.6472000279463828,296.23549996176735,24.60004014905336
1779030099,70,,Aggregated,154.700000,62.700000,28,43,58,69,110,140,160,170,210,250,300,159568,19203,28,43.13231854080478,1.6472000279463828,296.23549996176735,24.582842424546275
1779030100,70,,Aggregated,155.700000,76.800000,28,43,58,69,110,140,160,170,210,250,300,159727,19319,28,43.109254377272926,1.6472000279463828,296.23549996176735,24.565239439794148
1779030101,70,,Aggregated,156.300000,89.900000,28,43,58,69,110,140,160,170,210,250,300,159870,19409,28,43.091291762800125,1.6472000279463828,296.23549996176735,24.552061049602802
1779030102,70,,Aggregated,156.500000,101.100000,28,43,57,69,110,140,160,170,210,250,300,160036,19517,28,43.068431477409675,1.6472000279463828,296.23549996176735,24.53621685120848
1779030103,70,,Aggregated,157.100000,112.500000,28,43,57,69,110,140,160,170,210,250,300,160200,19625,28,43.0473828178428,1.6472000279463828,296.23549996176735,24.520630461922597
1779030104,70,,Aggregated,157.900000,121.900000,28,43,57,69,110,140,160,170,210,250,300,160352,19702,28,43.03348268882431,1.6472000279463828,296.23549996176735,24.511543354619835
1779030106,70,,Aggregated,158.800000,122.800000,28,43,57,69,110,140,160,170,210,250,300,160507,19778,28,43.021791748139336,1.6472000279463828,296.23549996176735,24.500507766016437
1779030107,70,,Aggregated,158.800000,122.800000,28,43,57,69,110,140,160,170,210,250,300,160659,19837,28,43.01162168330475,1.6472000279463828,296.23549996176735,24.493262126616
1779030108,70,,Aggregated,156.800000,108.600000,28,43,57,69,110,140,160,170,210,250,300,160827,19910,28,42.995664384821154,1.6472000279463828,296.23549996176735,24.484545505418865
1779030109,70,,Aggregated,157.100000,101.400000,28,43,57,69,110,140,160,170,210,250,300,160970,19971,28,42.98058483268901,1.6472000279463828,296.23549996176735,24.477057836864013
1779030110,70,,Aggregated,157.100000,101.400000,28,43,57,69,110,140,160,170,210,250,300,161123,20026,28,42.96832258347679,1.6472000279463828,296.23549996176735,24.47036115265977
1779030111,70,,Aggregated,157.300000,94.600000,28,43,57,69,110,140,160,170,210,250,300,161273,20072,28,42.953747451944956,1.6472000279463828,296.23549996176735,24.464857725719742
1779030112,70,,Aggregated,154.900000,81.700000,28,43,57,69,110,140,160,170,210,250,300,161426,20120,28,42.9403230211838,1.6472000279463828,296.23549996176735,24.459002886771646
1779030113,70,,Aggregated,154.200000,74.900000,27,43,57,69,110,140,160,170,210,250,300,161582,20142,27,42.92964919184949,1.6472000279463828,296.23549996176735,24.458374076320382
1779030114,70,,Aggregated,154.300000,70.200000,27,43,57,69,110,140,160,170,210,250,300,161741,20190,27,42.9157000124734,1.6472000279463828,296.23549996176735,24.452018968597944
1779030115,70,,Aggregated,153.400000,62.000000,27,43,57,69,110,140,160,170,210,250,300,161902,20208,27,42.90674354002714,1.6472000279463828,296.23549996176735,24.45324949660906
1779030116,70,,Aggregated,153.800000,56.400000,27,43,57,69,110,140,160,170,210,250,300,162047,20225,27,42.89392951747039,1.6472000279463828,296.23549996176735,24.455318518701365
1779030117,70,,Aggregated,153.500000,50.600000,27,43,57,69,110,140,160,170,210,250,300,162187,20226,27,42.88606605164197,1.6472000279463828,296.23549996176735,24.45753358777214
1779030118,70,,Aggregated,153.100000,44.700000,27,43,57,69,110,140,160,170,210,250,300,162325,20229,27,42.888265439810084,1.6472000279463828,296.23549996176735,24.46076081934391
1779030119,70,,Aggregated,152.200000,38.900000,27,43,57,69,110,140,160,170,210,250,300,162497,20249,27,42.88886573916615,1.6472000279463828,296.23549996176735,24.461042357705065
1779030120,70,,Aggregated,149.100000,31.900000,27,43,57,69,110,140,160,170,210,250,300,162654,20267,27,42.89398925398187,1.6472000279463828,296.23549996176735,24.461728577225276
1779030121,70,,Aggregated,152.100000,27.800000,27,43,57,69,110,140,160,170,210,250,300,162804,20278,27,42.90189826857773,1.6472000279463828,296.23549996176735,24.462728188496598
1779030122,70,,Aggregated,151.600000,24.100000,27,43,57,69,110,140,160,170,210,250,300,162956,20297,27,42.898034112995745,1.6472000279463828,296.23549996176735,24.461965193058248
1779030123,70,,Aggregated,151.800000,20.500000,27,43,57,69,110,140,160,170,210,250,300,163104,20297,27,42.910061401419526,1.6472000279463828,296.23549996176735,24.464777074749854
1779030124,70,,Aggregated,152.000000,17.700000,27,43,57,69,110,140,160,170,210,250,300,163258,20298,27,42.90620305661345,1.6472000279463828,296.23549996176735,24.46824657903441
1779030125,70,,Aggregated,151.900000,15.500000,27,43,57,69,110,140,160,170,210,250,300,163409,20301,27,42.91085584157869,1.6472000279463828,296.23549996176735,24.4702862143456
1779030126,70,,Aggregated,150.200000,10.700000,27,43,57,69,110,140,160,170,210,250,300,163561,20319,27,42.91683955170942,1.6472000279463828,296.23549996176735,24.469042131070363
1779030127,70,,Aggregated,150.600000,9.300000,27,43,57,69,110,140,160,170,210,250,300,163709,20325,27,42.92027088747357,1.6472000279463828,296.23549996176735,24.468978492324794
1779030128,70,,Aggregated,151.200000,9.400000,27,43,57,69,110,140,160,170,210,250,300,163854,20326,27,42.93529236770238,1.6472000279463828,296.23549996176735,24.46932024851392
1779030129,70,,Aggregated,151.400000,9.900000,28,43,57,69,110,140,160,170,210,250,300,163993,20346,28,42.939224696893156,1.6472000279463828,296.23549996176735,24.468611465123512
1779030130,70,,Aggregated,151.900000,9.700000,27,43,57,69,110,140,160,170,210,250,300,164144,20346,27,42.93478991201318,1.6472000279463828,296.23549996176735,24.47306633200117
1779030131,70,,Aggregated,149.100000,9.700000,28,43,57,69,110,140,160,170,210,250,300,164278,20348,28,42.96105951751009,1.6472000279463828,296.23549996176735,24.47657020416611
1779030132,70,,Aggregated,149.300000,7.900000,28,43,57,69,110,140,160,170,210,250,300,164418,20348,28,42.96840543260386,1.6472000279463828,296.23549996176735,24.47742947852425
1779030133,70,,Aggregated,147.100000,7.100000,28,43,57,69,110,140,160,170,210,250,300,164572,20348,28,42.9873502206799,1.6472000279463828,296.23549996176735,24.480628539484236
1779030134,70,,Aggregated,146.200000,5.100000,28,43,57,69,110,140,160,170,210,250,300,164722,20348,28,42.99436255641386,1.6472000279463828,296.23549996176735,24.482740617525284
1779030135,70,,Aggregated,145.300000,5.100000,28,43,57,69,110,140,160,170,210,250,300,164852,20348,28,42.997592776655466,1.6472000279463828,296.23549996176735,24.485811515783855
1779030136,70,,Aggregated,146.400000,5.100000,28,43,57,69,110,140,160,170,210,250,300,164995,20348,28,43.00692160681925,1.6472000279463828,296.23549996176735,24.489590593654352
1779030137,70,,Aggregated,144.600000,4.700000,28,43,57,69,110,140,160,170,210,250,300,165139,20348,28,43.00252342825035,1.6472000279463828,296.23549996176735,24.494777127147433
1779030138,70,,Aggregated,142.900000,2.900000,28,43,57,69,110,140,160,170,210,250,300,165290,20348,28,43.00178283149603,1.6472000279463828,296.23549996176735,24.497392461733924
1779030139,70,,Aggregated,142.400000,2.300000,28,43,57,69,110,140,160,170,210,250,300,165437,20350,28,43.00476793291734,1.6472000279463828,296.23549996176735,24.50108500516813
1779030140,70,,Aggregated,143.300000,2.200000,28,43,57,69,110,140,160,170,210,250,300,165591,20350,28,43.00233391740844,1.6472000279463828,296.23549996176735,24.505939332451643
1779030141,70,,Aggregated,143.200000,0.400000,28,43,57,69,110,140,160,170,210,250,300,165746,20350,28,43.01364646880028,1.6472000279463828,296.23549996176735,24.509942924716132
1779030142,70,,Aggregated,143.100000,0.400000,28,43,57,69,110,140,160,170,210,250,300,165877,20351,28,43.01194580874888,1.6472000279463828,296.23549996176735,24.51093882816786
1779030143,70,,Aggregated,145.700000,0.200000,28,43,57,69,110,140,160,170,210,250,300,166031,20352,28,43.00240381445734,1.6472000279463828,296.23549996176735,24.51545193367504
1779030144,70,,Aggregated,145.800000,0.300000,28,43,57,69,110,140,160,170,210,250,300,166181,20368,28,42.998635045028976,1.6472000279463828,296.23549996176735,24.51586523128396
1779030145,70,,Aggregated,146.500000,0.400000,28,43,57,69,110,140,160,170,210,250,300,166335,20368,28,42.99773676987716,1.6472000279463828,296.23549996176735,24.520070941172936
1779030146,70,,Aggregated,145.600000,2.000000,28,43,57,69,110,140,160,170,210,250,300,166474,20368,28,42.997772180745756,1.6472000279463828,296.23549996176735,24.522538053990413
1779030147,70,,Aggregated,147.100000,2.000000,28,43,57,69,110,140,160,170,210,250,300,166612,20373,28,42.99697835880305,1.6472000279463828,296.23549996176735,24.523233620627565
1779030148,70,,Aggregated,147.400000,2.000000,28,43,57,69,110,140,160,170,210,250,300,166770,20378,28,43.002260547560375,1.6472000279463828,296.23549996176735,24.52483660130719
1779030149,70,,Aggregated,146.800000,2.500000,28,43,57,69,110,140,160,170,210,250,300,166913,20378,28,43.00330011752711,1.6472000279463828,296.23549996176735,24.528460934738458
1779030150,70,,Aggregated,147.700000,2.900000,28,43,57,69,110,140,160,170,210,250,300,167056,20378,28,43.001903437272695,1.6472000279463828,296.23549996176735,24.531067426491717
1779030151,70,,Aggregated,147.500000,2.800000,28,43,57,69,110,140,160,170,210,250,300,167210,20379,28,43.020648037898454,1.6472000279463828,296.23549996176735,24.531487351234976
1779030152,70,,Aggregated,146.600000,2.800000,28,43,57,69,110,140,160,170,210,250,300,167371,20385,28,43.01806476579994,1.6472000279463828,296.23549996176735,24.534871632481135
1779030153,70,,Aggregated,145.500000,2.900000,28,43,57,69,110,140,160,170,210,250,300,167522,20398,28,43.01605818827585,1.6472000279463828,296.23549996176735,24.536269863062763
1779030154,70,,Aggregated,147.900000,3.400000,28,43,57,69,110,140,160,170,210,250,300,167669,20412,28,43.02562595957831,1.6472000279463828,296.23549996176735,24.536932885625845
1779030155,70,,Aggregated,147.100000,4.600000,28,43,57,69,110,140,160,170,210,250,300,167812,20423,28,43.04018000629686,1.6472000279463828,296.23549996176735,24.537875718065454
1779030156,70,,Aggregated,147.400000,4.400000,28,43,57,69,110,140,160,170,210,250,300,167968,20433,28,43.04449674650274,1.6472000279463828,296.23549996176735,24.539126500285768
1779030157,70,,Aggregated,147.500000,5.400000,28,43,57,69,110,140,160,170,210,250,300,168111,20433,28,43.04901491167371,1.6472000279463828,296.23549996176735,24.540666583388358
1779030158,70,,Aggregated,147.400000,6.500000,28,43,57,69,110,140,160,170,210,250,300,168256,20433,28,43.047967944183654,1.6472000279463828,296.23549996176735,24.54383201787752
1779030159,70,,Aggregated,149.100000,6.000000,28,43,57,69,110,140,160,170,210,250,300,168412,20433,28,43.04874777104001,1.6472000279463828,296.23549996176735,24.545424316557014
1779030160,70,,Aggregated,148.500000,5.600000,28,43,57,69,110,140,160,170,210,250,300,168568,20444,28,43.05580682642446,1.6472000279463828,296.23549996176735,24.546616202363438
1779030161,70,,Aggregated,148.700000,5.500000,28,43,57,69,110,140,160,170,210,250,300,168705,20464,28,43.05357458472981,1.6472000279463828,296.23549996176735,24.546498325479387
1779030162,70,,Aggregated,149.300000,6.000000,28,43,57,69,110,140,160,170,210,250,300,168854,20464,28,43.05895045789065,1.6472000279463828,296.23549996176735,24.548361306217206
1779030163,70,,Aggregated,149.900000,8.500000,28,43,57,69,110,140,160,170,210,250,300,169008,20465,28,43.05510652996872,1.6472000279463828,296.23549996176735,24.551612941399224
1779030164,70,,Aggregated,146.600000,7.900000,28,43,57,69,110,140,160,170,210,250,300,169158,20465,28,43.053126425690735,1.6472000279463828,296.23549996176735,24.555309237517587
1779030165,70,,Aggregated,148.200000,6.700000,28,43,57,69,110,140,160,170,210,250,300,169310,20465,28,43.05450653721893,1.6472000279463828,296.23549996176735,24.558661626602092
1779030166,70,,Aggregated,148.000000,5.300000,28,43,57,69,110,140,160,170,210,250,300,169455,20465,28,43.05305694796085,1.6472000279463828,296.23549996176735,24.562762975421204
1779030167,70,,Aggregated,147.700000,4.300000,28,43,57,69,110,140,160,170,210,250,300,169609,20465,28,43.04783069894101,1.6472000279463828,296.23549996176735,24.567864912828917
1779030168,70,,Aggregated,148.500000,3.200000,28,43,57,69,110,140,160,170,210,250,300,169758,20470,28,43.053863386212186,1.6472000279463828,296.23549996176735,24.56804392134686
1779030169,70,,Aggregated,148.800000,3.200000,28,43,57,69,110,140,160,170,210,250,300,169902,20478,28,43.05268441346288,1.6472000279463828,296.23549996176735,24.568680768913843
1779030170,70,,Aggregated,148.300000,3.700000,28,43,57,69,110,140,160,170,210,250,300,170057,20492,28,43.05159303184389,1.6472000279463828,296.23549996176735,24.57005592242601
1779030171,70,,Aggregated,148.700000,4.500000,28,43,57,69,110,140,160,170,210,250,300,170199,20492,28,43.06533136925882,1.6472000279463828,296.23549996176735,24.5723182862414
1779030172,70,,Aggregated,149.000000,5.400000,28,43,57,69,110,140,160,170,210,250,300,170365,20492,28,43.07405095598284,1.6472000279463828,296.23549996176735,24.57552314149033
1779030173,70,,Aggregated,148.400000,2.800000,28,43,57,69,110,140,160,170,210,250,300,170504,20493,28,43.069752969526995,1.6472000279463828,296.23549996176735,24.579024539013748
1779030174,70,,Aggregated,151.200000,2.800000,28,43,57,69,110,140,160,170,210,250,300,170661,20493,28,43.07994790207665,1.6472000279463828,296.23549996176735,24.582165814099298
1779030175,70,,Aggregated,149.300000,2.800000,28,43,57,69,110,140,160,170,210,250,300,170825,20507,28,43.07886629835574,1.6472000279463828,296.23549996176735,24.583052831845457
1779030176,70,,Aggregated,149.700000,2.800000,28,43,57,69,110,140,160,170,210,250,300,170976,20507,28,43.07638891959611,1.6472000279463828,296.23549996176735,24.585860003743214
1779030177,70,,Aggregated,150.700000,4.200000,28,43,57,69,110,140,160,170,210,250,300,171127,20514,28,43.071439380795525,1.6472000279463828,296.23549996176735,24.589059587324034
1779030178,70,,Aggregated,151.900000,4.200000,28,43,57,69,110,140,160,170,210,250,300,171275,20515,28,43.072991777650415,1.6472000279463828,296.23549996176735,24.591668369581082
1779030179,70,,Aggregated,150.800000,4.900000,28,43,57,69,110,140,160,170,210,250,300,171434,20532,28,43.06409051014764,1.6472000279463828,296.23549996176735,24.59317288285871
1779030180,70,,Aggregated,151.500000,4.500000,28,43,57,69,110,140,160,170,210,250,300,171576,20539,28,43.06589131706305,1.6472000279463828,296.23549996176735,24.594698559239056
1779030181,70,,Aggregated,150.900000,3.800000,28,43,57,69,110,140,160,170,210,250,300,171708,20545,28,43.06249883474577,1.6472000279463828,296.23549996176735,24.59625061150325
1779030182,70,,Aggregated,151.000000,4.500000,28,43,57,69,110,140,160,170,210,250,300,171864,20545,28,43.07444994540166,1.6472000279463828,296.23549996176735,24.59885723595401
1779030183,70,,Aggregated,151.600000,5.300000,28,43,57,69,110,140,160,170,210,250,300,172005,20545,28,43.07021944081065,1.6472000279463828,296.23549996176735,24.602348768931137
1779030184,70,,Aggregated,149.400000,5.300000,28,43,57,69,110,140,160,170,210,250,300,172152,20545,28,43.07751324478788,1.6472000279463828,296.23549996176735,24.60404758585436
1779030185,70,,Aggregated,149.000000,5.200000,28,43,57,69,110,140,160,170,210,250,300,172298,20545,28,43.0729638406533,1.6472000279463828,296.23549996176735,24.60799312818489
1779030186,70,,Aggregated,148.600000,5.200000,28,43,57,69,110,140,160,170,210,250,300,172456,20545,28,43.07669171856587,1.6472000279463828,296.23549996176735,24.61071229762954
1779030187,70,,Aggregated,147.200000,3.800000,28,43,57,69,110,140,160,170,210,250,300,172600,20545,28,43.079018361047,1.6472000279463828,296.23549996176735,24.61295480880649
1779030188,70,,Aggregated,147.200000,3.800000,28,43,57,69,110,140,160,170,210,250,300,172743,20545,28,43.07741520129301,1.6472000279463828,296.23549996176735,24.61639545451914
1779030189,70,,Aggregated,147.100000,3.100000,28,43,57,69,110,140,160,170,210,250,300,172885,20545,28,43.07703938986622,1.6472000279463828,296.23549996176735,24.619718309859156
1779030190,70,,Aggregated,145.900000,3.000000,28,43,57,69,110,140,160,170,210,250,300,173034,20545,28,43.073562606290594,1.6472000279463828,296.23549996176735,24.625576476299457
1779030191,70,,Aggregated,146.500000,2.900000,28,43,57,69,110,140,160,170,210,250,300,173197,20545,28,43.096994936498945,1.6472000279463828,296.23549996176735,24.627297239559578
1779030192,70,,Aggregated,146.900000,0.800000,28,43,57,69,110,140,160,170,210,250,300,173347,20545,28,43.089530760365164,1.6472000279463828,296.23549996176735,24.630954097849976
1779030193,70,,Aggregated,145.100000,0.000000,28,43,57,69,110,140,160,170,210,250,300,173494,20546,28,43.09992273575291,1.6472000279463828,296.23549996176735,24.632073731656426
1779030194,70,,Aggregated,147.000000,0.000000,28,43,57,69,110,140,160,170,210,250,300,173646,20546,28,43.105457615014885,1.6472000279463828,296.23549996176735,24.633847022102437
1779030195,70,,Aggregated,148.500000,0.000000,28,43,57,69,110,140,160,170,210,250,300,173799,20547,28,43.111657291566395,1.6472000279463828,296.23549996176735,24.634831040454777
1779030196,70,,Aggregated,148.100000,0.100000,28,43,58,69,110,140,160,170,210,250,300,173947,20547,28,43.1144046325422,1.6472000279463828,296.23549996176735,24.636251271939155
1779030197,70,,Aggregated,149.400000,0.200000,28,43,58,69,110,140,160,170,210,250,300,174107,20548,28,43.11672292335638,1.6472000279463828,296.23549996176735,24.64008914058596
1779030198,70,,Aggregated,147.500000,0.200000,28,43,58,69,110,140,160,170,210,250,300,174243,20548,28,43.11732579453274,1.6472000279463828,296.23549996176735,24.642338573142105
1779030199,70,,Aggregated,149.300000,0.200000,28,43,58,69,110,140,160,170,210,250,300,174412,20551,28,43.117383926664175,1.6472000279463828,296.23549996176735,24.64476641515492
1779030200,70,,Aggregated,149.100000,0.300000,28,43,57,69,110,140,160,170,210,250,300,174558,20561,28,43.11793583861683,1.6472000279463828,296.23549996176735,24.643700088222825
1779030201,70,,Aggregated,150.600000,0.300000,28,43,57,69,110,140,160,170,210,250,300,174691,20561,28,43.11755757719064,1.6472000279463828,296.23549996176735,24.64570012192958
1779030202,70,,Aggregated,149.200000,0.600000,28,43,57,69,110,140,160,170,210,250,300,174843,20563,28,43.1187094743131,1.6472000279463828,296.23549996176735,24.64738651247119
1779030203,70,,Aggregated,150.700000,1.600000,28,43,58,69,110,140,160,170,210,250,300,174988,20569,28,43.12811248667018,1.6472000279463828,296.23549996176735,24.64759297780419
1779030204,70,,Aggregated,149.200000,1.600000,28,43,58,69,110,140,160,170,210,250,300,175138,20577,28,43.13366725962928,1.6472000279463828,296.23549996176735,24.648505749751624
1779030205,70,,Aggregated,148.600000,1.800000,28,43,58,69,110,140,160,170,210,250,300,175279,20577,28,43.140662626538216,1.6472000279463828,296.23549996176735,24.65068833117487
1779030206,70,,Aggregated,149.500000,2.300000,28,43,58,69,110,140,160,170,210,250,300,175423,20577,28,43.1413614127952,1.6472000279463828,296.23549996176735,24.65453788841828
1779030207,70,,Aggregated,147.800000,3.000000,28,43,58,69,110,140,160,170,210,250,300,175576,20577,28,43.14520724197249,1.6472000279463828,296.23549996176735,24.65650772315123
1779030208,70,,Aggregated,147.600000,3.000000,28,43,58,69,110,140,160,170,210,250,300,175741,20581,28,43.147404582975724,1.6472000279463828,296.23549996176735,24.66070524237372
1779030209,70,,Aggregated,145.200000,3.000000,28,43,58,69,110,140,160,170,210,250,300,175886,20581,28,43.149032015149956,1.6472000279463828,296.23549996176735,24.664254119145355
1779030210,70,,Aggregated,147.200000,2.900000,28,43,58,69,110,140,160,170,210,250,300,176043,20584,28,43.14603121178774,1.6472000279463828,296.23549996176735,24.667825474457945
1779030211,70,,Aggregated,147.300000,3.300000,28,43,58,69,110,140,160,170,210,250,300,176181,20584,28,43.15619592076508,1.6472000279463828,296.23549996176735,24.66945357331381
1779030212,70,,Aggregated,147.600000,3.000000,28,43,58,69,110,140,160,170,210,250,300,176330,20584,28,43.15826510642921,1.6472000279463828,296.23549996176735,24.673220665797086
1779030213,70,,Aggregated,147.100000,2.300000,28,43,58,69,110,140,160,170,210,250,300,176480,20668,28,43.15707813359059,1.6472000279463828,296.23549996176735,24.66249433363554
1779030214,70,,Aggregated,147.700000,2.300000,28,43,58,69,110,140,160,170,210,250,300,176631,20808,28,43.14959920974271,1.6472000279463828,296.23549996176735,24.642882619698693
1779030215,70,,Aggregated,147.800000,3.600000,28,43,58,69,110,140,160,170,210,250,300,176775,20934,28,43.148894103329525,1.6472000279463828,296.23549996176735,24.62581247348324
1779030216,70,,Aggregated,147.600000,16.900000,28,43,58,69,110,140,160,170,210,250,300,176921,21054,28,43.152715233441704,1.6472000279463828,296.23549996176735,24.6093228050938
1779030217,70,,Aggregated,147.500000,28.600000,28,43,58,69,110,140,160,170,210,250,300,177066,21169,28,43.146702009509376,1.6472000279463828,296.23549996176735,24.59414568578948
1779030218,70,,Aggregated,148.000000,40.900000,28,43,58,69,110,140,160,170,210,250,300,177209,21275,28,43.14751993925729,1.6472000279463828,296.23549996176735,24.580664638929175
1779030219,70,,Aggregated,149.100000,52.900000,28,43,58,69,110,140,160,170,210,250,300,177340,21374,28,43.147660861711046,1.6472000279463828,296.23549996176735,24.567452351415362
1779030220,70,,Aggregated,147.500000,64.500000,28,43,58,69,110,140,160,170,210,250,300,177488,21476,28,43.15295574695827,1.6472000279463828,296.23549996176735,24.554713558099703
1779030221,70,,Aggregated,144.800000,74.500000,28,43,58,69,110,140,160,170,210,250,300,177638,21576,28,43.14597254256701,1.6472000279463828,296.23549996176735,24.542091219221113
1779030222,70,,Aggregated,144.600000,84.500000,28,43,57,69,110,140,160,170,210,250,300,177791,21672,28,43.14063132113626,1.6472000279463828,296.23549996176735,24.52991996220281
1779030223,70,,Aggregated,144.600000,93.400000,28,43,57,69,110,140,160,170,210,250,300,177943,21767,28,43.14101862290748,1.6472000279463828,296.23549996176735,24.517238666314494
1779030224,70,,Aggregated,144.900000,103.400000,28,43,57,69,110,140,160,170,210,250,300,178088,21847,28,43.13830909783761,1.6472000279463828,296.23549996176735,24.506783163379904
1779030225,70,,Aggregated,145.000000,110.500000,28,43,57,69,110,140,160,170,210,250,300,178227,21918,28,43.12874792211909,1.6472000279463828,296.23549996176735,24.499183625376627
1779030226,70,,Aggregated,144.700000,106.000000,28,43,57,69,110,140,160,170,210,250,300,178375,21988,28,43.12678199644303,1.6472000279463828,296.23549996176735,24.49193552908199
1779030227,70,,Aggregated,144.800000,99.700000,28,43,57,69,110,140,160,170,210,250,300,178529,22047,28,43.124994351707606,1.6472000279463828,296.23549996176735,24.48610029743067
1779030228,70,,Aggregated,145.300000,94.400000,28,43,57,69,110,140,160,170,210,250,300,178678,22094,28,43.13422906130879,1.6472000279463828,296.23549996176735,24.48151423230616
1779030229,70,,Aggregated,145.100000,88.300000,28,43,57,69,110,140,160,170,210,250,300,178820,22140,28,43.138496428345775,1.6472000279463828,296.23549996176735,24.478341348842413
1779030230,70,,Aggregated,144.200000,82.500000,28,43,57,69,110,140,160,170,210,250,300,178970,22184,28,43.13892684202063,1.6472000279463828,296.23549996176735,24.475034922053975
1779030231,70,,Aggregated,145.900000,76.800000,28,43,57,69,110,140,160,170,210,250,300,179119,22226,28,43.14263916176725,1.6472000279463828,296.23549996176735,24.472172131376347
1779030232,70,,Aggregated,146.300000,71.400000,28,43,57,69,110,140,160,170,210,250,300,179273,22260,28,43.15030484187335,1.6472000279463828,296.23549996176735,24.47068995331143
1779030233,70,,Aggregated,147.700000,66.600000,28,43,57,69,110,140,160,170,210,250,300,179416,22290,28,43.151119751399136,1.6472000279463828,296.23549996176735,24.47113412404691
1779030234,70,,Aggregated,147.300000,60.800000,28,43,57,69,110,140,160,170,210,250,300,179567,22304,28,43.153238041606244,1.6472000279463828,296.23549996176735,24.473255108121204
1779030235,70,,Aggregated,147.600000,55.600000,28,43,57,69,110,140,160,170,210,250,300,179713,22317,28,43.15190464472442,1.6472000279463828,296.23549996176735,24.47356618608559
1779030236,70,,Aggregated,147.000000,49.200000,28,43,57,69,110,140,160,170,210,250,300,179874,22328,28,43.16062913993995,1.6472000279463828,296.23549996176735,24.47496580939991
1779030237,70,,Aggregated,147.500000,44.400000,28,43,57,69,110,140,160,170,210,250,300,180026,22356,28,43.15848482450824,1.6472000279463828,296.23549996176735,24.473231644318044
1779030238,70,,Aggregated,148.000000,38.700000,28,43,57,69,110,140,160,170,210,250,300,180184,22360,28,43.16118308405161,1.6472000279463828,296.23549996176735,24.475691515339875
1779030239,70,,Aggregated,149.200000,33.900000,28,43,57,69,110,140,160,170,210,250,300,180328,22364,28,43.161508120848914,1.6472000279463828,296.23549996176735,24.478472561110866
1779030240,70,,Aggregated,150.900000,30.900000,28,43,58,69,110,140,160,170,210,250,300,180468,22371,28,43.17554390371762,1.6472000279463828,296.23549996176735,24.479913336436375
1779030241,70,,Aggregated,150.300000,26.600000,28,43,58,69,110,140,160,170,210,250,300,180617,22381,28,43.185325534783566,1.6472000279463828,296.23549996176735,24.48041435745251
1779030242,70,,Aggregated,149.900000,22.400000,28,43,58,69,110,140,160,170,210,250,300,180759,22394,28,43.18517341385882,1.6472000279463828,296.23549996176735,24.480783806062217
1779030243,70,,Aggregated,148.600000,18.700000,28,43,58,69,110,140,160,170,210,250,300,180910,22394,28,43.189514656546685,1.6472000279463828,296.23549996176735,24.48339505831629
1779030244,70,,Aggregated,147.800000,15.500000,28,43,58,69,110,140,160,170,210,250,300,181051,22394,28,43.19532679253925,1.6472000279463828,296.23549996176735,24.486669501963537
1779030245,70,,Aggregated,147.900000,13.400000,28,43,58,69,110,140,160,170,210,250,300,181202,22394,28,43.205867192503355,1.6472000279463828,296.23549996176735,24.490574055474003
1779030246,70,,Aggregated,148.400000,10.400000,28,43,58,69,110,140,160,170,210,250,300,181351,22396,28,43.20472236114473,1.6472000279463828,296.23549996176735,24.493038362071342
1779030247,70,,Aggregated,148.900000,9.000000,28,43,58,69,110,140,160,170,210,250,300,181509,22409,28,43.20696005716685,1.6472000279463828,296.23549996176735,24.493975505346842
1779030248,70,,Aggregated,146.900000,7.700000,28,43,58,69,110,140,160,170,210,250,300,181662,22431,28,43.205110591734226,1.6472000279463828,296.23549996176735,24.495337494908124
1779030249,70,,Aggregated,146.800000,6.800000,28,43,58,69,110,140,160,170,210,250,300,181809,22437,28,43.206387440201695,1.6472000279463828,296.23549996176735,24.497384617923206
1779030250,70,,Aggregated,147.300000,5.300000,28,43,58,69,110,140,160,170,210,250,300,181943,22438,28,43.20997164230432,1.6472000279463828,296.23549996176735,24.498249451751374
1779030251,70,,Aggregated,147.700000,7.100000,28,43,58,69,110,140,160,170,210,250,300,182092,22458,28,43.22088311795919,1.6472000279463828,296.23549996176735,24.498297563868814
1779030252,70,,Aggregated,147.200000,7.300000,28,43,58,69,110,140,160,170,210,250,300,182236,22468,28,43.23773733134886,1.6472000279463828,296.23549996176735,24.499034219363903
1779030253,70,,Aggregated,146.300000,6.700000,28,43,58,69,110,140,160,170,210,250,300,182383,22470,28,43.2409662913535,1.6472000279463828,296.23549996176735,24.499799871698567
1779030254,70,,Aggregated,147.300000,7.700000,28,43,58,69,110,140,160,170,210,250,300,182527,22470,28,43.242421687292904,1.6472000279463828,296.23549996176735,24.50253935034269
1779030255,70,,Aggregated,146.900000,7.400000,28,43,58,69,110,140,160,170,210,250,300,182683,22474,28,43.250697242307474,1.6472000279463828,296.23549996176735,24.505000465286862
1779030256,70,,Aggregated,146.200000,7.600000,28,43,58,69,110,140,160,170,210,250,300,182823,22478,28,43.26574198878641,1.6472000279463828,296.23549996176735,24.506139818294198
1779030257,70,,Aggregated,146.100000,7.600000,28,43,58,69,110,140,160,170,210,250,300,182962,22484,28,43.2766580012019,1.6472000279463828,296.23549996176735,24.506536876509877
1779030258,70,,Aggregated,147.000000,8.000000,28,43,58,69,110,140,160,170,210,250,300,183111,22486,28,43.28248814607162,1.6472000279463828,296.23549996176735,24.509537930544862
1779030259,70,,Aggregated,146.500000,8.200000,28,43,58,69,110,140,160,170,210,250,300,183266,22486,28,43.28771937792842,1.6472000279463828,296.23549996176735,24.51148603668984
1779030260,70,,Aggregated,144.300000,7.500000,28,43,58,69,110,140,160,170,210,250,300,183411,22489,28,43.29375585769738,1.6472000279463828,296.23549996176735,24.513780525704565
1779030261,70,,Aggregated,142.600000,5.500000,28,43,58,69,110,140,160,170,210,250,300,183562,22489,28,43.29043463797558,1.6472000279463828,296.23549996176735,24.516501236639392
1779030262,70,,Aggregated,145.400000,4.900000,28,43,58,69,110,140,160,170,210,250,300,183706,22493,28,43.28532155191665,1.6472000279463828,296.23549996176735,24.519444111787312
1779030263,70,,Aggregated,146.000000,5.100000,28,43,58,69,110,140,160,170,210,250,300,183860,22504,28,43.27816015020206,1.6472000279463828,296.23549996176735,24.522158163820297
1779030264,70,,Aggregated,145.800000,3.100000,28,43,58,69,110,140,160,170,210,250,300,184014,22511,28,43.27873684239497,1.6472000279463828,296.23549996176735,24.521802688925842
1779030265,70,,Aggregated,145.900000,2.500000,28,43,58,69,110,140,160,170,210,250,300,184153,22511,28,43.27618350836769,1.6472000279463828,296.23549996176735,24.524732152069202
1779030266,70,,Aggregated,147.300000,3.500000,28,43,58,69,110,140,160,170,210,250,300,184289,22512,28,43.28058960608961,1.6472000279463828,296.23549996176735,24.526965798284216
1779030267,70,,Aggregated,146.900000,4.100000,28,43,58,69,110,140,160,170,210,250,300,184456,22514,28,43.281075591015906,1.6472000279463828,296.23549996176735,24.529985470789782
1779030268,70,,Aggregated,147.200000,3.700000,28,43,58,69,110,140,160,170,210,250,300,184609,22528,28,43.2720420430009,1.6472000279463828,296.23549996176735,24.533208023444143
1779030269,70,,Aggregated,146.700000,3.400000,28,43,58,69,110,140,160,170,210,250,300,184753,22533,28,43.27455355483269,1.6472000279463828,296.23549996176735,24.533880370007523
1779030270,70,,Aggregated,148.200000,3.000000,28,43,58,69,110,140,160,170,210,250,300,184909,22542,28,43.2741650034138,1.6472000279463828,296.23549996176735,24.536458474168374
1779030271,70,,Aggregated,149.600000,4.200000,28,43,58,69,110,140,160,170,210,250,300,185051,22542,28,43.27281219672395,1.6472000279463828,296.23549996176735,24.53940805507671
1779030272,70,,Aggregated,148.000000,4.700000,28,43,58,69,110,140,160,170,210,250,300,185208,22544,28,43.276051535118675,1.6472000279463828,296.23549996176735,24.541547881301025
1779030273,70,,Aggregated,149.200000,5.300000,28,43,58,69,110,140,160,170,210,250,300,185358,22566,28,43.27455523913995,1.6472000279463828,296.23549996176735,24.540370526224926
1779030274,70,,Aggregated,149.300000,5.300000,28,43,58,69,110,140,160,170,210,250,300,185508,22572,28,43.27792054421831,1.6472000279463828,296.23549996176735,24.542763654397653
1779030275,70,,Aggregated,149.600000,5.100000,28,43,58,69,110,140,160,170,210,250,300,185654,22574,28,43.27753732813074,1.6472000279463828,296.23549996176735,24.545590183890464
1779030276,70,,Aggregated,149.500000,6.100000,28,43,58,69,110,140,160,170,210,250,300,185785,22577,28,43.27694071489219,1.6472000279463828,296.23549996176735,24.54794520547945
1779030277,70,,Aggregated,149.700000,6.100000,28,43,58,69,110,140,160,170,210,250,300,185934,22578,28,43.276301310230856,1.6472000279463828,296.23549996176735,24.5507438123205
1779030278,70,,Aggregated,149.300000,6.300000,28,43,58,69,110,140,160,170,210,250,300,186077,22580,28,43.27378659488539,1.6472000279463828,296.23549996176735,24.553421433062656
1779030279,70,,Aggregated,147.700000,6.500000,28,43,58,69,110,140,160,170,210,250,300,186227,22580,28,43.27072989425022,1.6472000279463828,296.23549996176735,24.555988122023123
1779030280,70,,Aggregated,147.300000,6.400000,28,43,58,69,110,140,160,170,210,250,300,186371,22584,28,43.27322989851602,1.6472000279463828,296.23549996176735,24.55758674901138
1779030281,70,,Aggregated,146.700000,5.200000,28,43,58,69,110,140,160,170,210,250,300,186521,22584,28,43.27299539202472,1.6472000279463828,296.23549996176735,24.55988333753304
1779030282,70,,Aggregated,146.700000,4.700000,28,43,58,69,110,140,160,170,210,250,300,186659,22601,28,43.26941593556187,1.6472000279463828,296.23549996176735,24.559876566358977
1779030283,70,,Aggregated,145.900000,4.200000,28,43,58,69,110,140,160,170,210,250,300,186814,22601,28,43.27071805975834,1.6472000279463828,296.23549996176735,24.563298253878187
1779030284,70,,Aggregated,145.500000,4.200000,28,43,58,69,110,140,160,170,210,250,300,186964,22601,28,43.26932387687232,1.6472000279463828,296.23549996176735,24.566183864273334
1779030285,70,,Aggregated,145.600000,5.700000,28,43,58,69,110,140,160,170,210,250,300,187106,22601,28,43.27158674877278,1.6472000279463828,296.23549996176735,24.566411552809637
1779030286,70,,Aggregated,144.900000,3.500000,28,43,58,69,110,140,160,170,210,250,300,187261,22601,28,43.271212193759496,1.6472000279463828,296.23549996176735,24.56940313252626
1779030287,70,,Aggregated,144.500000,2.900000,28,43,58,69,110,140,160,170,210,250,300,187411,22601,28,43.266529372426355,1.6472000279463828,296.23549996176735,24.57204219602905
1779030288,70,,Aggregated,144.700000,2.700000,28,43,58,69,110,140,160,170,210,250,300,187555,22601,28,43.26612842801518,1.6472000279463828,296.23549996176735,24.574951347604703
1779030289,70,,Aggregated,147.400000,2.400000,28,43,58,69,110,140,160,170,210,250,300,187717,22601,28,43.25971656438383,1.6472000279463828,296.23549996176735,24.579739714570337
1779030290,70,,Aggregated,147.600000,2.300000,28,43,58,69,110,140,160,170,210,250,300,187856,22608,28,43.259611545633,1.6472000279463828,296.23549996176735,24.582190614087388
1779030291,70,,Aggregated,147.000000,2.100000,28,43,58,69,110,140,160,170,210,250,300,187999,22608,28,43.256375579742006,1.6472000279463828,296.23549996176735,24.58577971159421
1779030292,70,,Aggregated,148.500000,2.100000,28,43,58,69,110,140,160,170,210,250,300,188155,22608,28,43.2566654323074,1.6472000279463828,296.23549996176735,24.587712258510273
1779030293,70,,Aggregated,148.100000,2.400000,28,43,58,69,110,140,160,170,210,250,300,188310,22608,28,43.25568842236613,1.6472000279463828,296.23549996176735,24.58924114492061
1779030294,70,,Aggregated,147.300000,2.400000,28,43,58,69,110,140,160,170,210,250,300,188454,22608,28,43.2552894473744,1.6472000279463828,296.23549996176735,24.59168285098751
1779030295,70,,Aggregated,148.000000,0.700000,28,43,58,69,110,140,160,170,210,250,300,188596,22608,28,43.25591184762938,1.6472000279463828,296.23549996176735,24.59284396275637
1779030296,70,,Aggregated,148.100000,0.700000,28,43,58,69,110,140,160,170,210,250,300,188758,22608,28,43.26064052445787,1.6472000279463828,296.23549996176735,24.596403861028406
1779030297,70,,Aggregated,148.600000,0.700000,28,43,58,69,110,140,160,170,210,250,300,188902,22608,28,43.26801740858131,1.6472000279463828,296.23549996176735,24.599331928724947
1779030298,70,,Aggregated,148.400000,0.700000,28,43,58,69,110,140,160,170,210,250,300,189048,22609,28,43.26558060183515,1.6472000279463828,296.23549996176735,24.60120181118023
1779030299,70,,Aggregated,148.300000,0.700000,28,43,58,69,110,140,160,170,210,250,300,189192,22609,28,43.2726221246984,1.6472000279463828,296.23549996176735,24.60277390164489
1779030300,70,,Aggregated,147.800000,0.700000,28,43,58,69,110,140,160,170,210,250,300,189335,22611,28,43.27401955484042,1.6472000279463828,296.23549996176735,24.605804526368605
1779030301,70,,Aggregated,148.800000,0.800000,28,43,58,69,110,140,160,170,210,250,300,189490,22618,28,43.27507251103204,1.6472000279463828,296.23549996176735,24.607694337432054
1779030303,70,,Aggregated,146.900000,0.300000,28,43,58,69,110,140,160,170,210,250,300,189645,22628,28,43.2701820866103,1.6472000279463828,296.23549996176735,24.60967597352949
1779030304,70,,Aggregated,148.600000,1.000000,28,43,58,69,110,140,160,170,210,250,300,189798,22635,28,43.26619610594212,1.6472000279463828,296.23549996176735,24.61242478845931
1779030305,70,,Aggregated,148.200000,2.000000,28,43,58,69,110,140,160,170,210,250,300,189943,22642,28,43.27041360468795,1.6472000279463828,296.23549996176735,24.613094454652185
1779030306,70,,Aggregated,148.400000,2.700000,28,43,58,69,110,140,160,170,210,250,300,190109,22649,28,43.275365289989686,1.6472000279463828,296.23549996176735,24.615725715247567
1779030307,70,,Aggregated,148.400000,3.400000,28,43,58,69,110,140,160,170,210,250,300,190268,22659,28,43.2772929678876,1.6472000279463828,296.23549996176735,24.617355519582905
1779030308,70,,Aggregated,150.600000,4.100000,28,43,58,69,110,140,160,170,210,250,300,190417,22668,28,43.271268802754015,1.6472000279463828,296.23549996176735,24.619372219917338
1779030309,70,,Aggregated,150.200000,5.100000,28,43,58,69,110,140,160,170,210,250,300,190568,22680,28,43.272524512582486,1.6472000279463828,296.23549996176735,24.619463918391336
1779030310,70,,Aggregated,151.100000,6.000000,28,43,58,69,110,140,160,170,210,250,300,190719,22688,28,43.27330860592802,1.6472000279463828,296.23549996176735,24.621443065452315
1779030311,70,,Aggregated,151.700000,7.100000,28,43,58,69,110,140,160,170,210,250,300,190861,22688,28,43.28555709817017,1.6472000279463828,296.23549996176735,24.623307014004958
1779030312,70,,Aggregated,151.700000,7.900000,28,43,58,69,110,140,160,170,210,250,300,191007,22688,28,43.28568764660155,1.6472000279463828,296.23549996176735,24.625097509515356
1779030313,70,,Aggregated,151.400000,7.700000,28,43,58,69,110,140,160,170,210,250,300,191162,22689,28,43.29765263187658,1.6472000279463828,296.23549996176735,24.628341406764942
1779030314,70,,Aggregated,150.700000,7.000000,28,43,58,69,110,140,160,170,210,250,300,191304,22689,28,43.29368845823683,1.6472000279463828,296.23549996176735,24.631042738259524
1779030315,70,,Aggregated,150.200000,6.100000,28,43,58,69,110,140,160,170,210,250,300,191451,22689,28,43.29379347778244,1.6472000279463828,296.23549996176735,24.633937665512324
1779030316,70,,Aggregated,149.900000,5.400000,28,43,58,69,110,140,160,170,210,250,300,191598,22689,28,43.295246273527695,1.6472000279463828,296.23549996176735,24.636702888339126
1779030317,70,,Aggregated,149.100000,4.700000,28,43,58,69,110,140,160,170,210,250,300,191753,22690,28,43.29851995752395,1.6472000279463828,296.23549996176735,24.63929638649721
1779030318,70,,Aggregated,147.500000,4.000000,28,43,58,69,110,140,160,170,210,250,300,191897,22690,28,43.301914611042925,1.6472000279463828,296.23549996176735,24.642454024815397
1779030319,70,,Aggregated,147.600000,3.100000,28,43,58,69,110,140,160,170,210,250,300,192051,22692,28,43.29785575610464,1.6472000279463828,296.23549996176735,24.647046878172986
1779030320,70,,Aggregated,147.100000,2.200000,28,43,58,69,110,140,160,170,210,250,300,192203,22692,28,43.3004873270232,1.6472000279463828,296.23549996176735,24.649620453374816
1779030321,70,,Aggregated,146.900000,1.200000,28,43,58,69,110,140,160,170,210,250,300,192348,22694,28,43.32311556146268,1.6472000279463828,296.23549996176735,24.65278557614324
1779030322,70,,Aggregated,147.900000,0.400000,28,43,58,69,110,140,160,170,210,250,300,192496,22695,28,43.328115816517155,1.6472000279463828,296.23549996176735,24.65477204721137
1779030323,70,,Aggregated,148.500000,0.600000,28,43,58,69,110,140,160,170,210,250,300,192643,22695,28,43.328430800579106,1.6472000279463828,296.23549996176735,24.65612557943969
1779030324,70,,Aggregated,148.200000,0.700000,28,43,58,69,110,140,160,170,210,250,300,192802,22696,28,43.3272587199068,1.6472000279463828,296.23549996176735,24.659054366655948
1779030325,70,,Aggregated,148.000000,0.600000,28,43,58,69,110,140,160,170,210,250,300,192943,22698,28,43.31911487856847,1.6472000279463828,296.23549996176735,24.66126265270054
1779030326,70,,Aggregated,149.000000,0.700000,28,43,58,69,110,140,160,170,210,250,300,193091,22702,28,43.330269894584646,1.6472000279463828,296.23549996176735,24.662123040431712
1779030327,70,,Aggregated,149.300000,0.900000,28,43,58,69,110,140,160,170,210,250,300,193239,22710,28,43.33045870510198,1.6472000279463828,296.23549996176735,24.66366002722018
1779030328,70,,Aggregated,148.300000,1.300000,28,43,58,69,110,140,160,170,210,250,300,193390,22710,28,43.33387341494425,1.6472000279463828,296.23549996176735,24.666957960597756
1779030329,70,,Aggregated,147.900000,2.000000,28,43,58,69,110,140,160,170,210,250,300,193527,22710,28,43.341961649361615,1.6472000279463828,296.23549996176735,24.669260619965172
1779030330,70,,Aggregated,147.100000,2.000000,28,43,58,69,110,140,160,170,210,250,300,193667,22710,28,43.34490642864368,1.6472000279463828,296.23549996176735,24.670821564851007
1779030331,70,,Aggregated,147.500000,1.800000,28,43,58,69,110,140,160,170,210,250,300,193819,22710,28,43.347267018796984,1.6472000279463828,296.23549996176735,24.67322605110954
1779030332,70,,Aggregated,145.500000,1.800000,28,43,58,69,110,140,160,170,210,250,300,193968,22710,28,43.354139790666544,1.6472000279463828,296.23549996176735,24.674786562731995
1779030333,70,,Aggregated,146.600000,1.600000,28,43,58,69,110,140,160,170,210,250,300,194123,22728,28,43.360113488437705,1.6472000279463828,296.23549996176735,24.674026261700057
1779030334,70,,Aggregated,145.900000,1.500000,28,43,58,69,110,140,160,170,210,250,300,194264,22863,28,43.35524292363203,1.6472000279463828,296.23549996176735,24.657110941811144
1779030335,70,,Aggregated,146.000000,1.500000,28,43,58,70,110,140,160,170,210,250,300,194411,22977,28,43.380191106554975,1.6472000279463828,296.23549996176735,24.643811306973372
1779030336,70,,Aggregated,145.200000,14.000000,28,43,58,70,110,140,160,170,210,250,300,194553,23093,28,43.38813620975463,1.6472000279463828,296.23549996176735,24.629381196897505
1779030337,70,,Aggregated,144.200000,24.400000,28,43,58,70,110,140,160,170,210,250,300,194696,23215,28,43.38971882276265,1.6472000279463828,296.23549996176735,24.613623289641286
1779030338,70,,Aggregated,145.500000,36.200000,28,43,58,70,110,140,160,170,210,250,300,194853,23339,28,43.40502836043838,1.6472000279463828,296.23549996176735,24.59795332891975
1779030339,70,,Aggregated,145.200000,47.600000,28,44,58,70,110,140,160,170,210,250,300,194994,23444,28,43.4185101855289,1.6472000279463828,296.23549996176735,24.58546416812825
1779030340,70,,Aggregated,145.400000,59.000000,28,44,58,70,110,140,160,170,210,250,300,195141,23546,28,43.41514226798643,1.6472000279463828,296.23549996176735,24.57377486022927
1779030341,70,,Aggregated,144.200000,69.400000,28,44,58,70,110,140,160,170,210,250,300,195290,23649,28,43.420147736274906,1.6472000279463828,296.23549996176735,24.560878693225458
1779030342,70,,Aggregated,145.400000,79.200000,28,44,58,70,110,140,160,170,210,250,300,195421,23729,28,43.419848489245375,1.6472000279463828,296.23549996176735,24.551977525445064
1779030343,70,,Aggregated,143.800000,88.700000,28,44,58,70,110,140,160,170,210,250,300,195576,23823,28,43.42507996439568,1.6472000279463828,296.23549996176735,24.540869022783983
1779030344,70,,Aggregated,143.400000,97.000000,28,44,58,70,110,140,160,170,210,250,300,195723,23910,28,43.422862676417985,1.6472000279463828,296.23549996176735,24.529866188439783
1779030345,70,,Aggregated,143.500000,105.800000,28,44,58,70,110,140,160,170,210,250,300,195866,23976,28,43.42745345755326,1.6472000279463828,296.23549996176735,24.522694086773612
1779030346,70,,Aggregated,143.100000,102.000000,28,44,58,70,110,140,160,170,210,250,300,196011,24036,28,43.455879535927565,1.6472000279463828,296.23549996176735,24.516108789812815
1779030347,70,,Aggregated,144.800000,98.500000,28,44,58,70,110,140,160,170,210,250,300,196155,24086,28,43.45956479476367,1.6472000279463828,296.23549996176735,24.51156483393235
1779030348,70,,Aggregated,143.700000,92.300000,28,44,58,70,110,140,160,170,210,250,300,196299,24138,28,43.45752746635067,1.6472000279463828,296.23549996176735,24.507175278529182
1779030349,70,,Aggregated,143.000000,85.000000,28,44,58,70,110,140,160,170,210,250,300,196453,24202,28,43.44972036067939,1.6472000279463828,296.23549996176735,24.501667065404956
1779030350,70,,Aggregated,143.500000,78.600000,28,44,58,70,110,140,160,170,210,250,300,196607,24238,28,43.44563609442665,1.6472000279463828,296.23549996176735,24.499351498166394
1779030351,70,,Aggregated,144.400000,74.100000,28,44,58,70,110,140,160,170,210,250,300,196756,24283,28,43.4455630553419,1.6472000279463828,296.23549996176735,24.49578157718189
1779030352,70,,Aggregated,144.700000,70.100000,28,44,58,70,110,140,160,170,210,250,300,196894,24307,28,43.44037621672976,1.6472000279463828,296.23549996176735,24.495327435066585
1779030353,70,,Aggregated,145.200000,64.100000,28,44,58,70,110,140,160,170,210,250,300,197040,24331,28,43.44185129068558,1.6472000279463828,296.23549996176735,24.494610231425092
1779030354,70,,Aggregated,146.300000,60.300000,28,44,58,70,110,140,160,170,210,250,300,197193,24347,28,43.43801513652444,1.6472000279463828,296.23549996176735,24.495839101793674
1779030355,70,,Aggregated,146.100000,53.900000,28,44,58,70,110,140,160,170,210,250,300,197346,24362,28,43.43747701811383,1.6472000279463828,296.23549996176735,24.49704073049365
1779030356,70,,Aggregated,145.900000,47.500000,28,44,58,70,110,140,160,170,210,250,300,197498,24378,28,43.431417982545604,1.6472000279463828,296.23549996176735,24.498556947412126
1779030357,70,,Aggregated,145.900000,42.000000,28,44,58,70,110,140,160,170,210,250,300,197640,24385,28,43.434884112106886,1.6472000279463828,296.23549996176735,24.500252985225664
1779030358,70,,Aggregated,147.900000,37.500000,28,44,58,70,110,140,160,170,210,250,300,197796,24388,28,43.443677123485045,1.6472000279463828,296.23549996176735,24.50309915266234
1779030359,70,,Aggregated,148.200000,34.200000,28,44,58,70,110,140,160,170,210,250,300,197941,24398,28,43.440874551090616,1.6472000279463828,296.23549996176735,24.50383700193492
1779030360,70,,Aggregated,148.100000,29.900000,28,44,58,70,110,140,160,170,210,250,300,198080,24401,28,43.441541346513,1.6472000279463828,296.23549996176735,24.505745153473345
1779030361,70,,Aggregated,147.200000,24.300000,28,44,58,70,110,140,160,170,210,250,300,198225,24404,28,43.44746287914098,1.6472000279463828,296.23549996176735,24.507640307731112
1779030362,70,,Aggregated,147.000000,19.500000,28,44,58,70,110,140,160,170,210,250,300,198367,24418,28,43.44432152534383,1.6472000279463828,296.23549996176735,24.508577535577995
1779030363,70,,Aggregated,145.800000,16.300000,28,44,58,70,110,140,160,170,210,250,300,198505,24419,28,43.448430274389565,1.6472000279463828,296.23549996176735,24.510183622578776
1779030364,70,,Aggregated,145.900000,12.100000,28,44,58,70,110,140,160,170,210,250,300,198665,24429,28,43.45912417546002,1.6472000279463828,296.23549996176735,24.511388518360054
1779030365,70,,Aggregated,145.400000,11.100000,28,44,58,70,110,140,160,170,210,250,300,198809,24429,28,43.458389237498295,1.6472000279463828,296.23549996176735,24.513397280807208
1779030366,70,,Aggregated,146.200000,8.800000,28,44,58,70,110,140,160,170,210,250,300,198955,24430,28,43.46431803733452,1.6472000279463828,296.23549996176735,24.51498077454701
1779030367,70,,Aggregated,145.200000,8.200000,28,44,58,70,110,140,160,170,210,250,300,199107,24430,28,43.46719597762981,1.6472000279463828,296.23549996176735,24.51734996760536
1779030368,70,,Aggregated,143.700000,6.700000,28,44,58,70,110,140,160,170,210,250,300,199251,24442,28,43.46856914253027,1.6472000279463828,296.23549996176735,24.517904552549297
1779030369,70,,Aggregated,145.500000,5.200000,28,44,58,70,110,140,160,170,210,250,300,199402,24442,28,43.47385226837346,1.6472000279463828,296.23549996176735,24.518971725459124
1779030370,70,,Aggregated,144.400000,4.500000,28,44,58,70,110,140,160,170,210,250,300,199546,24453,28,43.478044438466746,1.6472000279463828,296.23549996176735,24.52012067392982
1779030371,70,,Aggregated,145.600000,5.400000,28,44,58,70,110,140,160,170,210,250,300,199700,24468,28,43.48142829753648,1.6472000279463828,296.23549996176735,24.52271907861793
1779030372,70,,Aggregated,145.100000,4.400000,28,44,58,70,110,140,160,170,210,250,300,199847,24494,28,43.48474694850841,1.6472000279463828,296.23549996176735,24.520758380160824
1779030373,70,,Aggregated,146.500000,5.200000,28,44,58,70,110,140,160,170,210,250,300,200001,24498,28,43.48876509926911,1.6472000279463828,296.23549996176735,24.52371238143809
1779030374,70,,Aggregated,146.800000,6.400000,28,44,58,70,110,140,160,170,210,250,300,200157,24513,28,43.48974926392336,1.6472000279463828,296.23549996176735,24.524932927651793
1779030375,70,,Aggregated,148.400000,7.600000,28,44,58,70,110,140,160,170,210,250,300,200298,24514,28,43.49024712837252,1.6472000279463828,296.23549996176735,24.52768874377178
1779030376,70,,Aggregated,148.000000,7.900000,28,44,58,70,110,140,160,170,210,250,300,200442,24518,28,43.48744497569703,1.6472000279463828,296.23549996176735,24.529654463635367
1779030377,70,,Aggregated,148.400000,8.400000,28,44,58,70,110,140,160,170,210,250,300,200592,24519,28,43.4898045595963,1.6472000279463828,296.23549996176735,24.53175101698971
1779030378,70,,Aggregated,149.200000,8.500000,28,44,58,70,110,140,160,170,210,250,300,200731,24521,28,43.4891729494648,1.6472000279463828,296.23549996176735,24.533963363904927
1779030379,70,,Aggregated,147.300000,8.900000,28,44,58,70,110,140,160,170,210,250,300,200879,24523,28,43.49530419117625,1.6472000279463828,296.23549996176735,24.536631504537556
1779030380,70,,Aggregated,148.100000,9.000000,28,44,58,70,110,140,160,170,210,250,300,201017,24523,28,43.504998499725524,1.6472000279463828,296.23549996176735,24.540655765432774
1779030381,70,,Aggregated,147.200000,7.900000,28,44,58,70,110,140,160,170,210,250,300,201163,24523,28,43.51056987377896,1.6472000279463828,296.23549996176735,24.543991688332348
1779030382,70,,Aggregated,146.900000,8.100000,28,44,58,70,110,140,160,170,210,250,300,201330,24524,28,43.5073938842658,1.6472000279463828,296.23549996176735,24.548254110167388
1779030383,70,,Aggregated,146.600000,7.000000,28,44,58,70,110,140,160,170,210,250,300,201468,24524,28,43.50064632258757,1.6472000279463828,296.23549996176735,24.552544324657017
1779030384,70,,Aggregated,146.300000,5.500000,28,44,58,70,110,140,160,170,210,250,300,201621,24539,28,43.50465796131707,1.6472000279463828,296.23549996176735,24.552660685146886
1779030385,70,,Aggregated,146.000000,3.000000,28,44,58,70,110,140,160,170,210,250,300,201764,24539,28,43.50611267083863,1.6472000279463828,296.23549996176735,24.55412263832993
1779030386,70,,Aggregated,145.500000,2.600000,28,44,58,70,110,140,160,170,210,250,300,201911,24539,28,43.50538989415432,1.6472000279463828,296.23549996176735,24.55711674945892
1779030387,70,,Aggregated,146.100000,2.600000,28,44,58,70,110,140,160,170,210,250,300,202056,24539,28,43.50209176178193,1.6472000279463828,296.23549996176735,24.559706220057805
1779030388,70,,Aggregated,146.500000,2.500000,28,44,58,70,110,140,160,170,210,250,300,202211,24540,28,43.49891226648842,1.6472000279463828,296.23549996176735,24.562506490744816
1779030389,70,,Aggregated,145.800000,2.000000,28,44,58,70,110,140,160,170,210,250,300,202357,24544,28,43.49677347321076,1.6472000279463828,296.23549996176735,24.56525842940941
1779030390,70,,Aggregated,145.700000,1.900000,28,44,58,70,110,140,160,170,210,250,300,202509,24550,28,43.49692282524825,1.6472000279463828,296.23549996176735,24.56799944693816
1779030391,70,,Aggregated,146.500000,1.900000,28,44,58,70,110,140,160,170,210,250,300,202660,24564,28,43.498853667808845,1.6472000279463828,296.23549996176735,24.569145366623903
1779030392,70,,Aggregated,148.000000,2.100000,28,44,58,70,110,140,160,170,210,250,300,202817,24564,28,43.49999168717482,1.6472000279463828,296.23549996176735,24.571860347012333
1779030393,70,,Aggregated,148.100000,2.700000,28,44,58,70,110,140,160,170,210,250,300,202961,24571,28,43.50466772689249,1.6472000279463828,296.23549996176735,24.57313966722671
1779030394,70,,Aggregated,148.700000,4.100000,28,44,58,70,110,140,160,170,210,250,300,203113,24578,28,43.50353245886501,1.6472000279463828,296.23549996176735,24.575049356762
1779030395,70,,Aggregated,148.800000,4.000000,28,44,58,70,110,140,160,170,210,250,300,203266,24602,28,43.502320284345714,1.6472000279463828,296.23549996176735,24.575275747050664
1779030396,70,,Aggregated,149.200000,4.700000,28,44,58,70,110,140,160,170,210,250,300,203428,24617,28,43.50851224913938,1.6472000279463828,296.23549996176735,24.574881530566095
1779030397,70,,Aggregated,148.800000,3.900000,28,44,58,70,110,140,160,170,210,250,300,203567,24619,28,43.50447053902631,1.6472000279463828,296.23549996176735,24.577220276370923
1779030398,70,,Aggregated,148.800000,6.300000,28,44,58,70,110,140,160,170,210,250,300,203716,24629,28,43.49750592500323,1.6472000279463828,296.23549996176735,24.578879420369535
1779030399,70,,Aggregated,151.000000,7.800000,28,44,58,70,110,140,160,170,210,250,300,203863,24630,28,43.489424137867005,1.6472000279463828,296.23549996176735,24.58233715779715
1779030400,70,,Aggregated,150.300000,8.000000,28,44,58,70,110,140,160,170,210,250,300,204007,24630,28,43.48676532971134,1.6472000279463828,296.23549996176735,24.58471523035974
1779030401,70,,Aggregated,149.600000,8.900000,28,44,58,70,110,140,160,170,210,250,300,204152,24630,28,43.48486192258045,1.6472000279463828,296.23549996176735,24.586714800736704
1779030402,70,,Aggregated,149.300000,8.600000,28,44,58,70,110,140,160,170,210,250,300,204301,24630,28,43.47905935515713,1.6472000279463828,296.23549996176735,24.59077048081018
1779030403,70,,Aggregated,149.400000,8.000000,28,44,58,70,110,140,160,170,210,250,300,204448,24639,28,43.479718180260356,1.6472000279463828,296.23549996176735,24.591221239630617
1779030404,70,,Aggregated,148.400000,6.600000,28,44,58,70,110,140,160,170,210,250,300,204596,24639,28,43.47879637831601,1.6472000279463828,296.23549996176735,24.593379147197403
1779030405,70,,Aggregated,148.000000,6.600000,28,44,58,70,110,140,160,170,210,250,300,204752,24643,28,43.481207084266984,1.6472000279463828,296.23549996176735,24.596077205595062
1779030406,70,,Aggregated,146.600000,6.800000,28,44,58,70,110,140,160,170,210,250,300,204890,24643,28,43.48051739283252,1.6472000279463828,296.23549996176735,24.598325930987357
1779030407,70,,Aggregated,147.600000,6.100000,28,44,58,70,110,140,160,170,210,250,300,205044,24643,28,43.49109757914093,1.6472000279463828,296.23549996176735,24.602119545073254
1779030408,70,,Aggregated,147.400000,4.100000,28,44,58,70,110,140,160,170,210,250,300,205196,24643,28,43.49287711952327,1.6472000279463828,296.23549996176735,24.60551375270473
1779030409,70,,Aggregated,146.200000,2.600000,28,44,58,70,110,140,160,170,210,250,300,205341,24644,28,43.496218117266395,1.6472000279463828,296.23549996176735,24.608495137356883
1779030410,70,,Aggregated,147.500000,2.400000,28,44,58,70,110,140,160,170,210,250,300,205495,24649,28,43.4989868406434,1.6472000279463828,296.23549996176735,24.611946762694956
1779030411,70,,Aggregated,147.800000,1.400000,28,44,58,70,110,140,160,170,210,250,300,205647,24649,28,43.49954366520163,1.6472000279463828,296.23549996176735,24.615010187359893
1779030412,70,,Aggregated,147.500000,1.400000,28,44,58,70,110,140,160,170,210,250,300,205787,24653,28,43.50621834964115,1.6472000279463828,296.23549996176735,24.61582121319617
1779030413,70,,Aggregated,147.600000,1.900000,28,44,58,70,110,140,160,170,210,250,300,205934,24653,28,43.506017438197276,1.6472000279463828,296.23549996176735,24.617896996124973
1779030414,70,,Aggregated,148.400000,1.900000,28,44,58,70,110,140,160,170,210,250,300,206091,24657,28,43.514211671627464,1.6472000279463828,296.23549996176735,24.620623899151347
1779030415,70,,Aggregated,147.100000,2.300000,28,44,58,70,110,140,160,170,210,250,300,206243,24662,28,43.515515211268365,1.6472000279463828,296.23549996176735,24.62273628680731
1779030416,70,,Aggregated,148.500000,1.400000,28,44,58,70,110,140,160,170,210,250,300,206395,24664,28,43.51693482844995,1.6472000279463828,296.23549996176735,24.625543254439304
1779030417,70,,Aggregated,149.200000,1.800000,28,44,58,70,110,140,160,170,210,250,300,206532,24664,28,43.51950760472112,1.6472000279463828,296.23549996176735,24.629113164061742
1779030418,70,,Aggregated,148.400000,1.900000,28,44,58,70,110,140,160,170,210,250,300,206675,24664,28,43.52178579372401,1.6472000279463828,296.23549996176735,24.6310390710052
1779030419,70,,Aggregated,148.300000,2.100000,28,44,58,70,110,140,160,170,210,250,300,206821,24664,28,43.52787043442248,1.6472000279463828,296.23549996176735,24.631947432804214
1779030420,70,,Aggregated,148.000000,2.100000,28,44,58,70,110,140,160,170,210,250,300,206962,24664,28,43.53735050210849,1.6472000279463828,296.23549996176735,24.63373952706294
1779030421,70,,Aggregated,147.400000,2.100000,28,44,58,70,110,140,160,170,210,250,300,207110,24664,28,43.5598791671922,1.6472000279463828,296.23549996176735,24.63536285065907
1779030422,70,,Aggregated,147.000000,2.000000,28,44,58,70,110,140,160,170,210,250,300,207263,24664,28,43.560671321542664,1.6472000279463828,296.23549996176735,24.63844487438665
1779030423,70,,Aggregated,146.300000,1.500000,28,44,58,70,110,140,160,170,210,250,300,207420,24669,28,43.56399836427188,1.6472000279463828,296.23549996176735,24.64214154854884
1779030424,70,,Aggregated,145.900000,1.500000,28,44,58,70,110,140,160,170,210,250,300,207570,24674,28,43.56929780949425,1.6472000279463828,296.23549996176735,24.644100785277256
1779030425,70,,Aggregated,146.800000,1.100000,28,44,58,70,110,140,160,170,210,250,300,207726,24674,28,43.575912265757616,1.6472000279463828,296.23549996176735,24.647526067993415
1779030426,70,,Aggregated,148.600000,1.600000,28,44,58,70,110,140,160,170,210,250,300,207879,24682,28,43.5858150261311,1.6472000279463828,296.23549996176735,24.650113768105484
1779030427,70,,Aggregated,146.300000,1.700000,28,44,58,70,110,140,160,170,210,250,300,208025,24683,28,43.59050257333252,1.6472000279463828,296.23549996176735,24.65220045667588
1779030428,70,,Aggregated,147.900000,1.200000,28,44,58,70,110,140,160,170,210,250,300,208171,24684,28,43.59264786746141,1.6472000279463828,296.23549996176735,24.65530261179511
1779030429,70,,Aggregated,148.200000,1.800000,28,44,58,70,110,140,160,170,210,250,300,208325,24691,28,43.5949928050768,1.6472000279463828,296.23549996176735,24.656531861274452
1779030430,70,,Aggregated,149.100000,1.900000,28,44,58,70,110,140,160,170,210,250,300,208469,24703,28,43.61027896770164,1.6472000279463828,296.23549996176735,24.65758937779718
1779030431,70,,Aggregated,148.200000,2.000000,28,44,58,70,110,140,160,170,210,250,300,208611,24710,28,43.622902290953434,1.6472000279463828,296.23549996176735,24.65830660895159
1779030432,70,,Aggregated,149.900000,2.700000,28,44,58,70,110,140,160,170,210,250,300,208755,24710,28,43.62356314300522,1.6472000279463828,296.23549996176735,24.661253622667722
1779030433,70,,Aggregated,149.500000,3.900000,28,44,58,70,110,140,160,170,210,250,300,208902,24710,28,43.633021905573074,1.6472000279463828,296.23549996176735,24.663698767843297
1779030434,70,,Aggregated,149.800000,4.600000,28,44,58,70,110,140,160,170,210,250,300,209061,24710,28,43.635286501156656,1.6472000279463828,296.23549996176735,24.66649925141466
1779030435,70,,Aggregated,148.500000,4.600000,28,44,58,70,110,140,160,170,210,250,300,209202,24710,28,43.6364670419902,1.6472000279463828,296.23549996176735,24.66904236097169
1779030436,70,,Aggregated,147.500000,4.100000,28,44,58,70,110,140,160,170,210,250,300,209356,24712,28,43.65057061568987,1.6472000279463828,296.23549996176735,24.670284109363955
1779030437,70,,Aggregated,149.400000,3.600000,28,44,58,70,110,140,160,170,210,250,300,209509,24723,28,43.64864325455301,1.6472000279463828,296.23549996176735,24.67189476347078
1779030438,70,,Aggregated,146.600000,3.600000,28,44,58,70,110,140,160,170,210,250,300,209656,24723,28,43.649958012257606,1.6472000279463828,296.23549996176735,24.67391345823635
1779030439,70,,Aggregated,146.400000,3.000000,28,44,58,70,110,140,160,170,210,250,300,209807,24723,28,43.6517453183993,1.6472000279463828,296.23549996176735,24.676526521994024
1779030440,70,,Aggregated,147.500000,4.000000,28,44,58,70,110,140,160,170,210,250,300,209951,24725,28,43.65140649683829,1.6472000279463828,296.23549996176735,24.678867926325665
1779030441,70,,Aggregated,148.400000,3.900000,28,44,58,70,110,140,160,170,210,250,300,210092,24725,28,43.650539670323774,1.6472000279463828,296.23549996176735,24.682144013099023
1779030442,70,,Aggregated,146.800000,3.200000,28,44,58,70,110,140,160,170,210,250,300,210243,24725,28,43.66285275618059,1.6472000279463828,296.23549996176735,24.684674400574572
1779030443,70,,Aggregated,147.200000,2.200000,28,44,58,70,110,140,160,170,210,250,300,210387,24725,28,43.666825758331235,1.6472000279463828,296.23549996176735,24.687761125925082
1779030444,70,,Aggregated,146.400000,1.500000,28,44,58,70,110,140,160,170,210,250,300,210543,24725,28,43.67065493138388,1.6472000279463828,296.23549996176735,24.68891390357314
1779030445,70,,Aggregated,147.900000,1.500000,28,44,58,70,110,140,160,170,210,250,300,210691,24725,28,43.67162961597077,1.6472000279463828,296.23549996176735,24.690836343270476
1779030446,70,,Aggregated,147.300000,1.500000,28,44,58,70,110,140,160,170,210,250,300,210837,24725,28,43.6728506121721,1.6472000279463828,296.23549996176735,24.694270929675532
1779030447,70,,Aggregated,147.500000,1.500000,28,44,58,70,110,140,160,170,210,250,300,211006,24725,28,43.67786079551396,1.6472000279463828,296.23549996176735,24.698131806678482
1779030448,70,,Aggregated,147.700000,1.500000,28,44,58,70,110,140,160,170,210,250,300,211164,24729,28,43.68073755052044,1.6472000279463828,296.23549996176735,24.701435850807904
1779030449,70,,Aggregated,148.300000,1.300000,28,44,58,70,110,140,160,170,210,250,300,211312,24743,28,43.68379659185618,1.6472000279463828,296.23549996176735,24.701980957068223
1779030450,70,,Aggregated,148.100000,0.200000,28,44,58,70,110,140,160,170,210,250,300,211452,24760,28,43.69115083904761,1.6472000279463828,296.23549996176735,24.70056088379396
1779030451,70,,Aggregated,149.400000,0.600000,28,44,58,70,110,140,160,170,210,250,300,211598,24760,28,43.712169516812644,1.6472000279463828,296.23549996176735,24.70288471535648
1779030452,70,,Aggregated,150.100000,2.000000,28,44,58,70,110,140,160,170,210,250,300,211755,24760,28,43.71914009170137,1.6472000279463828,296.23549996176735,24.70656655096692
1779030453,70,,Aggregated,149.600000,3.500000,28,44,58,70,110,140,160,170,210,250,300,211907,24876,28,43.72556370539172,1.6472000279463828,296.23549996176735,24.692959647392488
1779030455,70,,Aggregated,149.900000,3.500000,28,44,58,70,110,140,160,170,210,250,300,212058,25016,28,43.71789122984448,1.6472000279463828,296.23549996176735,24.67704118684511
1779030456,70,,Aggregated,150.700000,15.100000,28,44,58,70,110,140,160,170,210,250,300,212206,25144,28,43.714494010152904,1.6472000279463828,296.23549996176735,24.661913423748622
1779030457,70,,Aggregated,149.800000,29.100000,28,44,58,70,110,140,160,170,210,250,300,212355,25274,28,43.71373110837406,1.6472000279463828,296.23549996176735,24.647566574839303
1779030458,70,,Aggregated,150.100000,41.200000,28,44,58,70,110,140,160,170,210,250,300,212501,25394,28,43.71905076220103,1.6472000279463828,296.23549996176735,24.634044075086706
1779030459,70,,Aggregated,149.600000,53.900000,28,44,58,70,110,140,160,170,210,250,300,212652,25498,28,43.7269201964638,1.6472000279463828,296.23549996176735,24.622223162725955
1779030460,70,,Aggregated,147.600000,65.600000,29,44,58,70,110,140,160,170,210,250,300,212802,25594,29,43.736006746733075,1.6472000279463828,296.23549996176735,24.612080713527128
1779030461,70,,Aggregated,146.400000,75.500000,29,44,58,70,110,140,160,170,210,250,300,212955,25703,29,43.727262752780724,1.6472000279463828,296.23549996176735,24.600150266488225
1779030462,70,,Aggregated,146.200000,83.100000,29,44,58,70,110,140,160,170,210,250,300,213103,25798,29,43.72347414592043,1.6472000279463828,296.23549996176735,24.590310788679652
1779030463,70,,Aggregated,147.500000,91.900000,29,44,58,70,110,140,160,170,210,250,300,213258,25894,29,43.72444030666251,1.6472000279463828,296.23549996176735,24.57964531225089
1779030464,70,,Aggregated,147.900000,101.400000,29,44,58,70,110,140,160,170,210,250,300,213407,25985,29,43.72043420467989,1.6472000279463828,296.23549996176735,24.57106842793348
1779030465,70,,Aggregated,147.200000,110.500000,29,44,58,70,110,140,160,170,210,250,300,213551,26053,29,43.71527306740946,1.6472000279463828,296.23549996176735,24.565597913379005
1779030466,70,,Aggregated,147.300000,108.200000,29,44,58,70,110,140,160,170,210,250,300,213694,26116,29,43.71451588822459,1.6472000279463828,296.23549996176735,24.560595992400348
1779030467,70,,Aggregated,146.400000,100.900000,29,44,58,70,110,140,160,170,210,250,300,213839,26170,29,43.720236154856096,1.6472000279463828,296.23549996176735,24.555062453528123
1779030468,70,,Aggregated,146.500000,94.900000,29,44,58,70,110,140,160,170,210,250,300,213995,26234,29,43.71823955381357,1.6472000279463828,296.23549996176735,24.54928853477885
1779030469,70,,Aggregated,145.600000,88.500000,29,44,58,70,110,140,160,170,210,250,300,214135,26284,29,43.7183857459918,1.6472000279463828,296.23549996176735,24.54495061526607
1779030470,70,,Aggregated,146.500000,81.800000,29,44,58,70,110,140,160,170,210,250,300,214291,26324,29,43.72468455519882,1.6472000279463828,296.23549996176735,24.542141293848086
1779030471,70,,Aggregated,146.600000,76.600000,29,44,58,70,110,140,160,170,210,250,300,214438,26368,29,43.73415229258799,1.6472000279463828,296.23549996176735,24.538449342000952
1779030472,70,,Aggregated,146.100000,73.100000,29,44,58,70,110,140,160,170,210,250,300,214582,26394,29,43.73287032518081,1.6472000279463828,296.23549996176735,24.537687224464307
1779030473,70,,Aggregated,146.000000,66.000000,29,44,58,70,110,140,160,170,210,250,300,214731,26422,29,43.73803204482524,1.6472000279463828,296.23549996176735,24.53643861389366
1779030474,70,,Aggregated,145.400000,61.000000,29,44,58,70,110,140,160,170,210,250,300,214888,26442,29,43.74153055599842,1.6472000279463828,296.23549996176735,24.536656304679646
1779030475,70,,Aggregated,145.000000,54.600000,29,44,58,70,110,140,160,170,210,250,300,215034,26456,29,43.74329333229999,1.6472000279463828,296.23549996176735,24.538212561734422
1779030476,70,,Aggregated,145.500000,47.700000,29,44,58,70,110,140,160,170,210,250,300,215176,26473,29,43.74041977180406,1.6472000279463828,296.23549996176735,24.5389727478901
1779030477,70,,Aggregated,146.900000,42.800000,29,44,58,70,110,140,160,170,210,250,300,215327,26479,29,43.74389037054303,1.6472000279463828,296.23549996176735,24.54028059648813
1779030478,70,,Aggregated,146.800000,38.700000,29,44,58,70,110,140,160,170,210,250,300,215477,26484,29,43.75706012529562,1.6472000279463828,296.23549996176735,24.54150558992375
1779030479,70,,Aggregated,147.700000,33.000000,29,44,58,70,110,140,160,170,210,250,300,215624,26492,29,43.75825454271559,1.6472000279463828,296.23549996176735,24.543473824806146
1779030480,70,,Aggregated,146.800000,28.500000,29,44,58,70,110,140,160,170,210,250,300,215773,26501,29,43.75884123832962,1.6472000279463828,296.23549996176735,24.54468353315753
1779030481,70,,Aggregated,147.200000,23.800000,29,44,58,70,110,140,160,170,210,250,300,215926,26516,29,43.76606214545044,1.6472000279463828,296.23549996176735,24.545751785333863
1779030482,70,,Aggregated,147.100000,19.200000,29,44,58,70,110,140,160,170,210,250,300,216071,26525,29,43.769350614005916,1.6472000279463828,296.23549996176735,24.547065547898608
1779030483,70,,Aggregated,147.300000,16.400000,29,44,58,70,110,140,160,170,210,250,300,216215,26527,29,43.77882836305921,1.6472000279463828,296.23549996176735,24.548555835626576
1779030484,70,,Aggregated,147.500000,13.400000,29,44,58,70,110,140,160,170,210,250,300,216356,26527,29,43.78883570189199,1.6472000279463828,296.23549996176735,24.549645029488435
1779030485,70,,Aggregated,147.000000,11.400000,29,44,58,70,110,140,160,170,210,250,300,216501,26527,29,43.80567911103858,1.6472000279463828,296.23549996176735,24.550713391624058
1779030486,70,,Aggregated,145.400000,9.200000,29,44,58,70,110,140,160,170,210,250,300,216656,26527,29,43.81012501116472,1.6472000279463828,296.23549996176735,24.55353186618418
1779030487,70,,Aggregated,144.700000,7.400000,29,44,58,70,110,140,160,170,210,250,300,216798,26530,29,43.81152785827828,1.6472000279463828,296.23549996176735,24.55537873965627
1779030488,70,,Aggregated,145.200000,5.400000,29,44,58,70,110,140,160,170,210,250,300,216959,26545,29,43.81411983424868,1.6472000279463828,296.23549996176735,24.556639733774585
1779030489,70,,Aggregated,145.700000,4.800000,29,44,58,70,110,140,160,170,210,250,300,217103,26550,29,43.81953840812183,1.6472000279463828,296.23549996176735,24.55902037281843
1779030490,70,,Aggregated,146.800000,4.600000,29,44,58,70,110,140,160,170,210,250,300,217252,26552,29,43.83523184052687,1.6472000279463828,296.23549996176735,24.559865962108518
1779030491,70,,Aggregated,147.800000,5.700000,29,44,58,70,110,140,160,170,210,250,300,217398,26571,29,43.83854534318937,1.6472000279463828,296.23549996176735,24.560501936540355
1779030492,70,,Aggregated,147.400000,5.300000,29,44,58,70,110,140,160,170,210,250,300,217554,26587,29,43.84161917693339,1.6472000279463828,296.23549996176735,24.561626079042444
1779030493,70,,Aggregated,146.900000,4.900000,29,44,58,70,110,140,160,170,210,250,300,217696,26595,29,43.848299251333216,1.6472000279463828,296.23549996176735,24.562403535205057
1779030494,70,,Aggregated,147.000000,5.300000,29,44,58,70,110,140,160,170,210,250,300,217847,26598,29,43.85550337171641,1.6472000279463828,296.23549996176735,24.56484137950029
1779030495,70,,Aggregated,147.200000,6.200000,29,44,58,70,110,140,160,170,210,250,300,217992,26607,29,43.86016167161322,1.6472000279463828,296.23549996176735,24.56723641234541
1779030496,70,,Aggregated,148.600000,6.800000,29,44,58,70,110,140,160,170,210,250,300,218129,26608,29,43.86483240201391,1.6472000279463828,296.23549996176735,24.56933741043144
1779030497,70,,Aggregated,146.900000,7.100000,29,44,58,70,110,140,160,170,210,250,300,218278,26612,29,43.87190255737613,1.6472000279463828,296.23549996176735,24.570176563831446
1779030498,70,,Aggregated,148.100000,8.000000,29,44,58,70,110,140,160,170,210,250,300,218419,26612,29,43.87411947412488,1.6472000279463828,296.23549996176735,24.571909952888713
1779030499,70,,Aggregated,146.900000,8.100000,29,44,58,70,110,140,160,170,210,250,300,218574,26614,29,43.89405105236107,1.6472000279463828,296.23549996176735,24.573352731797925
1779030500,70,,Aggregated,146.400000,8.200000,29,44,58,70,110,140,160,170,210,250,300,218721,26615,29,43.89604306682339,1.6472000279463828,296.23549996176735,24.576373553522526
1779030501,70,,Aggregated,144.600000,6.700000,29,44,58,70,110,140,160,170,210,250,300,218863,26621,29,43.92198040061003,1.6472000279463828,296.23549996176735,24.577411440033263
1779030502,70,,Aggregated,145.000000,6.400000,29,44,58,70,110,140,160,170,210,250,300,219010,26621,29,43.92479014482597,1.6472000279463828,296.23549996176735,24.58013332724533
1779030503,70,,Aggregated,145.300000,6.300000,29,44,58,70,110,140,160,170,210,250,300,219157,26621,29,43.93280308508795,1.6472000279463828,296.23549996176735,24.582440898533928
1779030504,70,,Aggregated,145.400000,5.000000,29,44,58,70,110,140,160,170,210,250,300,219313,26621,29,43.936548894131185,1.6472000279463828,296.23549996176735,24.58489008859484
1779030505,70,,Aggregated,146.100000,3.400000,29,44,59,70,110,140,160,170,210,250,300,219452,26621,29,43.93971914231248,1.6472000279463828,296.23549996176735,24.585900333558136
1779030506,70,,Aggregated,145.000000,2.600000,29,44,58,70,110,140,160,170,210,250,300,219593,26621,29,43.94341693004335,1.6472000279463828,296.23549996176735,24.586908508012552
1779030507,70,,Aggregated,146.500000,2.300000,29,44,58,70,110,140,160,170,210,250,300,219738,26621,29,43.94525842329853,1.6472000279463828,296.23549996176735,24.58904240504601
1779030508,70,,Aggregated,145.000000,1.400000,29,44,58,70,110,140,160,170,210,250,300,219878,26621,29,43.946159129696156,1.6472000279463828,296.23549996176735,24.590836736735827
1779030509,70,,Aggregated,145.100000,1.300000,29,44,58,70,110,140,160,170,210,250,300,220030,26621,29,43.946625470252485,1.6472000279463828,296.23549996176735,24.59390083170477
1779030510,70,,Aggregated,144.700000,0.900000,29,44,58,70,110,140,160,170,210,250,300,220175,26621,29,43.94422566966884,1.6472000279463828,296.23549996176735,24.59556262064267
1779030511,70,,Aggregated,144.900000,0.900000,29,44,58,70,110,140,160,170,210,250,300,220320,26621,29,43.94669828984657,1.6472000279463828,296.23549996176735,24.5981163761801
1779030512,70,,Aggregated,145.100000,0.700000,29,44,58,70,110,140,160,170,210,250,300,220469,26621,29,43.947784590663694,1.6472000279463828,296.23549996176735,24.599775932217227
1779030513,70,,Aggregated,144.600000,0.600000,29,44,58,70,110,140,160,170,210,250,300,220611,26621,29,43.950656933782376,1.6472000279463828,296.23549996176735,24.601579250354696
1779030514,70,,Aggregated,145.200000,0.000000,29,44,59,70,110,140,160,170,210,250,300,220755,26622,29,43.9571719712745,1.6472000279463828,296.23549996176735,24.602858372403794
1779030515,70,,Aggregated,144.600000,0.000000,29,44,59,70,110,140,160,170,210,250,300,220899,26625,29,43.962575950633266,1.6472000279463828,296.23549996176735,24.60334813647866
1779030516,70,,Aggregated,143.500000,0.100000,29,44,59,70,110,140,160,170,210,250,300,221039,26625,29,43.968288300791514,1.6472000279463828,296.23549996176735,24.605237084858327
1779030517,70,,Aggregated,143.700000,0.100000,29,44,59,70,110,140,160,170,210,250,300,221178,26628,29,43.980613298875056,1.6472000279463828,296.23549996176735,24.605883044425756
1779030518,70,,Aggregated,143.200000,0.400000,29,44,59,70,110,140,160,170,210,250,300,221337,26628,29,43.995364359858776,1.6472000279463828,296.23549996176735,24.607729390025167
1779030519,70,,Aggregated,144.000000,0.400000,29,44,59,70,110,140,160,170,210,250,300,221481,26636,29,43.99184986575997,1.6472000279463828,296.23549996176735,24.609745305466383
1779030520,70,,Aggregated,144.100000,0.700000,29,44,59,70,110,140,160,170,210,250,300,221625,26637,29,44.00086216906162,1.6472000279463828,296.23549996176735,24.61123970671179
1779030521,70,,Aggregated,144.200000,0.700000,29,44,59,70,110,140,160,170,210,250,300,221783,26653,29,44.00286065666921,1.6472000279463828,296.23549996176735,24.612729559975293
1779030522,70,,Aggregated,144.800000,1.600000,29,44,59,70,110,140,160,170,210,250,300,221917,26653,29,44.00915367825798,1.6472000279463828,296.23549996176735,24.613215751835146
1779030523,70,,Aggregated,145.200000,1.600000,29,44,59,70,110,140,160,170,210,250,300,222064,26653,29,44.01053012022829,1.6472000279463828,296.23549996176735,24.615448699474026
1779030524,70,,Aggregated,145.400000,3.200000,29,44,59,70,110,140,160,170,210,250,300,222223,26655,29,44.00957974655387,1.6472000279463828,296.23549996176735,24.618563335028327
1779030525,70,,Aggregated,144.400000,3.200000,29,44,59,70,110,140,160,170,210,250,300,222363,26655,29,44.01122156887025,1.6472000279463828,296.23549996176735,24.620728268641816
1779030526,70,,Aggregated,146.100000,3.100000,29,44,59,70,110,140,160,170,210,250,300,222510,26655,29,44.0112152483855,1.6472000279463828,296.23549996176735,24.623396701271854
1779030527,70,,Aggregated,146.400000,3.300000,29,44,59,70,110,140,160,170,210,250,300,222657,26656,29,44.00926863030407,1.6472000279463828,296.23549996176735,24.62673529240042
1779030528,70,,Aggregated,146.600000,3.000000,29,44,59,70,110,140,160,170,210,250,300,222810,26656,29,44.01239789335106,1.6472000279463828,296.23549996176735,24.629980701045735
1779030529,70,,Aggregated,146.500000,3.000000,29,44,59,70,110,140,160,170,210,250,300,222956,26656,29,44.01539339832545,1.6472000279463828,296.23549996176735,24.63288272125442
1779030530,70,,Aggregated,146.800000,2.800000,29,44,59,70,110,140,160,170,210,250,300,223100,26656,29,44.02368195928782,1.6472000279463828,296.23549996176735,24.634822949350067
1779030531,70,,Aggregated,147.300000,2.800000,29,44,59,70,110,140,160,170,210,250,300,223241,26656,29,44.033068446731,1.6472000279463828,296.23549996176735,24.636836423416845
1779030532,70,,Aggregated,145.900000,1.900000,29,44,59,70,110,140,160,170,210,250,300,223384,26656,29,44.03516374277726,1.6472000279463828,296.23549996176735,24.639137091286752
1779030533,70,,Aggregated,146.000000,1.900000,29,44,59,70,110,140,160,170,210,250,300,223534,26658,29,44.0391064970707,1.6472000279463828,296.23549996176735,24.64127157389927
1779030534,70,,Aggregated,144.300000,0.300000,29,44,59,70,110,140,160,170,210,250,300,223684,26660,29,44.03952300126911,1.6472000279463828,296.23549996176735,24.643550723341857
1779030535,70,,Aggregated,145.700000,0.300000,29,44,59,70,110,140,160,170,210,250,300,223822,26660,29,44.04377244558302,1.6472000279463828,296.23549996176735,24.64490085871809
1779030536,70,,Aggregated,145.500000,0.600000,29,44,59,70,110,140,160,170,210,250,300,223979,26660,29,44.05026076201619,1.6472000279463828,296.23549996176735,24.646743667933155
1779030537,70,,Aggregated,144.700000,0.500000,29,44,59,70,110,140,160,170,210,250,300,224121,26661,29,44.05148791061835,1.6472000279463828,296.23549996176735,24.64873885088858
1779030538,70,,Aggregated,145.000000,0.500000,29,44,59,70,110,140,160,170,210,250,300,224278,26662,29,44.05534069822238,1.6472000279463828,296.23549996176735,24.651178448175923
1779030539,70,,Aggregated,145.400000,0.500000,29,44,59,70,110,140,160,170,210,250,300,224429,26662,29,44.05329553362544,1.6472000279463828,296.23549996176735,24.653289013451914
1779030540,70,,Aggregated,145.300000,0.500000,29,44,59,70,110,140,160,170,210,250,300,224572,26667,29,44.05384334385228,1.6472000279463828,296.23549996176735,24.655005966905936
1779030541,70,,Aggregated,146.100000,0.600000,29,44,59,70,110,140,160,170,210,250,300,224715,26670,29,44.05866584613959,1.6472000279463828,296.23549996176735,24.6580513094364
1779030542,70,,Aggregated,146.900000,0.600000,29,44,59,70,110,140,160,170,210,250,300,224864,26670,29,44.05815848564311,1.6472000279463828,296.23549996176735,24.659300732887434
1779030543,70,,Aggregated,146.700000,1.100000,29,44,59,70,110,140,160,170,210,250,300,225003,26670,29,44.06609357971142,1.6472000279463828,296.23549996176735,24.660364528472954
1779030544,70,,Aggregated,148.000000,1.400000,29,44,59,70,110,140,160,170,210,250,300,225152,26670,29,44.071062871819855,1.6472000279463828,296.23549996176735,24.663196418419556
1779030545,70,,Aggregated,146.600000,1.400000,29,44,59,70,110,140,160,170,210,250,300,225299,26671,29,44.07174653112308,1.6472000279463828,296.23549996176735,24.666119245979786
1779030546,70,,Aggregated,146.600000,1.100000,29,44,59,70,110,140,160,170,210,250,300,225448,26671,29,44.076939864694914,1.6472000279463828,296.23549996176735,24.66841577658706
1779030547,70,,Aggregated,147.200000,1.000000,29,44,59,70,110,140,160,170,210,250,300,225596,26671,29,44.08000095797529,1.6472000279463828,296.23549996176735,24.670814198833313
1779030548,70,,Aggregated,146.200000,1.100000,29,44,59,70,110,140,160,170,210,250,300,225742,26671,29,44.08256762106684,1.6472000279463828,296.23549996176735,24.67260855312702
1779030549,70,,Aggregated,145.800000,1.100000,29,44,59,70,110,140,160,170,210,250,300,225884,26671,29,44.09619809377848,1.6472000279463828,296.23549996176735,24.673907846505287
1779030550,70,,Aggregated,146.500000,1.000000,29,44,59,70,110,140,160,170,210,250,300,226034,26671,29,44.097314992500344,1.6472000279463828,296.23549996176735,24.678057283417537
1779030551,70,,Aggregated,145.200000,0.900000,29,45,59,70,110,140,160,170,210,250,300,226177,26671,29,44.10550983484104,1.6472000279463828,296.23549996176735,24.679856926212658
1779030552,70,,Aggregated,144.700000,0.900000,29,45,59,70,110,140,160,170,210,250,300,226327,26672,29,44.10949967487114,1.6472000279463828,296.23549996176735,24.68253456282282
1779030553,70,,Aggregated,144.000000,0.400000,29,45,59,70,110,140,160,170,210,250,300,226480,26672,29,44.11321863040744,1.6472000279463828,296.23549996176735,24.683437831155068
1779030554,70,,Aggregated,143.600000,0.100000,29,45,59,70,110,140,160,170,210,250,300,226617,26672,29,44.115800307192416,1.6472000279463828,296.23549996176735,24.685297219537812
1779030555,70,,Aggregated,145.200000,0.200000,29,45,59,70,110,140,160,170,210,250,300,226762,26673,29,44.12676311866782,1.6472000279463828,296.23549996176735,24.686671488168212
1779030556,70,,Aggregated,145.900000,0.200000,29,45,59,71,110,140,160,170,210,250,300,226912,26673,29,44.1362406272716,1.6472000279463828,296.23549996176735,24.688465131857285
1779030557,70,,Aggregated,145.300000,0.200000,29,45,59,71,110,140,160,170,210,250,300,227059,26673,29,44.14005120085931,1.6472000279463828,296.23549996176735,24.69013780559238
1779030558,70,,Aggregated,146.300000,0.200000,29,45,59,71,110,140,160,170,210,250,300,227201,26673,29,44.143373417000475,1.6472000279463828,296.23549996176735,24.691748715894736
1779030559,70,,Aggregated,146.000000,0.200000,29,45,59,71,110,140,160,170,210,250,300,227365,26673,29,44.142712112313255,1.6472000279463828,296.23549996176735,24.695485232995402
1779030560,70,,Aggregated,144.800000,0.200000,29,45,59,71,110,140,160,170,210,250,300,227504,26673,29,44.14719265734302,1.6472000279463828,296.23549996176735,24.696409733455237
1779030561,70,,Aggregated,144.600000,0.200000,29,45,59,71,110,140,160,170,210,250,300,227660,26673,29,44.150150752069784,1.6472000279463828,296.23549996176735,24.698005798120004
1779030562,70,,Aggregated,147.200000,0.200000,29,45,59,71,110,140,160,170,210,250,300,227819,26683,29,44.14645055467486,1.6472000279463828,296.23549996176735,24.699915283624282
1779030563,70,,Aggregated,147.300000,0.200000,29,45,59,71,110,140,160,170,210,250,300,227957,26685,29,44.156649604599444,1.6472000279463828,296.23549996176735,24.701062042402732
1779030564,70,,Aggregated,148.300000,0.200000,29,45,59,71,110,140,160,170,210,250,300,228107,26686,29,44.1553027956865,1.6472000279463828,296.23549996176735,24.702959575988462
1779030565,70,,Aggregated,148.600000,1.100000,29,45,59,71,110,140,160,170,210,250,300,228258,26686,29,44.16065971144626,1.6472000279463828,296.23549996176735,24.704483523030955
1779030566,70,,Aggregated,147.000000,1.300000,29,45,59,71,110,140,160,170,210,250,300,228409,26687,29,44.16189685877237,1.6472000279463828,296.23549996176735,24.70763411249119
1779030567,70,,Aggregated,147.400000,1.400000,29,45,59,71,110,140,160,170,210,250,300,228553,26688,29,44.17299048804931,1.6472000279463828,296.23549996176735,24.708990912392313
1779030568,70,,Aggregated,148.300000,1.300000,29,45,59,71,110,140,160,170,210,250,300,228703,26688,29,44.17457130651944,1.6472000279463828,296.23549996176735,24.709964451712484
1779030569,70,,Aggregated,149.100000,1.400000,29,45,59,71,110,140,160,170,210,250,300,228852,26689,29,44.180060520402165,1.6472000279463828,296.23549996176735,24.71230314788597
1779030570,70,,Aggregated,148.700000,1.500000,29,45,59,71,110,140,160,170,210,250,300,228992,26689,29,44.18023499342696,1.6472000279463828,296.23549996176735,24.714784795975405
1779030571,70,,Aggregated,149.900000,1.500000,29,45,59,71,110,140,160,170,210,250,300,229132,26690,29,44.182919805239514,1.6472000279463828,296.23549996176735,24.717215404221147
1779030572,70,,Aggregated,147.200000,1.600000,29,45,59,71,110,140,160,170,210,250,300,229270,26690,29,44.18262880016739,1.6472000279463828,296.23549996176735,24.71958825838531
1779030573,70,,Aggregated,148.100000,1.600000,29,45,59,71,110,140,160,170,210,250,300,229422,26776,29,44.187008394635676,1.6472000279463828,296.23549996176735,24.710860335974754
1779030574,70,,Aggregated,145.600000,1.700000,29,45,59,71,110,140,160,170,210,250,300,229572,26916,29,44.17738430868682,1.6472000279463828,296.23549996176735,24.696090986705695
1779030575,70,,Aggregated,145.300000,0.700000,29,45,59,71,110,140,160,170,210,250,300,229722,27045,29,44.18370863484383,1.6472000279463828,296.23549996176735,24.683025570036826
1779030577,70,,Aggregated,145.500000,23.200000,29,45,59,71,110,140,160,170,210,250,300,229874,27172,29,44.18824700580893,1.6472000279463828,296.23549996176735,24.670106232109763
1779030578,70,,Aggregated,145.100000,35.900000,29,45,59,71,110,140,160,170,210,250,300,230025,27293,29,44.20016212765331,1.6472000279463828,296.23549996176735,24.657428540376046
1779030579,70,,Aggregated,144.700000,48.100000,29,45,59,71,110,140,160,170,210,250,300,230170,27409,29,44.193680208598884,1.6472000279463828,296.23549996176735,24.64577051744363
1779030580,70,,Aggregated,145.600000,59.800000,29,45,59,71,110,140,160,170,210,250,300,230315,27508,29,44.19006569009046,1.6472000279463828,296.23549996176735,24.636002865640535
1779030581,70,,Aggregated,144.300000,71.000000,29,45,59,71,110,140,160,170,210,250,300,230450,27597,29,44.19420961689404,1.6472000279463828,296.23549996176735,24.627290084617055
1779030582,70,,Aggregated,144.700000,80.700000,29,45,59,71,110,140,160,170,210,250,300,230591,27680,29,44.19426144911582,1.6472000279463828,296.23549996176735,24.61916553551526
1779030583,70,,Aggregated,143.200000,89.500000,29,45,59,71,110,140,160,170,210,250,300,230748,27774,29,44.19981032473819,1.6472000279463828,296.23549996176735,24.610596841576093
1779030584,70,,Aggregated,144.300000,97.800000,29,45,59,71,110,140,160,170,210,250,300,230884,27851,29,44.2232516805501,1.6472000279463828,296.23549996176735,24.60329862614993
1779030585,70,,Aggregated,144.500000,106.700000,29,45,59,71,110,140,160,170,210,250,300,231035,27923,29,44.22982893332938,1.6472000279463828,296.23549996176735,24.597351050706603
1779030586,70,,Aggregated,144.300000,105.600000,29,45,59,71,110,140,160,170,210,250,300,231176,27977,29,44.233096282536756,1.6472000279463828,296.23549996176735,24.592916219676784
1779030587,70,,Aggregated,143.700000,98.400000,29,45,59,71,110,140,160,170,210,250,300,231336,28037,29,44.2490752045153,1.6472000279463828,296.23549996176735,24.587815990593768
1779030588,70,,Aggregated,144.100000,91.900000,29,45,59,71,110,140,160,170,210,250,300,231482,28089,29,44.247188617308346,1.6472000279463828,296.23549996176735,24.583237573547834
1779030589,70,,Aggregated,142.300000,84.000000,29,45,59,71,110,140,160,170,210,250,300,231623,28137,29,44.25931690683571,1.6472000279463828,296.23549996176735,24.580248939008648
1779030590,70,,Aggregated,142.900000,77.600000,29,45,59,71,110,140,160,170,210,250,300,231773,28173,29,44.26102479327706,1.6472000279463828,296.23549996176735,24.579131305199486
1779030591,70,,Aggregated,143.100000,70.900000,29,45,59,71,110,140,160,170,210,250,300,231922,28219,29,44.26292158834386,1.6472000279463828,296.23549996176735,24.575525392157708
1779030592,70,,Aggregated,143.000000,66.000000,29,45,59,71,110,140,160,170,210,250,300,232056,28234,29,44.26152454843519,1.6472000279463828,296.23549996176735,24.57564553383666
1779030593,70,,Aggregated,143.800000,60.600000,29,45,59,71,110,140,160,170,210,250,300,232203,28260,29,44.26108970001115,1.6472000279463828,296.23549996176735,24.57409680322821
1779030594,70,,Aggregated,143.500000,56.400000,29,45,59,71,110,140,160,170,210,250,300,232353,28281,29,44.26713124389132,1.6472000279463828,296.23549996176735,24.572929981536713
1779030595,70,,Aggregated,143.100000,49.100000,29,45,59,71,110,140,160,170,210,250,300,232503,28295,29,44.27006565339993,1.6472000279463828,296.23549996176735,24.57299905807667
1779030596,70,,Aggregated,142.800000,43.000000,29,45,59,71,110,140,160,170,210,250,300,232654,28308,29,44.26957645779771,1.6472000279463828,296.23549996176735,24.574286279195714
1779030597,70,,Aggregated,143.700000,38.900000,29,45,59,71,110,140,160,170,210,250,300,232803,28320,29,44.26467173280611,1.6472000279463828,296.23549996176735,24.575744298827765
1779030598,70,,Aggregated,143.700000,33.900000,29,45,59,71,110,140,160,170,210,250,300,232952,28328,29,44.27288487333024,1.6472000279463828,296.23549996176735,24.57698581682063
1779030599,70,,Aggregated,145.400000,31.100000,29,45,59,71,110,140,160,170,210,250,300,233093,28332,29,44.27880113693648,1.6472000279463828,296.23549996176735,24.579781460618722
1779030600,70,,Aggregated,144.000000,26.400000,29,45,59,71,110,140,160,170,210,250,300,233226,28333,29,44.292330047301704,1.6472000279463828,296.23549996176735,24.581671854767478
1779030601,70,,Aggregated,144.500000,22.500000,29,45,59,71,110,140,160,170,210,250,300,233363,28333,29,44.312362679653916,1.6472000279463828,296.23549996176735,24.584394269871403
1779030602,70,,Aggregated,143.900000,17.700000,29,45,59,71,110,140,160,170,220,250,300,233507,28334,29,44.33059487557885,1.6472000279463828,296.23549996176735,24.58653487904003
1779030603,70,,Aggregated,144.100000,14.300000,29,45,59,71,110,140,160,170,220,250,300,233657,28337,29,44.34092525287778,1.6472000279463828,296.23549996176735,24.589107109994565
1779030604,70,,Aggregated,144.000000,10.200000,29,45,59,71,110,140,160,170,220,250,300,233792,28338,29,44.3628662123231,1.6472000279463828,296.23549996176735,24.58953257596496
1779030605,70,,Aggregated,143.600000,8.600000,29,45,59,71,110,140,160,170,220,250,300,233944,28341,29,44.36599929859811,1.6472000279463828,296.23549996176735,24.592641828813733
1779030606,70,,Aggregated,143.600000,6.500000,29,45,59,71,110,140,160,170,220,250,300,234102,28347,29,44.36489744902426,1.6472000279463828,296.23549996176735,24.594373392794594
1779030607,70,,Aggregated,143.500000,4.700000,29,45,59,71,110,140,160,170,220,250,300,234248,28348,29,44.359130033601474,1.6472000279463828,296.23549996176735,24.597512038523274
1779030608,70,,Aggregated,143.100000,3.800000,29,45,59,71,110,140,160,170,220,250,300,234396,28349,29,44.36782358619836,1.6472000279463828,296.23549996176735,24.598427447567364
1779030609,70,,Aggregated,144.200000,2.900000,29,45,59,71,110,140,160,170,220,250,300,234544,28355,29,44.36727962305944,1.6472000279463828,296.23549996176735,24.599776587761784
1779030610,70,,Aggregated,144.700000,2.300000,29,45,59,71,110,140,160,170,220,250,300,234698,28361,29,44.36433440596572,1.6472000279463828,296.23549996176735,24.601070311634526
1779030611,70,,Aggregated,143.900000,1.700000,29,45,59,71,110,140,160,170,220,250,300,234852,28390,29,44.372053625735404,1.6472000279463828,296.23549996176735,24.59887929419379
1779030612,70,,Aggregated,145.400000,2.200000,29,45,59,71,110,140,160,170,220,250,300,234996,28407,29,44.37314902981735,1.6472000279463828,296.23549996176735,24.598129329860935
1779030613,70,,Aggregated,146.200000,2.800000,29,45,59,71,110,140,160,170,220,250,300,235163,28427,29,44.376789941065375,1.6472000279463828,296.23549996176735,24.597815132482577
1779030614,70,,Aggregated,147.600000,5.600000,29,45,59,71,110,140,160,170,220,250,300,235298,28430,29,44.374067376734395,1.6472000279463828,296.23549996176735,24.59904461576384
1779030615,70,,Aggregated,148.800000,7.300000,29,45,59,71,110,140,160,170,220,250,300,235446,28432,29,44.377705483681176,1.6472000279463828,296.23549996176735,24.600158847463963
1779030616,70,,Aggregated,149.100000,8.900000,29,45,59,71,110,140,160,170,220,250,300,235599,28446,29,44.38121598355949,1.6472000279463828,296.23549996176735,24.60001528020068
1779030617,70,,Aggregated,150.200000,9.200000,29,45,59,71,110,140,160,170,220,250,300,235740,28447,29,44.37825084080126,1.6472000279463828,296.23549996176735,24.60197251208959
1779030618,70,,Aggregated,150.000000,9.100000,29,45,59,71,110,140,160,170,220,250,300,235870,28447,29,44.38248361093145,1.6472000279463828,296.23549996176735,24.603001653453173
1779030619,70,,Aggregated,147.800000,9.900000,29,45,59,71,110,140,160,170,210,250,300,236030,28451,29,44.389056670382146,1.6472000279463828,296.23549996176735,24.60438079905097
1779030620,70,,Aggregated,146.900000,9.800000,29,45,59,71,110,140,160,170,210,250,300,236178,28451,29,44.38920517410854,1.6472000279463828,296.23549996176735,24.606068304414467
1779030621,70,,Aggregated,147.600000,9.800000,29,45,59,71,110,140,160,170,210,250,300,236330,28453,29,44.39071516654905,1.6472000279463828,296.23549996176735,24.60764608809715
1779030622,70,,Aggregated,146.900000,9.600000,29,45,59,71,110,140,160,170,210,250,300,236476,28474,29,44.386366372529075,1.6472000279463828,296.23549996176735,24.6072117255028
1779030623,70,,Aggregated,147.600000,9.000000,29,45,59,71,110,140,160,170,210,250,300,236627,28475,29,44.38692515989267,1.6472000279463828,296.23549996176735,24.607424342953255
1779030624,70,,Aggregated,146.300000,6.300000,29,45,59,71,110,140,160,170,210,250,300,236769,28475,29,44.39047378081654,1.6472000279463828,296.23549996176735,24.608855044368138
1779030625,70,,Aggregated,146.000000,6.800000,29,45,59,71,110,140,160,170,210,250,300,236911,28475,29,44.391147476524054,1.6472000279463828,296.23549996176735,24.609760627408605
1779030626,70,,Aggregated,146.000000,4.800000,29,45,59,71,110,140,160,170,210,250,300,237066,28476,29,44.38666612593439,1.6472000279463828,296.23549996176735,24.611829617068665
1779030627,70,,Aggregated,144.700000,4.500000,29,45,59,71,110,140,160,170,210,250,300,237221,28482,29,44.38003191922659,1.6472000279463828,296.23549996176735,24.614178340028918
1779030628,70,,Aggregated,144.800000,4.300000,29,45,59,71,110,140,160,170,210,250,300,237373,28484,29,44.37994953474281,1.6472000279463828,296.23549996176735,24.615402762740498
1779030629,70,,Aggregated,146.600000,2.900000,29,45,59,71,110,140,160,170,210,250,300,237520,28491,29,44.38466370920588,1.6472000279463828,296.23549996176735,24.616339676658807
1779030630,70,,Aggregated,148.300000,3.500000,29,45,59,71,110,140,160,170,210,250,300,237672,28496,29,44.3911674808554,1.6472000279463828,296.23549996176735,24.616669191154195
1779030631,70,,Aggregated,148.300000,3.700000,29,45,59,71,110,140,160,170,210,250,300,237823,28498,29,44.3947773937311,1.6472000279463828,296.23549996176735,24.618060490364684
1779030632,70,,Aggregated,149.900000,4.100000,29,45,59,71,110,140,160,170,210,250,300,237964,28500,29,44.39304796990116,1.6472000279463828,296.23549996176735,24.619417222773194
1779030633,70,,Aggregated,148.000000,4.500000,29,45,59,71,110,140,160,170,210,250,300,238114,28501,29,44.38591943947088,1.6472000279463828,296.23549996176735,24.623004107276348
1779030634,70,,Aggregated,149.200000,4.500000,29,45,59,71,110,140,160,170,210,250,300,238273,28507,29,44.38159788230334,1.6472000279463828,296.23549996176735,24.625668875617464
1779030635,70,,Aggregated,148.400000,2.500000,29,45,59,71,110,140,160,170,210,250,300,238420,28537,29,44.37681379628651,1.6472000279463828,296.23549996176735,24.623924167435618
1779030636,70,,Aggregated,148.400000,2.600000,29,45,59,71,110,140,160,170,210,250,300,238580,28541,29,44.37568606258051,1.6472000279463828,296.23549996176735,24.627617570626207
1779030637,70,,Aggregated,149.900000,3.300000,29,45,59,71,110,140,160,170,210,250,300,238722,28541,29,44.37318403251892,1.6472000279463828,296.23549996176735,24.629351295649332
1779030638,70,,Aggregated,149.900000,6.200000,29,45,59,71,110,140,160,170,210,250,300,238861,28545,29,44.37262146399358,1.6472000279463828,296.23549996176735,24.631028087465094
1779030639,70,,Aggregated,149.400000,6.500000,29,45,59,71,110,140,160,170,210,250,300,238996,28545,29,44.37310195321593,1.6472000279463828,296.23549996176735,24.63213610269628
1779030640,70,,Aggregated,148.200000,5.900000,29,45,59,71,110,140,160,170,210,250,300,239156,28545,29,44.37383495714429,1.6472000279463828,296.23549996176735,24.634707053136864
1779030641,70,,Aggregated,148.700000,6.100000,29,45,59,71,110,140,160,170,220,250,300,239290,28548,29,44.39268268005556,1.6472000279463828,296.23549996176735,24.636441138367672
1779030642,70,,Aggregated,146.000000,5.300000,29,45,59,71,110,140,160,170,220,250,300,239444,28560,29,44.389600633594604,1.6472000279463828,296.23549996176735,24.638391440169727
1779030643,70,,Aggregated,146.300000,4.900000,29,45,59,71,110,140,160,170,220,250,300,239595,28566,29,44.38713560053628,1.6472000279463828,296.23549996176735,24.639608506020576
1779030644,70,,Aggregated,145.500000,5.000000,29,45,59,71,110,140,160,170,220,250,300,239729,28568,29,44.38727287066025,1.6472000279463828,296.23549996176735,24.640765197368694
1779030645,70,,Aggregated,146.100000,6.000000,29,45,59,71,110,140,160,170,220,250,300,239890,28571,29,44.389384180709456,1.6472000279463828,296.23549996176735,24.641894201509025
1779030646,70,,Aggregated,146.700000,6.600000,29,45,59,71,110,140,160,170,210,250,300,240036,28572,29,44.39121574268063,1.6472000279463828,296.23549996176735,24.643453481977705
1779030647,70,,Aggregated,146.100000,6.100000,29,45,59,71,110,140,160,170,210,250,300,240179,28573,29,44.39088287406492,1.6472000279463828,296.23549996176735,24.6449897784569
1779030648,70,,Aggregated,145.600000,3.400000,29,45,59,71,110,140,160,170,210,250,300,240327,28580,29,44.39587797005652,1.6472000279463828,296.23549996176735,24.646148788941733
1779030649,70,,Aggregated,146.300000,3.100000,29,45,59,71,110,140,160,170,210,250,300,240479,28580,29,44.39444451578033,1.6472000279463828,296.23549996176735,24.64895895275679
1779030650,70,,Aggregated,146.600000,3.200000,29,45,59,71,110,140,160,170,210,250,300,240622,28580,29,44.39584984004041,1.6472000279463828,296.23549996176735,24.65098785647198
1779030651,70,,Aggregated,145.700000,3.500000,29,45,59,71,110,140,160,170,210,250,300,240770,28580,29,44.39692388674103,1.6472000279463828,296.23549996176735,24.652647755118995
1779030652,70,,Aggregated,147.500000,3.500000,29,45,59,71,110,140,160,170,210,250,300,240921,28584,29,44.39511460317278,1.6472000279463828,296.23549996176735,24.6544053859979
1779030653,70,,Aggregated,146.700000,3.500000,29,45,59,71,110,140,160,170,210,250,300,241071,28588,29,44.388329842289274,1.6472000279463828,296.23549996176735,24.657034649543082
1779030654,70,,Aggregated,147.900000,3.200000,29,45,59,71,110,140,160,170,210,250,300,241214,28594,29,44.386343971785344,1.6472000279463828,296.23549996176735,24.657888845589394
1779030655,70,,Aggregated,147.600000,2.400000,29,45,59,71,110,140,160,170,210,250,300,241367,28595,29,44.391121227051165,1.6472000279463828,296.23549996176735,24.659808507376734
1779030656,70,,Aggregated,147.800000,2.100000,29,45,59,71,110,140,160,170,210,250,300,241511,28597,29,44.397786219714405,1.6472000279463828,296.23549996176735,24.661448132797265
1779030657,70,,Aggregated,147.000000,2.600000,29,45,59,71,110,140,160,170,210,250,300,241661,28599,29,44.3948365367563,1.6472000279463828,296.23549996176735,24.662655538129858
1779030658,70,,Aggregated,147.600000,2.400000,29,45,59,71,110,140,160,170,210,250,300,241808,28599,29,44.400148644002726,1.6472000279463828,296.23549996176735,24.664502415139285
1779030659,70,,Aggregated,146.100000,2.500000,29,45,59,71,110,140,160,170,210,250,300,241958,28600,29,44.401335137127475,1.6472000279463828,296.23549996176735,24.666136271584325
1779030660,70,,Aggregated,146.900000,2.600000,29,45,59,71,110,140,160,170,210,250,300,242104,28600,29,44.39968952767733,1.6472000279463828,296.23549996176735,24.668857185341835
1779030661,70,,Aggregated,146.700000,1.900000,29,45,59,71,110,140,160,170,210,250,300,242259,28600,29,44.41226901955656,1.6472000279463828,296.23549996176735,24.670233097635176
1779030662,70,,Aggregated,147.600000,2.000000,29,45,59,71,110,140,160,170,210,250,300,242401,28601,29,44.406223597297,1.6472000279463828,296.23549996176735,24.671663895776007
1779030663,70,,Aggregated,148.000000,2.000000,29,45,59,71,110,140,160,170,210,250,300,242544,28601,29,44.408844859522404,1.6472000279463828,296.23549996176735,24.67276040635926
1779030664,70,,Aggregated,147.800000,2.000000,29,45,59,71,110,140,160,170,210,250,300,242700,28601,29,44.41224958759018,1.6472000279463828,296.23549996176735,24.675269880510918
1779030665,70,,Aggregated,148.000000,1.700000,29,45,59,71,110,140,160,170,210,250,300,242843,28601,29,44.42143369175965,1.6472000279463828,296.23549996176735,24.67559699064828
1779030666,70,,Aggregated,145.900000,1.300000,29,45,59,71,110,140,160,170,210,250,300,242987,28601,29,44.42444418840737,1.6472000279463828,296.23549996176735,24.676830447719425
1779030667,70,,Aggregated,146.600000,0.600000,29,45,59,71,110,140,160,170,210,250,300,243129,28601,29,44.42505074264725,1.6472000279463828,296.23549996176735,24.678174960617614
1779030668,70,,Aggregated,146.200000,0.600000,29,45,59,71,110,140,160,170,210,250,300,243277,28602,29,44.433540968562546,1.6472000279463828,296.23549996176735,24.67943537613502
1779030669,70,,Aggregated,146.400000,0.400000,29,45,59,71,110,140,160,170,210,250,300,243430,28603,29,44.434271470275284,1.6472000279463828,296.23549996176735,24.68164564761944
1779030670,70,,Aggregated,145.700000,0.200000,29,45,59,71,110,140,160,170,210,250,300,243573,28615,29,44.43296366965674,1.6472000279463828,296.23549996176735,24.68313811465146
1779030671,70,,Aggregated,146.600000,0.300000,29,45,59,71,110,140,160,170,210,250,300,243727,28620,29,44.43674777521205,1.6472000279463828,296.23549996176735,24.683896326627742
1779030672,70,,Aggregated,144.600000,0.300000,29,45,59,71,110,140,160,170,210,250,300,243881,28630,29,44.439383820015074,1.6472000279463828,296.23549996176735,24.684879100872966
1779030673,70,,Aggregated,146.500000,1.500000,29,45,59,71,110,140,160,170,210,250,300,244025,28630,29,44.44891465181521,1.6472000279463828,296.23549996176735,24.686900932281528
1779030674,70,,Aggregated,145.900000,2.000000,29,45,59,71,110,140,160,170,210,250,300,244168,28630,29,44.45972698145929,1.6472000279463828,296.23549996176735,24.68773958913535
1779030675,70,,Aggregated,146.200000,2.900000,29,45,59,71,110,140,160,170,210,250,300,244305,28631,29,44.46773762063294,1.6472000279463828,296.23549996176735,24.688860236180183
1779030676,70,,Aggregated,147.200000,2.900000,29,45,59,71,110,140,160,170,210,250,300,244451,28631,29,44.46433031694977,1.6472000279463828,296.23549996176735,24.690997377797597
1779030677,70,,Aggregated,146.700000,3.000000,29,45,59,71,110,140,160,170,210,250,300,244593,28631,29,44.476455569084436,1.6472000279463828,296.23549996176735,24.693188276034064
1779030678,70,,Aggregated,146.200000,3.000000,29,45,59,71,110,140,160,170,210,250,300,244734,28631,29,44.47503427439298,1.6472000279463828,296.23549996176735,24.694705271846168
1779030679,70,,Aggregated,147.200000,3.000000,29,45,59,71,110,140,160,170,210,250,300,244883,28632,29,44.48156208274609,1.6472000279463828,296.23549996176735,24.696050767101024
1779030680,70,,Aggregated,146.200000,3.000000,29,45,59,71,110,140,160,170,210,250,300,245039,28633,29,44.482352715318534,1.6472000279463828,296.23549996176735,24.69892547716894
1779030681,70,,Aggregated,145.900000,2.900000,29,45,59,71,110,140,160,170,210,250,300,245188,28633,29,44.4891325770804,1.6472000279463828,296.23549996176735,24.70083772452159
1779030682,70,,Aggregated,146.900000,2.900000,29,45,59,71,110,140,160,170,210,250,300,245340,28633,29,44.493805158591236,1.6472000279463828,296.23549996176735,24.70259639683704
1779030683,70,,Aggregated,146.000000,1.800000,29,45,59,71,110,140,160,170,210,250,300,245484,28634,29,44.49666399646794,1.6472000279463828,296.23549996176735,24.704379918854183
1779030684,70,,Aggregated,146.100000,1.300000,29,45,59,71,110,140,160,170,210,250,300,245617,28635,29,44.5115936531651,1.6472000279463828,296.23549996176735,24.705867264888017
1779030685,70,,Aggregated,144.900000,0.300000,29,45,59,71,110,140,160,170,220,260,300,245777,28635,29,44.51748572734387,1.6472000279463828,303.21049998747185,24.70866679957848
1779030686,70,,Aggregated,146.100000,0.500000,29,45,59,71,110,140,160,170,220,260,300,245920,28635,29,44.52180088244003,1.6472000279463828,303.21049998747185,24.708763012361743
1779030687,70,,Aggregated,145.800000,0.400000,29,45,59,71,110,140,160,170,220,260,300,246058,28635,29,44.52294609161133,1.6472000279463828,303.21049998747185,24.710446317534892
1779030688,70,,Aggregated,146.400000,0.400000,29,45,59,71,110,140,160,170,220,260,300,246195,28635,29,44.531979539428534,1.6472000279463828,303.21049998747185,24.711793497024715
1779030689,70,,Aggregated,145.000000,0.400000,29,45,59,71,110,140,160,170,220,260,300,246335,28635,29,44.53325986039421,1.6472000279463828,303.21049998747185,24.714429537012606
1779030690,70,,Aggregated,146.000000,0.400000,29,45,59,71,110,140,160,170,220,260,300,246483,28635,29,44.54037862980493,1.6472000279463828,303.21049998747185,24.715919556318287
1779030691,70,,Aggregated,144.600000,0.400000,29,45,59,71,110,140,160,170,220,260,300,246640,28637,29,44.5506569141664,1.6472000279463828,303.21049998747185,24.718277651638015
1779030692,70,,Aggregated,144.000000,0.300000,29,45,59,71,110,140,160,170,220,260,300,246781,28638,29,44.54808947248818,1.6472000279463828,303.21049998747185,24.721461538773244
1779030693,70,,Aggregated,143.200000,0.300000,29,45,59,71,110,140,160,170,220,260,300,246932,28663,29,44.55492081751306,1.6472000279463828,303.21049998747185,24.72031166474981
1779030694,70,,Aggregated,144.000000,0.400000,29,45,59,71,110,140,160,170,220,260,300,247075,28796,29,44.553946840880165,1.6472000279463828,303.21049998747185,24.707242740058685
1779030695,70,,Aggregated,143.600000,0.500000,29,45,59,71,110,140,160,170,220,260,300,247225,28925,29,44.54991373004648,1.6472000279463828,303.21049998747185,24.69467893619173
1779030696,70,,Aggregated,143.400000,4.200000,29,45,59,71,110,140,160,170,220,260,300,247367,29043,29,44.554410373698545,1.6472000279463828,303.21049998747185,24.683280308206026
1779030697,70,,Aggregated,143.600000,17.500000,30,45,59,71,110,140,160,170,220,260,300,247510,29153,30,44.568335232157,1.6472000279463828,303.21049998747185,24.672615247868773
1779030698,70,,Aggregated,144.100000,30.400000,30,45,59,71,110,140,160,170,220,260,300,247655,29267,30,44.56780971759678,1.6472000279463828,303.21049998747185,24.662098483777836
1779030699,70,,Aggregated,143.900000,41.600000,30,45,59,71,110,140,160,170,220,260,300,247799,29363,30,44.570369890966006,1.6472000279463828,303.21049998747185,24.65346510680027
1779030700,70,,Aggregated,143.600000,52.600000,30,45,59,71,110,140,160,170,220,260,300,247947,29466,30,44.58023323497042,1.6472000279463828,303.21049998747185,24.643903737492288
1779030702,70,,Aggregated,144.000000,63.200000,30,45,59,71,110,140,160,170,220,260,300,248085,29551,30,44.57673327855743,1.6472000279463828,303.21049998747185,24.635467682447548
1779030703,70,,Aggregated,144.700000,83.000000,30,45,59,71,110,140,160,170,220,260,300,248233,29630,30,44.58827550612185,1.6472000279463828,303.21049998747185,24.628417655992557
1779030704,70,,Aggregated,142.800000,91.400000,30,45,60,71,110,140,160,170,220,260,300,248387,29728,30,44.58861452093556,1.6472000279463828,303.21049998747185,24.61931179973187
1779030705,70,,Aggregated,143.300000,98.600000,30,45,60,71,110,140,160,170,220,260,300,248546,29807,30,44.591333499279656,1.6472000279463828,303.21049998747185,24.612876489663886
1779030706,70,,Aggregated,142.900000,103.900000,30,45,60,71,110,140,160,170,220,260,300,248693,29873,30,44.59484958568183,1.6472000279463828,303.21049998747185,24.606808394285324
1779030707,70,,Aggregated,144.700000,98.800000,30,45,60,71,110,140,160,170,220,260,300,248850,29939,30,44.603915457151786,1.6472000279463828,303.21049998747185,24.600610809724735
1779030708,70,,Aggregated,143.600000,92.200000,30,45,60,71,110,140,160,170,220,260,300,248988,29985,30,44.609312782592504,1.6472000279463828,303.21049998747185,24.597876202869216
1779030709,70,,Aggregated,146.000000,87.500000,30,45,60,71,110,140,160,170,220,260,300,249143,30048,30,44.62048382219248,1.6472000279463828,303.21049998747185,24.592695761068946
1779030710,70,,Aggregated,145.600000,81.800000,30,45,60,71,110,140,160,170,220,260,300,249284,30085,30,44.62224288527458,1.6472000279463828,303.21049998747185,24.590426982878967
1779030711,70,,Aggregated,147.000000,76.500000,30,45,60,71,110,140,160,170,220,260,300,249443,30132,30,44.62445839215042,1.6472000279463828,303.21049998747185,24.58755707716793
1779030712,70,,Aggregated,147.000000,72.200000,30,45,60,71,110,140,160,170,220,260,300,249590,30161,30,44.62413584884224,1.6472000279463828,303.21049998747185,24.585315918105692
1779030713,70,,Aggregated,146.700000,65.500000,30,45,60,71,110,140,160,170,220,260,300,249741,30188,30,44.629827708355755,1.6472000279463828,303.21049998747185,24.583420423558806
1779030714,70,,Aggregated,147.700000,60.500000,30,45,60,71,110,140,160,170,220,260,300,249900,30218,30,44.63446749904991,1.6472000279463828,303.21049998747185,24.58205282112845
1779030715,70,,Aggregated,148.700000,56.300000,30,45,60,71,110,140,160,170,220,260,300,250042,30240,30,44.64005077152231,1.6472000279463828,303.21049998747185,24.581094376144808
1779030716,70,,Aggregated,150.300000,50.200000,30,45,60,71,110,140,160,170,220,260,300,250192,30254,30,44.6405519681399,1.6472000279463828,303.21049998747185,24.58090586429622
1779030717,70,,Aggregated,147.800000,44.200000,30,45,60,71,110,140,160,170,220,260,300,250338,30268,30,44.63856246519899,1.6472000279463828,303.21049998747185,24.581258138996077
1779030718,70,,Aggregated,149.000000,39.300000,30,45,60,71,110,140,160,170,220,260,300,250484,30276,30,44.64002037340849,1.6472000279463828,303.21049998747185,24.5815581035116
1779030719,70,,Aggregated,148.100000,34.200000,30,45,60,71,110,140,160,170,220,260,300,250621,30276,30,44.640659289176654,1.6472000279463828,303.21049998747185,24.582788353729335
1779030720,70,,Aggregated,148.100000,29.700000,30,45,60,71,110,140,160,170,220,260,300,250778,30293,30,44.63749533616222,1.6472000279463828,303.21049998747185,24.583280830056864
1779030721,70,,Aggregated,147.300000,24.400000,30,45,60,71,110,140,160,170,220,260,300,250912,30304,30,44.63574529839657,1.6472000279463828,303.21049998747185,24.584922203800534
1779030722,70,,Aggregated,147.900000,20.800000,30,45,60,71,110,140,160,170,220,260,300,251069,30328,30,44.640796775034076,1.6472000279463828,303.21049998747185,24.581871915688517
1779030723,70,,Aggregated,147.600000,18.300000,30,45,60,71,110,140,160,170,220,260,300,251220,30328,30,44.63816058120841,1.6472000279463828,303.21049998747185,24.584941485550512
1779030724,70,,Aggregated,147.400000,17.200000,30,45,60,71,110,140,160,170,220,260,300,251372,30335,30,44.63627376323106,1.6472000279463828,303.21049998747185,24.585315786961157
1779030725,70,,Aggregated,147.800000,14.100000,30,45,60,71,110,140,160,170,220,260,300,251516,30344,30,44.63576614732631,1.6472000279463828,303.21049998747185,24.586181396014567
1779030726,70,,Aggregated,145.900000,11.700000,30,45,60,71,110,140,160,170,220,260,300,251662,30345,30,44.63671944795334,1.6472000279463828,303.21049998747185,24.587363209384016
1779030727,70,,Aggregated,147.900000,10.400000,30,45,60,71,110,140,160,170,220,260,300,251812,30345,30,44.63645088522768,1.6472000279463828,303.21049998747185,24.588637555001352
1779030728,70,,Aggregated,146.200000,9.100000,30,45,60,71,110,140,160,170,220,260,300,251952,30345,30,44.63304672005305,1.6472000279463828,303.21049998747185,24.59150949387185
1779030729,70,,Aggregated,145.800000,7.700000,30,45,60,71,110,140,160,170,220,260,300,252105,30348,30,44.6319343789737,1.6472000279463828,303.21049998747185,24.59368120426013
1779030730,70,,Aggregated,146.400000,6.900000,30,45,60,71,110,140,160,170,220,260,300,252240,30349,30,44.64105084487463,1.6472000279463828,303.21049998747185,24.59465588328576
1779030731,70,,Aggregated,147.000000,7.200000,30,45,60,71,110,140,160,170,220,260,300,252381,30350,30,44.64690451979642,1.6472000279463828,303.21049998747185,24.596629698749112
1779030732,70,,Aggregated,146.200000,5.600000,30,45,60,71,110,140,160,170,220,260,300,252521,30350,30,44.643899303072075,1.6472000279463828,303.21049998747185,24.59730477861247
1779030733,70,,Aggregated,145.600000,4.600000,30,45,60,71,110,140,160,170,220,260,300,252673,30355,30,44.64248643468448,1.6472000279463828,303.21049998747185,24.598809528521052
1779030734,70,,Aggregated,145.100000,2.200000,30,45,60,71,110,140,160,170,220,260,300,252823,30365,30,44.64080115856116,1.6472000279463828,303.21049998747185,24.601226945333295
1779030735,70,,Aggregated,143.700000,2.700000,30,45,60,71,110,140,160,170,220,260,300,252972,30376,30,44.63836652163626,1.6472000279463828,303.21049998747185,24.60193618266053
1779030736,70,,Aggregated,144.800000,3.000000,30,45,60,71,110,140,160,170,220,260,300,253113,30385,30,44.63726774014481,1.6472000279463828,303.21049998747185,24.60217768348524
1779030737,70,,Aggregated,143.700000,3.200000,30,45,60,71,110,140,160,170,220,260,300,253270,30397,30,44.64648690848135,1.6472000279463828,303.21049998747185,24.60109764283176
1779030738,70,,Aggregated,145.400000,4.000000,30,45,60,71,110,140,160,170,220,260,300,253421,30408,30,44.64958608288518,1.6472000279463828,303.21049998747185,24.60101175514263
1779030739,70,,Aggregated,144.200000,4.900000,30,45,60,71,110,140,160,170,220,260,300,253582,30416,30,44.65472495410062,1.6472000279463828,303.21049998747185,24.60263346767515
1779030740,70,,Aggregated,145.700000,6.300000,30,45,60,71,110,140,160,170,220,260,300,253744,30424,30,44.652181761975704,1.6472000279463828,303.21049998747185,24.60463695693297
1779030741,70,,Aggregated,146.500000,6.800000,30,45,60,71,110,140,160,170,220,260,300,253883,30431,30,44.656925379055664,1.6472000279463828,303.21049998747185,24.605649058818432
1779030742,70,,Aggregated,147.900000,7.500000,30,45,60,71,110,140,160,170,220,260,300,254033,30436,30,44.66359360205363,1.6472000279463828,303.21049998747185,24.606543244381637
1779030743,70,,Aggregated,148.400000,8.100000,30,45,60,71,110,140,160,170,220,260,300,254182,30444,30,44.66691301355196,1.6472000279463828,303.21049998747185,24.606935188172255
1779030744,70,,Aggregated,150.400000,8.600000,30,45,60,71,110,140,160,170,220,260,300,254342,30465,30,44.66305755994334,1.6472000279463828,303.21049998747185,24.6068561228582
1779030745,70,,Aggregated,150.400000,8.900000,30,45,60,71,110,140,160,170,220,260,300,254483,30477,30,44.66200160643703,1.6472000279463828,303.21049998747185,24.607297933457243
1779030746,70,,Aggregated,150.500000,8.600000,30,45,60,71,110,140,160,170,220,260,300,254630,30479,30,44.66473323885884,1.6472000279463828,303.21049998747185,24.60931940462632
1779030747,70,,Aggregated,150.500000,10.100000,30,45,60,71,110,140,160,170,220,260,300,254786,30480,30,44.66055019785373,1.6472000279463828,303.21049998747185,24.610928386960037
1779030748,70,,Aggregated,149.800000,9.400000,30,45,60,71,110,140,160,170,220,260,300,254929,30480,30,44.65705649498726,1.6472000279463828,303.21049998747185,24.613496306814838
1779030749,70,,Aggregated,150.600000,8.600000,30,45,60,71,110,140,160,170,220,260,300,255083,30480,30,44.65763490907187,1.6472000279463828,303.21049998747185,24.615513381918827
1779030750,70,,Aggregated,150.200000,7.200000,30,45,60,71,110,140,160,170,220,260,300,255234,30485,30,44.65991567859622,1.6472000279463828,303.21049998747185,24.616203170424004
1779030751,70,,Aggregated,149.500000,6.400000,30,45,60,71,110,140,160,170,220,260,300,255377,30486,30,44.66092812512878,1.6472000279463828,303.21049998747185,24.617498835055624
1779030752,70,,Aggregated,149.800000,6.100000,30,45,60,71,110,140,160,170,220,260,300,255531,30486,30,44.66683551902023,1.6472000279463828,303.21049998747185,24.619717372843215
1779030753,70,,Aggregated,149.600000,5.500000,30,45,60,71,110,140,160,170,220,260,300,255691,30486,30,44.66318210852502,1.6472000279463828,303.21049998747185,24.62387804029082
1779030754,70,,Aggregated,148.800000,5.000000,30,45,60,71,110,140,160,170,220,260,300,255839,30488,30,44.65874272105103,1.6472000279463828,303.21049998747185,24.626237594737315
1779030755,70,,Aggregated,150.000000,4.200000,30,45,60,71,110,140,160,170,220,260,300,255998,30508,30,44.655146807830036,1.6472000279463828,303.21049998747185,24.62575488871007
1779030756,70,,Aggregated,149.300000,3.700000,30,45,60,71,110,140,160,170,220,260,300,256136,30513,30,44.65089435148125,1.6472000279463828,303.21049998747185,24.62668660399163
1779030757,70,,Aggregated,150.000000,1.300000,30,45,60,71,110,140,160,170,220,260,300,256282,30515,30,44.64876241722232,1.6472000279463828,303.21049998747185,24.62820252690396
1779030758,70,,Aggregated,150.200000,3.300000,30,45,60,71,110,140,160,170,220,260,300,256427,30515,30,44.65169609873611,1.6472000279463828,303.21049998747185,24.629840071443336
1779030759,70,,Aggregated,151.000000,3.500000,30,45,60,71,110,140,160,170,220,260,300,256562,30515,30,44.65181463393065,1.6472000279463828,303.21049998747185,24.630857258674318
1779030760,70,,Aggregated,148.900000,3.500000,30,45,60,71,110,140,160,170,220,260,300,256716,30520,30,44.64993698566002,1.6472000279463828,303.21049998747185,24.632075912681717
1779030761,70,,Aggregated,147.900000,3.500000,30,45,60,71,110,140,160,170,220,260,300,256857,30523,30,44.6521370245332,1.6472000279463828,303.21049998747185,24.632842398688766
1779030762,70,,Aggregated,146.000000,3.000000,30,45,60,71,110,140,160,170,220,260,300,257005,30527,30,44.659348372250854,1.6472000279463828,303.21049998747185,24.633571331297055
1779030763,70,,Aggregated,146.000000,3.600000,30,45,60,71,110,140,160,170,220,260,300,257158,30535,30,44.662040877634304,1.6472000279463828,303.21049998747185,24.634438749718072
1779030764,70,,Aggregated,146.200000,3.700000,30,45,60,71,110,140,160,170,220,260,300,257303,30542,30,44.65751824739929,1.6472000279463828,303.21049998747185,24.63610995596631
1779030765,70,,Aggregated,146.600000,4.100000,30,45,60,71,110,140,160,170,220,260,300,257456,30544,30,44.66310358434217,1.6472000279463828,303.21049998747185,24.637211795413585
1779030766,70,,Aggregated,146.700000,4.700000,30,45,60,71,110,140,160,170,220,260,300,257606,30552,30,44.65542238228222,1.6472000279463828,303.21049998747185,24.63902626491619
1779030767,70,,Aggregated,145.100000,5.200000,30,45,60,71,110,140,160,170,220,260,300,257753,30552,30,44.656427905049185,1.6472000279463828,303.21049998747185,24.640752968927618
1779030768,70,,Aggregated,145.900000,3.200000,30,45,60,71,110,140,160,170,220,260,300,257905,30557,30,44.660783184158994,1.6472000279463828,303.21049998747185,24.642616467303853
1779030769,70,,Aggregated,145.900000,3.700000,30,45,60,71,110,140,160,170,220,260,300,258047,30558,30,44.66601610137094,1.6472000279463828,303.21049998747185,24.643696690912897
1779030770,70,,Aggregated,146.900000,3.700000,30,45,60,71,110,140,160,170,220,260,300,258195,30566,30,44.666052136992306,1.6472000279463828,303.21049998747185,24.645713511105946
1779030771,70,,Aggregated,147.700000,4.200000,30,45,60,71,110,140,160,170,220,260,300,258347,30571,30,44.669130877505246,1.6472000279463828,303.21049998747185,24.64755929041173
1779030772,70,,Aggregated,148.800000,4.300000,30,45,60,71,110,140,160,170,220,260,300,258500,30571,30,44.66767290951934,1.6472000279463828,303.21049998747185,24.64947001934236
1779030773,70,,Aggregated,149.300000,4.400000,30,45,60,71,110,140,160,170,220,260,300,258653,30578,30,44.66596400277684,1.6472000279463828,303.21049998747185,24.651343692128062
1779030774,70,,Aggregated,148.400000,4.800000,30,45,60,71,110,140,160,170,220,260,300,258790,30578,30,44.67519512079546,1.6472000279463828,303.21049998747185,24.652026739827658
1779030775,70,,Aggregated,148.800000,4.400000,30,45,60,71,110,140,160,170,220,260,300,258938,30578,30,44.68321492021304,1.6472000279463828,303.21049998747185,24.653758814851432
1779030776,70,,Aggregated,147.700000,4.300000,30,45,60,71,110,140,160,170,220,260,300,259073,30579,30,44.677264081204385,1.6472000279463828,303.21049998747185,24.656270626425755
1779030777,70,,Aggregated,146.800000,3.600000,30,45,60,71,110,140,160,170,220,260,300,259224,30579,30,44.68053915420374,1.6472000279463828,303.21049998747185,24.65789047310434
1779030778,70,,Aggregated,147.200000,3.500000,30,45,60,71,110,140,160,170,220,260,300,259385,30596,30,44.685470769356044,1.6472000279463828,303.21049998747185,24.65764789791237
1779030779,70,,Aggregated,146.300000,2.700000,30,45,60,71,110,140,160,170,220,260,300,259537,30596,30,44.687056724124396,1.6472000279463828,303.21049998747185,24.659031274924192
1779030780,70,,Aggregated,147.200000,2.700000,30,45,60,71,110,140,160,170,220,260,300,259681,30596,30,44.68642447660466,1.6472000279463828,303.21049998747185,24.6604795884181
1779030781,70,,Aggregated,147.300000,3.900000,30,45,60,71,110,140,160,170,220,260,300,259822,30597,30,44.68604058782114,1.6472000279463828,303.21049998747185,24.662665209258645
1779030782,70,,Aggregated,147.300000,3.800000,30,45,60,71,110,140,160,170,220,260,300,259970,30597,30,44.68389462595082,1.6472000279463828,303.21049998747185,24.66537677424318
1779030783,70,,Aggregated,147.300000,3.000000,30,45,60,71,110,140,160,170,220,250,300,260109,30597,30,44.68323614949096,1.6472000279463828,303.21049998747185,24.667008830913193
1779030784,70,,Aggregated,146.800000,2.600000,30,45,60,71,110,140,160,170,220,250,300,260255,30597,30,44.68461413847293,1.6472000279463828,303.21049998747185,24.668728746806018
1779030785,70,,Aggregated,145.200000,2.600000,30,45,60,71,110,140,160,170,220,250,300,260398,30597,30,44.688373284776524,1.6472000279463828,303.21049998747185,24.671414526993296
1779030786,70,,Aggregated,145.500000,1.900000,30,45,60,71,110,140,160,170,220,250,300,260549,30597,30,44.6871759020743,1.6472000279463828,303.21049998747185,24.672671935029495
1779030787,70,,Aggregated,146.000000,1.900000,30,45,60,71,110,140,160,170,220,250,300,260682,30597,30,44.68832636050637,1.6472000279463828,303.21049998747185,24.67398592921644
1779030788,70,,Aggregated,146.200000,1.800000,30,45,60,71,110,140,160,170,220,250,300,260823,30597,30,44.6902479563132,1.6472000279463828,303.21049998747185,24.67480628625543
1779030789,70,,Aggregated,146.000000,1.800000,30,45,60,71,110,140,160,170,220,250,300,260961,30597,30,44.69147199853435,1.6472000279463828,303.21049998747185,24.67690957652676
1779030790,70,,Aggregated,144.900000,1.800000,30,45,60,71,110,140,160,170,220,250,300,261111,30597,30,44.69662780774826,1.6472000279463828,303.21049998747185,24.67990241697975
1779030791,70,,Aggregated,142.800000,0.100000,30,45,60,71,110,140,160,170,220,250,300,261250,30597,30,44.69919569419832,1.6472000279463828,303.21049998747185,24.681205741626794
1779030792,70,,Aggregated,142.000000,0.100000,30,45,60,71,110,140,160,170,220,250,300,261389,30597,30,44.700848955040215,1.6472000279463828,303.21049998747185,24.682878774546747
1779030793,70,,Aggregated,142.200000,0.100000,30,45,60,71,110,140,160,170,220,250,300,261550,30597,30,44.70298100290068,1.6472000279463828,303.21049998747185,24.684649206652647
1779030794,70,,Aggregated,141.500000,0.000000,30,45,60,71,110,140,160,170,220,250,300,261691,30597,30,44.70715766002216,1.6472000279463828,303.21049998747185,24.685942581135766
1779030795,70,,Aggregated,142.400000,0.000000,30,45,60,71,110,140,160,170,220,250,300,261841,30597,30,44.71028803704768,1.6472000279463828,303.21049998747185,24.68772652105667
1779030796,70,,Aggregated,142.400000,0.000000,30,45,60,71,110,140,160,170,220,250,300,261989,30597,30,44.71659975460332,1.6472000279463828,303.21049998747185,24.68991446205757
1779030797,70,,Aggregated,144.600000,0.000000,30,45,60,71,110,140,160,170,220,250,300,262130,30598,30,44.72020566821442,1.6472000279463828,303.21049998747185,24.690725975660932
1779030798,70,,Aggregated,144.000000,0.000000,30,45,60,71,110,140,160,170,220,250,300,262274,30598,30,44.72886136029101,1.6472000279463828,303.21049998747185,24.69176128781351
1779030799,70,,Aggregated,144.000000,0.100000,30,45,60,71,110,140,160,170,220,250,300,262421,30598,30,44.73304823474043,1.6472000279463828,303.21049998747185,24.69251317539374
1779030800,70,,Aggregated,144.600000,0.100000,30,45,60,71,110,140,160,170,220,250,300,262563,30599,30,44.73696703156397,1.6472000279463828,303.21049998747185,24.69367732696534
1779030801,70,,Aggregated,145.700000,0.100000,30,45,60,71,110,140,160,170,220,250,300,262706,30600,30,44.74832890572877,1.6472000279463828,303.21049998747185,24.694852801230272
1779030802,70,,Aggregated,145.200000,0.100000,30,45,60,71,110,140,160,170,220,250,300,262843,30601,30,44.750406241401514,1.6472000279463828,303.21049998747185,24.69621408977983
1779030803,70,,Aggregated,144.500000,0.300000,30,45,60,71,110,140,160,170,220,250,300,262990,30601,30,44.753822688727865,1.6472000279463828,303.21049998747185,24.69637628807179
1779030804,70,,Aggregated,145.500000,0.300000,30,45,60,71,110,140,160,170,220,250,300,263145,30601,30,44.76294984973412,1.6472000279463828,303.21049998747185,24.697668585760702
1779030805,70,,Aggregated,144.100000,0.400000,30,45,60,71,110,140,160,170,220,250,300,263288,30601,30,44.76563480868272,1.6472000279463828,303.21049998747185,24.698805110753245
1779030806,70,,Aggregated,145.600000,0.400000,30,45,60,71,110,140,160,170,220,250,300,263434,30601,30,44.772341815820276,1.6472000279463828,303.21049998747185,24.6999514109796
1779030807,70,,Aggregated,144.100000,0.400000,30,45,60,71,110,140,160,170,220,250,300,263580,30601,30,44.77550190040528,1.6472000279463828,303.21049998747185,24.70300857424691
1779030808,70,,Aggregated,143.300000,0.400000,30,45,60,71,110,140,160,170,220,250,300,263732,30601,30,44.770762829722855,1.6472000279463828,303.21049998747185,24.705610240698892
1779030809,70,,Aggregated,143.700000,0.300000,30,45,60,71,110,140,160,170,220,250,300,263881,30601,30,44.771011122848414,1.6472000279463828,303.21049998747185,24.707618206691652
1779030810,70,,Aggregated,143.700000,0.300000,30,45,60,71,110,140,160,170,220,250,300,264028,30601,30,44.76845176423661,1.6472000279463828,303.21049998747185,24.709360370869756
