Timestamp,User Count,Type,Name,Requests/s,Failures/s,50%,66%,75%,80%,90%,95%,98%,99%,99.9%,99.99%,100%,Total Request Count,Total Failure Count,Total Median Response Time,Total Average Response Time,Total Min Response Time,Total Max Response Time,Total Average Content Size
1779027213,0,,Aggregated,0.000000,0.000000,N/A,N/A,N/A,N/A,N/A,N/A,N/A,N/A,N/A,N/A,N/A,0,0,0,0.0,0,0,0
1779027214,5,,Aggregated,0.000000,0.000000,15,23,24,28,29,53,53,53,53,53,53,14,0,14,18.108392861904576,5.688400007784367,52.89819999597967,29.214285714285715
1779027215,10,,Aggregated,0.000000,0.000000,11,14,15,23,29,42,53,53,53,53,53,41,0,11,14.933114634292972,4.461700038518757,52.89819999597967,32.36585365853659
1779027216,15,,Aggregated,8.000000,0.000000,12,14,15,20,29,43,47,53,53,53,53,83,0,12,15.220485540690373,4.461700038518757,52.89819999597967,33.12048192771084
1779027217,20,,Aggregated,14.000000,0.000000,13,15,17,21,30,43,53,56,56,56,56,134,0,12,15.817366416197714,4.461700038518757,56.06119998265058,34.82089552238806
1779027218,20,,Aggregated,18.666667,0.000000,12,15,17,21,29,42,47,56,56,56,56,174,0,12,15.323194826688168,4.461700038518757,56.06119998265058,34.47126436781609
1779027219,20,,Aggregated,25.500000,0.000000,12,15,18,22,34,44,50,55,56,56,56,219,0,12,15.719563469288607,4.461700038518757,56.06119998265058,35.09132420091324
1779027220,20,,Aggregated,30.400000,0.000000,12,15,18,22,34,43,49,55,56,56,56,270,0,12,15.785668518920257,4.461700038518757,56.06119998265058,34.28148148148148
1779027221,20,,Aggregated,31.833333,0.000000,12,15,19,22,33,43,49,55,56,56,56,313,0,12,15.974952716762706,4.461700038518757,56.06119998265058,34.00638977635783
1779027222,20,,Aggregated,34.000000,0.000000,12,15,18,21,33,42,47,55,56,56,56,362,0,12,15.559540055910876,3.994900034740567,56.06119998265058,33.8646408839779
1779027223,20,,Aggregated,35.375000,0.000000,12,15,18,20,32,42,47,53,56,56,56,409,0,12,15.41384841155484,3.994900034740567,56.06119998265058,33.71149144254279
1779027224,20,,Aggregated,36.111111,0.000000,11,15,18,21,32,42,47,53,56,56,56,453,0,11,15.436144592317548,3.994900034740567,56.06119998265058,33.688741721854306
1779027225,20,,Aggregated,38.000000,0.000000,11,15,18,20,32,42,47,53,56,56,56,498,0,11,15.45301807287381,3.994900034740567,56.06119998265058,33.94578313253012
1779027226,20,,Aggregated,41.400000,0.000000,12,15,19,22,32,42,47,50,56,56,56,540,0,12,15.688856111632454,3.994900034740567,56.06119998265058,33.83518518518518
1779027227,20,,Aggregated,43.600000,0.000000,12,15,18,22,32,42,46,50,56,56,56,586,0,12,15.604987372298575,3.994900034740567,56.06119998265058,33.7098976109215
1779027228,20,,Aggregated,45.700000,0.000000,11,15,19,22,33,42,46,49,56,56,56,628,0,11,15.626980414355298,3.994900034740567,56.06119998265058,33.69426751592356
1779027229,20,,Aggregated,45.600000,0.000000,11,15,18,22,33,41,45,49,56,56,56,666,0,11,15.456296546806305,3.994900034740567,56.06119998265058,33.891891891891895
1779027230,20,,Aggregated,44.600000,0.000000,11,15,18,21,32,41,45,47,56,56,56,715,0,11,15.263550070120946,3.994900034740567,56.06119998265058,33.893706293706295
1779027231,20,,Aggregated,45.600000,0.000000,11,15,18,21,32,41,44,47,56,56,56,758,0,11,15.248056464674354,3.994900034740567,56.06119998265058,33.92744063324538
1779027232,20,,Aggregated,44.300000,0.000000,11,15,18,22,34,41,45,49,56,56,56,800,0,11,15.443878750229487,3.994900034740567,56.06119998265058,33.83
1779027233,20,,Aggregated,44.400000,0.000000,12,15,19,23,34,41,46,50,56,56,56,850,0,12,15.750365411958603,3.994900034740567,56.06119998265058,33.80352941176471
1779027234,20,,Aggregated,44.700000,0.000000,11,15,19,22,34,41,46,51,56,56,56,891,0,11,15.712041414421737,3.994900034740567,56.06119998265058,33.87317620650954
1779027235,20,,Aggregated,43.900000,0.000000,12,15,19,22,34,41,46,51,56,56,56,941,0,12,15.74712337957701,3.994900034740567,56.25219998182729,34.02231668437832
1779027236,20,,Aggregated,43.800000,0.000000,12,15,19,22,34,41,46,51,56,56,56,984,0,12,15.670901219662452,3.994900034740567,56.25219998182729,34.02845528455285
1779027237,20,,Aggregated,44.400000,0.000000,11,15,18,22,34,41,46,51,56,56,56,1025,0,11,15.554371122043671,3.994900034740567,56.25219998182729,34.022439024390245
1779027238,20,,Aggregated,44.300000,0.000000,11,15,18,22,33,41,45,51,56,56,56,1070,0,11,15.461126168282425,3.994900034740567,56.25219998182729,34.06261682242991
1779027239,20,,Aggregated,44.100000,0.000000,11,15,18,22,33,41,45,50,56,56,56,1125,0,11,15.45174053332044,3.994900034740567,56.25219998182729,34.019555555555556
1779027240,20,,Aggregated,43.700000,0.000000,11,15,18,21,32,41,45,50,56,56,56,1162,0,11,15.362447590305488,3.994900034740567,56.25219998182729,33.985370051635115
1779027241,20,,Aggregated,43.500000,0.000000,11,15,18,21,33,41,45,50,56,56,56,1205,0,11,15.421765975178802,3.994900034740567,56.25219998182729,33.92448132780083
1779027242,20,,Aggregated,45.400000,0.000000,11,15,18,21,33,41,46,50,56,56,56,1251,0,11,15.506978577263817,3.994900034740567,56.25219998182729,33.98960831334932
1779027243,20,,Aggregated,44.300000,0.000000,11,15,18,21,32,41,46,50,56,56,56,1295,0,11,15.418035753114458,3.994900034740567,56.25219998182729,34.114285714285714
1779027244,20,,Aggregated,44.400000,0.000000,11,15,18,21,32,41,46,50,56,56,56,1340,0,11,15.410450895476753,3.745800000615418,56.25219998182729,34.22611940298508
1779027245,20,,Aggregated,44.100000,0.000000,11,15,18,21,32,41,46,51,56,57,57,1389,1,11,15.35103945269419,3.745800000615418,56.88799999188632,34.272138228941685
1779027246,20,,Aggregated,44.500000,0.000000,11,15,18,21,32,41,46,50,56,57,57,1432,1,11,15.297884217547331,3.745800000615418,56.88799999188632,34.374301675977655
1779027247,20,,Aggregated,44.200000,0.000000,11,15,18,21,32,41,46,51,56,57,57,1480,1,11,15.358429053653586,3.745800000615418,56.88799999188632,34.36013513513514
1779027248,20,,Aggregated,44.000000,0.100000,11,15,18,21,32,41,46,51,56,57,57,1526,1,11,15.387814285285188,3.745800000615418,56.88799999188632,34.365661861074706
1779027249,20,,Aggregated,44.300000,0.100000,11,15,18,21,32,41,46,51,56,57,57,1565,1,11,15.38269137331365,3.745800000615418,56.88799999188632,34.31182108626198
1779027250,20,,Aggregated,45.100000,0.100000,11,15,18,21,32,40,46,50,56,57,57,1610,1,11,15.3368198752088,3.745800000615418,56.88799999188632,34.26335403726708
1779027251,20,,Aggregated,45.100000,0.100000,11,15,18,21,32,40,46,50,56,57,57,1656,1,11,15.301534721635143,3.745800000615418,56.88799999188632,34.33031400966183
1779027252,20,,Aggregated,43.700000,0.100000,12,15,18,21,32,40,46,50,56,57,57,1695,1,12,15.337267196957011,3.745800000615418,56.88799999188632,34.34690265486726
1779027253,20,,Aggregated,44.100000,0.100000,12,15,18,21,32,40,46,50,56,57,57,1741,1,12,15.375822170450054,3.745800000615418,56.88799999188632,34.499712808730614
1779027254,20,,Aggregated,44.200000,0.100000,12,15,18,21,32,40,46,50,56,57,57,1792,1,12,15.407545814144084,3.745800000615418,56.88799999188632,34.470424107142854
1779027255,20,,Aggregated,43.900000,0.100000,12,15,18,21,32,40,46,50,56,57,57,1839,1,12,15.440385806942212,3.745800000615418,56.88799999188632,34.50353452963567
1779027256,20,,Aggregated,44.300000,0.100000,12,15,18,21,32,40,46,50,56,57,57,1890,1,12,15.507697935983607,3.745800000615418,56.88799999188632,34.53386243386243
1779027257,20,,Aggregated,44.700000,0.100000,12,15,18,21,32,40,46,50,57,57,57,1930,1,12,15.519641398378633,3.745800000615418,57.08909995155409,34.47772020725389
1779027258,20,,Aggregated,45.000000,0.000000,12,15,18,21,32,40,46,50,57,57,57,1980,1,12,15.42667636293283,3.745800000615418,57.08909995155409,34.58535353535353
1779027259,20,,Aggregated,45.300000,0.000000,12,15,18,21,32,40,46,50,56,57,57,2024,1,12,15.49433488077843,3.745800000615418,57.08909995155409,34.587450592885375
1779027260,20,,Aggregated,45.100000,0.000000,12,15,18,21,32,40,46,50,56,57,57,2073,1,12,15.406698359264572,3.745800000615418,57.08909995155409,34.65123010130246
1779027261,20,,Aggregated,45.000000,0.000000,12,15,18,20,31,40,45,50,56,57,57,2118,1,12,15.366742775657428,3.745800000615418,57.08909995155409,34.7204910292729
1779027262,20,,Aggregated,45.500000,0.000000,12,15,18,21,31,40,45,50,56,57,57,2163,1,12,15.38950337443227,3.745800000615418,57.08909995155409,34.71012482662968
1779027263,20,,Aggregated,46.800000,0.000000,12,15,18,21,32,40,45,50,57,59,59,2206,1,12,15.474590343928323,3.745800000615418,58.930099999997765,34.69446962828649
1779027264,20,,Aggregated,46.800000,0.000000,12,15,19,21,32,40,45,51,57,59,59,2253,1,12,15.510869462356588,3.686400013975799,58.930099999997765,34.70661340434975
1779027265,20,,Aggregated,46.700000,0.000000,12,15,18,21,32,40,46,51,57,59,59,2297,1,12,15.50636952497129,3.686400013975799,58.930099999997765,34.751414888985636
1779027266,20,,Aggregated,46.200000,0.000000,12,15,18,21,32,40,46,51,57,59,59,2346,1,12,15.49449535346775,3.686400013975799,58.930099999997765,34.71696504688832
1779027267,20,,Aggregated,45.700000,0.000000,12,15,18,21,31,40,46,51,57,59,59,2392,1,12,15.474928176983642,3.686400013975799,58.930099999997765,34.73035117056856
1779027268,20,,Aggregated,45.200000,0.000000,12,15,18,21,31,40,46,50,57,59,59,2431,1,12,15.451207075001582,3.686400013975799,58.930099999997765,34.74454956807898
1779027270,20,,Aggregated,45.400000,0.000000,12,15,18,21,32,40,46,51,57,59,59,2472,1,12,15.544297896176019,3.686400013975799,58.930099999997765,34.71885113268608
1779027271,20,,Aggregated,45.500000,0.000000,12,15,19,21,32,40,46,51,57,59,59,2515,1,12,15.633363339764845,3.686400013975799,58.930099999997765,34.74671968190855
1779027272,20,,Aggregated,44.800000,0.000000,12,15,19,21,32,40,46,51,57,59,59,2561,1,12,15.64847602478415,3.686400013975799,58.930099999997765,34.6876220226474
1779027273,20,,Aggregated,44.500000,0.000000,12,15,19,21,32,41,46,51,57,59,59,2608,1,12,15.697859125593041,3.686400013975799,58.930099999997765,34.67292944785276
1779027274,20,,Aggregated,43.500000,0.000000,12,16,19,22,32,41,46,51,57,59,59,2649,1,12,15.75048138909942,3.686400013975799,58.930099999997765,34.6640241600604
1779027275,20,,Aggregated,44.200000,0.000000,12,16,19,22,32,41,46,51,57,59,59,2697,1,12,15.816276677713919,3.686400013975799,58.930099999997765,34.73859844271413
1779027276,20,,Aggregated,43.800000,0.000000,12,16,19,22,32,41,46,51,57,59,59,2747,1,12,15.769601820059146,3.686400013975799,58.930099999997765,34.79504914452129
1779027277,20,,Aggregated,44.000000,0.000000,12,15,19,22,32,40,46,51,57,59,59,2792,1,12,15.711893266345271,3.686400013975799,58.930099999997765,34.818767908309454
1779027278,20,,Aggregated,44.600000,0.000000,12,16,19,22,32,40,46,51,57,59,59,2834,1,12,15.751413902503273,3.686400013975799,58.930099999997765,34.80098800282286
1779027279,20,,Aggregated,44.200000,0.000000,12,16,19,22,32,40,46,51,57,59,59,2880,1,12,15.725815555419508,3.686400013975799,58.930099999997765,34.778819444444444
1779027280,20,,Aggregated,44.000000,0.000000,12,16,19,22,32,40,46,51,57,59,59,2923,1,12,15.760335203415032,3.686400013975799,58.930099999997765,34.79131029763941
1779027281,20,,Aggregated,44.000000,0.000000,12,16,19,22,32,40,46,51,57,59,59,2970,1,12,15.735183535214288,3.686400013975799,58.930099999997765,34.82222222222222
1779027282,20,,Aggregated,44.500000,0.000000,12,16,19,22,32,40,46,50,57,59,59,3016,1,12,15.734020855287195,3.686400013975799,58.930099999997765,34.89887267904509
1779027283,20,,Aggregated,45.500000,0.000000,12,16,19,22,32,40,46,50,57,59,59,3063,1,12,15.769632843443459,3.686400013975799,58.930099999997765,34.917727717923604
1779027284,20,,Aggregated,45.200000,0.000000,12,16,19,22,32,40,46,50,57,59,59,3106,1,12,15.787302961916179,3.686400013975799,58.930099999997765,34.926593689632966
1779027285,20,,Aggregated,44.800000,0.000000,12,16,19,22,32,40,46,51,57,59,59,3153,1,12,15.83337300974191,3.686400013975799,58.930099999997765,34.86647637170948
1779027286,20,,Aggregated,45.300000,0.000000,12,16,19,22,32,40,46,51,57,59,59,3193,1,12,15.864883463758586,3.686400013975799,58.930099999997765,34.87002818665832
1779027287,20,,Aggregated,45.300000,0.000000,12,16,19,22,32,40,46,51,57,59,59,3236,1,12,15.834447589553392,3.686400013975799,58.930099999997765,34.8915327564895
1779027288,20,,Aggregated,44.500000,0.000000,12,16,19,22,32,40,46,51,57,59,59,3282,1,12,15.791399878048775,3.686400013975799,58.930099999997765,34.88482632541133
1779027289,20,,Aggregated,44.000000,0.000000,12,16,19,22,32,40,46,51,57,59,59,3327,1,12,15.762549383757674,3.686400013975799,58.930099999997765,34.83588818755636
1779027290,20,,Aggregated,44.300000,0.000000,12,16,19,22,32,40,46,51,57,59,59,3371,1,12,15.748339454069882,3.686400013975799,58.930099999997765,34.89469000296648
1779027291,20,,Aggregated,44.600000,0.000000,12,16,19,22,32,40,46,51,57,59,59,3417,1,12,15.734422826850723,3.686400013975799,58.930099999997765,34.92186128182616
1779027292,20,,Aggregated,45.000000,0.000000,12,16,19,22,32,40,46,51,57,59,59,3462,1,12,15.736242143116737,3.686400013975799,58.930099999997765,34.88157134604275
1779027293,20,,Aggregated,44.100000,0.000000,12,16,19,22,32,40,46,51,57,59,59,3510,1,12,15.728118375890313,3.686400013975799,58.930099999997765,34.9059829059829
1779027294,20,,Aggregated,44.400000,0.000000,12,16,19,22,32,40,46,51,57,59,59,3559,1,12,15.765479713218195,3.686400013975799,58.930099999997765,34.84152851924698
1779027295,20,,Aggregated,44.700000,0.000000,12,16,19,22,32,40,46,51,57,59,59,3594,1,12,15.769261991936594,3.686400013975799,58.930099999997765,34.83722871452421
1779027296,20,,Aggregated,45.500000,0.000000,12,16,19,22,32,40,46,51,57,59,59,3637,1,12,15.806434478750056,3.686400013975799,58.930099999997765,34.847401704701674
1779027297,20,,Aggregated,44.200000,0.000000,12,16,19,22,32,40,46,51,57,61,61,3687,1,12,15.83706590699427,3.686400013975799,60.60510000679642,34.83319772172498
1779027298,20,,Aggregated,44.200000,0.000000,12,16,19,22,32,40,46,51,58,62,62,3730,1,12,15.844358793405526,3.686400013975799,61.660500010475516,34.865951742627345
1779027299,20,,Aggregated,44.800000,0.000000,12,16,19,22,32,40,46,51,58,62,62,3779,1,12,15.833679041955236,3.686400013975799,61.660500010475516,34.808679544853135
1779027300,20,,Aggregated,45.000000,0.000000,12,16,19,22,32,40,46,51,58,62,62,3814,1,12,15.821928290399837,3.686400013975799,61.660500010475516,34.85002621919245
1779027301,20,,Aggregated,44.600000,0.000000,12,16,19,22,31,40,46,51,58,62,62,3865,1,12,15.820141241811626,3.686400013975799,61.660500010475516,34.82121604139716
1779027302,20,,Aggregated,44.500000,0.000000,12,16,19,22,31,40,46,51,58,62,62,3908,1,12,15.830429580207165,3.686400013975799,61.660500010475516,34.832906857727735
1779027303,20,,Aggregated,44.900000,0.000000,12,16,19,22,31,40,46,51,58,62,62,3959,1,12,15.83989103301834,3.686400013975799,61.660500010475516,34.81131598888608
1779027304,20,,Aggregated,44.500000,0.000000,12,16,19,21,31,40,46,51,57,62,62,4013,1,12,15.813594143963012,3.686400013975799,61.660500010475516,34.804634936456516
1779027305,20,,Aggregated,44.800000,0.000000,12,16,19,22,32,40,46,51,57,62,62,4053,1,12,15.839247865658212,3.686400013975799,61.660500010475516,34.81223784850728
1779027306,20,,Aggregated,44.200000,0.000000,12,16,19,22,32,40,46,51,57,62,62,4100,1,12,15.841642902332085,3.686400013975799,61.660500010475516,34.816829268292686
1779027307,20,,Aggregated,45.900000,0.000000,12,16,19,22,32,40,46,51,57,62,62,4150,1,12,15.865803156552994,3.686400013975799,61.660500010475516,34.808192771084336
1779027308,20,,Aggregated,45.700000,0.000000,12,16,19,22,32,40,46,51,57,62,62,4195,1,12,15.908561811612584,3.686400013975799,61.660500010475516,34.85792610250298
1779027309,20,,Aggregated,45.400000,0.000000,12,16,19,22,32,40,46,51,57,62,62,4237,1,12,15.90361833835167,3.686400013975799,61.660500010475516,34.90394146801982
1779027310,20,,Aggregated,45.400000,0.000000,12,16,19,22,32,40,46,51,57,62,62,4279,1,12,15.911333582525192,3.686400013975799,61.660500010475516,34.90909090909091
1779027311,20,,Aggregated,45.800000,0.000000,12,16,19,22,32,40,46,51,57,62,62,4321,1,12,15.906197454232776,3.686400013975799,61.660500010475516,34.915528812774824
1779027312,20,,Aggregated,45.500000,0.000000,12,16,19,22,32,40,46,51,57,62,62,4371,1,12,15.869476549893923,3.686400013975799,61.660500010475516,34.93502630976893
1779027313,20,,Aggregated,44.800000,0.000000,12,16,19,22,32,40,46,51,57,62,62,4414,1,12,15.875706751187348,3.686400013975799,61.660500010475516,34.93837788853647
1779027314,20,,Aggregated,45.500000,0.000000,12,16,19,22,32,40,46,51,57,62,62,4458,1,12,15.881102220597667,3.686400013975799,61.660500010475516,34.95648272768057
1779027315,20,,Aggregated,44.800000,0.000000,12,16,19,22,32,40,46,50,57,62,62,4503,2,12,15.871234710078335,3.686400013975799,61.660500010475516,34.95514101709971
1779027316,20,,Aggregated,44.800000,0.000000,12,16,19,22,32,40,46,50,57,62,62,4545,2,12,15.873069724831852,3.686400013975799,61.660500010475516,34.967216721672166
1779027317,20,,Aggregated,44.300000,0.100000,12,16,19,22,32,40,46,50,57,62,62,4598,2,12,15.886574706230588,3.686400013975799,61.660500010475516,34.98129621574598
1779027318,20,,Aggregated,44.400000,0.100000,12,16,19,22,32,40,46,50,57,62,62,4646,2,12,15.884806500088597,3.686400013975799,61.660500010475516,35.029487731381835
1779027319,20,,Aggregated,45.200000,0.100000,12,16,19,22,32,40,46,50,57,62,62,4695,2,12,15.860383322609229,3.686400013975799,61.660500010475516,35.03152289669862
1779027320,20,,Aggregated,45.100000,0.100000,12,16,19,22,32,40,46,50,57,62,62,4744,2,12,15.844640535326803,3.686400013975799,61.660500010475516,35.039839797639125
1779027321,20,,Aggregated,45.000000,0.100000,12,16,19,22,32,40,46,50,57,62,62,4788,2,12,15.844536758443837,3.686400013975799,61.660500010475516,35.019423558897245
1779027322,20,,Aggregated,45.900000,0.100000,12,16,19,22,32,40,46,50,57,62,62,4835,2,12,15.871647941952643,3.686400013975799,61.660500010475516,34.98572905894519
1779027323,20,,Aggregated,46.400000,0.100000,12,16,19,22,32,40,46,50,57,62,62,4881,2,12,15.89894402774144,3.686400013975799,61.660500010475516,34.97766851055112
1779027324,20,,Aggregated,46.400000,0.100000,13,16,19,22,32,40,46,50,57,62,62,4926,2,12,15.925636357969351,3.686400013975799,61.660500010475516,35.00324807145757
1779027325,20,,Aggregated,46.700000,0.100000,13,16,19,22,32,40,46,50,57,62,62,4967,2,13,15.960664022374052,3.686400013975799,61.660500010475516,34.97060599959734
1779027326,20,,Aggregated,46.300000,0.100000,13,16,19,22,32,40,46,49,57,62,62,5014,2,13,15.952172058049923,3.686400013975799,61.660500010475516,34.94834463502194
1779027327,20,,Aggregated,45.300000,0.000000,13,16,19,22,32,40,46,49,57,62,62,5057,2,13,15.968743642268247,3.686400013975799,61.660500010475516,34.955902709116074
1779027328,20,,Aggregated,46.100000,0.000000,13,16,19,22,32,40,46,49,57,62,62,5098,2,12,15.948236720060484,3.686400013975799,61.660500010475516,34.96488819144763
1779027329,20,,Aggregated,45.100000,0.000000,13,16,19,22,32,40,46,49,57,62,62,5136,2,13,15.956727122034167,3.686400013975799,61.660500010475516,34.9595015576324
1779027330,20,,Aggregated,45.200000,0.000000,13,16,19,22,32,40,46,49,57,62,62,5187,2,13,15.947207865580046,3.686400013975799,61.660500010475516,34.957586273375746
1779027331,20,,Aggregated,44.600000,0.000000,13,16,19,22,32,40,46,49,57,62,62,5234,2,12,15.919632403238989,3.686400013975799,61.660500010475516,34.95796713794421
1779027332,20,,Aggregated,44.200000,0.000000,13,16,19,22,32,40,46,49,57,62,62,5275,2,13,15.92967988598774,3.686400013975799,61.660500010475516,34.94502369668246
1779027333,20,,Aggregated,44.000000,0.000000,13,16,19,22,32,40,46,49,57,62,62,5323,2,13,15.93193088456904,3.686400013975799,61.660500010475516,34.9261694533158
1779027334,20,,Aggregated,43.800000,0.000000,13,16,19,22,32,40,46,49,57,62,62,5368,2,13,15.936601042975903,3.686400013975799,61.660500010475516,34.93554396423249
1779027335,20,,Aggregated,43.500000,0.000000,13,16,19,22,32,40,46,49,57,62,62,5410,2,13,15.936446191989189,3.686400013975799,61.660500010475516,34.932902033271716
1779027336,20,,Aggregated,44.100000,0.000000,13,16,19,22,32,40,46,49,57,62,62,5449,2,13,15.92396492915362,3.686400013975799,61.660500010475516,34.95301890255093
1779027337,20,,Aggregated,44.600000,0.000000,13,16,19,22,32,40,46,49,57,62,62,5495,2,13,15.923597415673163,3.686400013975799,61.660500010475516,34.94631483166515
1779027338,20,,Aggregated,44.000000,0.000000,13,16,19,22,31,40,46,49,57,62,62,5540,2,13,15.921952526914275,3.686400013975799,61.660500010475516,34.94043321299639
1779027339,20,,Aggregated,43.800000,0.000000,13,16,19,22,32,40,46,49,57,62,62,5582,2,13,15.935484396152109,3.686400013975799,61.660500010475516,34.93443210318882
1779027340,20,,Aggregated,43.700000,0.000000,13,16,19,22,32,40,46,49,57,62,62,5623,2,13,15.94612306588772,3.686400013975799,61.660500010475516,34.96638804908412
1779027341,20,,Aggregated,43.700000,0.000000,13,16,19,22,32,40,46,49,57,62,62,5661,2,13,15.947108691006868,3.686400013975799,61.660500010475516,34.945592651475
1779027342,20,,Aggregated,43.700000,0.000000,13,16,19,22,32,40,46,49,57,62,62,5703,2,13,15.97260063122878,3.686400013975799,61.660500010475516,34.942486410661054
1779027343,20,,Aggregated,43.600000,0.000000,13,16,19,22,32,40,46,49,57,62,62,5747,2,13,15.96891823554624,3.686400013975799,61.660500010475516,34.95632503915086
1779027344,20,,Aggregated,42.300000,0.000000,13,16,19,22,32,40,46,49,57,62,62,5804,2,13,15.957331943447569,3.686400013975799,61.660500010475516,34.98121984838043
1779027345,20,,Aggregated,42.400000,0.000000,13,16,19,22,32,40,46,49,57,62,62,5846,2,13,15.970687598315108,3.686400013975799,61.660500010475516,34.98785494355115
1779027346,20,,Aggregated,42.700000,0.000000,13,16,19,22,31,40,46,49,57,62,62,5888,2,13,15.981082353925519,3.686400013975799,61.660500010475516,34.98997961956522
1779027347,20,,Aggregated,43.200000,0.000000,13,16,19,22,31,40,46,49,57,62,62,5933,2,13,15.989265953145573,3.686400013975799,61.660500010475516,34.97438058317883
1779027348,20,,Aggregated,43.300000,0.000000,13,16,19,22,31,40,46,49,57,62,62,5978,2,13,16.00283250248813,3.686400013975799,61.660500010475516,34.971227835396455
1779027349,20,,Aggregated,43.100000,0.000000,13,16,19,22,32,40,46,49,57,62,62,6026,2,13,15.996437172262153,3.686400013975799,61.660500010475516,34.966644540325255
1779027350,20,,Aggregated,43.300000,0.000000,13,16,19,22,32,40,46,49,57,62,62,6073,2,13,16.003344459081934,3.686400013975799,61.660500010475516,34.94961304133048
1779027351,20,,Aggregated,44.400000,0.000000,13,16,19,22,32,40,46,49,57,62,62,6121,2,13,16.00316824047088,3.686400013975799,61.660500010475516,34.94347328867832
1779027352,20,,Aggregated,44.700000,0.000000,13,16,19,22,31,40,46,49,57,62,62,6162,2,13,16.001408779613914,3.686400013975799,61.660500010475516,34.965920155793576
1779027353,20,,Aggregated,44.500000,0.000000,13,16,19,22,31,40,46,49,57,62,62,6204,2,13,15.986175306268525,3.686400013975799,61.660500010475516,34.98339780786589
1779027354,20,,Aggregated,45.400000,0.000000,13,16,19,22,32,40,46,49,57,62,62,6249,3,13,15.979822243561298,3.686400013975799,61.660500010475516,34.99231877100336
1779027355,20,,Aggregated,45.200000,0.000000,13,16,19,22,31,40,46,49,57,62,62,6296,3,13,15.97210849748316,3.686400013975799,61.660500010475516,35.016518424396445
1779027356,20,,Aggregated,45.000000,0.000000,13,16,19,22,31,40,46,49,57,62,62,6346,3,13,15.953495146585553,3.686400013975799,61.660500010475516,34.98550267885282
1779027357,20,,Aggregated,44.800000,0.100000,13,16,19,21,31,40,46,49,57,62,62,6391,3,13,15.943531294020982,3.686400013975799,61.660500010475516,34.99155061805664
1779027358,20,,Aggregated,45.600000,0.100000,13,16,19,21,31,40,46,49,57,62,62,6437,3,13,15.941406695713088,3.686400013975799,61.660500010475516,35.00730153798353
1779027359,20,,Aggregated,46.200000,0.100000,13,16,19,21,31,40,46,49,57,62,62,6487,3,13,15.929307414886228,3.686400013975799,61.660500010475516,35.017419454293204
1779027360,20,,Aggregated,45.500000,0.100000,13,16,19,21,31,40,46,49,57,62,62,6535,3,13,15.923304927373959,3.686400013975799,61.660500010475516,35.03289977046672
1779027361,20,,Aggregated,45.200000,0.100000,13,16,19,21,31,40,46,49,57,62,62,6574,3,13,15.921325829099445,3.686400013975799,61.660500010475516,35.03300882263462
1779027362,20,,Aggregated,45.400000,0.100000,13,16,19,21,31,40,46,49,57,62,62,6620,3,13,15.930711072563613,3.686400013975799,61.660500010475516,35.03595166163142
1779027363,20,,Aggregated,45.800000,0.100000,13,16,19,21,31,40,46,49,57,62,62,6662,3,13,15.93212500757755,3.686400013975799,61.660500010475516,35.050285199639745
1779027364,20,,Aggregated,45.800000,0.100000,13,16,19,21,31,40,46,49,57,62,62,6707,3,13,15.949962159036016,3.686400013975799,61.660500010475516,35.041896526017595
1779027365,20,,Aggregated,46.100000,0.100000,13,16,19,21,31,40,46,49,57,62,62,6755,3,13,15.974738016389558,3.686400013975799,61.660500010475516,35.03153219837158
1779027366,20,,Aggregated,45.400000,0.100000,13,16,19,21,31,40,46,49,57,62,62,6802,3,13,15.97724639821678,3.686400013975799,61.660500010475516,35.02513966480447
1779027367,20,,Aggregated,45.500000,0.000000,13,16,19,21,32,40,46,49,57,62,62,6845,3,13,15.985736464651287,3.686400013975799,61.660500010475516,35.04894083272462
1779027368,20,,Aggregated,45.000000,0.000000,13,16,19,21,32,40,46,49,57,62,62,6886,3,13,15.99499305845851,3.686400013975799,61.660500010475516,35.043276212605285
1779027369,20,,Aggregated,45.000000,0.000000,13,16,19,22,32,40,46,49,57,62,62,6927,3,13,16.02021326698883,3.686400013975799,61.660500010475516,35.04403060487946
1779027370,20,,Aggregated,45.400000,0.000000,13,16,19,21,32,40,46,49,57,62,62,6973,3,13,16.01089652956334,3.686400013975799,61.660500010475516,35.047755628854155
1779027371,20,,Aggregated,44.000000,0.000000,13,16,19,21,32,40,46,49,56,62,62,7015,3,13,16.000222152660594,3.686400013975799,61.660500010475516,35.06101211689237
1779027372,20,,Aggregated,43.700000,0.000000,13,16,19,21,32,40,46,49,56,62,62,7069,3,13,16.004298684528592,3.686400013975799,61.660500010475516,35.04937049087565
1779027373,20,,Aggregated,44.100000,0.000000,13,16,19,21,32,40,46,49,56,62,62,7117,3,13,16.007765392871065,3.686400013975799,61.660500010475516,35.0621048194464
1779027374,20,,Aggregated,44.200000,0.000000,13,16,19,21,32,40,46,49,56,62,62,7164,3,13,16.009363693625918,3.686400013975799,61.660500010475516,35.07733109994417
1779027375,20,,Aggregated,44.800000,0.000000,13,16,19,21,32,40,46,49,56,62,62,7206,3,13,15.996193658195597,3.686400013975799,61.660500010475516,35.08784346378018
1779027376,20,,Aggregated,44.900000,0.000000,13,16,19,21,32,40,46,49,56,62,62,7257,3,13,15.99322287455147,3.686400013975799,61.660500010475516,35.06862339809839
1779027377,20,,Aggregated,45.400000,0.000000,13,16,19,21,32,40,46,49,56,62,62,7305,3,13,15.992726461402818,3.4624999971129,61.660500010475516,35.0570841889117
1779027378,20,,Aggregated,45.000000,0.000000,13,16,19,21,32,40,46,49,56,62,62,7352,3,13,15.99017089235716,3.4624999971129,61.660500010475516,35.066920565832426
1779027379,20,,Aggregated,45.600000,0.000000,13,16,19,21,32,40,46,49,56,62,62,7396,3,13,15.980136600999414,3.4624999971129,61.660500010475516,35.076527852893456
1779027380,20,,Aggregated,45.800000,0.000000,13,16,19,21,32,40,46,49,56,62,62,7442,3,13,15.987303749145013,3.4624999971129,61.660500010475516,35.067589357699546
1779027381,20,,Aggregated,46.800000,0.000000,13,16,19,21,32,40,46,49,56,62,62,7489,3,13,15.978737107917627,3.4624999971129,61.660500010475516,35.075978101215114
1779027382,20,,Aggregated,46.500000,0.000000,13,16,19,21,31,40,46,49,57,62,62,7531,3,13,15.981862647840726,3.4624999971129,61.660500010475516,35.08179524631523
1779027383,20,,Aggregated,46.300000,0.000000,13,16,19,21,31,40,46,49,57,62,62,7583,3,13,15.969194382310052,3.4624999971129,61.660500010475516,35.08954239746802
1779027384,20,,Aggregated,46.400000,0.000000,13,16,19,21,32,40,46,49,57,62,62,7631,3,13,15.980446874745283,3.4624999971129,61.660500010475516,35.08911020836064
1779027385,20,,Aggregated,46.200000,0.000000,13,16,19,21,31,40,46,49,57,62,62,7668,3,13,15.973903743012011,3.4624999971129,61.660500010475516,35.101851851851855
1779027386,20,,Aggregated,46.000000,0.000000,13,16,19,21,31,40,46,49,57,62,62,7711,3,13,15.983816145960569,3.4624999971129,61.660500010475516,35.09791207366101
1779027387,20,,Aggregated,46.100000,0.000000,13,16,19,21,31,40,46,49,57,62,62,7758,3,13,15.996490977237844,3.4624999971129,61.660500010475516,35.072312451662796
1779027388,20,,Aggregated,45.300000,0.000000,13,16,19,21,31,40,46,49,57,62,62,7809,3,13,15.974522858406937,3.4624999971129,61.660500010475516,35.095658855167116
1779027389,20,,Aggregated,44.800000,0.000000,13,16,19,21,31,40,46,49,57,62,62,7852,3,13,15.960599669000068,3.4624999971129,61.660500010475516,35.09691798267957
1779027390,20,,Aggregated,45.200000,0.000000,13,16,19,21,31,40,46,49,57,62,62,7895,3,13,15.968688942474019,3.4624999971129,61.660500010475516,35.09449018366055
1779027391,20,,Aggregated,45.200000,0.000000,13,16,19,21,31,40,46,49,57,62,62,7942,3,13,15.963666255432994,3.4624999971129,61.660500010475516,35.082095190128435
1779027392,20,,Aggregated,45.100000,0.000000,13,16,19,21,31,40,46,49,57,62,62,7984,3,13,15.970697783145196,3.4624999971129,61.660500010475516,35.06675851703407
1779027393,20,,Aggregated,45.000000,0.000000,13,16,19,21,31,40,46,49,56,62,62,8024,3,13,15.97289034158594,3.4624999971129,61.660500010475516,35.07303090727817
1779027394,20,,Aggregated,45.000000,0.000000,13,16,19,21,31,40,46,49,57,62,62,8073,3,13,15.99553328387118,3.4624999971129,61.660500010475516,35.06887154713242
1779027395,20,,Aggregated,44.400000,0.000000,13,16,19,21,31,40,46,49,57,62,62,8117,3,13,15.989784144495992,3.4624999971129,61.660500010475516,35.0676358260441
1779027396,20,,Aggregated,44.700000,0.000000,13,16,19,21,31,40,46,49,57,62,62,8157,3,13,15.986371153716807,3.4624999971129,61.660500010475516,35.07515017776143
1779027397,20,,Aggregated,44.400000,0.000000,13,16,19,21,31,40,46,49,57,62,62,8206,3,13,15.996601194361599,3.4624999971129,61.660500010475516,35.08225688520594
1779027398,20,,Aggregated,44.800000,0.000000,13,16,19,21,31,40,46,49,57,62,62,8247,3,13,15.98744422228369,3.4624999971129,61.660500010475516,35.09579240936098
1779027399,20,,Aggregated,44.400000,0.000000,13,16,19,21,31,40,46,49,57,62,62,8303,3,13,15.972471034719787,3.4624999971129,61.660500010475516,35.082138985908706
1779027400,20,,Aggregated,44.100000,0.000000,13,16,19,21,31,40,46,49,57,62,62,8341,3,13,15.96080503552133,3.4624999971129,61.660500010475516,35.09183551132958
1779027401,20,,Aggregated,44.300000,0.000000,13,16,19,21,31,40,46,49,57,62,62,8384,3,13,15.970642366566247,3.4624999971129,61.660500010475516,35.087786259541986
1779027402,20,,Aggregated,44.700000,0.000000,13,16,19,21,31,40,46,49,57,62,62,8431,3,13,15.965464844186629,3.4624999971129,61.660500010475516,35.07021705610248
1779027403,20,,Aggregated,44.300000,0.000000,13,16,19,21,31,40,46,49,57,62,62,8475,3,13,15.95573869040703,3.4624999971129,61.660500010475516,35.07752212389381
1779027404,20,,Aggregated,43.600000,0.000000,13,16,19,21,31,40,46,49,57,62,62,8509,3,13,15.967074932562483,3.4624999971129,61.660500010475516,35.085203901751086
1779027405,20,,Aggregated,44.000000,0.000000,13,16,19,21,31,40,46,49,57,62,62,8549,3,13,15.975062791094416,3.4624999971129,61.660500010475516,35.07252310211721
1779027406,20,,Aggregated,44.000000,0.000000,13,16,19,21,31,40,46,49,57,62,62,8593,3,13,15.983493052638464,3.4624999971129,61.660500010475516,35.06924240661003
1779027407,20,,Aggregated,43.200000,0.000000,13,16,19,21,31,40,46,49,57,62,62,8636,3,13,15.992330384585822,3.4624999971129,61.660500010475516,35.05002315886985
1779027408,20,,Aggregated,43.600000,0.000000,13,16,19,21,31,40,46,49,57,62,62,8683,3,13,15.977838707965903,3.4624999971129,61.660500010475516,35.056547276287
1779027409,20,,Aggregated,43.000000,0.000000,13,16,19,21,31,40,46,49,57,62,62,8719,3,13,15.985625874649442,3.4624999971129,61.660500010475516,35.04312421149214
1779027410,20,,Aggregated,42.800000,0.000000,13,16,19,21,31,40,46,49,57,62,62,8767,3,13,15.988236215502365,3.4624999971129,61.660500010475516,35.04973194935554
1779027411,20,,Aggregated,42.700000,0.000000,13,16,19,21,31,40,46,49,57,62,62,8810,3,13,15.98224695812896,3.4624999971129,61.660500010475516,35.06152099886493
1779027412,20,,Aggregated,41.400000,0.000000,13,16,19,21,31,40,46,49,57,62,62,8858,3,13,15.97818326946956,3.4624999971129,61.660500010475516,35.066719349740346
1779027413,20,,Aggregated,42.200000,0.000000,13,16,19,21,31,40,46,49,57,62,62,8898,3,13,15.986006001468088,3.4624999971129,61.660500010475516,35.06462126320521
1779027414,20,,Aggregated,42.600000,0.000000,13,16,19,21,31,40,46,49,57,62,62,8938,3,13,15.985250358157085,3.4624999971129,61.660500010475516,35.064108301633475
1779027415,20,,Aggregated,42.800000,0.000000,13,16,19,21,31,40,46,49,57,62,62,8987,3,13,15.966392233339265,3.4624999971129,61.660500010475516,35.071547791254034
1779027416,20,,Aggregated,42.300000,0.000000,13,16,19,21,31,40,46,49,57,62,62,9031,3,13,15.95677468730705,3.4402000019326806,61.660500010475516,35.07596058022367
1779027417,20,,Aggregated,42.400000,0.000000,13,16,19,21,31,40,46,49,57,62,62,9078,3,13,15.9616957700913,3.4402000019326806,61.660500010475516,35.07589777484027
1779027418,20,,Aggregated,43.000000,0.000000,13,16,19,21,31,40,46,49,57,62,62,9125,3,13,15.96069801653646,3.4402000019326806,61.660500010475516,35.06356164383562
1779027419,20,,Aggregated,43.800000,0.000000,13,16,19,21,31,40,46,49,57,62,62,9176,3,13,15.950325337958365,3.4402000019326806,61.660500010475516,35.06996512641674
1779027420,20,,Aggregated,44.000000,0.000000,13,16,19,21,31,40,46,49,57,62,62,9216,3,13,15.932773047009302,3.4402000019326806,61.660500010475516,35.078450520833336
1779027421,20,,Aggregated,44.100000,0.000000,13,16,19,21,31,40,46,49,57,62,62,9262,3,13,15.919355366163739,3.4402000019326806,61.660500010475516,35.08972144245303
1779027422,20,,Aggregated,45.700000,0.000000,13,16,19,21,31,40,46,49,57,62,62,9308,3,13,15.914994284625827,3.4402000019326806,61.660500010475516,35.087344220025784
1779027424,20,,Aggregated,44.700000,0.000000,13,16,19,21,31,40,46,49,57,62,62,9351,3,13,15.902930328476254,3.4402000019326806,61.660500010475516,35.111431932413645
1779027425,20,,Aggregated,44.800000,0.000000,13,16,19,21,31,40,46,49,57,62,62,9393,3,13,15.911074310812726,3.4402000019326806,61.660500010475516,35.107101032683914
1779027426,20,,Aggregated,45.100000,0.000000,13,16,19,21,31,40,46,49,57,62,62,9442,4,13,15.91072469833011,3.4402000019326806,61.660500010475516,35.102838381698795
1779027427,20,,Aggregated,45.200000,0.000000,13,16,19,21,31,40,46,49,57,62,62,9488,4,13,15.903078056655207,3.4402000019326806,61.660500010475516,35.08695193929174
1779027428,20,,Aggregated,45.100000,0.100000,13,16,19,21,31,40,46,49,57,62,62,9542,4,13,15.91110577463221,3.4402000019326806,61.660500010475516,35.08509746384406
1779027429,20,,Aggregated,45.200000,0.100000,13,16,19,21,31,40,46,49,57,62,62,9591,4,13,15.917729246323528,3.4402000019326806,61.660500010475516,35.06798039829006
1779027430,20,,Aggregated,45.600000,0.100000,13,16,19,21,31,40,46,49,57,62,62,9630,4,13,15.918221775812762,3.4402000019326806,61.660500010475516,35.06458982346833
1779027431,20,,Aggregated,45.900000,0.100000,13,16,19,21,31,40,46,49,57,62,62,9687,4,13,15.905284598009265,3.4402000019326806,61.660500010475516,35.063693609992775
1779027432,20,,Aggregated,45.000000,0.100000,13,16,19,21,31,40,46,49,57,62,62,9736,4,13,15.911267769203995,3.4402000019326806,61.660500010475516,35.059059161873456
1779027433,20,,Aggregated,46.300000,0.100000,13,16,19,21,31,40,46,49,57,62,62,9781,4,13,15.924951937512384,3.4402000019326806,61.660500010475516,35.05643594724466
1779027434,20,,Aggregated,46.100000,0.100000,13,16,19,21,31,40,46,49,57,62,62,9825,4,13,15.926776305415713,3.4402000019326806,61.660500010475516,35.06534351145038
1779027435,20,,Aggregated,46.700000,0.100000,13,16,19,21,31,40,46,49,57,62,62,9871,4,13,15.9257438558154,3.4402000019326806,61.660500010475516,35.062506331678655
1779027436,20,,Aggregated,47.000000,0.100000,13,16,19,21,31,40,46,49,57,62,62,9923,4,13,15.92720985597093,3.4402000019326806,61.660500010475516,35.04776781215358
1779027437,20,,Aggregated,47.600000,0.100000,13,16,19,21,31,40,46,49,57,62,62,9963,4,13,15.935460443713017,3.4402000019326806,61.660500010475516,35.04265783398575
1779027438,20,,Aggregated,47.900000,0.000000,13,16,19,21,31,40,46,49,57,61,62,10007,4,13,15.92895604083818,3.4402000019326806,61.660500010475516,35.052463275707005
1779027439,20,,Aggregated,47.100000,0.000000,13,16,19,21,31,40,46,49,57,61,62,10050,4,13,15.919468487637229,3.4402000019326806,61.660500010475516,35.04328358208955
1779027440,20,,Aggregated,46.600000,0.000000,13,16,19,21,31,40,46,49,57,61,62,10089,4,13,15.910180900085285,3.4402000019326806,61.660500010475516,35.05015363266924
1779027441,20,,Aggregated,45.800000,0.000000,13,16,19,21,31,40,46,49,57,61,62,10143,4,13,15.917539455873323,3.4402000019326806,61.660500010475516,35.02937986788918
1779027442,20,,Aggregated,46.000000,0.000000,13,16,19,21,31,40,46,49,57,61,62,10190,4,13,15.916353366156068,3.4402000019326806,61.660500010475516,35.026202158979395
1779027443,20,,Aggregated,45.800000,0.000000,13,16,19,21,31,40,46,49,57,61,62,10233,4,13,15.913220375338206,3.4402000019326806,61.660500010475516,35.010554089709764
1779027444,20,,Aggregated,45.300000,0.000000,13,16,19,21,31,40,46,49,57,61,62,10274,4,13,15.92489810208508,3.4402000019326806,61.660500010475516,34.99892933618844
1779027445,20,,Aggregated,45.000000,0.000000,13,16,19,21,31,40,46,49,57,61,62,10322,4,13,15.920594090358003,3.4402000019326806,61.660500010475516,35.01046308854873
1779027446,20,,Aggregated,44.700000,0.000000,13,16,19,21,31,40,46,49,57,61,62,10362,4,13,15.931070884059864,3.4402000019326806,61.660500010475516,35.000868558193396
1779027447,20,,Aggregated,44.500000,0.000000,13,16,19,21,31,40,46,49,57,61,62,10407,4,13,15.919398789366685,3.4402000019326806,61.660500010475516,34.995099452291726
1779027448,20,,Aggregated,43.700000,0.000000,13,16,19,21,31,40,46,49,57,61,62,10449,4,13,15.91813821424203,3.4402000019326806,61.660500010475516,34.98966408268734
1779027449,20,,Aggregated,44.100000,0.000000,13,16,19,21,31,40,46,49,57,61,62,10491,4,13,15.916213716585409,3.4402000019326806,61.660500010475516,34.983414355161564
1779027450,20,,Aggregated,44.000000,0.000000,13,16,19,21,31,40,46,49,57,61,62,10539,4,13,15.918213151192205,3.4402000019326806,61.660500010475516,34.98424897997913
1779027451,20,,Aggregated,44.100000,0.000000,13,16,19,21,31,40,46,49,57,61,62,10585,4,13,15.909671610820446,3.4402000019326806,61.660500010475516,34.979215871516296
1779027452,20,,Aggregated,44.300000,0.000000,13,16,19,21,31,40,46,49,57,61,62,10630,4,13,15.904866293579103,3.4402000019326806,61.660500010475516,34.982220131702725
1779027453,20,,Aggregated,43.700000,0.000000,13,16,19,21,31,40,46,49,57,61,62,10670,4,13,15.899612389969915,3.4402000019326806,61.660500010475516,34.97769447047798
1779027454,20,,Aggregated,43.600000,0.000000,13,16,19,21,31,40,46,49,57,61,62,10720,4,13,15.8973590019361,3.4402000019326806,61.660500010475516,34.993190298507464
1779027455,20,,Aggregated,43.900000,0.000000,13,16,19,21,31,40,46,49,57,61,62,10762,4,13,15.90407082335666,3.4402000019326806,61.660500010475516,35.00018583906337
1779027456,20,,Aggregated,43.900000,0.000000,13,16,19,21,31,40,46,49,57,61,62,10809,4,13,15.901080016757382,3.4402000019326806,61.660500010475516,34.992598760292346
1779027457,20,,Aggregated,43.900000,0.000000,13,16,19,21,31,40,46,49,57,61,62,10854,4,13,15.902055804419708,3.4402000019326806,61.660500010475516,34.99613045881703
1779027458,20,,Aggregated,44.000000,0.000000,13,16,19,21,31,40,46,49,57,61,62,10897,4,13,15.908372671485857,3.4402000019326806,61.660500010475516,34.994493897402954
1779027459,20,,Aggregated,44.200000,0.000000,13,16,19,21,31,40,46,49,57,61,62,10940,4,13,15.895993912337566,3.4402000019326806,61.660500010475516,34.99095063985375
1779027460,20,,Aggregated,44.500000,0.000000,13,16,19,21,31,40,46,49,57,61,62,10986,4,13,15.894271536581156,3.4402000019326806,61.660500010475516,34.990078281449115
1779027461,20,,Aggregated,44.400000,0.000000,13,16,19,21,31,40,46,49,56,61,62,11033,4,13,15.892213350936395,3.4402000019326806,61.660500010475516,34.9818725641258
1779027462,20,,Aggregated,44.100000,0.000000,13,16,19,21,31,40,46,49,56,61,62,11077,4,13,15.884680355784019,3.4402000019326806,61.660500010475516,34.98781258463483
1779027463,20,,Aggregated,44.300000,0.000000,13,16,19,21,31,40,46,49,56,61,62,11126,5,13,15.88378208712725,3.4402000019326806,61.660500010475516,34.99110192342261
1779027464,20,,Aggregated,44.500000,0.000000,13,16,19,21,31,40,46,49,57,61,62,11169,5,13,15.897192595718902,3.4402000019326806,61.660500010475516,34.98773390634793
1779027465,20,,Aggregated,44.700000,0.100000,13,16,19,21,31,40,46,49,57,61,62,11213,5,13,15.899784696485835,3.4402000019326806,61.660500010475516,34.99366806385446
1779027466,20,,Aggregated,45.000000,0.100000,13,16,19,21,31,40,46,49,57,61,62,11253,5,13,15.903587745657397,3.4402000019326806,61.660500010475516,34.9941348973607
1779027467,20,,Aggregated,44.600000,0.100000,13,16,19,21,31,40,46,49,57,61,62,11295,5,13,15.901373908968395,3.4402000019326806,61.660500010475516,34.99557326250553
1779027468,20,,Aggregated,44.000000,0.100000,13,16,19,21,31,40,46,49,57,61,62,11343,5,13,15.912194446069254,3.4402000019326806,61.660500010475516,34.98589438420171
1779027469,20,,Aggregated,44.100000,0.100000,13,16,19,21,31,40,46,49,57,61,62,11387,5,13,15.911087529764284,3.4402000019326806,61.660500010475516,34.98120663914991
1779027470,20,,Aggregated,44.100000,0.100000,13,16,19,21,31,40,46,49,57,62,62,11432,5,13,15.926020775150443,3.4402000019326806,61.660500010475516,34.97804408677397
1779027471,20,,Aggregated,44.000000,0.100000,13,16,19,21,31,40,46,49,57,62,62,11479,5,13,15.920539925205558,3.4402000019326806,61.660500010475516,34.980660336266226
1779027472,20,,Aggregated,44.300000,0.100000,13,16,19,21,31,40,46,49,57,62,62,11524,5,13,15.909851536048313,3.4402000019326806,61.660500010475516,34.986810135369666
1779027473,20,,Aggregated,44.000000,0.100000,13,16,19,21,31,40,46,49,57,62,62,11573,5,13,15.918285630477069,3.4402000019326806,61.660500010475516,34.98418733258446
1779027474,20,,Aggregated,44.400000,0.100000,13,16,19,21,31,40,46,49,57,62,62,11618,5,13,15.914174806463945,3.4402000019326806,61.660500010475516,34.99905319332071
1779027475,20,,Aggregated,44.500000,0.000000,13,16,19,21,31,40,46,49,57,62,62,11665,5,13,15.919244440783022,3.4402000019326806,61.660500010475516,34.982597513930564
1779027476,20,,Aggregated,44.100000,0.000000,13,16,19,21,31,40,46,49,57,62,62,11708,5,13,15.918125162439601,3.4402000019326806,61.660500010475516,34.97599931670653
1779027477,20,,Aggregated,44.800000,0.000000,13,16,19,21,31,40,46,49,57,62,62,11756,5,13,15.918028717423676,3.4402000019326806,61.660500010475516,34.964358625382786
1779027478,20,,Aggregated,45.500000,0.000000,13,16,19,21,31,40,46,49,57,62,62,11813,5,13,15.919672742084002,3.4402000019326806,61.660500010475516,34.95877423177855
1779027479,20,,Aggregated,45.400000,0.000000,13,16,19,21,31,40,46,49,57,62,62,11862,5,13,15.908393576292163,3.4402000019326806,61.660500010475516,34.95523520485584
1779027480,20,,Aggregated,46.500000,0.000000,13,16,19,21,31,40,46,49,57,62,62,11908,5,13,15.901851931636017,3.4402000019326806,61.660500010475516,34.955492106147126
1779027481,20,,Aggregated,47.100000,0.000000,13,16,19,21,30,40,46,49,57,62,62,11948,5,13,15.900155264648987,3.4402000019326806,61.660500010475516,34.946434549715434
1779027482,20,,Aggregated,47.300000,0.000000,13,16,19,21,30,40,46,49,57,62,62,11997,5,13,15.89960417621708,3.4402000019326806,61.660500010475516,34.9409018921397
1779027483,20,,Aggregated,47.400000,0.000000,13,16,19,21,30,40,46,49,57,62,62,12047,5,13,15.895408491893624,3.4402000019326806,61.660500010475516,34.94969702000498
1779027484,20,,Aggregated,46.900000,0.000000,13,16,19,21,30,40,46,49,57,62,62,12094,5,13,15.906123052876673,3.4402000019326806,61.660500010475516,34.9461716553663
1779027485,20,,Aggregated,47.100000,0.000000,13,16,19,21,30,40,46,49,57,62,62,12141,5,13,15.896261996662206,3.4402000019326806,61.660500010475516,34.93839057738242
1779027486,20,,Aggregated,47.500000,0.000000,13,16,19,21,30,40,46,49,57,62,62,12189,5,13,15.89144069253269,3.4402000019326806,61.660500010475516,34.948970383132334
1779027487,20,,Aggregated,47.300000,0.000000,13,16,19,21,30,40,46,49,57,62,62,12233,5,13,15.88589368113087,3.4402000019326806,61.660500010475516,34.95291424834464
1779027488,20,,Aggregated,47.600000,0.000000,13,16,19,21,30,40,46,49,57,62,62,12280,5,13,15.883699796529045,3.4402000019326806,61.660500010475516,34.948859934853424
1779027489,20,,Aggregated,47.900000,0.000000,13,16,19,21,30,40,46,49,57,62,62,12322,5,13,15.880084410113279,3.4402000019326806,61.660500010475516,34.95682519071579
1779027490,20,,Aggregated,46.600000,0.000000,13,16,19,21,30,40,46,49,57,62,62,12366,5,13,15.88034209940067,3.4402000019326806,61.660500010475516,34.96482290150412
1779027491,20,,Aggregated,45.900000,0.000000,13,16,19,21,30,40,46,49,57,62,64,12413,5,13,15.880187464840299,3.4402000019326806,64.09910001093522,34.970675904293884
1779027492,20,,Aggregated,45.700000,0.000000,13,16,19,21,30,40,46,49,57,62,64,12455,5,13,15.8923502369475,3.4402000019326806,64.09910001093522,34.960497792051385
1779027493,20,,Aggregated,45.700000,0.000000,13,16,19,21,30,40,46,49,57,62,64,12500,5,13,15.883128688102587,3.4402000019326806,64.09910001093522,34.9692
1779027494,20,,Aggregated,45.600000,0.000000,13,16,19,21,30,40,46,49,57,62,64,12543,5,13,15.88728395928762,3.4402000019326806,64.09910001093522,34.95758590448856
1779027495,20,,Aggregated,44.100000,0.000000,13,16,19,21,30,40,46,49,57,62,64,12586,5,13,15.886464484441323,3.4402000019326806,64.09910001093522,34.963610360718256
1779027496,20,,Aggregated,44.500000,0.000000,13,16,19,21,30,40,46,49,57,62,64,12631,5,13,15.888630694400556,3.4402000019326806,64.09910001093522,34.975694719341305
1779027497,20,,Aggregated,44.500000,0.000000,13,16,19,21,30,40,46,49,57,62,64,12679,5,13,15.886331193404121,3.4402000019326806,64.09910001093522,34.9690038646581
1779027498,20,,Aggregated,43.900000,0.000000,13,16,19,21,30,40,46,49,57,62,64,12718,5,13,15.880101887174169,3.4402000019326806,64.09910001093522,34.97192954867118
1779027499,20,,Aggregated,43.900000,0.000000,13,16,19,21,30,40,46,49,57,62,64,12762,5,13,15.883641067315144,3.4402000019326806,64.09910001093522,34.967638301206705
1779027500,20,,Aggregated,43.700000,0.000000,13,16,19,21,30,40,46,49,57,62,64,12811,5,13,15.876998852629415,3.4402000019326806,64.09910001093522,34.977285145578016
1779027501,20,,Aggregated,43.500000,0.000000,13,16,19,21,30,40,46,49,57,62,64,12850,5,13,15.872072949489137,3.4402000019326806,64.09910001093522,34.98070038910506
1779027502,20,,Aggregated,43.600000,0.000000,13,16,19,21,30,40,46,49,57,62,64,12894,5,13,15.874691577555303,3.4402000019326806,64.09910001093522,34.98216224600589
1779027503,20,,Aggregated,43.500000,0.000000,13,16,19,21,30,40,46,49,57,62,64,12937,5,13,15.875665679901527,3.4402000019326806,64.09910001093522,34.98353559557857
1779027504,20,,Aggregated,43.800000,0.000000,13,16,19,21,30,40,46,49,57,62,64,12985,5,13,15.874187239211032,3.4402000019326806,64.09910001093522,34.98043896804005
1779027505,20,,Aggregated,44.100000,0.000000,13,16,19,21,30,40,46,49,57,62,64,13037,5,13,15.876705108608776,3.4402000019326806,64.09910001093522,34.97338344711206
1779027506,20,,Aggregated,43.500000,0.000000,13,16,19,21,30,40,46,49,57,62,64,13075,5,13,15.873158898722759,3.4402000019326806,64.09910001093522,34.97912045889101
1779027507,20,,Aggregated,43.600000,0.000000,13,16,19,21,30,40,46,49,57,62,64,13125,5,13,15.871186575297976,3.4402000019326806,64.09910001093522,34.98544761904762
1779027508,20,,Aggregated,44.400000,0.000000,13,16,19,21,30,40,46,49,57,62,64,13173,5,13,15.862369194634867,3.4402000019326806,64.09910001093522,34.988613072193125
1779027509,20,,Aggregated,44.300000,0.000000,13,16,19,21,30,40,46,49,57,62,64,13227,5,13,15.868833567759681,3.4402000019326806,64.09910001093522,34.988205942390564
1779027510,20,,Aggregated,44.400000,0.000000,13,16,19,21,30,40,46,49,57,62,64,13266,5,13,15.86050962614958,3.4402000019326806,64.09910001093522,34.998190863862504
1779027511,20,,Aggregated,45.100000,0.000000,13,16,19,21,30,40,46,49,57,62,64,13308,5,13,15.869510121759749,3.4402000019326806,64.09910001093522,35.00105199879771
1779027512,20,,Aggregated,45.900000,0.000000,13,16,19,21,30,40,46,49,57,62,64,13345,5,13,15.869978336483358,3.4402000019326806,64.09910001093522,34.99190708130386
1779027513,20,,Aggregated,45.400000,0.000000,13,16,19,21,30,40,46,49,57,62,64,13389,5,13,15.868318567495365,3.4402000019326806,64.09910001093522,34.9861826872806
1779027514,20,,Aggregated,45.000000,0.000000,13,16,19,21,30,40,46,49,57,62,64,13438,5,13,15.86042182618757,3.4402000019326806,64.09910001093522,34.996948950736716
1779027515,20,,Aggregated,45.400000,0.000000,13,16,19,21,30,40,46,49,57,62,64,13482,5,13,15.850828067074925,3.4402000019326806,64.09910001093522,35.00022251891411
1779027516,20,,Aggregated,45.000000,0.000000,13,16,19,21,30,40,46,49,57,62,64,13528,5,13,15.850045875238651,3.4402000019326806,64.09910001093522,35.00125665286812
1779027517,20,,Aggregated,45.000000,0.000000,13,16,19,21,30,40,46,49,57,62,64,13576,5,13,15.851174307640557,3.4402000019326806,64.09910001093522,35.00198880377136
1779027518,20,,Aggregated,44.300000,0.000000,13,16,19,21,30,40,46,49,57,62,64,13617,5,13,15.850836579295345,3.4402000019326806,64.09910001093522,35.00308437981934
1779027519,20,,Aggregated,44.800000,0.000000,13,16,19,21,30,40,46,49,57,62,64,13662,5,13,15.845089576962344,3.4402000019326806,64.09910001093522,35.012004098960624
1779027520,20,,Aggregated,44.500000,0.000000,13,16,19,21,30,40,46,49,57,62,64,13708,5,13,15.84485396850166,3.4402000019326806,64.09910001093522,35.00773271082579
1779027521,20,,Aggregated,44.100000,0.000000,13,16,19,21,30,40,46,49,57,62,64,13755,5,13,15.842885946933999,3.4402000019326806,64.09910001093522,35.01046892039258
1779027522,20,,Aggregated,43.300000,0.000000,13,16,19,21,30,40,46,49,57,62,64,13801,5,13,15.851690326808223,3.4402000019326806,64.09910001093522,35.010796319107314
1779027523,20,,Aggregated,44.100000,0.000000,13,16,19,21,30,40,46,49,57,62,64,13849,5,13,15.854372229058477,3.4402000019326806,64.09910001093522,35.02187883601704
1779027524,20,,Aggregated,44.900000,0.000000,13,16,19,21,30,40,46,49,57,62,64,13891,5,13,15.855231257662231,3.4402000019326806,64.09910001093522,35.02807573248866
1779027525,20,,Aggregated,44.800000,0.000000,13,16,19,21,30,40,46,49,57,62,64,13935,5,13,15.856782755678989,3.4402000019326806,64.09910001093522,35.03193397918909
1779027526,20,,Aggregated,45.800000,0.000000,13,16,19,21,30,40,46,49,57,62,64,13983,5,13,15.85351582636965,3.4402000019326806,64.09910001093522,35.03032253450618
1779027527,20,,Aggregated,45.300000,0.000000,13,16,19,21,30,40,46,49,57,62,64,14031,5,13,15.852557736451168,3.4402000019326806,64.09910001093522,35.03592046183451
1779027528,20,,Aggregated,45.400000,0.000000,13,16,19,21,30,40,46,49,57,62,64,14078,5,13,15.84511472509623,3.4402000019326806,64.09910001093522,35.03196476772269
1779027529,20,,Aggregated,45.300000,0.000000,13,16,19,21,30,40,46,49,57,62,64,14122,5,13,15.85317389179877,3.4402000019326806,64.09910001093522,35.0284662229146
1779027530,20,,Aggregated,45.500000,0.000000,13,16,19,21,30,40,46,49,57,62,64,14169,5,13,15.856885221260368,3.4402000019326806,64.09910001093522,35.03027736608088
1779027531,20,,Aggregated,46.500000,0.000000,13,16,19,21,30,40,46,49,57,62,64,14217,5,13,15.862287521988755,3.4402000019326806,64.09910001093522,35.02426672293733
1779027532,20,,Aggregated,45.700000,0.000000,13,16,19,21,30,40,46,49,57,62,64,14266,5,13,15.863904416087893,3.4402000019326806,64.09910001093522,35.02102902004766
1779027533,20,,Aggregated,45.800000,0.000000,13,16,19,21,30,40,46,49,57,62,64,14308,5,13,15.860542081368239,3.4402000019326806,64.09910001093522,35.02341347497903
1779027534,20,,Aggregated,46.000000,0.000000,13,16,19,21,30,40,46,49,57,62,64,14351,6,13,15.862143111987784,3.4402000019326806,64.09910001093522,35.01707198104662
1779027535,20,,Aggregated,45.900000,0.000000,13,16,19,21,30,40,46,49,57,62,64,14394,6,13,15.859254300406047,3.4402000019326806,64.09910001093522,35.023620953174934
1779027536,20,,Aggregated,45.300000,0.100000,13,16,19,21,30,40,46,49,57,62,64,14432,6,13,15.854794629987591,3.4402000019326806,64.09910001093522,35.025360310421284
1779027537,20,,Aggregated,45.700000,0.100000,13,16,19,21,30,40,46,49,57,62,64,14480,6,13,15.861242513797176,3.4402000019326806,64.09910001093522,35.02596685082873
1779027538,20,,Aggregated,45.500000,0.100000,13,16,19,21,30,40,46,49,57,62,64,14522,6,13,15.848664109602463,3.4402000019326806,64.09910001093522,35.03449938025065
1779027539,20,,Aggregated,44.300000,0.100000,13,16,19,21,30,40,46,49,57,62,64,14564,6,13,15.849933280651497,3.4402000019326806,64.09910001093522,35.034125240318595
1779027540,20,,Aggregated,44.400000,0.100000,13,16,19,21,30,40,46,49,57,62,64,14619,6,13,15.850027751507898,3.4402000019326806,64.09910001093522,35.03721184759559
1779027541,20,,Aggregated,43.500000,0.100000,13,16,19,21,30,40,46,49,57,62,64,14665,6,13,15.84948057274579,3.4402000019326806,64.09910001093522,35.03348107739516
1779027542,20,,Aggregated,44.700000,0.100000,13,16,19,21,30,40,46,49,57,62,64,14713,6,13,15.854825202141221,3.4402000019326806,64.09910001093522,35.02908992047849
1779027543,20,,Aggregated,44.400000,0.100000,13,16,19,21,30,40,46,49,57,62,64,14757,6,13,15.852058616177711,3.4402000019326806,64.09910001093522,35.04384359964762
1779027544,20,,Aggregated,44.400000,0.100000,13,16,19,21,30,40,46,49,57,62,64,14805,6,13,15.847208841523921,3.4402000019326806,64.09910001093522,35.040189125295505
1779027545,20,,Aggregated,44.900000,0.100000,13,16,19,21,30,40,46,49,57,62,64,14852,6,13,15.845771592951671,3.4402000019326806,64.09910001093522,35.041879881497444
1779027546,20,,Aggregated,44.800000,0.000000,13,16,19,21,30,40,46,49,57,62,64,14896,6,13,15.851903880134213,3.4402000019326806,64.09910001093522,35.05243018259936
1779027547,20,,Aggregated,45.100000,0.000000,13,16,19,21,30,40,46,49,57,62,64,14937,6,13,15.851266104198164,3.4402000019326806,64.09910001093522,35.05255406038696
1779027548,20,,Aggregated,45.300000,0.000000,13,16,19,21,30,39,46,49,57,62,64,14983,6,13,15.849105466110828,3.4402000019326806,64.09910001093522,35.05519588867383
1779027549,20,,Aggregated,46.100000,0.000000,13,16,19,21,30,39,46,49,57,62,64,15024,6,13,15.845836115458544,3.4402000019326806,64.09910001093522,35.0413338658147
1779027550,20,,Aggregated,45.600000,0.000000,13,16,19,21,30,39,46,49,57,62,64,15076,6,13,15.839296948717836,3.4402000019326806,64.09910001093522,35.04609976120987
1779027551,20,,Aggregated,45.900000,0.000000,13,16,19,21,30,39,46,49,57,62,64,15120,6,13,15.829005621629427,3.4402000019326806,64.09910001093522,35.05383597883598
1779027552,20,,Aggregated,45.100000,0.000000,13,16,19,21,30,39,46,49,57,62,64,15171,6,13,15.824063957505425,3.4402000019326806,64.09910001093522,35.06604706347637
1779027553,20,,Aggregated,45.900000,0.000000,13,16,19,21,30,39,46,49,57,62,64,15213,6,13,15.828891382320665,3.4402000019326806,64.09910001093522,35.071583514099785
1779027554,20,,Aggregated,45.400000,0.000000,13,16,19,21,30,39,46,49,57,62,64,15257,6,13,15.827335983438116,3.4402000019326806,64.09910001093522,35.07222914072229
1779027555,20,,Aggregated,45.200000,0.000000,13,16,19,21,30,39,46,49,57,62,64,15309,6,13,15.836039460409086,3.4402000019326806,64.09910001093522,35.06806453720034
1779027556,20,,Aggregated,45.400000,0.000000,13,16,19,21,30,40,46,49,57,62,64,15350,6,13,15.842262853364725,3.4402000019326806,64.09910001093522,35.06410423452769
1779027557,20,,Aggregated,44.900000,0.000000,13,16,19,21,30,39,46,49,57,62,64,15397,6,13,15.843612736206035,3.4402000019326806,64.09910001093522,35.051698382801845
1779027558,20,,Aggregated,45.400000,0.000000,13,16,19,21,30,40,46,49,57,62,64,15446,6,13,15.841798938207992,3.4402000019326806,64.09910001093522,35.062346238508354
1779027559,20,,Aggregated,45.300000,0.000000,13,16,19,21,30,40,46,49,57,62,64,15497,6,13,15.837499173992857,3.4402000019326806,64.09910001093522,35.06097954442795
1779027560,20,,Aggregated,45.700000,0.000000,13,16,19,21,30,40,46,49,57,62,64,15540,6,13,15.84127958811684,3.4402000019326806,64.09910001093522,35.0554054054054
1779027561,20,,Aggregated,46.100000,0.000000,13,16,19,21,30,40,46,49,57,62,64,15586,6,13,15.850801559051856,3.4402000019326806,64.09910001093522,35.052932118567945
1779027562,20,,Aggregated,47.000000,0.000000,13,16,19,21,30,40,46,49,57,62,64,15633,7,13,15.850739160709063,3.4402000019326806,64.09910001093522,35.055075801189794
1779027564,20,,Aggregated,46.000000,0.000000,13,16,19,21,30,40,46,49,57,62,64,15676,7,13,15.854675688937956,3.4402000019326806,64.09910001093522,35.05186272008165
1779027565,20,,Aggregated,46.200000,0.000000,13,16,19,21,30,40,46,49,57,62,64,15724,7,13,15.86664145888887,3.4402000019326806,64.09910001093522,35.041338081913
1779027566,20,,Aggregated,46.000000,0.100000,13,16,19,21,30,40,46,49,57,62,64,15769,7,13,15.86667214786431,3.4402000019326806,64.09910001093522,35.050732449743165
1779027567,20,,Aggregated,46.000000,0.100000,13,16,19,21,30,40,46,49,57,62,64,15808,7,13,15.862895179633034,3.4402000019326806,64.09910001093522,35.066169028340084
1779027568,20,,Aggregated,45.900000,0.100000,13,16,19,21,30,40,46,49,57,62,64,15850,7,13,15.868686801237597,3.4402000019326806,64.09910001093522,35.05968454258675
1779027569,20,,Aggregated,45.500000,0.100000,13,16,19,21,30,40,46,49,57,62,64,15897,7,13,15.862335082064426,3.4402000019326806,64.09910001093522,35.07284393281751
1779027570,20,,Aggregated,45.200000,0.100000,13,16,19,21,30,40,46,49,57,62,64,15947,7,13,15.869369128953277,3.4402000019326806,64.09910001093522,35.06521602809306
1779027571,20,,Aggregated,45.000000,0.100000,13,16,19,21,30,40,46,49,57,62,64,15993,7,13,15.862995823134968,3.4402000019326806,64.09910001093522,35.068529981867066
1779027572,20,,Aggregated,44.400000,0.100000,13,16,19,21,30,40,46,49,57,62,64,16040,7,13,15.863094332880088,3.4402000019326806,64.09910001093522,35.07076059850374
1779027573,20,,Aggregated,45.100000,0.100000,13,16,19,21,30,40,46,49,57,62,64,16083,7,13,15.867373008715992,3.4402000019326806,64.09910001093522,35.07492383261829
1779027574,20,,Aggregated,45.200000,0.100000,13,16,19,21,30,39,46,49,57,62,64,16135,7,13,15.869739522732075,3.4402000019326806,64.09910001093522,35.08069414316703
1779027575,20,,Aggregated,45.200000,0.100000,13,16,19,21,30,39,46,49,57,62,64,16173,7,13,15.865666134866743,3.4402000019326806,64.09910001093522,35.077907623817474
1779027576,20,,Aggregated,45.600000,0.000000,13,16,19,21,30,39,46,49,57,62,64,16225,7,13,15.869606144777219,3.4402000019326806,64.09910001093522,35.07895223420647
1779027577,20,,Aggregated,44.900000,0.000000,13,16,19,21,30,39,46,49,57,62,64,16265,7,13,15.866313310738859,3.4402000019326806,64.09910001093522,35.073409160774666
1779027578,20,,Aggregated,45.500000,0.000000,13,16,19,21,30,39,46,49,57,62,64,16309,7,13,15.860217088683036,3.4402000019326806,64.09910001093522,35.0797105892452
1779027579,20,,Aggregated,45.400000,0.000000,13,16,19,21,30,39,46,49,57,62,64,16355,7,13,15.848641222837125,3.4402000019326806,64.09910001093522,35.0837664322837
1779027580,20,,Aggregated,45.400000,0.000000,13,16,18,20,30,39,46,49,57,62,64,16406,7,13,15.835093429207118,3.4402000019326806,64.09910001093522,35.10288918688285
1779027581,20,,Aggregated,45.700000,0.000000,13,16,18,20,30,39,46,49,57,62,64,16446,7,13,15.831354767108246,3.4402000019326806,64.09910001093522,35.10415906603429
1779027582,20,,Aggregated,45.900000,0.000000,13,16,18,20,30,39,46,49,57,62,64,16493,7,13,15.832205317409072,3.4402000019326806,64.09910001093522,35.10258897714182
1779027583,20,,Aggregated,45.100000,0.000000,13,16,18,20,30,39,46,49,57,62,64,16544,7,13,15.82570924202809,3.4402000019326806,64.09910001093522,35.09919003868472
1779027584,20,,Aggregated,44.700000,0.000000,13,16,18,20,30,39,46,49,57,62,64,16589,7,13,15.82233727772795,3.4402000019326806,64.09910001093522,35.09801675809271
1779027585,20,,Aggregated,46.000000,0.000000,13,16,18,20,30,39,46,49,57,62,64,16633,7,13,15.82033749173515,3.4402000019326806,64.09910001093522,35.098238441652136
1779027586,20,,Aggregated,44.900000,0.000000,13,16,18,20,30,40,46,49,57,62,64,16679,7,13,15.822669614507586,3.4402000019326806,64.09910001093522,35.09125247316985
1779027587,20,,Aggregated,45.100000,0.000000,13,16,18,20,30,39,46,49,57,62,64,16731,7,13,15.813869685049841,3.4402000019326806,64.09910001093522,35.09049070587532
1779027588,20,,Aggregated,44.800000,0.000000,13,16,18,20,30,39,46,49,57,62,64,16778,7,13,15.812582596305813,3.4402000019326806,64.09910001093522,35.0932769102396
1779027589,20,,Aggregated,46.200000,0.000000,13,16,18,20,30,39,46,49,57,62,64,16826,7,13,15.80593340666834,3.4402000019326806,64.09910001093522,35.08766195174135
1779027590,20,,Aggregated,46.800000,0.000000,13,16,18,20,30,39,46,49,57,62,64,16870,8,13,15.796365986996213,3.4402000019326806,64.09910001093522,35.09845880260818
1779027591,20,,Aggregated,46.400000,0.000000,13,16,18,20,30,39,46,49,57,62,64,16911,8,13,15.79160149018776,3.4402000019326806,64.09910001093522,35.101413281296196
1779027592,20,,Aggregated,46.300000,0.100000,13,16,18,20,30,39,46,49,57,62,64,16953,8,13,15.791252250368519,3.4402000019326806,64.09910001093522,35.100336223677225
1779027593,20,,Aggregated,46.000000,0.100000,13,16,18,20,30,39,46,49,57,62,64,17000,8,13,15.786357123565669,3.4402000019326806,64.09910001093522,35.10958823529412
1779027594,20,,Aggregated,46.000000,0.100000,13,16,18,20,30,39,46,49,57,62,64,17054,8,13,15.786799976577186,3.4402000019326806,64.09910001093522,35.10173566318752
1779027595,20,,Aggregated,45.300000,0.100000,13,16,18,20,30,39,46,49,57,62,64,17097,8,13,15.774973650379472,3.4402000019326806,64.09910001093522,35.10241562847283
1779027596,20,,Aggregated,46.100000,0.100000,13,16,18,20,30,39,46,49,57,62,64,17136,8,13,15.778234564680428,3.4402000019326806,64.09910001093522,35.095238095238095
1779027597,20,,Aggregated,46.700000,0.100000,13,16,18,20,30,39,46,49,57,62,64,17182,8,13,15.779094308023074,3.4402000019326806,64.09910001093522,35.08479804446514
1779027598,20,,Aggregated,45.400000,0.100000,13,16,18,20,30,39,46,49,57,62,64,17222,8,13,15.768996086437202,3.4402000019326806,64.09910001093522,35.08971083497852
1779027599,20,,Aggregated,44.400000,0.100000,13,16,18,20,30,39,46,49,57,62,64,17264,8,13,15.764138171957825,3.4402000019326806,64.09910001093522,35.08456904541242
1779027600,20,,Aggregated,44.300000,0.100000,13,16,18,20,30,39,46,49,57,62,64,17306,8,13,15.758283699339415,3.4402000019326806,64.09910001093522,35.08944874609962
1779027601,20,,Aggregated,43.600000,0.100000,13,16,18,20,30,39,46,49,57,62,64,17354,8,13,15.74970334221303,3.4402000019326806,64.09910001093522,35.090353808920135
1779027602,20,,Aggregated,43.100000,0.000000,13,16,18,20,30,39,46,49,57,62,64,17400,8,13,15.744670247170678,3.4402000019326806,64.09910001093522,35.07936781609195
1779027603,20,,Aggregated,43.800000,0.000000,13,16,18,20,30,39,46,49,57,62,64,17445,8,13,15.731810404185428,3.4402000019326806,64.09910001093522,35.08340498710232
1779027604,20,,Aggregated,44.300000,0.000000,13,16,18,20,30,39,46,49,57,62,64,17492,8,13,15.722551903775773,3.4402000019326806,64.09910001093522,35.08529613537617
1779027605,20,,Aggregated,43.900000,0.000000,13,16,18,20,30,39,46,49,57,62,64,17536,8,13,15.709611080113389,3.4402000019326806,64.09910001093522,35.08724908759124
1779027606,20,,Aggregated,43.700000,0.000000,13,16,18,20,30,39,46,49,57,62,64,17580,8,13,15.700965438051222,3.4402000019326806,64.09910001093522,35.08902161547213
1779027607,20,,Aggregated,43.200000,0.000000,13,16,18,20,30,39,46,49,57,62,64,17625,8,13,15.694897225569168,3.4402000019326806,64.09910001093522,35.08856737588653
1779027608,20,,Aggregated,44.200000,0.000000,13,16,18,20,30,39,46,49,57,62,64,17669,8,13,15.687404657906248,3.4402000019326806,64.09910001093522,35.090610674061914
1779027609,20,,Aggregated,44.200000,0.000000,13,16,18,20,30,39,46,49,57,62,64,17709,8,13,15.678162200039708,3.4402000019326806,64.09910001093522,35.08944604438421
1779027610,20,,Aggregated,43.800000,0.000000,13,16,18,20,30,39,46,49,57,62,64,17753,8,13,15.67862045290375,3.4402000019326806,64.09910001093522,35.075818171576636
1779027611,20,,Aggregated,44.100000,0.000000,13,16,18,20,30,39,46,49,57,62,64,17799,8,13,15.667065762153083,3.4402000019326806,64.09910001093522,35.07764481150627
1779027612,20,,Aggregated,44.700000,0.000000,13,16,18,20,30,39,46,49,57,62,64,17852,8,13,15.651586186468789,3.4402000019326806,64.09910001093522,35.079766972888194
1779027613,20,,Aggregated,44.500000,0.000000,13,16,18,20,30,39,46,49,57,62,64,17893,8,13,15.640056737311133,3.4402000019326806,64.09910001093522,35.079192980495165
1779027614,20,,Aggregated,44.300000,0.000000,13,16,18,20,30,39,46,49,57,62,64,17947,8,13,15.633143500348432,3.4402000019326806,64.09910001093522,35.08357942831671
1779027615,20,,Aggregated,44.700000,0.000000,13,16,18,20,30,39,45,49,57,62,64,17988,8,13,15.624759261783481,3.4402000019326806,64.09910001093522,35.08311096286413
1779027616,20,,Aggregated,45.000000,0.000000,13,16,18,20,30,39,46,49,57,62,64,18038,8,13,15.614090608761908,3.4402000019326806,64.09910001093522,35.08931145359796
1779027617,20,,Aggregated,45.200000,0.000000,13,16,18,20,30,39,45,49,57,62,64,18081,8,13,15.60383845478278,3.4402000019326806,64.09910001093522,35.09330236159504
1779027618,20,,Aggregated,45.300000,0.000000,13,16,18,20,30,39,45,49,57,62,64,18120,8,13,15.601700954795193,3.4402000019326806,64.09910001093522,35.08769315673289
1779027619,20,,Aggregated,45.600000,0.000000,13,16,18,20,30,39,45,49,57,62,64,18171,8,13,15.600601210776995,3.4402000019326806,64.09910001093522,35.08150349457927
1779027620,20,,Aggregated,45.700000,0.000000,13,16,18,20,30,39,45,49,57,62,64,18219,8,13,15.588506531705978,3.4402000019326806,64.09910001093522,35.09413249903947
1779027621,20,,Aggregated,45.400000,0.000000,13,15,18,20,30,39,45,49,57,62,64,18259,8,13,15.577624064903052,3.4402000019326806,64.09910001093522,35.10920641875239
1779027622,20,,Aggregated,45.500000,0.000000,12,15,18,20,30,39,45,49,57,62,64,18311,8,12,15.565315968599304,3.4402000019326806,64.09910001093522,35.11637813336246
1779027623,20,,Aggregated,45.200000,0.000000,12,15,18,20,30,39,45,49,57,62,64,18352,9,12,15.555354539070922,3.4402000019326806,64.09910001093522,35.1181887532694
1779027624,20,,Aggregated,45.600000,0.000000,12,15,18,20,30,39,45,49,57,62,64,18395,9,12,15.548407991368528,3.4402000019326806,64.09910001093522,35.1178037510193
1779027625,20,,Aggregated,45.500000,0.100000,12,15,18,20,30,39,45,49,57,62,64,18437,9,12,15.54562281831468,3.4402000019326806,64.09910001093522,35.107013071540926
1779027626,20,,Aggregated,44.800000,0.100000,12,15,18,20,30,39,45,49,57,62,64,18482,9,12,15.549547792506798,3.4402000019326806,64.09910001093522,35.101774699707825
1779027627,20,,Aggregated,44.000000,0.100000,12,15,18,20,30,39,45,49,57,62,64,18525,9,12,15.541334440004754,3.4402000019326806,64.09910001093522,35.103373819163295
1779027628,20,,Aggregated,44.000000,0.100000,12,15,18,20,30,39,45,49,57,62,64,18571,9,12,15.532508303322315,3.4402000019326806,64.09910001093522,35.10279467987723
1779027629,20,,Aggregated,44.200000,0.100000,12,15,18,20,30,39,45,49,57,62,64,18616,9,12,15.526921787768929,3.4402000019326806,64.09910001093522,35.10109583154276
1779027630,20,,Aggregated,43.900000,0.100000,12,15,18,20,30,39,45,49,57,62,64,18657,9,12,15.516820013992682,3.4402000019326806,64.09910001093522,35.098247306640936
1779027631,20,,Aggregated,44.600000,0.100000,12,15,18,20,30,39,45,49,57,62,64,18707,9,12,15.507988213035897,3.4402000019326806,64.09910001093522,35.09809162345646
1779027632,20,,Aggregated,44.100000,0.100000,12,15,18,20,30,39,45,49,57,62,64,18755,9,12,15.500355233348062,3.4402000019326806,64.09910001093522,35.10258597707278
1779027633,20,,Aggregated,44.600000,0.100000,12,15,18,20,30,39,45,49,57,62,64,18796,9,12,15.497853490181488,3.4402000019326806,64.09910001093522,35.099329644605234
1779027634,20,,Aggregated,44.400000,0.100000,12,15,18,20,30,39,45,49,57,62,64,18845,9,12,15.493611037488641,3.4402000019326806,64.09910001093522,35.09641814804988
1779027635,20,,Aggregated,44.200000,0.000000,12,15,18,20,30,39,45,49,57,62,64,18885,9,12,15.486904993472804,3.4402000019326806,64.09910001093522,35.09319565792958
1779027636,20,,Aggregated,44.400000,0.000000,12,15,18,20,30,39,45,49,57,62,64,18931,9,12,15.47877357782351,3.4402000019326806,64.09910001093522,35.09936083672284
1779027637,20,,Aggregated,44.800000,0.000000,12,15,18,20,30,39,45,49,57,62,64,18974,9,12,15.47528763581487,3.4402000019326806,64.09910001093522,35.08532728997576
1779027638,20,,Aggregated,44.900000,0.000000,12,15,18,20,30,39,45,49,57,62,64,19014,9,12,15.464346302829519,3.4402000019326806,64.09910001093522,35.08777742715893
1779027639,20,,Aggregated,44.300000,0.000000,12,15,18,20,30,39,45,49,57,62,64,19070,9,12,15.45389935511431,3.4402000019326806,64.09910001093522,35.08085998951233
1779027640,20,,Aggregated,44.300000,0.000000,12,15,18,20,30,39,45,49,57,62,64,19117,9,12,15.450219689393668,3.4402000019326806,64.09910001093522,35.076476434587015
1779027641,20,,Aggregated,44.300000,0.000000,12,15,18,20,30,39,45,49,57,62,64,19167,9,12,15.44285403047175,3.4402000019326806,64.09910001093522,35.06688579329055
1779027642,20,,Aggregated,45.000000,0.000000,12,15,18,20,30,39,45,48,57,62,64,19206,9,12,15.439521441313287,3.4402000019326806,64.09910001093522,35.06581276684369
1779027643,20,,Aggregated,45.900000,0.000000,12,15,18,20,30,39,45,48,57,62,64,19252,9,12,15.43273992322717,3.4402000019326806,64.09910001093522,35.06664242676086
1779027644,20,,Aggregated,44.900000,0.000000,12,15,18,20,30,39,45,48,57,62,64,19303,9,12,15.429401440278118,3.4402000019326806,64.09910001093522,35.06247733512925
1779027645,20,,Aggregated,45.400000,0.000000,12,15,18,20,30,39,45,49,57,62,64,19345,9,12,15.418520842689798,3.4402000019326806,64.09910001093522,35.064616179891445
1779027646,20,,Aggregated,45.200000,0.000000,12,15,18,20,30,39,45,49,57,62,64,19392,9,12,15.409676206788447,3.4402000019326806,64.09910001093522,35.06801773927393
1779027647,20,,Aggregated,45.500000,0.000000,12,15,18,20,30,39,45,48,57,62,64,19429,9,12,15.405316830618855,3.4402000019326806,64.09910001093522,35.07056461989809
1779027648,20,,Aggregated,45.200000,0.000000,12,15,18,20,30,39,45,48,57,62,64,19473,9,12,15.397884044683238,3.4402000019326806,64.09910001093522,35.07025111693113
1779027649,20,,Aggregated,45.300000,0.000000,12,15,18,20,30,39,45,48,57,62,64,19516,9,12,15.39314746373085,3.4402000019326806,64.09910001093522,35.06763681082189
1779027650,20,,Aggregated,45.500000,0.000000,12,15,18,20,30,39,45,48,57,62,64,19562,9,12,15.389456620091082,3.4402000019326806,64.09910001093522,35.07264083427052
1779027651,20,,Aggregated,45.200000,0.000000,12,15,18,20,30,39,45,48,57,62,64,19604,9,12,15.386271475318027,3.4402000019326806,64.09910001093522,35.069526627218934
1779027652,20,,Aggregated,44.500000,0.000000,12,15,18,20,30,39,45,48,57,62,64,19643,9,12,15.381417339638993,3.4402000019326806,64.09910001093522,35.06887949905819
1779027653,20,,Aggregated,43.200000,0.000000,12,15,18,20,30,39,45,48,57,62,64,19686,9,12,15.377671340169911,3.4402000019326806,64.09910001093522,35.06944021131769
1779027654,20,,Aggregated,43.700000,0.000000,12,15,18,20,30,39,45,48,57,62,64,19735,9,12,15.37697581974976,3.4402000019326806,64.09910001093522,35.06891309855587
1779027655,20,,Aggregated,42.800000,0.000000,12,15,18,20,30,39,45,48,57,62,64,19781,9,12,15.376987462858217,3.4402000019326806,64.09910001093522,35.071887164450736
1779027656,20,,Aggregated,42.600000,0.000000,12,15,18,20,30,39,45,48,57,62,64,19824,9,12,15.376054751960408,3.4402000019326806,64.09910001093522,35.06981436642454
1779027657,20,,Aggregated,43.000000,0.000000,12,15,18,20,30,39,45,48,57,62,64,19868,9,12,15.377428714651403,3.4402000019326806,64.09910001093522,35.068351117374675
1779027658,20,,Aggregated,43.500000,0.000000,12,15,18,20,30,39,45,48,57,62,64,19913,9,12,15.376274679993921,3.4402000019326806,64.09910001093522,35.073620248079145
1779027659,20,,Aggregated,43.300000,0.000000,12,15,18,20,30,39,45,48,57,62,64,19958,9,12,15.373064149840978,3.4402000019326806,64.09910001093522,35.078364565587734
1779027660,20,,Aggregated,43.400000,0.000000,12,15,18,20,30,39,45,48,57,62,64,20001,9,12,15.378321489050137,3.4402000019326806,64.09910001093522,35.084245787710614
1779027661,20,,Aggregated,43.800000,0.000000,12,15,18,20,30,39,45,48,57,62,64,20043,9,12,15.382878491341694,3.4402000019326806,64.09910001093522,35.08332086015068
1779027662,20,,Aggregated,44.100000,0.000000,12,15,18,20,30,39,45,48,57,62,64,20089,9,12,15.380933610542662,3.4402000019326806,64.09910001093522,35.08248295086864
1779027663,20,,Aggregated,44.000000,0.000000,12,15,18,20,30,39,45,48,57,62,64,20132,9,12,15.372412606913537,3.4402000019326806,64.09910001093522,35.08598251539837
1779027664,20,,Aggregated,43.900000,0.000000,12,15,18,20,30,39,45,48,57,62,64,20179,9,12,15.369769493163735,3.4402000019326806,64.09910001093522,35.08781406412607
1779027665,20,,Aggregated,44.400000,0.000000,12,15,18,20,30,39,45,48,57,62,64,20230,9,12,15.362401132118412,3.4402000019326806,64.09910001093522,35.08690064260998
1779027666,20,,Aggregated,44.600000,0.000000,12,15,18,20,30,39,45,49,57,62,64,20276,9,12,15.362560549558651,3.4402000019326806,64.09910001093522,35.086950088774906
1779027667,20,,Aggregated,44.300000,0.000000,12,15,18,20,30,39,45,48,57,62,64,20318,9,12,15.362350374197069,3.4402000019326806,64.09910001093522,35.08499852347672
1779027668,20,,Aggregated,44.400000,0.000000,12,15,18,20,30,39,45,48,57,62,64,20366,9,12,15.3534821173955,3.4402000019326806,64.09910001093522,35.09289993125798
1779027669,20,,Aggregated,44.900000,0.000000,12,15,18,20,30,39,45,48,57,62,64,20415,9,12,15.347231717019184,3.4402000019326806,64.09910001093522,35.09512613274553
1779027670,20,,Aggregated,45.300000,0.000000,12,15,18,20,30,39,45,48,57,62,64,20463,9,12,15.348711103098942,3.4402000019326806,64.09910001093522,35.09324146019645
1779027671,20,,Aggregated,45.200000,0.000000,12,15,18,20,30,39,45,48,57,62,64,20504,9,12,15.344752599632043,3.4402000019326806,64.09910001093522,35.09666406554818
1779027672,20,,Aggregated,45.400000,0.000000,12,15,18,20,30,39,45,48,57,62,64,20553,9,12,15.343158507420297,3.4402000019326806,64.09910001093522,35.09949885661461
1779027673,20,,Aggregated,46.000000,0.000000,12,15,18,20,30,39,45,48,57,62,64,20595,9,12,15.34800117034542,3.4402000019326806,64.09910001093522,35.098130614226754
1779027674,20,,Aggregated,45.900000,0.000000,12,15,18,20,30,39,45,49,57,62,64,20642,9,12,15.349810735561254,3.4402000019326806,64.09910001093522,35.103333010367216
1779027675,20,,Aggregated,46.000000,0.000000,12,15,18,20,30,39,45,49,57,62,64,20692,9,12,15.352274139928607,3.4402000019326806,64.09910001093522,35.10351826792964
1779027676,20,,Aggregated,46.300000,0.000000,12,15,18,20,30,39,45,49,57,62,64,20728,9,12,15.35426149669188,3.4402000019326806,64.09910001093522,35.101698186028564
1779027677,20,,Aggregated,46.000000,0.000000,12,15,18,20,30,39,45,49,57,62,64,20773,9,12,15.360865782682415,3.4402000019326806,64.09910001093522,35.09608626582583
1779027678,20,,Aggregated,45.500000,0.000000,12,15,18,20,30,39,45,49,57,62,64,20820,9,12,15.362894760025284,3.4402000019326806,64.09910001093522,35.090441882804996
1779027679,20,,Aggregated,45.200000,0.000000,12,15,18,20,30,39,45,49,57,62,64,20864,9,12,15.361787409109878,3.4402000019326806,64.09910001093522,35.082582438650306
1779027680,20,,Aggregated,45.000000,0.000000,12,15,18,20,30,39,45,48,57,62,64,20911,9,12,15.360121759048024,3.4402000019326806,64.09910001093522,35.08062742097461
1779027681,20,,Aggregated,44.800000,0.000000,12,15,18,20,30,39,45,48,57,62,64,20957,9,12,15.361371804332716,3.4402000019326806,64.09910001093522,35.08340888485947
1779027682,20,,Aggregated,44.700000,0.000000,12,15,18,20,30,39,45,48,57,62,64,21003,9,12,15.360660010625343,3.4402000019326806,64.09910001093522,35.08260724658382
1779027683,20,,Aggregated,44.500000,0.000000,12,15,18,20,30,39,45,48,57,62,64,21046,9,12,15.359257825875494,3.4402000019326806,64.09910001093522,35.07507364819918
1779027684,20,,Aggregated,44.900000,0.000000,12,15,18,20,30,39,45,48,57,62,64,21095,9,12,15.355402915539301,3.4402000019326806,64.09910001093522,35.08447499407443
1779027685,20,,Aggregated,45.000000,0.000000,12,15,18,20,30,39,45,48,57,62,64,21137,9,12,15.353957018656692,3.4402000019326806,64.09910001093522,35.08241472299759
1779027686,20,,Aggregated,44.700000,0.000000,12,15,18,20,30,39,45,48,57,62,64,21189,9,12,15.350881603813697,3.4402000019326806,64.09910001093522,35.0911321912313
1779027687,20,,Aggregated,44.500000,0.000000,12,15,18,20,30,39,45,48,57,62,64,21231,9,12,15.34785841943397,3.4402000019326806,64.09910001093522,35.08572370590175
1779027688,20,,Aggregated,45.100000,0.000000,12,15,18,20,30,39,45,48,57,62,64,21285,9,12,15.343670383056253,3.4402000019326806,64.09910001093522,35.09269438571764
1779027689,20,,Aggregated,45.800000,0.000000,12,15,18,20,30,39,45,48,57,62,64,21331,9,12,15.347770531312523,3.4402000019326806,64.09910001093522,35.09286953260513
1779027690,20,,Aggregated,45.500000,0.000000,12,15,18,20,30,39,45,48,57,62,64,21377,9,12,15.351243032395184,3.4402000019326806,64.09910001093522,35.097300837348556
1779027691,20,,Aggregated,46.100000,0.000000,12,15,18,20,30,39,45,48,57,62,64,21423,9,12,15.351843131384614,3.4402000019326806,64.09910001093522,35.09681183774448
1779027692,20,,Aggregated,46.300000,0.000000,12,15,18,20,30,39,45,48,57,62,64,21469,9,12,15.353335046061881,3.4402000019326806,64.09910001093522,35.08938469421026
1779027693,20,,Aggregated,46.300000,0.000000,12,15,18,20,30,39,45,48,57,62,64,21513,9,12,15.358231134844475,3.4402000019326806,64.09910001093522,35.08706363594106
1779027694,20,,Aggregated,46.400000,0.000000,12,15,18,20,30,39,45,48,57,62,64,21557,9,12,15.357727926154395,3.4402000019326806,64.09910001093522,35.085865380154935
1779027695,20,,Aggregated,46.600000,0.000000,12,15,18,20,30,39,45,48,57,62,64,21602,9,12,15.363749028062372,3.4402000019326806,64.09910001093522,35.088880659198225
1779027696,20,,Aggregated,45.900000,0.000000,12,15,18,20,30,39,45,48,57,62,64,21649,9,12,15.364838653243261,3.4402000019326806,64.09910001093522,35.08808720957088
1779027697,20,,Aggregated,46.700000,0.000000,12,15,18,20,30,39,45,48,57,62,64,21695,9,12,15.367830652405734,3.4402000019326806,64.09910001093522,35.08384420373358
1779027698,20,,Aggregated,46.200000,0.000000,12,15,18,20,30,39,45,48,57,62,64,21738,9,12,15.362202590124074,3.4402000019326806,64.09910001093522,35.085656454135616
1779027699,20,,Aggregated,45.600000,0.000000,12,15,18,20,30,39,45,48,57,62,64,21782,9,12,15.369506937111062,3.4402000019326806,64.09910001093522,35.081397484161236
1779027700,20,,Aggregated,46.000000,0.000000,12,15,18,20,30,39,45,48,57,62,64,21825,9,12,15.370527367885806,3.4402000019326806,64.09910001093522,35.08426116838488
1779027701,20,,Aggregated,45.200000,0.000000,12,15,18,20,30,39,45,48,57,62,64,21874,9,12,15.376010057794103,3.4402000019326806,64.09910001093522,35.0867696808997
1779027702,20,,Aggregated,45.000000,0.000000,12,15,18,20,30,39,45,48,57,62,64,21922,9,12,15.376210523877678,3.4402000019326806,64.09910001093522,35.0932852841894
1779027703,20,,Aggregated,44.500000,0.000000,12,15,18,20,30,39,45,48,57,62,64,21970,9,12,15.377742312446916,3.4402000019326806,64.09910001093522,35.1
1779027704,20,,Aggregated,44.800000,0.000000,12,15,18,20,30,39,45,48,56,62,64,22019,9,12,15.377264739757418,3.4402000019326806,64.09910001093522,35.10159407784187
1779027705,20,,Aggregated,44.700000,0.000000,12,15,18,20,30,39,45,48,56,62,64,22059,9,12,15.380522213371343,3.4402000019326806,64.09910001093522,35.10431116551067
1779027706,20,,Aggregated,45.800000,0.000000,12,15,18,20,30,39,45,48,56,62,64,22101,9,12,15.384111511009364,3.4402000019326806,64.09910001093522,35.09881905796118
1779027707,20,,Aggregated,45.700000,0.000000,12,15,18,20,30,39,45,48,56,62,64,22140,9,12,15.384940609974553,3.4402000019326806,64.09910001093522,35.10329719963866
1779027708,20,,Aggregated,45.300000,0.000000,12,15,18,20,30,39,45,48,56,62,64,22182,9,12,15.384538612607905,3.4402000019326806,64.09910001093522,35.103236858714276
1779027709,20,,Aggregated,45.000000,0.000000,12,15,18,20,30,39,45,48,56,62,64,22227,9,12,15.383114055198162,3.4402000019326806,64.09910001093522,35.1033877716291
1779027710,20,,Aggregated,44.300000,0.000000,12,15,18,20,30,39,45,48,56,62,64,22275,9,12,15.382980655666595,3.4402000019326806,64.09910001093522,35.11182940516274
1779027711,20,,Aggregated,44.200000,0.000000,12,15,18,20,30,39,45,48,56,62,64,22326,9,12,15.383015417219793,3.4402000019326806,64.09910001093522,35.10472095314879
1779027713,20,,Aggregated,44.200000,0.000000,12,15,18,20,30,39,45,48,56,62,64,22375,9,12,15.390658516413403,3.4402000019326806,64.09910001093522,35.10002234636872
1779027714,20,,Aggregated,44.900000,0.000000,12,15,18,20,30,39,45,48,56,62,64,22421,9,12,15.395671183483048,3.4402000019326806,64.09910001093522,35.106150483921326
1779027715,20,,Aggregated,45.100000,0.000000,12,15,18,20,30,39,45,48,56,62,64,22462,9,12,15.393614313281926,3.4402000019326806,64.09910001093522,35.11049772949871
1779027716,20,,Aggregated,45.100000,0.000000,12,15,18,20,30,39,45,48,56,62,64,22506,9,12,15.398897569758617,3.4402000019326806,64.09910001093522,35.10472762818804
1779027717,20,,Aggregated,44.100000,0.000000,12,15,18,20,30,39,45,48,56,62,64,22547,9,12,15.399350862864459,3.4402000019326806,64.09910001093522,35.10923847962035
1779027718,20,,Aggregated,44.500000,0.000000,12,15,18,20,30,39,45,48,56,62,64,22594,9,12,15.402442940819423,3.4402000019326806,64.09910001093522,35.11392405063291
1779027719,20,,Aggregated,44.300000,0.000000,12,15,18,20,30,39,45,48,56,62,64,22643,9,12,15.403253341198173,3.4402000019326806,64.09910001093522,35.11469328269222
1779027720,20,,Aggregated,45.000000,0.000000,12,15,18,20,30,39,45,48,56,62,64,22685,9,12,15.406262839085949,3.4402000019326806,64.09910001093522,35.11553890235839
1779027721,20,,Aggregated,45.800000,0.000000,12,15,18,20,30,39,45,48,56,62,64,22728,9,12,15.403188776156277,3.4402000019326806,64.09910001093522,35.12143611404435
1779027722,20,,Aggregated,45.500000,0.000000,12,15,18,20,30,39,45,48,56,62,64,22774,9,12,15.408505739196196,3.4402000019326806,64.09910001093522,35.12369368578203
1779027723,20,,Aggregated,45.100000,0.000000,12,15,18,20,30,39,45,48,56,62,64,22815,9,12,15.407802384585422,3.4402000019326806,64.09910001093522,35.12671488056103
1779027724,20,,Aggregated,44.500000,0.000000,12,15,18,20,30,39,45,48,56,62,64,22857,9,12,15.417150291137002,3.4402000019326806,64.09910001093522,35.126875792973706
1779027725,20,,Aggregated,43.700000,0.000000,12,15,18,20,30,39,45,48,57,62,64,22904,9,12,15.429344603756883,3.4402000019326806,64.09910001093522,35.1263098148795
1779027726,20,,Aggregated,43.300000,0.000000,12,15,18,20,30,39,45,49,57,62,64,22947,9,12,15.432933795455044,3.4402000019326806,64.09910001093522,35.12184599294025
1779027727,20,,Aggregated,43.800000,0.000000,12,15,18,20,30,39,45,49,57,62,64,22992,9,12,15.432332807252559,3.4402000019326806,64.09910001093522,35.12339074460682
1779027728,20,,Aggregated,43.800000,0.000000,12,15,18,20,30,39,45,49,57,62,64,23043,9,12,15.428231693106268,3.4402000019326806,64.09910001093522,35.121945927179624
1779027729,20,,Aggregated,44.300000,0.000000,12,15,18,20,30,39,45,49,57,62,64,23084,9,12,15.424909071397463,3.4402000019326806,64.09910001093522,35.11575116964131
1779027730,20,,Aggregated,44.600000,0.000000,12,15,18,20,30,39,45,48,57,62,64,23128,9,12,15.426606273960173,3.4402000019326806,64.09910001093522,35.11319612590799
1779027731,20,,Aggregated,44.200000,0.000000,12,15,18,20,30,39,45,49,57,62,64,23172,9,12,15.430557876049834,3.4402000019326806,64.09910001093522,35.11078025202831
1779027732,20,,Aggregated,43.900000,0.000000,12,15,18,20,30,39,45,49,57,62,64,23222,9,12,15.429604091122494,3.4402000019326806,64.09910001093522,35.118034622340886
1779027733,20,,Aggregated,43.300000,0.000000,12,15,18,20,30,39,45,49,57,62,64,23273,9,12,15.433436467332125,3.4402000019326806,64.09910001093522,35.11451037683152
1779027734,20,,Aggregated,44.400000,0.000000,12,15,18,20,30,39,45,49,57,62,64,23309,9,12,15.440234042822933,3.4402000019326806,64.09910001093522,35.11171650435454
1779027735,20,,Aggregated,44.900000,0.000000,12,15,18,20,30,39,45,49,57,62,64,23356,9,12,15.44322547114871,3.4402000019326806,64.09910001093522,35.10922246960096
1779027736,20,,Aggregated,45.200000,0.000000,12,15,18,20,30,39,45,49,57,62,64,23399,9,12,15.441707530414012,3.4402000019326806,64.09910001093522,35.11761186375486
1779027737,20,,Aggregated,44.700000,0.000000,12,15,18,20,30,39,45,49,57,62,64,23444,9,12,15.436296007703652,3.4402000019326806,64.09910001093522,35.120158675993856
1779027738,20,,Aggregated,44.700000,0.000000,12,15,18,20,30,39,45,49,57,62,64,23495,9,12,15.442468180648378,3.4402000019326806,64.09910001093522,35.11070440519259
1779027739,20,,Aggregated,45.000000,0.000000,12,15,18,20,30,39,45,49,57,62,64,23545,9,12,15.439596245682191,3.4402000019326806,64.09910001093522,35.10486302824379
1779027740,20,,Aggregated,44.600000,0.000000,12,15,18,20,30,39,45,49,57,62,64,23586,9,12,15.44015880202194,3.4402000019326806,64.09910001093522,35.10557110150089
1779027741,20,,Aggregated,45.000000,0.000000,12,15,18,20,30,39,45,49,57,62,64,23629,9,12,15.443336176074771,3.4402000019326806,64.09910001093522,35.10614075923653
1779027742,20,,Aggregated,45.500000,0.000000,12,15,18,20,30,39,45,49,57,62,64,23683,9,12,15.451541755870025,3.4402000019326806,64.09910001093522,35.101000717814465
1779027743,20,,Aggregated,46.300000,0.000000,12,15,18,20,30,39,45,49,57,62,64,23732,9,12,15.458046827254481,3.4402000019326806,64.09910001093522,35.09729479184224
1779027744,20,,Aggregated,45.500000,0.000000,12,15,18,20,30,39,45,49,57,62,64,23776,9,12,15.459997421974471,3.4402000019326806,64.09910001093522,35.090090847913864
1779027745,20,,Aggregated,46.100000,0.000000,12,15,18,20,30,39,45,49,57,62,64,23825,9,12,15.46420732445151,3.4402000019326806,64.09910001093522,35.08486883525708
1779027746,20,,Aggregated,46.500000,0.000000,12,15,18,20,30,39,45,49,57,62,64,23866,9,12,15.469475542820582,3.4402000019326806,64.09910001093522,35.078898851923235
1779027747,20,,Aggregated,46.500000,0.000000,12,15,18,20,30,39,45,49,57,62,64,23916,9,12,15.473203148724409,3.4402000019326806,64.09910001093522,35.07292189329319
1779027748,20,,Aggregated,46.600000,0.000000,12,15,18,20,30,39,45,49,57,62,64,23961,9,12,15.473607833771675,3.4402000019326806,64.09910001093522,35.071365969700764
1779027749,20,,Aggregated,46.000000,0.000000,12,15,18,20,30,39,45,49,57,62,64,24001,9,12,15.470600029376746,3.4402000019326806,64.09910001093522,35.072163659847504
1779027750,20,,Aggregated,46.400000,0.000000,12,15,18,20,30,39,45,49,57,62,64,24043,9,12,15.469989244492837,3.4402000019326806,64.09910001093522,35.06970843904671
1779027751,20,,Aggregated,45.700000,0.000000,12,15,18,20,30,39,45,49,57,62,64,24091,9,12,15.464308509632968,3.4402000019326806,64.09910001093522,35.07409406002242
1779027752,20,,Aggregated,45.300000,0.000000,12,15,18,20,30,39,45,49,57,62,64,24135,9,12,15.457208170936106,3.4402000019326806,64.09910001093522,35.0816656308266
1779027753,20,,Aggregated,45.600000,0.000000,12,15,18,20,30,39,45,49,57,62,64,24175,9,12,15.460181783069977,3.4402000019326806,64.09910001093522,35.079296794208894
1779027754,20,,Aggregated,45.000000,0.000000,12,15,18,20,30,39,45,49,57,62,64,24227,9,12,15.455130420835447,3.4402000019326806,64.09910001093522,35.081190407396704
1779027755,20,,Aggregated,44.000000,0.000000,12,15,18,20,30,39,45,49,57,62,64,24279,9,12,15.453217764557047,3.4402000019326806,64.09910001093522,35.0831582849376
1779027756,20,,Aggregated,44.100000,0.000000,12,15,18,20,30,39,45,49,57,62,64,24325,9,12,15.45962288204479,3.4402000019326806,64.09910001093522,35.07930113052415
1779027757,20,,Aggregated,45.400000,0.000000,12,15,18,20,30,39,45,49,57,62,64,24377,9,12,15.459930910520464,3.4402000019326806,64.09910001093522,35.079624235960125
1779027758,20,,Aggregated,45.100000,0.000000,12,15,18,20,30,39,45,49,57,62,64,24417,9,12,15.463038285041238,3.4402000019326806,64.09910001093522,35.07859278371626
1779027759,20,,Aggregated,46.200000,0.000000,12,15,18,20,30,39,45,49,57,62,64,24463,9,12,15.46145270841622,3.4402000019326806,64.09910001093522,35.07689163226097
1779027760,20,,Aggregated,45.600000,0.000000,12,15,18,20,30,39,45,49,57,62,64,24498,9,12,15.46542653301594,3.4402000019326806,64.09910001093522,35.071516042125886
1779027761,20,,Aggregated,46.100000,0.000000,12,15,18,20,30,39,45,49,57,62,64,24547,10,12,15.467622402158652,3.4402000019326806,64.09910001093522,35.06587363017884
1779027762,20,,Aggregated,45.700000,0.000000,12,15,18,20,30,39,45,49,57,62,64,24592,10,12,15.471001232353677,3.4402000019326806,64.09910001093522,35.063923227065715
1779027763,20,,Aggregated,45.300000,0.100000,12,15,18,20,30,39,45,48,57,62,64,24639,10,12,15.470917192504425,3.4402000019326806,64.09910001093522,35.068955720605544
1779027764,20,,Aggregated,45.600000,0.100000,12,15,18,20,30,39,45,48,57,62,64,24688,10,12,15.469867000406584,3.4402000019326806,64.09910001093522,35.06476830848995
1779027765,20,,Aggregated,46.100000,0.100000,12,15,18,20,30,39,45,48,57,62,64,24730,10,12,15.474888350412282,3.4402000019326806,64.09910001093522,35.06393044884755
1779027766,20,,Aggregated,46.100000,0.100000,12,15,18,20,30,39,45,49,57,62,64,24771,10,12,15.477101122498848,3.4402000019326806,64.09910001093522,35.06346130555892
1779027767,20,,Aggregated,44.500000,0.100000,12,15,18,20,30,39,45,48,57,62,64,24817,10,12,15.482939428833127,3.4402000019326806,64.09910001093522,35.063021316033364
1779027768,20,,Aggregated,44.500000,0.100000,12,15,18,20,30,39,45,49,57,62,64,24863,10,12,15.486713952678711,3.4402000019326806,64.09910001093522,35.05996862808189
1779027769,20,,Aggregated,44.200000,0.100000,12,15,18,20,30,39,45,49,57,62,64,24908,10,12,15.484462935831939,3.4402000019326806,64.09910001093522,35.06343343504095
1779027770,20,,Aggregated,43.800000,0.100000,12,15,18,20,30,39,45,49,57,62,64,24951,10,12,15.485000713626244,3.4402000019326806,64.09910001093522,35.06588914271973
1779027771,20,,Aggregated,43.800000,0.100000,12,15,18,20,30,39,45,49,57,62,64,24995,10,12,15.487389254083238,3.4402000019326806,64.09910001093522,35.05817163432687
1779027772,20,,Aggregated,44.600000,0.100000,12,15,18,20,30,39,45,49,57,62,64,25047,10,12,15.491905054734529,3.4402000019326806,64.09910001093522,35.05657364155388
1779027773,20,,Aggregated,44.800000,0.000000,12,15,18,20,30,39,45,49,57,62,64,25091,10,12,15.493314308159263,3.4402000019326806,64.09910001093522,35.05149256705592
1779027774,20,,Aggregated,44.700000,0.000000,12,15,18,20,30,39,45,49,57,62,64,25132,10,12,15.494082775188373,3.4402000019326806,64.09910001093522,35.05327868852459
1779027775,20,,Aggregated,44.300000,0.000000,12,15,18,20,30,39,45,49,57,62,64,25173,10,12,15.494857514245282,3.4402000019326806,64.09910001093522,35.052794660946255
1779027776,20,,Aggregated,43.700000,0.000000,12,15,18,20,30,39,45,49,57,62,64,25222,10,12,15.498774827772621,3.4402000019326806,64.09910001093522,35.05344540480533
1779027777,20,,Aggregated,44.400000,0.000000,12,15,18,20,30,39,45,49,57,62,64,25266,10,12,15.50103910416639,3.4402000019326806,64.09910001093522,35.048840338795216
1779027778,20,,Aggregated,44.200000,0.000000,12,15,18,20,30,39,45,49,57,62,64,25307,10,12,15.503443114780014,3.4402000019326806,64.09910001093522,35.046350812028294
1779027779,20,,Aggregated,44.300000,0.000000,12,15,18,20,30,39,45,49,57,62,64,25351,10,12,15.500351335481705,3.4402000019326806,64.09910001093522,35.048992150211035
1779027780,20,,Aggregated,44.500000,0.000000,12,15,18,20,30,39,45,49,57,62,64,25402,10,12,15.49907694299228,3.4402000019326806,64.09910001093522,35.045508227698605
1779027781,20,,Aggregated,44.300000,0.000000,12,15,18,20,30,39,45,49,57,62,64,25448,10,12,15.499713781266664,3.4402000019326806,64.09910001093522,35.047823011631564
1779027782,20,,Aggregated,44.700000,0.000000,12,15,18,20,30,39,45,48,57,62,64,25501,10,12,15.498427897169385,3.4402000019326806,64.09910001093522,35.05133132034038
1779027783,20,,Aggregated,44.600000,0.000000,12,15,18,20,30,39,45,49,57,62,64,25550,10,12,15.49898888085606,3.4402000019326806,64.09910001093522,35.055303326810176
1779027784,20,,Aggregated,45.000000,0.000000,12,15,18,20,30,39,45,49,57,62,64,25600,10,12,15.49979346116288,3.4402000019326806,64.09910001093522,35.0535546875
1779027785,20,,Aggregated,46.000000,0.000000,12,15,18,20,30,39,45,49,57,62,64,25646,10,12,15.504823091546413,3.4402000019326806,64.09910001093522,35.05224986352648
1779027786,20,,Aggregated,46.300000,0.000000,12,15,18,20,30,39,45,49,57,62,64,25688,10,12,15.504048941372979,3.4402000019326806,64.09910001093522,35.05780909374027
1779027787,20,,Aggregated,46.800000,0.000000,12,15,18,20,30,39,45,48,57,62,64,25733,10,12,15.507729833518335,3.4402000019326806,64.09910001093522,35.058057746862005
1779027788,20,,Aggregated,46.900000,0.000000,12,15,18,20,30,39,45,48,57,62,64,25779,10,12,15.50938991451393,3.4402000019326806,64.09910001093522,35.05834206136778
1779027789,20,,Aggregated,46.500000,0.000000,12,15,18,20,30,39,45,48,57,62,64,25820,10,12,15.501398203184733,3.4402000019326806,64.09910001093522,35.059450038729665
1779027790,20,,Aggregated,46.800000,0.000000,12,15,18,20,30,39,45,48,57,62,64,25873,10,12,15.505667182247068,3.4402000019326806,64.09910001093522,35.061338074440535
1779027791,20,,Aggregated,46.500000,0.000000,12,15,18,20,30,39,45,48,57,62,64,25923,10,12,15.509167588858483,3.4402000019326806,64.09910001093522,35.061181190448636
1779027792,20,,Aggregated,46.300000,0.000000,12,15,18,20,30,39,45,48,57,62,64,25966,10,12,15.508825506665,3.4402000019326806,64.09910001093522,35.06423784949549
1779027793,20,,Aggregated,46.600000,0.000000,12,15,18,20,30,39,45,48,57,62,64,26009,10,12,15.508953489418802,3.4402000019326806,64.09910001093522,35.072167326694604
1779027794,20,,Aggregated,46.900000,0.000000,12,15,18,20,30,39,45,49,57,62,64,26053,10,12,15.513333554927433,3.4402000019326806,64.09910001093522,35.06955053160864
1779027795,20,,Aggregated,45.800000,0.000000,12,15,18,20,30,39,45,49,57,62,64,26097,10,12,15.515642932395059,3.4402000019326806,64.09910001093522,35.07242211748477
1779027796,20,,Aggregated,45.000000,0.000000,12,15,18,20,30,39,45,48,57,62,64,26133,10,12,15.514824520967064,3.4402000019326806,64.09910001093522,35.07729690429725
1779027797,20,,Aggregated,44.500000,0.000000,13,15,18,20,30,39,45,49,57,62,64,26173,10,13,15.525305456238057,3.4402000019326806,64.09910001093522,35.073892943109314
1779027798,20,,Aggregated,44.600000,0.000000,13,15,18,20,30,39,45,49,57,62,64,26217,10,13,15.52867510416852,3.4402000019326806,64.09910001093522,35.07312049433574
1779027799,20,,Aggregated,43.800000,0.000000,12,15,18,20,30,39,45,49,57,62,64,26266,10,12,15.523673760989631,3.4402000019326806,64.09910001093522,35.07207035711566
1779027800,20,,Aggregated,44.200000,0.000000,13,15,18,20,30,39,45,49,57,62,64,26313,10,13,15.526517045036307,3.4402000019326806,64.09910001093522,35.06768517462851
1779027801,20,,Aggregated,44.200000,0.000000,12,15,18,20,30,39,45,49,57,62,64,26360,10,12,15.52477618383508,3.4402000019326806,64.09910001093522,35.064453717754176
1779027802,20,,Aggregated,43.300000,0.000000,13,15,18,20,30,39,45,49,57,62,64,26403,10,13,15.532499784345337,3.4402000019326806,64.09910001093522,35.05919781842972
1779027803,20,,Aggregated,43.400000,0.000000,13,15,18,20,30,39,45,49,57,62,64,26454,10,13,15.535037412344577,3.4402000019326806,64.09910001093522,35.04986013457322
1779027804,20,,Aggregated,43.200000,0.000000,13,15,18,20,30,39,45,49,57,62,64,26499,10,13,15.533232571281676,3.4402000019326806,64.09910001093522,35.057813502396314
1779027805,20,,Aggregated,43.300000,0.000000,13,15,18,20,30,39,45,49,57,62,64,26540,10,13,15.539253462939758,3.4402000019326806,64.09910001093522,35.0587415222306
1779027806,20,,Aggregated,44.600000,0.000000,13,15,18,20,30,39,45,49,57,62,64,26580,10,13,15.543779070974216,3.4402000019326806,64.09910001093522,35.055605718585404
1779027807,20,,Aggregated,44.300000,0.000000,13,15,18,20,30,39,45,49,57,62,64,26621,10,13,15.54776934775666,3.4402000019326806,64.09910001093522,35.05187633822922
1779027808,20,,Aggregated,43.800000,0.000000,13,15,18,20,30,39,45,49,57,62,64,26670,10,13,15.553193457311936,3.4402000019326806,64.09910001093522,35.04611923509561
1779027809,20,,Aggregated,44.300000,0.000000,13,15,18,20,30,39,45,49,57,62,64,26710,10,13,15.551542021960573,3.4402000019326806,64.09910001093522,35.04380381879446
1779027810,20,,Aggregated,44.700000,0.000000,13,15,18,20,30,39,45,49,57,62,64,26756,10,13,15.550887752518658,3.4402000019326806,64.09910001093522,35.04884885633129
1779027811,20,,Aggregated,44.700000,0.000000,13,15,18,20,30,39,45,49,57,62,64,26799,10,13,15.55340386978787,3.4402000019326806,64.09910001093522,35.04365834546065
1779027812,20,,Aggregated,44.700000,0.000000,13,15,18,20,30,39,45,49,57,62,64,26839,10,13,15.555203178456772,3.4402000019326806,64.09910001093522,35.04255002049257
1779027813,20,,Aggregated,44.600000,0.000000,13,15,18,20,30,39,45,49,57,62,64,26880,10,13,15.55867549502528,3.4402000019326806,64.09910001093522,35.03909970238095
1779027814,20,,Aggregated,43.900000,0.000000,13,15,18,20,30,39,45,49,57,62,64,26921,10,13,15.558178626578924,3.4402000019326806,64.09910001093522,35.03722001411538
1779027815,20,,Aggregated,43.700000,0.000000,13,15,18,20,30,39,45,49,57,62,64,26968,10,13,15.557550259790743,3.4402000019326806,64.09910001093522,35.035894393355086
1779027816,20,,Aggregated,42.300000,0.000000,13,15,18,20,30,39,45,49,56,62,64,27010,10,13,15.554075135359962,3.4402000019326806,64.09910001093522,35.034061458718995
1779027817,20,,Aggregated,42.500000,0.000000,13,15,18,20,30,39,45,49,56,62,64,27054,10,13,15.554259961791178,3.4402000019326806,64.09910001093522,35.03145560730391
1779027818,20,,Aggregated,42.700000,0.000000,13,15,18,20,30,39,45,49,56,62,64,27100,10,13,15.548129834183595,3.4402000019326806,64.09910001093522,35.035424354243546
1779027819,20,,Aggregated,42.900000,0.000000,13,15,18,20,30,39,45,49,56,62,64,27143,10,13,15.543445886840038,3.4402000019326806,64.09910001093522,35.0306156283388
1779027820,20,,Aggregated,42.900000,0.000000,13,15,18,20,30,39,45,49,56,62,64,27194,10,13,15.538066507548741,3.4402000019326806,64.09910001093522,35.03276458042215
1779027821,20,,Aggregated,42.300000,0.000000,13,15,18,20,30,39,45,49,56,62,64,27241,10,13,15.539781238072806,3.4402000019326806,64.09910001093522,35.02481553540619
1779027822,20,,Aggregated,43.100000,0.000000,13,15,18,20,30,39,45,49,56,62,64,27283,10,13,15.542870362720759,3.4402000019326806,64.09910001093522,35.02862588425027
1779027823,20,,Aggregated,43.400000,0.000000,13,15,18,20,30,39,45,49,57,63,64,27329,10,13,15.547540579823705,3.4402000019326806,64.09910001093522,35.02817519850708
1779027824,20,,Aggregated,43.400000,0.000000,13,15,18,20,30,39,45,49,57,63,64,27380,10,13,15.546746245658344,3.4402000019326806,64.09910001093522,35.0281592403214
1779027825,20,,Aggregated,43.800000,0.000000,13,15,18,20,30,39,45,49,57,63,64,27422,10,13,15.55114990904516,3.4402000019326806,64.09910001093522,35.02873605134563
1779027826,20,,Aggregated,45.100000,0.000000,13,15,18,20,30,39,45,49,57,63,64,27468,10,13,15.554563488636353,3.4402000019326806,64.09910001093522,35.031855249745156
1779027827,20,,Aggregated,45.100000,0.000000,13,15,18,20,30,39,45,49,57,63,64,27512,10,13,15.556640727894692,3.4402000019326806,64.09910001093522,35.02686100610643
1779027828,20,,Aggregated,45.700000,0.000000,13,15,18,20,30,39,45,49,57,63,64,27564,10,13,15.55755248533232,3.4402000019326806,64.09910001093522,35.03000290233638
1779027829,20,,Aggregated,45.600000,0.000000,13,15,18,20,30,39,45,49,57,63,64,27610,10,13,15.557889724948469,3.4402000019326806,64.09910001093522,35.02365085114089
1779027830,20,,Aggregated,44.800000,0.000000,13,15,18,20,30,39,45,49,57,63,64,27652,10,13,15.554808871178121,3.4402000019326806,64.09910001093522,35.027195139592074
1779027831,20,,Aggregated,46.300000,0.000000,13,15,18,20,30,39,45,49,57,63,64,27699,10,13,15.5569307486104,3.4402000019326806,64.09910001093522,35.02404418932091
1779027832,20,,Aggregated,46.200000,0.000000,13,15,18,20,30,39,45,49,57,63,64,27742,10,13,15.560404073464731,3.4402000019326806,64.09910001093522,35.02234878523538
1779027833,20,,Aggregated,45.300000,0.000000,13,15,18,20,30,39,45,49,57,63,64,27788,10,13,15.560289977909468,3.4402000019326806,64.09910001093522,35.02324744494026
1779027834,20,,Aggregated,45.600000,0.000000,13,15,18,20,30,39,45,49,57,63,64,27831,10,13,15.565011131691957,3.4402000019326806,64.09910001093522,35.018971650317994
1779027835,20,,Aggregated,45.900000,0.000000,13,15,18,20,30,39,45,49,57,63,64,27878,11,13,15.56916768799918,3.4402000019326806,64.09910001093522,35.016141760528015
1779027836,20,,Aggregated,45.100000,0.000000,13,15,18,20,30,39,45,49,57,63,64,27919,11,13,15.57023713622204,3.4402000019326806,64.09910001093522,35.01762240767936
1779027837,20,,Aggregated,45.100000,0.000000,13,15,18,20,30,39,45,49,57,63,64,27963,11,13,15.56852072403086,3.4402000019326806,64.09910001093522,35.02245824839967
1779027838,20,,Aggregated,45.100000,0.100000,13,15,18,20,30,39,45,49,56,63,64,28005,11,13,15.568323146085522,3.4402000019326806,64.09910001093522,35.02221031958579
1779027839,20,,Aggregated,44.500000,0.100000,13,15,18,20,30,39,45,49,56,63,64,28044,11,13,15.565414698547324,3.4402000019326806,64.09910001093522,35.027242904007984
1779027840,20,,Aggregated,44.800000,0.100000,13,15,18,20,30,39,45,49,56,63,64,28082,11,13,15.563622010763089,3.4402000019326806,64.09910001093522,35.027882629442345
1779027841,20,,Aggregated,43.800000,0.100000,13,15,18,20,30,39,45,49,56,63,64,28130,11,13,15.564643437840068,3.4402000019326806,64.09910001093522,35.02961251333096
1779027842,20,,Aggregated,42.900000,0.100000,13,15,18,20,30,39,45,49,56,63,64,28175,11,13,15.569148067667578,3.4402000019326806,64.09910001093522,35.027364685004436
1779027843,20,,Aggregated,42.800000,0.100000,13,15,18,20,30,39,45,49,56,63,64,28219,11,13,15.570797370803497,3.4402000019326806,64.09910001093522,35.02721570573018
1779027844,20,,Aggregated,43.100000,0.100000,13,15,18,20,30,39,45,49,56,63,64,28264,11,13,15.569563052176411,3.4402000019326806,64.09910001093522,35.03173648457402
1779027845,20,,Aggregated,42.500000,0.100000,13,15,18,20,30,39,45,49,56,63,64,28305,11,13,15.570878007655594,3.4402000019326806,64.09910001093522,35.028616852146264
1779027846,20,,Aggregated,42.700000,0.100000,13,15,18,20,30,39,45,49,56,63,64,28349,11,13,15.570805178554123,3.4402000019326806,64.09910001093522,35.029242654061875
1779027848,20,,Aggregated,42.700000,0.100000,13,15,18,20,30,39,45,49,56,63,64,28397,11,13,15.5718830125298,3.4402000019326806,64.09910001093522,35.028207204986444
1779027849,20,,Aggregated,42.800000,0.000000,13,15,18,20,30,39,45,49,56,63,64,28455,11,13,15.57202469185633,3.4402000019326806,64.09910001093522,35.02744684589703
1779027850,20,,Aggregated,42.900000,0.000000,13,15,18,20,30,39,45,49,56,63,64,28502,11,13,15.565522503921068,3.4402000019326806,64.09910001093522,35.02894533716932
1779027851,20,,Aggregated,44.500000,0.000000,13,15,18,20,30,39,45,49,56,63,64,28550,11,13,15.560221292709299,3.4402000019326806,64.09910001093522,35.039264448336255
1779027852,20,,Aggregated,45.300000,0.000000,13,15,18,20,30,39,45,49,56,63,64,28595,11,13,15.55824285737625,3.4402000019326806,64.09910001093522,35.03937751355132
1779027853,20,,Aggregated,46.200000,0.000000,13,15,18,20,30,39,45,49,56,63,64,28639,11,13,15.557071811402672,3.4402000019326806,64.09910001093522,35.04378644505744
1779027854,20,,Aggregated,45.400000,0.000000,13,15,18,20,30,39,45,49,57,63,64,28691,11,13,15.55806137488883,3.4402000019326806,64.09910001093522,35.04917918511031
1779027855,20,,Aggregated,46.200000,0.000000,13,15,18,20,30,39,45,49,57,63,64,28738,11,13,15.55738436937602,3.4402000019326806,64.09910001093522,35.05577980374417
1779027856,20,,Aggregated,46.200000,0.000000,13,15,18,20,30,39,45,49,57,63,64,28772,11,13,15.56193140926173,3.4402000019326806,64.09910001093522,35.05428889197831
1779027857,20,,Aggregated,46.700000,0.000000,13,15,18,20,30,39,45,49,57,63,64,28824,11,13,15.564843342603755,3.4402000019326806,64.09910001093522,35.0485012489592
1779027858,20,,Aggregated,46.700000,0.000000,13,15,18,20,30,39,45,49,57,63,64,28869,11,13,15.559111763731904,3.4402000019326806,64.09910001093522,35.05005369081021
1779027859,20,,Aggregated,46.900000,0.000000,13,15,18,20,30,39,45,49,57,63,64,28912,11,13,15.554568549641978,3.4402000019326806,64.09910001093522,35.055755395683455
1779027860,20,,Aggregated,46.700000,0.000000,13,15,18,20,30,39,45,49,57,63,64,28957,12,13,15.554465929050663,3.4402000019326806,64.09910001093522,35.062506475118276
1779027861,20,,Aggregated,45.200000,0.000000,13,15,18,20,30,39,45,49,57,63,64,28999,12,13,15.551564485245061,3.4402000019326806,64.09910001093522,35.06848512017656
1779027862,20,,Aggregated,45.100000,0.100000,13,15,18,20,30,39,45,49,57,63,64,29043,12,13,15.552321802415,3.4402000019326806,64.09910001093522,35.07251317012705
1779027863,20,,Aggregated,44.600000,0.100000,13,15,18,20,30,39,45,49,57,63,64,29089,12,13,15.55381469310151,3.4402000019326806,64.09910001093522,35.069854584207086
1779027864,20,,Aggregated,45.200000,0.100000,13,15,18,20,30,39,45,49,57,63,64,29131,12,13,15.551588383770625,3.4402000019326806,64.09910001093522,35.07339260581511
1779027865,20,,Aggregated,44.200000,0.100000,13,15,18,20,30,39,45,49,57,63,64,29176,12,13,15.554279329162398,3.4402000019326806,64.09910001093522,35.07245681381958
1779027866,20,,Aggregated,44.200000,0.100000,13,15,18,20,30,39,45,49,57,63,64,29216,12,13,15.552804733969447,3.4402000019326806,64.09910001093522,35.07451396495071
1779027867,20,,Aggregated,43.900000,0.100000,13,15,18,20,30,39,45,49,57,63,64,29264,12,13,15.553763351129197,3.4402000019326806,64.09910001093522,35.07640787315473
1779027868,20,,Aggregated,43.600000,0.100000,13,15,18,20,30,39,45,49,57,63,64,29306,12,13,15.552570586473994,3.4402000019326806,64.09910001093522,35.081655633658634
1779027869,20,,Aggregated,43.900000,0.100000,13,15,18,20,30,39,45,49,57,63,64,29355,12,13,15.549610727546355,3.4402000019326806,64.09910001093522,35.08128087208312
1779027870,20,,Aggregated,43.400000,0.100000,13,15,18,20,30,39,45,49,57,63,64,29395,12,13,15.550738452362008,3.4402000019326806,64.09910001093522,35.07841469637693
1779027871,20,,Aggregated,43.900000,0.100000,13,15,18,20,30,39,45,49,57,63,64,29444,12,13,15.549594087324811,3.4402000019326806,64.09910001093522,35.080729520445594
1779027872,20,,Aggregated,43.600000,0.000000,13,15,18,20,30,39,45,49,57,63,64,29484,12,13,15.554184859834587,3.4402000019326806,64.09910001093522,35.07692307692308
1779027873,20,,Aggregated,43.900000,0.000000,13,15,18,20,30,39,45,48,57,63,64,29531,12,13,15.552851007660855,3.4402000019326806,64.09910001093522,35.07351596627273
1779027874,20,,Aggregated,43.300000,0.000000,13,15,18,20,30,39,45,49,57,63,64,29575,12,13,15.556034640988079,3.4402000019326806,64.09910001093522,35.06742180896027
1779027875,20,,Aggregated,44.300000,0.000000,13,15,18,20,30,39,45,49,57,63,64,29621,13,13,15.553492633842417,3.4402000019326806,64.09910001093522,35.06795854292563
1779027876,20,,Aggregated,43.800000,0.000000,13,15,18,20,30,39,45,49,57,63,64,29665,13,13,15.556886155644428,3.4402000019326806,64.09910001093522,35.067015000842744
1779027877,20,,Aggregated,44.200000,0.000000,13,15,18,20,30,39,45,48,57,63,64,29707,13,13,15.55829037961551,3.4402000019326806,64.09910001093522,35.06776180698152
1779027878,20,,Aggregated,44.600000,0.100000,13,15,18,20,30,39,45,48,57,63,64,29761,13,13,15.560222217234331,3.4402000019326806,64.09910001093522,35.06740364907093
1779027879,20,,Aggregated,44.300000,0.100000,13,15,18,20,30,39,45,48,57,63,64,29800,13,13,15.556985966682719,3.4402000019326806,64.09910001093522,35.0656711409396
1779027880,20,,Aggregated,44.600000,0.100000,13,15,18,20,30,39,45,48,57,63,64,29850,13,13,15.55704740057637,3.4402000019326806,64.09910001093522,35.06251256281407
1779027881,20,,Aggregated,44.700000,0.100000,13,15,18,20,30,39,45,48,57,63,64,29888,13,13,15.552178409636689,3.4402000019326806,64.09910001093522,35.065845824411134
1779027882,20,,Aggregated,44.900000,0.100000,13,15,18,20,30,39,45,48,57,63,64,29934,13,13,15.553162063446242,3.4402000019326806,64.09910001093522,35.06227032805506
1779027883,20,,Aggregated,44.800000,0.100000,13,15,18,20,30,39,45,48,57,63,64,29977,13,13,15.55188087223768,3.4402000019326806,64.09910001093522,35.05961236948327
1779027884,20,,Aggregated,44.800000,0.100000,13,15,18,20,30,39,45,48,56,62,64,30022,13,13,15.556004846683127,3.4402000019326806,64.09910001093522,35.06205449337153
1779027885,20,,Aggregated,44.300000,0.100000,13,15,18,20,30,39,45,48,56,62,64,30075,13,13,15.554921779120054,3.4402000019326806,64.09910001093522,35.064738154613465
1779027886,20,,Aggregated,44.800000,0.100000,13,15,18,20,30,39,45,48,56,62,64,30114,13,13,15.555966470985725,3.4402000019326806,64.09910001093522,35.062363020522014
1779027887,20,,Aggregated,45.200000,0.100000,13,15,18,20,30,39,45,48,56,62,64,30164,13,13,15.560133381097602,3.4402000019326806,64.09910001093522,35.06159660522477
1779027888,20,,Aggregated,44.800000,0.000000,13,15,18,20,30,39,45,48,56,62,64,30216,13,13,15.562297405604717,3.4402000019326806,64.09910001093522,35.063377018797986
1779027889,20,,Aggregated,44.600000,0.000000,13,15,18,20,30,39,45,48,56,62,64,30257,13,13,15.554341372502428,3.4402000019326806,64.09910001093522,35.06765376607066
1779027890,20,,Aggregated,45.200000,0.000000,13,15,18,20,30,39,45,48,56,62,64,30304,13,13,15.554524600964468,3.4402000019326806,64.09910001093522,35.06500791974657
1779027891,20,,Aggregated,45.500000,0.000000,13,15,18,20,30,39,45,48,56,62,64,30348,13,13,15.553910435867008,3.4402000019326806,64.09910001093522,35.065407934625014
1779027892,20,,Aggregated,45.400000,0.000000,13,15,18,20,30,39,45,49,56,62,64,30393,13,13,15.555204353242484,3.4402000019326806,64.09910001093522,35.06817359260356
1779027893,20,,Aggregated,45.300000,0.000000,13,15,18,20,30,39,45,49,57,62,64,30449,13,13,15.554070498480517,3.4402000019326806,64.09910001093522,35.06965746001511
1779027894,20,,Aggregated,45.900000,0.000000,13,15,18,20,30,39,45,49,57,62,64,30488,13,13,15.554199324598057,3.4402000019326806,64.09910001093522,35.0699619522435
1779027895,20,,Aggregated,46.900000,0.000000,13,15,18,20,30,39,45,49,57,62,64,30535,13,13,15.557454717816764,3.4402000019326806,64.09910001093522,35.069494023252005
1779027896,20,,Aggregated,46.100000,0.000000,13,15,18,20,30,39,45,49,57,62,64,30579,13,13,15.559685732326516,3.4402000019326806,64.09910001093522,35.06465221230256
1779027897,20,,Aggregated,45.400000,0.000000,13,15,18,20,30,39,45,49,57,62,64,30628,13,13,15.560696052919914,3.4402000019326806,64.09910001093522,35.06285098602586
1779027898,20,,Aggregated,46.000000,0.000000,13,15,18,20,30,39,45,49,57,63,64,30671,13,13,15.567327567053585,3.4402000019326806,64.20130003243685,35.058263506243684
1779027899,20,,Aggregated,45.900000,0.000000,13,15,18,20,30,39,45,49,57,63,64,30719,13,13,15.568767242070814,3.4402000019326806,64.20130003243685,35.055535661968165
1779027900,20,,Aggregated,46.100000,0.000000,13,15,18,20,30,39,45,49,57,63,64,30764,13,13,15.568540778487264,3.4402000019326806,64.20130003243685,35.05503185541542
1779027901,20,,Aggregated,45.200000,0.000000,13,15,18,20,30,39,45,49,57,63,64,30813,13,13,15.566116843849503,3.4402000019326806,64.20130003243685,35.050887612371405
1779027902,20,,Aggregated,45.200000,0.000000,13,15,18,20,30,39,45,49,57,63,64,30857,13,13,15.564469896932712,3.4402000019326806,64.20130003243685,35.05139838610364
1779027903,20,,Aggregated,45.300000,0.000000,13,15,18,20,30,39,45,49,57,63,64,30911,13,13,15.56421839505928,3.4402000019326806,64.20130003243685,35.048073501342564
1779027904,20,,Aggregated,46.300000,0.000000,13,15,18,20,30,39,45,49,57,63,64,30956,13,13,15.566307688636686,3.4402000019326806,64.20130003243685,35.046259206615844
1779027905,20,,Aggregated,45.300000,0.000000,13,15,18,20,30,39,45,49,57,63,64,31000,13,13,15.56749628417592,3.4402000019326806,64.20130003243685,35.04806451612903
1779027906,20,,Aggregated,46.200000,0.000000,13,15,18,20,30,39,45,49,57,63,64,31047,13,13,15.566532518750213,3.4402000019326806,64.20130003243685,35.050278609849585
1779027907,20,,Aggregated,46.200000,0.000000,13,15,18,20,30,39,45,49,57,63,64,31093,13,13,15.569600402327225,3.4402000019326806,64.20130003243685,35.04856398546296
1779027908,20,,Aggregated,46.200000,0.000000,13,15,18,20,30,39,45,49,57,63,64,31132,13,13,15.5707207024857,3.4402000019326806,64.20130003243685,35.048920724656305
1779027909,20,,Aggregated,46.900000,0.000000,13,15,18,20,30,39,45,49,57,63,64,31175,13,13,15.567109440565378,3.4402000019326806,64.20130003243685,35.048372093023254
1779027910,20,,Aggregated,45.900000,0.000000,13,15,18,20,30,39,45,49,57,63,64,31224,13,13,15.570294962517771,3.4402000019326806,64.20130003243685,35.04656674353062
1779027911,20,,Aggregated,45.700000,0.000000,13,15,18,20,30,39,45,49,57,63,64,31276,13,13,15.57238731327087,3.4402000019326806,64.20130003243685,35.04140555058191
1779027912,20,,Aggregated,46.100000,0.000000,13,15,18,20,30,39,45,49,57,63,64,31323,13,13,15.566610583596109,3.4402000019326806,64.20130003243685,35.04131149634454
1779027913,20,,Aggregated,46.400000,0.000000,13,15,18,20,30,39,45,49,57,63,64,31368,13,13,15.562496652957869,3.4402000019326806,64.20130003243685,35.0424636572303
1779027914,20,,Aggregated,45.100000,0.000000,13,15,18,20,30,39,45,49,57,63,64,31417,13,13,15.554533870512703,3.4402000019326806,64.20130003243685,35.05150077983257
1779027915,20,,Aggregated,45.700000,0.000000,13,15,18,20,30,39,45,49,57,63,64,31463,13,13,15.551327922012801,3.4402000019326806,64.20130003243685,35.047007596224134
1779027916,20,,Aggregated,45.100000,0.000000,13,15,18,20,30,39,45,49,57,63,64,31510,13,13,15.551226912426559,3.4402000019326806,64.20130003243685,35.0420501428118
1779027917,20,,Aggregated,46.000000,0.000000,13,15,18,20,30,39,45,49,57,63,64,31563,13,13,15.551302588808399,3.4402000019326806,64.20130003243685,35.03896967968824
1779027918,20,,Aggregated,46.400000,0.000000,13,15,18,20,30,39,45,49,57,63,64,31608,13,13,15.54875442958504,3.4402000019326806,64.20130003243685,35.03900911161731
1779027919,20,,Aggregated,46.100000,0.000000,13,15,18,20,30,39,45,49,57,63,64,31649,13,13,15.544832058221566,3.4402000019326806,64.20130003243685,35.03981168441341
1779027920,20,,Aggregated,46.400000,0.000000,13,15,18,20,30,39,45,49,57,63,64,31696,13,13,15.53815487477045,3.4402000019326806,64.20130003243685,35.04385411408379
1779027921,20,,Aggregated,46.700000,0.000000,13,15,18,20,30,39,45,49,57,63,64,31736,13,13,15.532296055282542,3.4402000019326806,64.20130003243685,35.04468111923368
1779027922,20,,Aggregated,46.900000,0.000000,13,15,18,20,30,39,45,49,57,63,64,31787,13,13,15.529531110534938,3.4402000019326806,64.20130003243685,35.047126183659984
1779027923,20,,Aggregated,46.200000,0.000000,13,15,18,20,30,39,45,49,57,63,64,31828,13,13,15.525830979346333,3.4402000019326806,64.20130003243685,35.05152695739601
1779027924,20,,Aggregated,46.500000,0.000000,13,15,18,20,30,39,45,49,57,63,64,31874,13,13,15.524181929179068,3.4402000019326806,64.20130003243685,35.05549978038527
1779027925,20,,Aggregated,46.100000,0.000000,13,15,18,20,30,39,45,49,57,63,64,31919,13,13,15.51965125193137,3.4402000019326806,64.20130003243685,35.05689401297033
1779027926,20,,Aggregated,45.800000,0.000000,13,15,18,20,30,39,45,49,57,63,64,31970,13,13,15.519900995007056,3.4402000019326806,64.20130003243685,35.0564591804817
1779027927,20,,Aggregated,45.700000,0.000000,13,15,18,20,30,39,45,49,56,63,64,32018,13,13,15.51746934881407,3.4402000019326806,64.20130003243685,35.055687425822974
1779027928,20,,Aggregated,45.200000,0.000000,12,15,18,20,30,39,45,49,56,63,64,32069,13,12,15.516570788312317,3.4402000019326806,64.20130003243685,35.05054725747607
1779027929,20,,Aggregated,45.800000,0.000000,12,15,18,20,30,39,45,49,56,63,64,32113,13,12,15.510085928143914,3.4402000019326806,64.20130003243685,35.049325818204466
1779027930,20,,Aggregated,46.100000,0.000000,12,15,18,20,30,39,45,49,56,63,64,32159,13,12,15.50407656055084,3.4402000019326806,64.20130003243685,35.052955626729684
1779027931,20,,Aggregated,46.000000,0.000000,12,15,18,20,30,39,45,49,56,63,64,32199,13,12,15.500170455934912,3.4402000019326806,64.20130003243685,35.057082518090624
1779027932,20,,Aggregated,45.600000,0.000000,12,15,18,20,30,39,45,49,56,63,64,32241,13,12,15.49691693218716,3.4402000019326806,64.20130003243685,35.05914828944512
1779027933,20,,Aggregated,46.400000,0.000000,12,15,18,20,30,39,45,49,56,63,64,32291,13,12,15.493020956625982,3.4402000019326806,64.20130003243685,35.06168901551516
1779027934,20,,Aggregated,45.700000,0.000000,12,15,18,20,30,39,45,48,56,63,64,32338,13,12,15.487571723998759,3.4402000019326806,64.20130003243685,35.06017688168718
1779027935,20,,Aggregated,45.600000,0.000000,12,15,18,20,30,39,45,48,56,63,64,32381,13,12,15.483933473661795,3.4402000019326806,64.20130003243685,35.06031314659831
1779027936,20,,Aggregated,46.600000,0.000000,12,15,18,20,30,39,45,48,56,63,64,32428,13,12,15.4778521651279,3.4402000019326806,64.20130003243685,35.06361786110769
1779027937,20,,Aggregated,45.800000,0.000000,12,15,18,20,30,39,45,48,56,63,64,32474,13,12,15.47209094692998,3.4402000019326806,64.20130003243685,35.06503664470038
1779027938,20,,Aggregated,45.800000,0.000000,12,15,18,20,30,39,45,48,56,63,64,32522,13,12,15.471503290406146,3.4402000019326806,64.20130003243685,35.0656786175512
1779027939,20,,Aggregated,45.400000,0.000000,12,15,18,20,30,39,45,48,56,63,64,32566,13,12,15.464070598496939,3.4402000019326806,64.20130003243685,35.06512927593195
1779027940,20,,Aggregated,44.800000,0.000000,12,15,18,20,30,39,45,48,56,63,64,32609,13,12,15.457303238695872,3.4402000019326806,64.20130003243685,35.068631359440644
1779027941,20,,Aggregated,45.000000,0.000000,12,15,18,20,30,39,45,48,56,63,64,32655,13,12,15.450577844454289,3.4402000019326806,64.20130003243685,35.068687796662076
1779027942,20,,Aggregated,45.200000,0.000000,12,15,18,20,30,39,45,48,56,63,64,32700,13,12,15.443868663933467,3.4402000019326806,64.20130003243685,35.06941896024465
1779027943,20,,Aggregated,45.200000,0.000000,12,15,18,20,30,39,45,48,56,63,64,32746,13,12,15.437517376503232,3.4402000019326806,64.20130003243685,35.07518475538997
1779027944,20,,Aggregated,45.400000,0.000000,12,15,18,20,30,39,45,48,56,63,64,32788,13,12,15.432845041203974,3.4402000019326806,64.20130003243685,35.07670489203367
1779027945,20,,Aggregated,45.100000,0.000000,12,15,18,20,30,39,45,48,56,63,64,32830,13,12,15.42653424036519,3.4402000019326806,64.20130003243685,35.07943953700883
1779027946,20,,Aggregated,44.600000,0.000000,12,15,18,20,30,39,45,48,56,63,64,32878,13,12,15.421620351333702,3.4402000019326806,64.20130003243685,35.082060952612686
1779027947,20,,Aggregated,44.700000,0.000000,12,15,18,20,30,39,45,48,56,63,64,32925,13,12,15.417313822660024,3.4402000019326806,64.20130003243685,35.078754745634015
1779027948,20,,Aggregated,44.600000,0.000000,12,15,18,20,30,39,45,48,56,63,64,32966,13,12,15.41526405724063,3.4402000019326806,64.20130003243685,35.076594066614085
1779027949,20,,Aggregated,44.800000,0.000000,12,15,18,20,30,39,45,48,56,63,64,33008,13,12,15.411202387633963,3.4402000019326806,64.20130003243685,35.07177047988367
1779027950,20,,Aggregated,44.500000,0.000000,12,15,18,20,30,39,45,48,56,63,64,33056,13,12,15.40629673013097,3.4402000019326806,64.20130003243685,35.069730154888674
1779027951,20,,Aggregated,44.100000,0.000000,12,15,18,20,30,39,45,48,56,63,64,33100,13,12,15.403315471634732,3.4402000019326806,64.20130003243685,35.06655589123867
1779027952,20,,Aggregated,44.100000,0.000000,12,15,18,20,30,39,45,48,56,63,64,33146,13,12,15.398232526132276,3.4402000019326806,64.20130003243685,35.06697640740964
1779027953,20,,Aggregated,43.700000,0.000000,12,15,18,20,30,39,45,48,56,63,64,33200,13,12,15.393610307566348,3.4402000019326806,64.20130003243685,35.06698795180723
1779027954,20,,Aggregated,44.000000,0.000000,12,15,18,20,30,39,45,48,56,63,64,33251,13,12,15.390001834868656,3.4402000019326806,64.20130003243685,35.06899040630357
1779027955,20,,Aggregated,44.600000,0.000000,12,15,18,20,30,39,45,48,56,63,64,33295,13,12,15.383670188052383,3.4402000019326806,64.20130003243685,35.06874906142063
1779027956,20,,Aggregated,44.800000,0.000000,12,15,18,20,30,39,45,48,56,63,64,33336,13,12,15.377629065024912,3.4402000019326806,64.20130003243685,35.07127429805615
1779027957,20,,Aggregated,45.500000,0.000000,12,15,18,20,30,39,45,48,56,63,64,33382,13,12,15.375053804789069,3.4402000019326806,64.20130003243685,35.06988796357318
1779027958,20,,Aggregated,45.900000,0.000000,12,15,18,20,30,39,45,48,56,63,64,33423,13,12,15.369032959676776,3.4402000019326806,64.20130003243685,35.070819495556954
1779027959,20,,Aggregated,45.500000,0.000000,12,15,18,20,30,39,45,48,56,63,64,33469,13,12,15.36400378890974,3.4402000019326806,64.20130003243685,35.07365024350892
1779027960,20,,Aggregated,45.500000,0.000000,12,15,18,20,30,39,45,48,56,63,64,33519,14,12,15.359107339453026,3.4402000019326806,64.20130003243685,35.06679793549927
1779027961,20,,Aggregated,45.800000,0.000000,12,15,18,20,30,39,45,48,56,63,64,33566,14,12,15.35604099717521,3.4402000019326806,64.20130003243685,35.06324852529345
1779027962,20,,Aggregated,46.000000,0.000000,12,15,18,20,30,39,45,48,56,63,64,33609,14,12,15.351465619666094,3.4402000019326806,64.20130003243685,35.06236424767175
1779027963,20,,Aggregated,46.100000,0.100000,12,15,18,20,30,39,45,48,56,63,64,33656,14,12,15.346175038958629,3.4402000019326806,64.20130003243685,35.06076182552888
1779027964,20,,Aggregated,46.600000,0.100000,12,15,18,20,30,39,45,48,56,63,64,33701,14,12,15.342128414914988,3.4402000019326806,64.20130003243685,35.06225334559805
1779027965,20,,Aggregated,45.700000,0.100000,12,15,18,20,30,39,45,48,56,63,64,33746,14,12,15.34023629500634,3.4402000019326806,64.20130003243685,35.0636223552421
1779027966,20,,Aggregated,45.300000,0.100000,12,15,18,20,30,39,45,48,56,63,64,33792,14,12,15.334731182277169,3.4402000019326806,64.20130003243685,35.069010416666664
1779027967,20,,Aggregated,44.800000,0.100000,12,15,18,20,30,39,45,48,56,63,64,33843,14,12,15.328805712010686,3.4402000019326806,64.20130003243685,35.07050202405224
1779027968,20,,Aggregated,44.700000,0.100000,12,15,18,20,30,39,45,48,56,63,64,33886,14,12,15.324626002226802,3.4402000019326806,64.20130003243685,35.06902555627693
1779027969,20,,Aggregated,44.400000,0.100000,12,15,18,20,30,39,45,48,56,63,64,33929,14,12,15.320371216704173,3.4402000019326806,64.20130003243685,35.069380176250405
1779027970,20,,Aggregated,45.600000,0.100000,12,15,18,20,30,39,45,48,56,63,64,33977,14,12,15.318206169210699,3.4402000019326806,64.20130003243685,35.065632633840536
1779027971,20,,Aggregated,45.600000,0.100000,12,15,18,20,30,39,45,48,56,63,64,34019,14,12,15.313424959916023,3.4402000019326806,64.20130003243685,35.06399365060702
1779027972,20,,Aggregated,45.100000,0.100000,12,15,18,20,30,39,45,48,56,63,64,34065,14,12,15.311258635297431,3.4402000019326806,64.20130003243685,35.06384852487891
1779027973,20,,Aggregated,45.100000,0.000000,12,15,18,20,30,39,45,48,56,63,64,34110,14,12,15.306020967789092,3.4402000019326806,64.20130003243685,35.06520082087364
1779027974,20,,Aggregated,44.800000,0.000000,12,15,18,20,30,39,45,48,56,63,64,34162,14,12,15.302350202317264,3.4402000019326806,64.20130003243685,35.062847608453836
1779027975,20,,Aggregated,45.200000,0.000000,12,15,18,20,29,39,45,48,56,63,64,34211,14,12,15.297339990413919,3.4402000019326806,64.20130003243685,35.060623775978485
1779027976,20,,Aggregated,45.500000,0.000000,12,15,18,20,29,39,45,48,56,63,64,34258,14,12,15.288979756896632,3.4402000019326806,64.20130003243685,35.06821764259443
1779027977,20,,Aggregated,46.100000,0.000000,12,15,18,20,29,39,45,48,56,63,64,34298,14,12,15.285230439429842,3.4402000019326806,64.20130003243685,35.07061636247011
1779027978,20,,Aggregated,46.500000,0.000000,12,15,18,20,29,39,45,48,56,63,64,34348,14,12,15.279061191675062,3.4402000019326806,64.20130003243685,35.0677477582392
1779027979,20,,Aggregated,46.500000,0.000000,12,15,18,20,29,39,45,48,56,63,64,34392,14,12,15.27430748754146,3.4402000019326806,64.20130003243685,35.06815538497325
1779027980,20,,Aggregated,45.300000,0.000000,12,15,18,20,29,39,45,48,56,63,64,34433,14,12,15.268541289212703,3.4402000019326806,64.20130003243685,35.07016524845352
1779027981,20,,Aggregated,46.000000,0.000000,12,15,18,20,29,39,45,48,56,63,64,34477,14,12,15.263947811915301,3.4402000019326806,64.20130003243685,35.07257011920991
1779027983,20,,Aggregated,46.100000,0.000000,12,15,18,20,29,39,45,48,56,63,64,34528,14,12,15.257855323550528,3.4402000019326806,64.20130003243685,35.07008804448564
1779027984,20,,Aggregated,45.500000,0.000000,12,15,18,20,29,39,45,48,56,63,64,34579,14,12,15.254062162343702,3.4402000019326806,64.20130003243685,35.06931952919402
1779027985,20,,Aggregated,46.000000,0.000000,12,15,18,20,29,39,45,48,56,63,64,34619,14,12,15.247721999824588,3.4402000019326806,64.20130003243685,35.07455443542563
1779027986,20,,Aggregated,46.600000,0.000000,12,15,18,20,29,39,45,48,56,63,64,34661,14,12,15.24398859847379,3.4402000019326806,64.20130003243685,35.073656270736564
1779027987,20,,Aggregated,46.600000,0.000000,12,15,18,20,29,39,45,48,56,63,64,34701,14,12,15.245507314253187,3.4402000019326806,64.20130003243685,35.06996916515374
1779027988,20,,Aggregated,44.400000,0.000000,12,15,18,20,29,39,45,48,56,63,64,34744,14,12,15.239928526130006,3.4402000019326806,64.20130003243685,35.07529357586922
1779027989,20,,Aggregated,44.200000,0.000000,12,15,18,20,29,39,45,48,56,63,64,34787,14,12,15.235122603613377,3.4402000019326806,64.20130003243685,35.07744272285624
1779027990,20,,Aggregated,44.500000,0.000000,12,15,18,20,29,39,45,48,56,63,64,34834,14,12,15.228948872135447,3.4402000019326806,64.20130003243685,35.07966354710915
1779027991,20,,Aggregated,43.600000,0.000000,12,15,18,20,29,39,45,48,56,63,64,34878,14,12,15.221046714604192,3.4402000019326806,64.20130003243685,35.08437983829348
1779027992,20,,Aggregated,43.800000,0.000000,12,15,18,20,29,39,45,48,56,63,64,34926,14,12,15.21829364119163,3.4402000019326806,64.20130003243685,35.07747809654698
1779027993,20,,Aggregated,44.200000,0.000000,12,15,18,20,29,39,45,48,56,63,64,34976,14,12,15.214051495653603,3.4402000019326806,64.20130003243685,35.07759606587374
1779027994,20,,Aggregated,44.400000,0.000000,12,15,18,20,29,39,45,48,56,63,64,35020,14,12,15.211104940379577,3.4402000019326806,64.20130003243685,35.07824100513992
1779027995,20,,Aggregated,44.200000,0.000000,12,15,18,20,29,39,45,48,56,63,64,35062,14,12,15.20956435491811,3.4402000019326806,64.20130003243685,35.074810335976274
1779027996,20,,Aggregated,43.800000,0.000000,12,15,18,20,29,39,45,48,56,63,64,35114,14,12,15.208507920262555,3.4402000019326806,64.20130003243685,35.07125363103036
1779027997,20,,Aggregated,44.200000,0.000000,12,15,18,20,29,39,45,48,56,63,64,35161,14,12,15.205152865728586,3.4402000019326806,64.20130003243685,35.07576576320355
1779027998,20,,Aggregated,44.900000,0.000000,12,15,18,20,29,39,45,48,56,63,64,35201,14,12,15.203559367958038,3.4402000019326806,64.20130003243685,35.07511150251413
1779027999,20,,Aggregated,45.700000,0.000000,12,15,18,20,29,39,45,48,56,63,64,35247,14,12,15.200283689715098,3.4402000019326806,64.20130003243685,35.067892302891025
1779028000,20,,Aggregated,45.200000,0.000000,12,15,18,20,29,39,45,48,56,63,64,35292,14,12,15.195118010068482,3.4402000019326806,64.20130003243685,35.06681400884053
1779028001,20,,Aggregated,45.900000,0.000000,12,15,18,20,29,39,45,48,56,63,64,35344,14,12,15.19244893083083,3.4402000019326806,64.20130003243685,35.06671570846537
1779028002,20,,Aggregated,45.700000,0.000000,12,15,18,20,29,39,45,48,56,63,64,35398,14,12,15.188357989473717,3.4402000019326806,64.20130003243685,35.06339341205718
1779028003,20,,Aggregated,46.100000,0.000000,12,15,18,20,29,39,45,48,56,63,64,35443,14,12,15.184574429685348,3.4402000019326806,64.20130003243685,35.06260756707954
1779028004,20,,Aggregated,47.000000,0.000000,12,15,18,20,29,39,45,48,56,63,64,35487,14,12,15.185721518061735,3.4402000019326806,64.20130003243685,35.06072646321188
1779028005,20,,Aggregated,46.500000,0.000000,12,15,18,20,29,39,45,48,56,63,64,35535,14,12,15.181003109935856,3.4402000019326806,64.20130003243685,35.06202335725341
1779028006,20,,Aggregated,46.600000,0.000000,12,15,18,20,29,39,45,48,56,63,64,35580,14,12,15.1759901942577,3.4402000019326806,64.20130003243685,35.06239460370995
1779028007,20,,Aggregated,46.700000,0.000000,12,15,18,20,29,39,45,48,56,63,64,35628,14,12,15.172900999540134,3.4402000019326806,64.20130003243685,35.06228247445829
1779028008,20,,Aggregated,46.200000,0.000000,12,15,18,20,29,39,45,48,56,63,64,35675,14,12,15.170934352116266,3.4402000019326806,64.20130003243685,35.05908899789769
1779028009,20,,Aggregated,46.200000,0.000000,12,15,18,20,29,39,45,48,56,63,64,35722,14,12,15.171388802740859,3.4402000019326806,64.20130003243685,35.05475617266671
1779028010,20,,Aggregated,46.900000,0.000000,12,15,18,20,29,39,45,48,56,63,64,35769,14,12,15.168951399578171,3.4402000019326806,64.20130003243685,35.05205624982527
1779028011,20,,Aggregated,47.100000,0.000000,12,15,18,20,29,39,45,48,56,63,64,35808,14,12,15.16604893910683,3.4402000019326806,64.20130003243685,35.04903932082216
1779028012,20,,Aggregated,47.400000,0.000000,12,15,18,20,29,39,45,48,56,63,64,35850,14,12,15.158806837144706,3.4402000019326806,64.20130003243685,35.053612273361225
1779028013,20,,Aggregated,46.200000,0.000000,12,15,18,20,29,39,45,48,56,63,64,35896,14,12,15.155900758067803,3.4402000019326806,64.20130003243685,35.05410073545799
1779028014,20,,Aggregated,45.000000,0.000000,12,15,18,20,29,39,45,48,56,63,64,35939,14,12,15.154526843034924,3.4402000019326806,64.20130003243685,35.05158741200367
1779028015,20,,Aggregated,45.100000,0.000000,12,15,18,20,29,39,45,48,56,63,64,35993,14,12,15.151451132483112,3.4402000019326806,64.20130003243685,35.049620759592145
1779028016,20,,Aggregated,44.900000,0.000000,12,15,18,20,29,39,45,48,56,63,64,36033,14,12,15.146217503728122,3.4402000019326806,64.20130003243685,35.051896872311495
1779028017,20,,Aggregated,45.500000,0.000000,12,15,18,20,29,39,45,48,56,63,64,36079,14,12,15.145275900437452,3.4402000019326806,64.20130003243685,35.049613348485266
1779028018,20,,Aggregated,45.300000,0.000000,12,15,18,20,29,39,45,48,56,63,64,36128,14,12,15.138577364143043,3.4402000019326806,64.20130003243685,35.04985053144375
1779028019,20,,Aggregated,44.600000,0.000000,12,15,18,20,29,39,45,48,56,63,64,36178,14,12,15.132468843271251,3.4402000019326806,64.20130003243685,35.04986455857151
1779028020,20,,Aggregated,44.700000,0.000000,12,15,18,20,29,39,45,48,56,63,64,36219,14,12,15.129502907644156,3.4402000019326806,64.20130003243685,35.04906264667716
1779028021,20,,Aggregated,45.600000,0.000000,12,15,18,20,29,39,45,48,56,63,64,36265,14,12,15.126035298822007,3.4402000019326806,64.20130003243685,35.04676685509445
1779028022,20,,Aggregated,45.100000,0.000000,12,15,18,20,29,39,45,48,56,63,64,36305,14,12,15.125161110356936,3.4402000019326806,64.20130003243685,35.043657898361104
1779028023,20,,Aggregated,45.700000,0.000000,12,15,18,20,29,39,45,48,56,63,64,36353,14,12,15.123343088924363,3.4402000019326806,64.20130003243685,35.049459466894064
1779028024,20,,Aggregated,45.200000,0.000000,12,15,18,20,29,39,45,48,56,63,64,36396,14,12,15.11870743245588,3.4402000019326806,64.20130003243685,35.054319155951205
1779028025,20,,Aggregated,44.700000,0.000000,12,15,18,20,29,39,45,48,56,63,64,36449,14,12,15.116617032333338,3.4402000019326806,64.20130003243685,35.051880710033195
1779028026,20,,Aggregated,45.000000,0.000000,12,15,18,20,29,39,45,48,56,63,64,36498,14,12,15.11223895313337,3.4402000019326806,64.20130003243685,35.05060551263083
1779028027,20,,Aggregated,44.700000,0.000000,12,15,18,20,29,38,45,48,56,63,64,36545,14,12,15.104593463168914,3.4402000019326806,64.20130003243685,35.05437132302641
1779028028,20,,Aggregated,46.000000,0.000000,12,15,18,20,29,38,45,48,56,63,64,36586,14,12,15.102458670301784,3.4402000019326806,64.20130003243685,35.05359973760455
1779028029,20,,Aggregated,46.600000,0.000000,12,15,18,20,29,38,45,48,56,63,64,36634,14,12,15.09837127290628,3.4402000019326806,64.20130003243685,35.04987170388164
1779028030,20,,Aggregated,46.500000,0.000000,12,15,17,20,29,38,45,48,56,63,64,36679,14,12,15.095270084016322,3.4402000019326806,64.20130003243685,35.051037378336375
1779028031,20,,Aggregated,44.900000,0.000000,12,15,17,20,29,38,45,48,56,63,64,36725,14,12,15.092020215426361,3.4402000019326806,64.20130003243685,35.05067392784207
1779028032,20,,Aggregated,44.900000,0.000000,12,15,17,20,29,38,45,48,56,63,64,36773,14,12,15.088560688859584,3.4402000019326806,64.20130003243685,35.0504446196938
1779028033,20,,Aggregated,45.500000,0.000000,12,15,17,20,29,38,45,48,56,63,64,36819,14,12,15.083759942180608,3.4402000019326806,64.20130003243685,35.05301610581493
1779028034,20,,Aggregated,46.200000,0.000000,12,15,17,20,29,38,45,48,56,63,64,36865,14,12,15.08112846362029,3.4402000019326806,64.20130003243685,35.05172928251729
1779028035,20,,Aggregated,47.200000,0.000000,12,15,17,20,29,38,45,48,56,63,64,36917,14,12,15.074978229849426,3.4402000019326806,64.20130003243685,35.05303789582035
1779028036,20,,Aggregated,46.600000,0.000000,12,15,17,20,29,38,45,48,56,63,64,36966,14,12,15.070090175065381,3.4402000019326806,64.20130003243685,35.055970351133475
1779028037,20,,Aggregated,47.100000,0.000000,12,15,17,20,29,38,45,48,56,63,64,37012,14,12,15.069294883049285,3.4402000019326806,64.20130003243685,35.050335026477896
1779028038,20,,Aggregated,46.700000,0.000000,12,15,17,20,29,38,45,48,56,63,64,37055,14,12,15.066482537081914,3.4402000019326806,64.20130003243685,35.05038456348671
1779028039,20,,Aggregated,45.800000,0.000000,12,15,17,20,29,38,45,48,56,63,64,37111,14,12,15.064524526733916,3.4402000019326806,64.20130003243685,35.04481151141171
1779028040,20,,Aggregated,46.100000,0.000000,12,15,17,20,29,38,45,48,56,63,64,37153,14,12,15.061704188395485,3.4402000019326806,64.20130003243685,35.04675261755444
1779028041,20,,Aggregated,46.600000,0.000000,12,15,17,20,29,38,45,48,56,63,64,37194,14,12,15.056210625675337,3.4402000019326806,64.20130003243685,35.046082701511
1779028042,20,,Aggregated,47.500000,0.000000,12,15,17,20,29,38,45,48,56,63,64,37238,14,12,15.05358043963928,3.4402000019326806,64.20130003243685,35.04398732477576
1779028043,20,,Aggregated,46.700000,0.000000,12,15,17,20,29,38,45,48,56,63,64,37285,14,12,15.050684836025184,3.4402000019326806,64.20130003243685,35.04202762505029
1779028044,20,,Aggregated,46.700000,0.000000,12,15,17,20,29,38,45,48,56,63,64,37328,14,12,15.049134138214468,3.4402000019326806,64.20130003243685,35.04294363480497
1779028045,20,,Aggregated,45.800000,0.000000,12,15,17,20,29,38,45,48,56,63,64,37380,14,12,15.046990059153961,3.4402000019326806,64.20130003243685,35.04146602461209
1779028046,20,,Aggregated,45.800000,0.000000,12,15,17,20,29,38,45,48,56,63,64,37424,14,12,15.042559817526765,3.4402000019326806,64.20130003243685,35.04336789226165
1779028047,20,,Aggregated,45.200000,0.000000,12,15,17,20,29,38,45,48,56,63,64,37474,14,12,15.037821575259413,3.4402000019326806,64.20130003243685,35.047926562416606
1779028048,20,,Aggregated,45.300000,0.000000,12,15,17,20,29,38,45,48,56,63,64,37517,14,12,15.032540901760692,3.4402000019326806,64.20130003243685,35.0505370898526
1779028049,20,,Aggregated,46.000000,0.000000,12,15,17,20,29,38,45,48,56,63,64,37562,14,12,15.026357057968132,3.4402000019326806,64.20130003243685,35.05335179170438
1779028050,20,,Aggregated,46.000000,0.000000,12,15,17,20,29,38,45,48,56,63,64,37607,14,12,15.022274148729343,3.4402000019326806,64.20130003243685,35.054750445395804
1779028051,20,,Aggregated,45.800000,0.000000,12,15,17,20,29,38,45,48,56,63,64,37653,14,12,15.022315728134066,3.4402000019326806,64.20130003243685,35.053355642312695
1779028052,20,,Aggregated,44.600000,0.000000,12,15,17,20,29,38,45,48,56,63,64,37696,14,12,15.017611245532727,3.4402000019326806,64.20130003243685,35.05873302207131
1779028053,20,,Aggregated,45.100000,0.000000,12,15,17,19,29,38,45,48,56,63,64,37751,15,12,15.012952144620215,3.4402000019326806,64.20130003243685,35.0553627718471
1779028054,20,,Aggregated,45.000000,0.000000,12,15,17,19,29,38,45,48,56,63,64,37798,15,12,15.00905729169607,3.4402000019326806,64.20130003243685,35.057675009259746
1779028055,20,,Aggregated,45.500000,0.100000,12,15,17,19,29,38,45,48,56,63,64,37844,15,12,15.004106638080497,3.4402000019326806,64.20130003243685,35.058609026529965
1779028056,20,,Aggregated,46.600000,0.100000,12,15,17,19,29,38,45,48,56,63,64,37886,15,12,15.000711402933788,3.4402000019326806,64.20130003243685,35.053529008076865
1779028057,20,,Aggregated,47.100000,0.100000,12,15,17,19,29,38,45,48,56,63,64,37928,15,12,14.999173834935805,3.4402000019326806,64.20130003243685,35.055578991773885
1779028058,20,,Aggregated,45.700000,0.100000,12,15,17,19,29,38,45,48,56,63,64,37970,15,12,14.996877540462652,3.4402000019326806,64.20130003243685,35.05715038188043
1779028059,20,,Aggregated,45.300000,0.100000,12,15,17,19,29,38,45,48,56,63,64,38015,15,12,14.992496872591605,3.4402000019326806,64.20130003243685,35.0577666710509
1779028060,20,,Aggregated,44.800000,0.100000,12,15,17,19,29,38,45,48,56,63,64,38068,15,12,14.986989474401971,3.4402000019326806,64.20130003243685,35.05847430913103
1779028061,20,,Aggregated,44.900000,0.100000,12,15,17,19,29,38,45,48,56,63,64,38116,15,12,14.982756233902416,3.4402000019326806,64.20130003243685,35.06002728512961
1779028062,20,,Aggregated,45.800000,0.100000,12,15,17,19,29,38,45,48,56,63,64,38159,15,12,14.97991213111907,3.4402000019326806,64.20130003243685,35.05849209884955
1779028063,20,,Aggregated,45.900000,0.100000,12,15,17,19,29,38,45,48,56,63,64,38202,15,12,14.979472954594149,3.4402000019326806,64.20130003243685,35.057038898486994
1779028064,20,,Aggregated,46.600000,0.100000,12,15,17,19,29,38,45,48,56,63,64,38250,15,12,14.981175059119385,3.4402000019326806,64.20130003243685,35.05037908496732
1779028065,20,,Aggregated,45.500000,0.000000,12,15,17,19,29,38,45,48,56,63,64,38292,15,12,14.980900642735037,3.4402000019326806,64.20130003243685,35.048130157735294
1779028066,20,,Aggregated,44.900000,0.000000,12,15,17,19,29,38,45,48,56,63,64,38338,15,12,14.979813647334957,3.4402000019326806,64.20130003243685,35.050393865094684
1779028067,20,,Aggregated,44.200000,0.000000,12,15,17,19,29,38,45,48,56,63,64,38384,15,12,14.979392142858345,3.4402000019326806,64.20130003243685,35.05377240516882
1779028068,20,,Aggregated,44.800000,0.000000,12,15,17,19,29,38,45,48,56,63,64,38430,15,12,14.977250281335605,3.4402000019326806,64.20130003243685,35.05620608899297
1779028069,20,,Aggregated,45.300000,0.000000,12,15,17,19,29,38,45,48,56,63,64,38476,15,12,14.971708746007426,3.4402000019326806,64.20130003243685,35.05975153342343
1779028070,20,,Aggregated,45.600000,0.000000,12,15,17,19,29,38,45,48,56,63,64,38518,15,12,14.968341001911702,3.4402000019326806,64.20130003243685,35.06160756010177
1779028071,20,,Aggregated,45.500000,0.000000,12,15,17,19,29,38,45,48,56,63,64,38565,15,12,14.966579463542267,3.4402000019326806,64.20130003243685,35.0617139893686
1779028072,20,,Aggregated,44.900000,0.000000,12,15,17,19,29,38,45,48,56,63,64,38618,15,12,14.967966104189037,3.4402000019326806,64.20130003243685,35.059894349785075
1779028073,20,,Aggregated,44.800000,0.000000,12,15,17,19,29,38,45,48,56,63,64,38657,15,12,14.966562540069473,3.4402000019326806,64.20130003243685,35.061204956411515
1779028074,20,,Aggregated,45.100000,0.000000,12,15,17,19,29,38,45,48,56,63,64,38699,15,12,14.965570035699008,3.4402000019326806,64.20130003243685,35.05994986950567
1779028075,20,,Aggregated,46.000000,0.000000,12,15,17,19,29,38,45,48,56,63,64,38741,15,12,14.963307697569647,3.4402000019326806,64.20130003243685,35.06171756020753
1779028076,20,,Aggregated,45.400000,0.000000,12,15,17,19,29,38,45,48,56,63,64,38789,15,12,14.964190562060816,3.4402000019326806,64.20130003243685,35.060816210781404
1779028077,20,,Aggregated,45.100000,0.000000,12,15,17,19,29,38,45,48,56,63,64,38835,15,12,14.964032545681272,3.4402000019326806,64.20130003243685,35.059868675164154
1779028078,20,,Aggregated,45.100000,0.000000,12,15,17,19,29,38,45,48,56,63,64,38883,15,12,14.961571679437219,3.4402000019326806,64.20130003243685,35.06262376874212
1779028079,20,,Aggregated,44.600000,0.000000,12,15,17,19,29,38,45,48,56,63,64,38934,15,12,14.957670707131765,3.4402000019326806,64.20130003243685,35.06287563569117
1779028080,20,,Aggregated,44.700000,0.000000,12,15,17,19,29,38,45,48,56,63,64,38979,15,12,14.955070197059992,3.4402000019326806,64.20130003243685,35.06182816388311
1779028081,20,,Aggregated,44.700000,0.000000,12,15,17,19,29,38,45,48,56,63,64,39012,15,12,14.953230180740894,3.4402000019326806,64.20130003243685,35.05793089305855
1779028082,20,,Aggregated,45.500000,0.000000,12,15,17,19,29,38,45,48,56,63,64,39056,15,12,14.952815580481937,3.4402000019326806,64.20130003243685,35.056943875460874
1779028083,20,,Aggregated,45.200000,0.000000,12,15,17,19,29,38,45,48,56,63,64,39101,15,12,14.949581944486159,3.4402000019326806,64.20130003243685,35.055164829544005
1779028084,20,,Aggregated,43.500000,0.000000,12,15,17,19,29,38,45,48,56,63,64,39149,15,12,14.950693384542852,3.4402000019326806,64.20130003243685,35.05481621497356
1779028085,20,,Aggregated,43.600000,0.000000,12,15,17,19,29,38,45,48,56,63,64,39193,16,12,14.948027130141199,3.4402000019326806,64.20130003243685,35.0554946036282
1779028086,20,,Aggregated,43.800000,0.000000,12,15,17,19,29,38,45,48,56,63,64,39238,16,12,14.949173946471479,3.4402000019326806,64.20130003243685,35.05007900504613
1779028087,20,,Aggregated,44.300000,0.100000,12,15,17,19,29,38,45,48,56,63,64,39279,16,12,14.947775753243219,3.4402000019326806,64.20130003243685,35.050815957636395
1779028088,20,,Aggregated,44.900000,0.100000,12,15,17,19,29,38,45,48,56,63,64,39330,16,12,14.94744474221551,3.4402000019326806,64.20130003243685,35.05141113653699
1779028089,20,,Aggregated,45.000000,0.100000,12,15,17,19,29,38,45,48,56,63,64,39369,16,12,14.944922421479385,3.4402000019326806,64.20130003243685,35.04945515507125
1779028090,20,,Aggregated,44.200000,0.100000,12,15,17,19,29,38,45,48,56,63,64,39420,16,12,14.94000225041832,3.4402000019326806,64.20130003243685,35.050228310502284
1779028091,20,,Aggregated,44.600000,0.100000,12,15,17,19,29,38,45,48,56,63,64,39465,16,12,14.937091471212195,3.4402000019326806,64.20130003243685,35.05032307107564
1779028092,20,,Aggregated,43.600000,0.100000,12,15,17,19,29,38,45,48,56,63,64,39510,16,12,14.93498686690393,3.4402000019326806,64.20130003243685,35.052568969881044
1779028093,20,,Aggregated,44.200000,0.100000,12,15,17,19,29,38,45,48,56,63,64,39555,16,12,14.937153060583196,3.4402000019326806,64.20130003243685,35.052003539375555
1779028094,20,,Aggregated,45.000000,0.100000,12,15,17,19,29,38,45,48,56,63,64,39598,16,12,14.935671309447432,3.4402000019326806,64.20130003243685,35.054674478509014
1779028095,20,,Aggregated,45.100000,0.100000,12,15,17,19,29,38,45,48,56,63,64,39642,16,12,14.935509422109213,3.4402000019326806,64.20130003243685,35.05554714696534
1779028096,20,,Aggregated,45.400000,0.100000,12,15,17,19,29,38,45,48,56,63,64,39685,16,12,14.936809169999606,3.4402000019326806,64.20130003243685,35.05515938011843
1779028097,20,,Aggregated,45.000000,0.000000,12,15,17,19,29,38,45,48,56,63,64,39733,17,12,14.935895097560106,3.4402000019326806,64.20130003243685,35.05491656809201
1779028098,20,,Aggregated,44.300000,0.000000,12,15,17,19,29,38,45,48,56,63,64,39776,17,12,14.938603602961923,3.4402000019326806,64.20130003243685,35.05324818986323
1779028099,20,,Aggregated,44.000000,0.000000,12,15,17,19,29,38,45,48,56,63,64,39819,17,12,14.939530307426628,3.4402000019326806,64.20130003243685,35.05861523393355
1779028100,20,,Aggregated,45.200000,0.100000,12,15,17,19,29,38,45,48,56,63,64,39858,17,12,14.939814985990425,3.4402000019326806,64.20130003243685,35.058532791409505
1779028101,20,,Aggregated,44.000000,0.100000,12,15,17,19,29,38,45,48,56,63,64,39907,17,12,14.93946375101033,3.4402000019326806,64.20130003243685,35.055103114741776
1779028102,20,,Aggregated,44.600000,0.100000,12,15,17,19,29,38,45,48,56,63,64,39948,18,12,14.94223385679911,3.4402000019326806,64.20130003243685,35.056548513066986
1779028103,20,,Aggregated,44.400000,0.100000,12,15,17,19,29,38,45,48,56,63,64,39991,18,12,14.946061926725749,3.4402000019326806,64.20130003243685,35.05776299667425
1779028104,20,,Aggregated,43.800000,0.100000,12,15,17,19,29,38,45,48,56,62,64,40037,18,12,14.948562435041028,3.4402000019326806,64.20130003243685,35.06126832679771
1779028105,20,,Aggregated,43.500000,0.200000,12,15,17,19,29,38,45,48,56,62,64,40081,18,12,14.950655433038007,3.4402000019326806,64.20130003243685,35.06234874379382
1779028106,20,,Aggregated,42.800000,0.200000,12,15,17,19,29,38,45,48,56,62,64,40120,18,12,14.948668385131478,3.4402000019326806,64.20130003243685,35.060343968095715
1779028107,20,,Aggregated,43.500000,0.200000,12,15,17,19,29,38,45,48,56,62,64,40163,18,12,14.948830438750418,3.4402000019326806,64.20130003243685,35.06299330229316
1779028108,20,,Aggregated,43.700000,0.200000,12,15,17,19,29,38,45,48,56,62,64,40216,18,12,14.951996136153612,3.4402000019326806,64.20130003243685,35.060000994629
1779028109,20,,Aggregated,43.200000,0.200000,12,15,17,19,29,38,45,48,56,62,64,40262,18,12,14.951429447406111,3.4402000019326806,64.20130003243685,35.06239133674433
1779028110,20,,Aggregated,43.000000,0.100000,12,15,17,19,29,38,45,48,56,62,64,40308,18,12,14.954516704165504,3.4402000019326806,64.20130003243685,35.06452813337303
1779028111,20,,Aggregated,43.900000,0.100000,12,15,17,19,29,38,45,48,56,62,64,40355,18,12,14.95258789769165,3.4402000019326806,64.20130003243685,35.069458555321525
1779028112,20,,Aggregated,44.100000,0.100000,12,15,17,19,29,38,45,48,56,62,64,40403,18,12,14.952837220285751,3.4402000019326806,64.20130003243685,35.064871420439076
1779028113,20,,Aggregated,43.800000,0.100000,12,15,17,19,29,38,45,48,56,62,64,40444,18,12,14.954276112930481,3.4402000019326806,64.20130003243685,35.06487983384433
1779028114,20,,Aggregated,44.600000,0.100000,12,15,17,19,29,38,45,48,56,62,64,40493,18,12,14.955603195893753,3.4402000019326806,64.20130003243685,35.0633195861013
1779028115,20,,Aggregated,45.200000,0.000000,12,15,17,19,29,38,45,48,56,62,64,40540,18,12,14.954859440342833,3.4402000019326806,64.20130003243685,35.06716822890972
1779028116,20,,Aggregated,45.200000,0.000000,12,15,17,19,29,38,45,48,56,62,64,40587,18,12,14.957109904934615,3.4402000019326806,64.20130003243685,35.065883164560084
1779028117,20,,Aggregated,45.300000,0.000000,12,15,17,19,29,38,45,48,56,62,64,40630,18,12,14.960707113260646,3.4402000019326806,64.20130003243685,35.06256460743293
1779028118,20,,Aggregated,45.600000,0.000000,12,15,17,19,29,38,45,48,56,62,64,40669,18,12,14.963243522376908,3.4402000019326806,64.20130003243685,35.06115222897047
1779028119,20,,Aggregated,46.600000,0.000000,12,15,17,19,29,38,45,48,56,62,64,40712,18,12,14.961209088519723,3.4402000019326806,64.20130003243685,35.06273334643348
1779028120,20,,Aggregated,46.300000,0.000000,12,15,17,19,29,38,45,48,56,62,64,40750,18,12,14.95989782605863,3.4402000019326806,64.20130003243685,35.06770552147239
1779028121,20,,Aggregated,45.100000,0.000000,12,15,17,19,29,38,45,48,56,62,64,40794,18,12,14.958873096821339,3.4402000019326806,64.20130003243685,35.066235230671175
1779028122,20,,Aggregated,44.700000,0.000000,12,15,17,19,29,38,45,48,56,62,64,40844,18,12,14.95886922709901,3.4402000019326806,64.20130003243685,35.067598668103024
1779028123,20,,Aggregated,43.900000,0.000000,12,15,17,19,29,38,45,48,56,62,64,40895,18,12,14.962519357166922,3.4402000019326806,64.20130003243685,35.06572930676122
1779028124,20,,Aggregated,43.800000,0.000000,12,15,17,19,29,38,45,48,56,62,64,40933,18,12,14.963799462815363,3.4402000019326806,64.20130003243685,35.0659370190311
1779028125,20,,Aggregated,43.700000,0.000000,12,15,17,19,29,38,45,48,56,62,64,40979,18,12,14.963771248967,3.4402000019326806,64.20130003243685,35.06508211522975
1779028127,20,,Aggregated,44.900000,0.000000,12,15,17,19,29,38,45,48,56,62,64,41028,18,12,14.963984917897426,3.4402000019326806,64.20130003243685,35.06249390660037
1779028128,20,,Aggregated,43.600000,0.000000,12,15,17,19,29,38,45,48,56,62,64,41077,18,12,14.961429902660377,3.4402000019326806,64.20130003243685,35.062127224480854
1779028129,20,,Aggregated,43.800000,0.000000,12,15,17,19,29,38,45,48,56,62,64,41122,18,12,14.960620758025472,3.4402000019326806,64.20130003243685,35.06091629784544
1779028130,20,,Aggregated,44.200000,0.000000,12,15,17,19,29,38,45,48,56,62,64,41162,18,12,14.960234182292446,3.4402000019326806,64.20130003243685,35.063165055147955
1779028131,20,,Aggregated,44.900000,0.000000,12,15,17,19,29,38,45,48,56,62,64,41208,18,12,14.960973211789959,3.4402000019326806,64.20130003243685,35.05996408464376
1779028132,20,,Aggregated,44.600000,0.000000,12,15,17,19,29,38,45,48,56,62,64,41255,18,12,14.964347473311722,3.4402000019326806,64.20130003243685,35.056599200096954
1779028133,20,,Aggregated,45.300000,0.000000,12,15,17,19,29,38,45,48,56,62,64,41294,18,12,14.967007512259144,3.4402000019326806,64.20130003243685,35.05100014529956
1779028134,20,,Aggregated,45.700000,0.000000,12,15,17,19,29,38,45,48,56,62,64,41343,18,12,14.970079578439023,3.4402000019326806,64.20130003243685,35.05168952422417
1779028135,20,,Aggregated,44.700000,0.000000,12,15,17,19,29,38,45,48,56,62,64,41388,18,12,14.970465949343703,3.4402000019326806,64.20130003243685,35.056224026287815
1779028136,20,,Aggregated,44.500000,0.000000,12,15,17,19,29,38,45,48,56,62,64,41427,18,12,14.969294687313468,3.4402000019326806,64.20130003243685,35.05909189658918
1779028137,20,,Aggregated,44.800000,0.000000,12,15,17,19,29,38,45,48,56,62,64,41474,18,12,14.969416159790073,3.4402000019326806,64.20130003243685,35.05890437382457
1779028138,20,,Aggregated,44.500000,0.000000,12,15,17,19,29,38,45,48,56,62,64,41516,18,12,14.971844395199808,3.4402000019326806,64.20130003243685,35.0547981501108
1779028139,20,,Aggregated,44.000000,0.000000,12,15,17,19,29,38,45,48,56,62,64,41559,18,12,14.970963509975057,3.4402000019326806,64.20130003243685,35.05320147260521
1779028140,20,,Aggregated,43.400000,0.000000,12,15,17,19,29,38,45,48,56,62,64,41607,18,12,14.969735042445807,3.4402000019326806,64.20130003243685,35.0485735573341
1779028141,20,,Aggregated,43.400000,0.000000,12,15,17,19,29,38,45,48,56,62,64,41654,18,12,14.971275123905652,3.4402000019326806,64.20130003243685,35.04950304892687
1779028142,20,,Aggregated,44.400000,0.000000,12,15,17,19,29,38,45,48,56,62,64,41698,18,12,14.97138934028583,3.4402000019326806,64.20130003243685,35.048467552400595
1779028143,20,,Aggregated,44.500000,0.000000,12,15,17,19,29,38,45,48,56,62,64,41740,18,12,14.97005130596964,3.4402000019326806,64.20130003243685,35.051629132726404
1779028144,20,,Aggregated,43.700000,0.000000,12,15,17,19,29,38,45,48,56,62,64,41778,18,12,14.96979305163115,3.4402000019326806,64.20130003243685,35.05148642826368
1779028145,20,,Aggregated,44.200000,0.000000,12,15,17,19,29,38,45,48,56,62,64,41821,18,12,14.97161233856928,3.4402000019326806,64.20130003243685,35.05152913607996
1779028146,20,,Aggregated,43.300000,0.000000,12,15,17,19,29,38,45,48,56,62,64,41864,18,12,14.974236836211755,3.4402000019326806,64.20130003243685,35.051117905599085
1779028147,20,,Aggregated,43.400000,0.000000,12,15,17,19,29,38,45,48,56,62,64,41910,18,12,14.97387130305677,3.4402000019326806,64.20130003243685,35.04996420901933
1779028148,20,,Aggregated,43.300000,0.000000,12,15,17,19,29,38,45,48,56,62,64,41956,18,12,14.97263431716764,3.4402000019326806,64.20130003243685,35.04976642196587
1779028149,20,,Aggregated,43.600000,0.000000,12,15,17,19,29,38,45,48,56,62,64,42000,18,12,14.97466346216693,3.4402000019326806,64.20130003243685,35.047761904761906
1779028150,20,,Aggregated,43.900000,0.000000,12,15,17,19,29,38,45,48,56,62,64,42046,18,12,14.97464915832672,3.4402000019326806,64.20130003243685,35.04958854587832
1779028151,20,,Aggregated,44.100000,0.000000,12,15,17,19,29,38,45,48,56,62,64,42090,18,12,14.976014098619451,3.4402000019326806,64.20130003243685,35.049204086481346
1779028152,20,,Aggregated,43.500000,0.000000,12,15,17,19,29,38,45,48,56,62,64,42140,18,12,14.975910057210918,3.4402000019326806,64.20130003243685,35.050118652112005
1779028153,20,,Aggregated,43.400000,0.000000,12,15,17,19,29,38,45,48,56,62,64,42185,18,12,14.972630764746413,3.4402000019326806,64.20130003243685,35.04876140808344
1779028154,20,,Aggregated,44.300000,0.000000,12,15,17,19,29,38,45,48,56,62,64,42227,18,12,14.97353214556753,3.4402000019326806,64.20130003243685,35.05032325289507
1779028155,20,,Aggregated,44.400000,0.000000,12,15,17,19,29,38,45,48,56,62,64,42276,18,12,14.97578300953558,3.4402000019326806,64.20130003243685,35.05291418298798
1779028156,20,,Aggregated,44.300000,0.000000,12,15,17,19,29,38,45,48,56,62,64,42321,18,12,14.975344228897864,3.4402000019326806,64.20130003243685,35.056095082819404
1779028157,20,,Aggregated,45.000000,0.000000,12,15,17,19,29,38,45,48,56,62,64,42365,18,12,14.975552541275462,3.4402000019326806,64.20130003243685,35.056674141390296
1779028158,20,,Aggregated,45.100000,0.000000,12,15,17,19,29,38,45,48,56,62,64,42417,18,12,14.977344963365569,3.4402000019326806,64.20130003243685,35.05618030506636
1779028159,20,,Aggregated,45.000000,0.000000,12,15,17,19,29,38,45,48,56,62,64,42459,18,12,14.97694736831451,3.4402000019326806,64.20130003243685,35.05548882451306
1779028160,20,,Aggregated,45.700000,0.000000,12,15,17,19,29,38,45,48,56,62,64,42503,18,12,14.978483497898964,3.4402000019326806,64.20130003243685,35.054349104769074
1779028161,20,,Aggregated,45.600000,0.000000,12,15,17,19,29,38,45,48,56,63,100,42551,18,12,14.982305964860272,3.4402000019326806,104.45549996802583,35.053159737726496
1779028162,20,,Aggregated,45.500000,0.000000,12,15,17,19,29,38,45,48,56,63,100,42593,18,12,14.981184861612649,3.4402000019326806,104.45549996802583,35.05127603127274
1779028163,20,,Aggregated,45.300000,0.000000,12,15,17,19,29,38,45,48,56,63,100,42642,18,12,14.985305959155301,3.4402000019326806,104.45549996802583,35.050325969701234
1779028164,20,,Aggregated,45.000000,0.000000,12,15,17,19,29,38,45,48,56,63,100,42686,18,12,14.985613351224888,3.4402000019326806,104.45549996802583,35.049430726701964
1779028165,20,,Aggregated,45.000000,0.000000,12,15,17,19,29,38,45,48,56,63,100,42733,18,12,14.987246631652186,3.4402000019326806,104.45549996802583,35.05054641611869
1779028166,20,,Aggregated,45.200000,0.000000,12,15,17,19,29,38,45,48,56,63,100,42775,18,12,14.98842859871779,3.4402000019326806,104.45549996802583,35.051104617182936
1779028167,20,,Aggregated,44.900000,0.000000,12,15,17,19,29,38,45,48,56,63,100,42822,18,12,14.991638737333094,3.4402000019326806,104.45549996802583,35.04887674559806
1779028168,20,,Aggregated,45.300000,0.000000,12,15,17,19,29,38,45,48,56,63,100,42859,18,12,14.995247178191642,3.4402000019326806,104.45549996802583,35.047177955621926
1779028169,20,,Aggregated,45.300000,0.000000,12,15,17,19,29,38,45,48,56,63,100,42908,18,12,14.995533534768834,3.4402000019326806,104.45549996802583,35.04714738510301
1779028170,20,,Aggregated,44.200000,0.000000,12,15,17,19,29,38,45,48,56,63,100,42951,18,12,14.998347351869796,3.4402000019326806,104.45549996802583,35.04533072571069
1779028171,20,,Aggregated,44.200000,0.000000,12,15,17,19,29,38,45,48,56,63,100,42997,18,12,14.997493188127274,3.4402000019326806,104.45549996802583,35.04593343721655
1779028172,20,,Aggregated,44.300000,0.000000,12,15,17,19,29,38,45,48,56,63,100,43044,18,12,14.995729727945388,3.4402000019326806,104.45549996802583,35.04790446984481
1779028173,20,,Aggregated,44.400000,0.000000,12,15,17,19,29,38,45,48,56,63,100,43091,18,12,14.99738129563075,3.4402000019326806,104.45549996802583,35.04731846557286
1779028174,20,,Aggregated,44.300000,0.000000,12,15,17,19,29,38,45,48,56,63,100,43136,18,12,15.002321068478855,3.4402000019326806,104.45549996802583,35.043003523738875
1779028175,20,,Aggregated,44.900000,0.000000,12,15,17,19,29,38,45,48,56,63,100,43182,18,12,15.003111472596597,3.4402000019326806,104.45549996802583,35.043305080820716
1779028176,20,,Aggregated,44.700000,0.000000,12,15,17,19,29,38,45,48,56,63,100,43221,18,12,15.003750769528056,3.4402000019326806,104.45549996802583,35.04368246917008
1779028177,20,,Aggregated,45.200000,0.000000,12,15,17,19,29,38,45,48,56,63,100,43270,18,12,15.004742376008114,3.4402000019326806,104.45549996802583,35.04596718280564
1779028178,20,,Aggregated,44.200000,0.000000,12,15,17,19,29,38,45,48,56,63,100,43311,18,12,15.0055174392192,3.4402000019326806,104.45549996802583,35.044053473713376
1779028179,20,,Aggregated,44.600000,0.000000,12,15,17,19,29,38,45,48,56,63,100,43356,18,12,15.003465811195818,3.4402000019326806,104.45549996802583,35.040755604760584
1779028180,20,,Aggregated,44.700000,0.000000,12,15,17,19,29,38,45,48,56,63,100,43402,18,12,15.004571358692308,3.4402000019326806,104.45549996802583,35.04043592461177
1779028181,20,,Aggregated,44.500000,0.000000,12,15,17,19,29,38,45,48,56,63,100,43442,18,12,15.003147857145892,3.4402000019326806,104.45549996802583,35.041664748400166
1779028182,20,,Aggregated,44.200000,0.000000,12,15,17,19,29,38,45,48,56,63,100,43485,18,12,15.003835695302692,3.4402000019326806,104.45549996802583,35.04180751983443
1779028183,20,,Aggregated,44.600000,0.000000,12,15,17,19,29,38,45,48,56,63,100,43522,18,12,15.008042813067046,3.4402000019326806,104.45549996802583,35.03986489591471
1779028184,20,,Aggregated,43.700000,0.000000,12,15,17,19,29,38,45,48,56,63,100,43574,18,12,15.01370433540097,3.4402000019326806,104.45549996802583,35.039243585624455
1779028185,20,,Aggregated,43.200000,0.000000,12,15,17,19,29,38,45,48,56,63,100,43620,18,12,15.014424186404018,3.4402000019326806,104.45549996802583,35.039064649243464
1779028186,20,,Aggregated,43.700000,0.000000,12,15,17,19,29,38,45,48,56,63,100,43664,18,12,15.01602387117391,3.4402000019326806,104.45549996802583,35.03872755588127
1779028187,20,,Aggregated,43.600000,0.000000,12,15,17,19,29,38,45,48,56,63,100,43704,18,12,15.016249787453836,3.4402000019326806,104.45549996802583,35.04205564708036
1779028188,20,,Aggregated,43.900000,0.000000,12,15,17,19,29,38,45,48,56,63,100,43746,18,12,15.020202574204877,3.4402000019326806,104.45549996802583,35.043523979335255
1779028189,20,,Aggregated,43.300000,0.000000,12,15,17,19,29,38,45,48,56,63,100,43794,18,12,15.016943019843424,3.4402000019326806,104.45549996802583,35.049298990729326
1779028190,20,,Aggregated,43.300000,0.000000,12,15,17,19,29,38,45,48,56,63,100,43834,18,12,15.019440886320972,3.4402000019326806,104.45549996802583,35.05046311082721
1779028191,20,,Aggregated,43.400000,0.000000,12,15,17,19,29,38,45,48,56,63,100,43880,18,12,15.020000319296242,3.4402000019326806,104.45549996802583,35.0517547857794
1779028192,20,,Aggregated,43.700000,0.000000,12,15,17,19,29,38,45,48,56,63,100,43923,18,12,15.018801698671831,3.4402000019326806,104.45549996802583,35.051385378958635
1779028193,20,,Aggregated,43.200000,0.000000,12,15,17,19,29,38,45,48,56,63,100,43971,18,12,15.02152224899895,3.4402000019326806,104.45549996802583,35.04946441973119
1779028194,20,,Aggregated,44.100000,0.000000,12,15,17,19,29,38,45,48,56,63,100,44017,18,12,15.026079748974922,3.4402000019326806,104.45549996802583,35.04848126860077
1779028195,20,,Aggregated,43.700000,0.000000,12,15,17,19,29,38,45,48,56,63,100,44066,19,12,15.029130320668425,3.4402000019326806,104.45549996802583,35.04740616348205
1779028196,20,,Aggregated,43.800000,0.000000,12,15,17,19,29,38,45,48,56,63,100,44112,19,12,15.029187500238791,3.4402000019326806,104.45549996802583,35.04817283278926
1779028197,20,,Aggregated,43.800000,0.000000,12,15,17,19,29,38,45,48,56,63,100,44151,19,12,15.029793409222433,3.4402000019326806,104.45549996802583,35.04627301759869
1779028198,20,,Aggregated,44.300000,0.100000,12,15,17,19,29,38,45,48,56,63,100,44192,19,12,15.032336927739921,3.4402000019326806,104.45549996802583,35.04349203475742
1779028199,20,,Aggregated,44.600000,0.100000,12,15,17,19,29,38,45,48,56,63,100,44238,19,12,15.032036446284307,3.4402000019326806,104.45549996802583,35.04615941046159
1779028200,20,,Aggregated,44.200000,0.100000,12,15,17,19,29,38,45,48,56,63,100,44294,19,12,15.030424096061179,3.4402000019326806,104.45549996802583,35.05077437124667
1779028201,20,,Aggregated,44.100000,0.100000,12,15,17,19,29,38,45,48,56,63,100,44330,19,12,15.030427327110251,3.4402000019326806,104.45549996802583,35.0532822016693
1779028202,20,,Aggregated,44.300000,0.100000,12,15,17,19,29,38,45,48,56,63,100,44371,19,12,15.02791153255083,3.4402000019326806,104.45549996802583,35.058777129206014
1779028203,20,,Aggregated,45.200000,0.100000,12,15,17,19,29,38,45,48,56,63,100,44414,19,12,15.028421119705124,3.4402000019326806,104.45549996802583,35.06094925023641
1779028204,20,,Aggregated,44.700000,0.100000,12,15,17,19,29,38,45,48,56,63,100,44458,19,12,15.030226099022135,3.4402000019326806,104.45549996802583,35.05962931305952
1779028205,20,,Aggregated,44.500000,0.100000,12,15,17,19,29,38,45,48,56,63,100,44504,19,12,15.030482435512564,3.4402000019326806,104.45549996802583,35.06091587273054
1779028206,20,,Aggregated,44.000000,0.100000,12,15,17,19,29,38,45,48,56,63,100,44546,19,12,15.035588823013157,3.4402000019326806,104.45549996802583,35.06135230997172
1779028207,20,,Aggregated,43.300000,0.100000,12,15,17,19,29,38,45,48,56,63,100,44585,19,12,15.036905685988453,3.4402000019326806,104.45549996802583,35.06132107210945
1779028208,20,,Aggregated,43.800000,0.000000,12,15,17,19,29,38,45,48,56,63,100,44626,19,12,15.037048985117929,3.4402000019326806,104.45549996802583,35.060637296643215
1779028209,20,,Aggregated,42.600000,0.000000,12,15,17,19,29,38,45,48,56,63,100,44674,19,12,15.034033670816868,3.4402000019326806,104.45549996802583,35.05712494963513
1779028210,20,,Aggregated,43.100000,0.000000,12,15,17,19,29,38,45,48,56,63,100,44712,19,12,15.03712541846022,3.4402000019326806,104.45549996802583,35.05374396135266
1779028211,20,,Aggregated,43.100000,0.000000,12,15,17,19,29,38,45,48,56,63,100,44763,19,12,15.035489884732762,3.4402000019326806,104.45549996802583,35.05236467618346
1779028212,20,,Aggregated,42.500000,0.000000,12,15,17,19,29,38,45,48,56,63,100,44799,19,12,15.035602181084444,3.4402000019326806,104.45549996802583,35.050291301145116
1779028213,20,,Aggregated,42.600000,0.000000,12,15,17,19,29,38,45,48,56,63,100,44839,19,12,15.036719139819763,3.4402000019326806,104.45549996802583,35.04641049086732
1779028214,20,,Aggregated,42.900000,0.000000,12,15,17,19,29,38,45,48,56,63,100,44888,19,12,15.036312948014867,3.4402000019326806,104.45549996802583,35.04702815897345
1779028215,20,,Aggregated,42.500000,0.000000,12,15,17,19,29,38,45,48,56,63,100,44935,19,12,15.033769745421035,3.4402000019326806,104.45549996802583,35.04911538889507
1779028216,20,,Aggregated,42.800000,0.000000,12,15,17,19,29,38,45,48,56,63,100,44986,19,12,15.036869706365966,3.4402000019326806,104.45549996802583,35.04848174987774
1779028217,20,,Aggregated,43.200000,0.000000,12,15,17,19,29,38,45,48,56,63,100,45026,19,12,15.041276806968696,3.4402000019326806,104.45549996802583,35.044663083551725
1779028218,20,,Aggregated,42.900000,0.000000,12,15,17,19,29,38,45,48,56,63,100,45068,19,12,15.0447053166454,3.4402000019326806,104.45549996802583,35.045220555604864
1779028219,20,,Aggregated,44.400000,0.000000,12,15,17,19,29,38,45,48,56,63,100,45116,19,12,15.044204517474403,3.4402000019326806,104.45549996802583,35.042601294441
1779028220,20,,Aggregated,44.100000,0.000000,12,15,17,19,29,38,45,48,56,63,100,45165,19,12,15.046242971555678,3.4402000019326806,104.45549996802583,35.041669434296466
1779028221,20,,Aggregated,44.600000,0.000000,12,15,17,19,29,38,45,48,56,63,100,45212,19,12,15.044324829912673,3.4402000019326806,104.45549996802583,35.04317437848359
1779028222,20,,Aggregated,45.000000,0.000000,12,15,17,19,29,38,45,48,56,63,100,45260,19,12,15.047718831421069,3.4402000019326806,104.45549996802583,35.04109589041096
1779028223,20,,Aggregated,44.600000,0.000000,12,15,17,19,29,38,45,48,56,63,100,45313,19,12,15.052183333929108,3.4402000019326806,104.45549996802583,35.0359058106945
1779028224,20,,Aggregated,44.800000,0.000000,12,15,17,19,29,38,45,48,56,63,100,45353,19,12,15.055487623980085,3.4402000019326806,104.45549996802583,35.03726324609177
1779028225,20,,Aggregated,46.300000,0.000000,12,15,17,20,29,38,45,48,56,64,100,45405,19,12,15.059434991966944,3.4402000019326806,104.45549996802583,35.0383878427486
1779028226,20,,Aggregated,46.800000,0.000000,12,15,17,20,29,38,45,48,56,64,100,45454,19,12,15.062087178469191,3.4402000019326806,104.45549996802583,35.036586439037265
1779028227,20,,Aggregated,46.700000,0.000000,12,15,17,20,29,38,45,48,56,64,100,45498,19,12,15.061470071432186,3.4402000019326806,104.45549996802583,35.03872697700998
1779028228,20,,Aggregated,46.200000,0.000000,12,15,17,20,29,38,45,48,56,64,100,45544,19,12,15.065695016028505,3.4402000019326806,104.45549996802583,35.03701914632004
1779028229,20,,Aggregated,46.500000,0.000000,12,15,17,20,29,38,45,48,56,64,100,45589,19,12,15.063533811002745,3.4402000019326806,104.45549996802583,35.033122025049906
1779028230,20,,Aggregated,46.800000,0.000000,12,15,17,20,29,38,45,48,56,64,100,45632,19,12,15.06632274741104,3.4402000019326806,104.45549996802583,35.03094319775596
1779028231,20,,Aggregated,46.300000,0.000000,12,15,17,20,29,38,45,48,56,64,100,45677,19,12,15.065481049761758,3.4402000019326806,104.45549996802583,35.03259846312148
1779028232,20,,Aggregated,46.800000,0.000000,12,15,17,20,29,38,45,48,56,64,100,45722,19,12,15.065345341620965,3.4402000019326806,104.45549996802583,35.033375617864486
1779028233,20,,Aggregated,46.500000,0.000000,12,15,17,19,29,38,45,48,56,64,100,45778,19,12,15.064066355228457,3.4402000019326806,104.45549996802583,35.03787845690069
1779028234,20,,Aggregated,46.100000,0.000000,12,15,17,20,29,38,45,48,56,64,100,45818,19,12,15.067337762664256,3.4402000019326806,104.45549996802583,35.03719062377232
1779028235,20,,Aggregated,45.900000,0.000000,12,15,17,20,29,38,45,48,56,64,100,45858,19,12,15.068292660164621,3.4402000019326806,104.45549996802583,35.03744166775699
1779028236,20,,Aggregated,45.500000,0.000000,12,15,17,19,29,38,45,48,56,64,100,45900,19,12,15.065898368404447,3.4402000019326806,104.45549996802583,35.03749455337691
1779028237,20,,Aggregated,45.200000,0.000000,12,15,17,19,29,38,45,48,56,64,100,45946,19,12,15.066963163487987,3.4402000019326806,104.45549996802583,35.040068776389674
1779028238,20,,Aggregated,45.500000,0.000000,12,15,17,19,29,38,45,48,56,64,100,45991,19,12,15.065001900577586,3.4402000019326806,104.45549996802583,35.039659933465245
1779028239,20,,Aggregated,44.400000,0.000000,12,15,17,19,29,38,45,48,56,64,100,46035,19,12,15.063353539903744,3.4402000019326806,104.45549996802583,35.03690670142283
1779028240,20,,Aggregated,44.200000,0.000000,12,15,17,19,29,38,45,48,56,64,100,46078,19,12,15.063208937230463,3.4402000019326806,104.45549996802583,35.03876036286297
1779028241,20,,Aggregated,44.600000,0.000000,12,15,17,19,29,38,45,48,56,64,100,46122,19,12,15.063206801736182,3.4402000019326806,104.45549996802583,35.03609990893717
1779028242,20,,Aggregated,43.900000,0.000000,12,15,17,19,29,38,45,48,56,64,100,46167,19,12,15.062214610208192,3.4402000019326806,104.45549996802583,35.03764593757446
1779028243,20,,Aggregated,44.100000,0.000000,12,15,17,19,29,38,45,48,56,64,100,46211,19,12,15.064907117554716,3.4402000019326806,104.45549996802583,35.03821600917531
1779028244,20,,Aggregated,43.900000,0.000000,12,15,17,19,29,38,45,48,56,64,100,46250,19,12,15.066113630473312,3.4402000019326806,104.45549996802583,35.04064864864865
1779028245,20,,Aggregated,43.500000,0.000000,12,15,17,19,29,38,45,48,56,64,100,46295,19,12,15.067327063600239,3.4402000019326806,104.45549996802583,35.04136515822443
1779028246,20,,Aggregated,43.400000,0.000000,12,15,17,19,29,38,45,48,56,64,100,46341,19,12,15.071723508543949,3.4402000019326806,104.45549996802583,35.043287801299066
1779028247,20,,Aggregated,43.000000,0.000000,12,15,17,19,29,38,45,48,56,64,100,46383,19,12,15.072002179880094,3.4402000019326806,104.45549996802583,35.04452062177953
1779028248,20,,Aggregated,43.000000,0.000000,12,15,17,19,29,38,45,48,56,64,100,46428,19,12,15.073596351540326,3.4402000019326806,104.45549996802583,35.04389592487292
1779028249,20,,Aggregated,43.500000,0.000000,12,15,17,19,29,38,45,48,56,64,100,46474,19,12,15.074885912754741,3.4402000019326806,104.45549996802583,35.04167921848776
1779028250,20,,Aggregated,43.300000,0.000000,12,15,17,20,29,38,45,48,56,64,100,46523,19,12,15.075759074209927,3.4402000019326806,104.45549996802583,35.040453109214795
1779028251,20,,Aggregated,43.500000,0.000000,12,15,17,20,29,38,45,48,56,64,100,46567,19,12,15.075594599382617,3.4402000019326806,104.45549996802583,35.03721519530998
1779028252,20,,Aggregated,43.600000,0.000000,12,15,17,19,29,38,45,48,56,64,100,46610,19,12,15.074679706279579,3.4402000019326806,104.45549996802583,35.03467067152972
1779028253,20,,Aggregated,43.800000,0.000000,12,15,17,19,29,38,45,48,56,64,100,46661,19,12,15.075769660093167,3.4402000019326806,104.45549996802583,35.035704335526454
1779028254,20,,Aggregated,44.100000,0.000000,12,15,17,19,29,38,45,48,56,64,100,46701,19,12,15.076171720296564,3.4402000019326806,104.45549996802583,35.03396072889232
1779028255,20,,Aggregated,43.800000,0.000000,12,15,17,19,29,38,45,48,56,64,100,46747,19,12,15.078076552711932,3.4402000019326806,104.45549996802583,35.033392517166874
1779028256,20,,Aggregated,44.500000,0.000000,12,15,17,19,29,38,45,48,56,64,100,46790,19,12,15.079548568275227,3.4402000019326806,104.45549996802583,35.03393887582817
1779028257,20,,Aggregated,44.800000,0.000000,12,15,17,19,29,38,45,48,56,64,100,46836,19,12,15.08186672238795,3.4402000019326806,104.45549996802583,35.03433256469383
1779028258,20,,Aggregated,44.900000,0.000000,12,15,17,19,29,38,45,48,56,64,100,46876,19,12,15.080862930064002,3.4402000019326806,104.45549996802583,35.034708592883355
1779028259,20,,Aggregated,44.500000,0.000000,12,15,17,19,29,38,45,48,56,64,100,46918,19,12,15.078490948240875,3.4402000019326806,104.45549996802583,35.03821561021356
1779028261,20,,Aggregated,44.300000,0.000000,12,15,17,19,29,38,45,48,56,64,100,46963,19,12,15.079933266819998,3.4402000019326806,104.45549996802583,35.03945659348849
1779028262,20,,Aggregated,44.100000,0.000000,12,15,17,19,29,38,45,48,56,64,100,47008,19,12,15.080315044452266,3.4402000019326806,104.45549996802583,35.0417163036079
1779028263,20,,Aggregated,44.100000,0.000000,12,15,17,19,29,38,45,48,56,64,100,47052,19,12,15.08217263260924,3.4402000019326806,104.45549996802583,35.04184731786109
1779028264,20,,Aggregated,43.700000,0.000000,12,15,17,19,29,38,45,48,56,64,100,47095,19,12,15.084396405341797,3.4402000019326806,104.45549996802583,35.04089606115299
1779028265,20,,Aggregated,44.200000,0.000000,12,15,17,19,29,38,45,48,56,64,100,47135,19,12,15.085693185730513,3.3212999696843326,104.45549996802583,35.041179590537816
1779028266,20,,Aggregated,44.200000,0.000000,12,15,17,20,29,38,45,48,56,64,100,47187,19,12,15.089918653640122,3.3212999696843326,104.45549996802583,35.04249051645581
1779028267,20,,Aggregated,43.200000,0.000000,12,15,17,19,29,38,45,48,56,64,100,47232,19,12,15.088921508923928,3.3212999696843326,104.45549996802583,35.04501185636856
1779028268,20,,Aggregated,43.200000,0.000000,12,15,17,20,29,38,45,48,56,64,100,47280,19,12,15.090665992161714,3.3212999696843326,104.45549996802583,35.04392978003384
1779028269,20,,Aggregated,43.900000,0.000000,12,15,17,20,29,38,45,48,56,64,100,47328,19,12,15.090407528512538,3.3212999696843326,104.45549996802583,35.045491041244084
1779028270,20,,Aggregated,44.400000,0.000000,12,15,17,20,29,38,45,48,56,64,100,47371,19,12,15.090787059792461,3.3212999696843326,104.45549996802583,35.04644191594013
1779028271,20,,Aggregated,44.700000,0.000000,12,15,17,20,29,38,45,48,56,64,100,47421,19,12,15.093427224416878,3.3212999696843326,104.45549996802583,35.043018915670274
1779028272,20,,Aggregated,45.100000,0.000000,12,15,17,20,29,38,45,48,56,64,100,47465,19,12,15.092273424820025,3.3212999696843326,104.45549996802583,35.043990308648475
1779028273,20,,Aggregated,45.100000,0.000000,12,15,17,20,29,38,45,48,56,64,100,47506,19,12,15.092958893806612,3.3212999696843326,104.45549996802583,35.044878541657894
1779028274,20,,Aggregated,45.600000,0.000000,12,15,17,20,29,38,45,48,56,64,100,47551,19,12,15.094263674989561,3.3212999696843326,104.45549996802583,35.045572122563144
1779028275,20,,Aggregated,45.400000,0.000000,12,15,17,20,29,38,45,48,56,64,100,47596,19,12,15.09597371017119,3.3212999696843326,104.45549996802583,35.04504580216825
1779028276,20,,Aggregated,44.900000,0.000000,12,15,17,20,29,38,45,48,56,64,100,47641,19,12,15.096032117490255,3.3212999696843326,104.45549996802583,35.04153985012909
1779028277,20,,Aggregated,45.700000,0.000000,12,15,17,20,29,38,45,48,56,64,100,47689,19,12,15.094662805034707,3.3212999696843326,104.45549996802583,35.04470632640651
1779028278,20,,Aggregated,45.100000,0.000000,12,15,17,20,29,38,45,48,56,64,100,47740,19,12,15.094394185368404,3.3212999696843326,104.45549996802583,35.04514034352744
1779028279,20,,Aggregated,45.100000,0.000000,12,15,17,20,29,38,45,48,56,64,100,47782,19,12,15.093770836494766,3.3212999696843326,104.45549996802583,35.04261018793688
1779028280,20,,Aggregated,45.200000,0.000000,12,15,17,20,29,38,45,48,56,64,100,47830,19,12,15.094993155122848,3.3212999696843326,104.45549996802583,35.0406439473134
1779028281,20,,Aggregated,45.300000,0.000000,12,15,17,20,29,38,45,48,56,64,100,47876,19,12,15.094765805612695,3.3212999696843326,104.45549996802583,35.04187902080374
1779028282,20,,Aggregated,45.300000,0.000000,12,15,17,20,29,38,45,48,56,64,100,47914,19,12,15.096053458475666,3.3212999696843326,104.45549996802583,35.03975873439913
1779028283,20,,Aggregated,45.000000,0.000000,12,15,17,20,29,38,45,48,56,64,100,47966,19,12,15.098226714946804,3.3212999696843326,104.45549996802583,35.040236834424384
1779028284,20,,Aggregated,44.600000,0.000000,12,15,17,20,29,38,45,48,56,64,100,48010,19,12,15.099617640262439,3.3212999696843326,104.45549996802583,35.036992293272235
1779028285,20,,Aggregated,44.900000,0.000000,12,15,17,20,29,38,45,48,56,64,100,48058,19,12,15.09946928313504,3.3212999696843326,104.45549996802583,35.03581089516834
1779028286,20,,Aggregated,46.100000,0.000000,12,15,17,20,29,38,45,48,56,64,100,48114,19,12,15.101748738595811,3.3212999696843326,104.45549996802583,35.0364966537806
1779028287,20,,Aggregated,46.100000,0.000000,12,15,17,20,29,38,45,48,56,64,100,48150,19,12,15.10478818502136,3.3212999696843326,104.45549996802583,35.034745586708205
1779028288,20,,Aggregated,46.800000,0.000000,12,15,17,20,29,38,45,48,56,64,100,48197,19,12,15.103213391052952,3.3212999696843326,104.45549996802583,35.03767869369463
1779028289,20,,Aggregated,46.100000,0.000000,12,15,17,20,29,38,45,48,56,64,100,48242,19,12,15.102820030440663,3.3212999696843326,104.45549996802583,35.03747771651258
1779028290,20,,Aggregated,45.700000,0.000000,12,15,17,20,29,38,45,48,56,64,100,48283,19,12,15.105562978869752,3.3212999696843326,104.45549996802583,35.03696953379036
1779028291,20,,Aggregated,45.700000,0.000000,12,15,17,20,29,38,45,48,56,64,100,48333,19,12,15.103817230648168,3.3212999696843326,104.45549996802583,35.03949682411603
1779028292,20,,Aggregated,45.600000,0.000000,12,15,17,20,29,38,45,48,56,64,100,48373,19,12,15.104334715829669,3.3212999696843326,104.45549996802583,35.039195418932046
1779028293,20,,Aggregated,44.900000,0.000000,12,15,17,20,29,38,45,48,56,64,100,48419,19,12,15.105059489228994,3.3212999696843326,104.45549996802583,35.04014952807782
1779028294,20,,Aggregated,45.500000,0.000000,12,15,17,20,29,38,45,48,56,64,100,48465,19,12,15.105908224679828,3.3212999696843326,104.45549996802583,35.04050345610234
1779028295,20,,Aggregated,45.200000,0.000000,12,15,17,20,29,38,45,48,56,64,100,48509,19,12,15.105629516360665,3.3212999696843326,104.45549996802583,35.03947721041456
1779028296,20,,Aggregated,44.600000,0.000000,12,15,17,20,29,38,45,48,56,64,100,48557,19,12,15.107404228212271,3.3212999696843326,104.45549996802583,35.03750231686472
1779028297,20,,Aggregated,44.700000,0.000000,12,15,17,20,29,38,45,48,56,64,100,48600,19,12,15.109358872619932,3.3212999696843326,104.45549996802583,35.035308641975305
1779028298,20,,Aggregated,43.900000,0.000000,12,15,17,20,29,38,45,48,56,64,100,48643,19,12,15.111571710407484,3.3212999696843326,104.45549996802583,35.03375614168534
1779028299,20,,Aggregated,44.600000,0.000000,12,15,17,20,29,38,45,48,56,64,100,48688,19,12,15.110638368988086,3.3212999696843326,104.45549996802583,35.03598422609267
1779028300,20,,Aggregated,44.100000,0.000000,12,15,17,20,29,38,45,48,56,64,100,48730,19,12,15.11119225137038,3.3212999696843326,104.45549996802583,35.03660989123743
1779028301,20,,Aggregated,44.600000,0.000000,12,15,17,20,29,38,45,48,56,64,100,48775,19,12,15.112234027865322,3.3212999696843326,104.45549996802583,35.03563300871348
1779028302,20,,Aggregated,44.300000,0.000000,12,15,17,20,29,38,45,48,56,64,100,48814,19,12,15.110925546136333,3.3212999696843326,104.45549996802583,35.03734584340558
1779028303,20,,Aggregated,44.500000,0.000000,12,15,17,20,29,38,45,48,56,64,100,48867,19,12,15.111014312504782,3.3212999696843326,104.45549996802583,35.034501811038126
1779028304,20,,Aggregated,44.000000,0.000000,12,15,17,20,29,38,45,48,56,64,100,48910,19,12,15.110678178469554,3.3212999696843326,104.45549996802583,35.03678184420364
1779028305,20,,Aggregated,44.300000,0.000000,12,15,17,20,29,38,45,48,56,64,100,48953,19,12,15.11361463054658,3.3212999696843326,104.45549996802583,35.03703552386983
1779028306,20,,Aggregated,44.900000,0.000000,12,15,17,20,29,38,45,48,56,64,100,48996,19,12,15.115426118648985,3.3212999696843326,104.45549996802583,35.038574577516535
1779028307,20,,Aggregated,44.300000,0.000000,12,15,17,20,29,38,45,48,56,64,100,49035,19,12,15.116639367990723,3.3212999696843326,104.45549996802583,35.039991842561435
1779028308,20,,Aggregated,43.600000,0.000000,12,15,17,20,29,38,45,48,56,64,100,49076,19,12,15.116433444244443,3.3212999696843326,104.45549996802583,35.03822642432146
1779028309,20,,Aggregated,43.700000,0.000000,12,15,17,20,29,38,45,48,56,64,100,49119,19,12,15.115171396189748,3.3212999696843326,104.45549996802583,35.03762291577597
1779028310,20,,Aggregated,43.400000,0.000000,12,15,17,20,29,38,45,48,56,64,100,49172,19,12,15.118440911686813,3.3212999696843326,104.45549996802583,35.03497925648743
1779028311,20,,Aggregated,43.000000,0.000000,12,15,17,20,29,38,45,48,56,64,100,49219,19,12,15.120078579597752,3.3212999696843326,104.45549996802583,35.03378776488754
1779028312,20,,Aggregated,43.000000,0.000000,12,15,17,20,29,38,45,48,56,64,100,49268,19,12,15.120550138206234,3.3212999696843326,104.45549996802583,35.03454574977673
1779028313,20,,Aggregated,44.100000,0.000000,12,15,17,20,29,38,45,48,56,64,100,49314,19,12,15.123478630997075,3.3212999696843326,104.45549996802583,35.0338240661881
1779028314,20,,Aggregated,45.200000,0.000000,12,15,17,20,29,38,45,48,56,64,100,49357,19,12,15.124746447496689,3.3212999696843326,104.45549996802583,35.03324756366878
1779028315,20,,Aggregated,44.700000,0.000000,12,15,17,20,29,38,45,48,56,64,100,49410,19,12,15.125262536101378,3.3212999696843326,104.45549996802583,35.036490588949604
1779028316,20,,Aggregated,44.600000,0.000000,12,15,17,20,29,38,45,48,56,64,100,49455,19,12,15.125193236450187,3.3212999696843326,104.45549996802583,35.03827722171671
1779028317,20,,Aggregated,45.200000,0.000000,12,15,17,20,29,38,45,48,56,64,100,49502,19,12,15.127399990076587,3.3212999696843326,104.45549996802583,35.03618035634924
1779028318,20,,Aggregated,45.800000,0.000000,12,15,17,20,29,38,45,48,56,64,100,49550,19,12,15.126754752948587,3.3212999696843326,104.45549996802583,35.03630676084763
1779028319,20,,Aggregated,45.900000,0.000000,12,15,17,20,29,38,45,48,56,64,100,49600,19,12,15.127305375172,3.3212999696843326,104.45549996802583,35.0373185483871
1779028320,20,,Aggregated,46.600000,0.000000,12,15,17,20,29,38,45,48,56,64,100,49641,19,12,15.126626879166057,3.3212999696843326,104.45549996802583,35.03652222960859
1779028321,20,,Aggregated,47.200000,0.000000,12,15,17,20,29,38,45,48,56,64,100,49684,19,12,15.127377920626149,3.3212999696843326,104.45549996802583,35.03950970131229
1779028322,20,,Aggregated,47.700000,0.000000,12,15,17,20,29,38,45,48,56,64,100,49727,19,12,15.126710109373892,3.3212999696843326,104.45549996802583,35.039676634423955
1779028323,20,,Aggregated,46.400000,0.000000,12,15,17,20,29,38,45,48,56,64,100,49768,19,12,15.13007178123985,3.3212999696843326,104.45549996802583,35.03974441408134
1779028324,20,,Aggregated,45.400000,0.000000,12,15,17,20,29,38,45,48,56,64,100,49810,19,12,15.129353138104458,3.3212999696843326,104.45549996802583,35.03866693435053
1779028325,20,,Aggregated,45.500000,0.000000,12,15,17,20,29,38,45,48,56,64,100,49850,19,12,15.134395679219372,3.3212999696843326,104.45549996802583,35.040962888665995
1779028326,20,,Aggregated,45.000000,0.000000,12,15,17,20,29,38,45,48,56,64,100,49890,19,12,15.137848434736906,3.3212999696843326,104.45549996802583,35.04221286831028
1779028327,20,,Aggregated,44.100000,0.000000,12,15,17,20,29,38,45,48,56,64,100,49940,19,12,15.14047095532156,3.3212999696843326,104.45549996802583,35.043111734080895
1779028328,20,,Aggregated,43.800000,0.000000,12,15,17,20,29,38,45,48,56,64,100,49985,19,12,15.14353587293439,3.3212999696843326,104.45549996802583,35.04265279583875
1779028329,20,,Aggregated,43.700000,0.000000,12,15,17,20,29,38,45,48,56,63,100,50026,19,12,15.142746082213414,3.3212999696843326,104.45549996802583,35.04447687202654
1779028330,20,,Aggregated,43.600000,0.000000,12,15,17,20,29,38,45,48,56,63,100,50072,19,12,15.141759812044183,3.3212999696843326,104.45549996802583,35.04615353890398
1779028331,20,,Aggregated,43.000000,0.000000,12,15,17,20,29,38,45,48,56,63,100,50124,19,12,15.14192033374158,3.3212999696843326,104.45549996802583,35.043452238448644
1779028332,20,,Aggregated,42.700000,0.000000,12,15,17,20,29,38,45,48,56,63,100,50171,19,12,15.14157253211313,3.3212999696843326,104.45549996802583,35.045225329373544
1779028333,20,,Aggregated,43.300000,0.000000,12,15,17,20,29,38,45,48,56,63,100,50215,19,12,15.14205800873597,3.3212999696843326,104.45549996802583,35.04693816588669
1779028334,20,,Aggregated,44.100000,0.000000,12,15,17,20,29,38,45,48,56,63,100,50261,19,12,15.14379418452813,3.3212999696843326,104.45549996802583,35.04669624559798
1779028335,20,,Aggregated,44.300000,0.000000,12,15,18,20,29,38,45,48,56,63,100,50300,19,12,15.145603260603988,3.3212999696843326,104.45549996802583,35.04675944333996
1779028336,20,,Aggregated,44.200000,0.000000,12,15,18,20,29,38,45,48,56,63,100,50341,19,12,15.14908422177664,3.3212999696843326,104.45549996802583,35.04600623746052
1779028337,20,,Aggregated,44.800000,0.000000,12,15,18,20,29,38,45,48,56,63,100,50383,19,12,15.152013316165656,3.3212999696843326,104.45549996802583,35.04582895024115
1779028338,20,,Aggregated,44.700000,0.000000,12,15,18,20,29,38,45,48,56,63,100,50429,19,12,15.1529676437866,3.3212999696843326,104.45549996802583,35.048920264133734
1779028339,20,,Aggregated,44.100000,0.000000,12,15,18,20,29,38,45,48,56,63,100,50480,19,12,15.148881178854953,3.3212999696843326,104.45549996802583,35.05083201267829
1779028340,20,,Aggregated,43.600000,0.000000,12,15,18,20,29,38,45,48,56,63,100,50520,19,12,15.15245895305613,3.3212999696843326,104.45549996802583,35.04736737925574
1779028341,20,,Aggregated,44.200000,0.000000,12,15,18,20,29,38,45,48,56,63,100,50561,19,12,15.150478827720454,3.3212999696843326,104.45549996802583,35.04701251953087
1779028342,20,,Aggregated,44.300000,0.000000,12,15,18,20,29,38,45,48,56,63,100,50605,19,12,15.149313127323177,3.3212999696843326,104.45549996802583,35.04602312024503
1779028343,20,,Aggregated,43.800000,0.000000,12,15,18,20,29,38,45,48,56,63,100,50649,19,12,15.148196438398207,3.3212999696843326,104.45549996802583,35.04631878220695
1779028344,20,,Aggregated,43.000000,0.000000,12,15,18,20,29,38,45,48,56,63,100,50692,19,12,15.148971618967245,3.3212999696843326,104.45549996802583,35.04556932060286
1779028345,20,,Aggregated,43.200000,0.000000,12,15,18,20,29,38,45,48,56,63,100,50746,19,12,15.149465148163781,3.3212999696843326,104.45549996802583,35.04585583100146
1779028346,20,,Aggregated,43.200000,0.000000,12,15,18,20,29,38,45,48,56,63,100,50789,19,12,15.150052997871185,3.3212999696843326,104.45549996802583,35.04367087361437
1779028347,20,,Aggregated,42.900000,0.000000,12,15,18,20,29,38,45,48,56,63,100,50834,19,12,15.152410243318537,3.3212999696843326,104.45549996802583,35.04052405870087
1779028348,20,,Aggregated,43.500000,0.000000,12,15,18,20,29,38,45,48,56,63,100,50876,19,12,15.154627533782206,3.3212999696843326,104.45549996802583,35.041158896139635
1779028349,20,,Aggregated,44.600000,0.000000,12,15,18,20,29,38,45,48,56,63,100,50918,19,12,15.152939021736907,3.3212999696843326,104.45549996802583,35.03788444165128
1779028350,20,,Aggregated,44.600000,0.000000,12,15,18,20,29,38,45,48,56,63,100,50964,19,12,15.155278172999699,3.3212999696843326,104.45549996802583,35.03582921277765
1779028351,20,,Aggregated,44.000000,0.000000,12,15,18,20,29,38,45,48,56,63,100,51007,19,12,15.155434483671387,3.3212999696843326,104.45549996802583,35.03713215833121
1779028352,20,,Aggregated,43.900000,0.000000,12,15,18,20,29,38,45,48,56,63,100,51049,19,12,15.157403001204795,3.3212999696843326,104.45549996802583,35.0357303766969
1779028353,20,,Aggregated,43.700000,0.000000,12,15,18,20,29,38,45,48,56,63,100,51100,19,12,15.15654945222537,3.3212999696843326,104.45549996802583,35.04068493150685
1779028354,20,,Aggregated,44.600000,0.000000,12,15,18,20,29,38,45,48,56,63,100,51144,20,12,15.15709962671231,3.3212999696843326,104.45549996802583,35.040884561238855
1779028355,20,,Aggregated,44.100000,0.000000,12,15,18,20,29,38,45,48,56,63,100,51195,20,12,15.158399463006237,3.3212999696843326,104.45549996802583,35.037894325617735
1779028356,20,,Aggregated,44.500000,0.000000,12,15,18,20,29,38,45,48,56,63,100,51237,20,12,15.158642278212449,3.3212999696843326,104.45549996802583,35.038116985772
1779028357,20,,Aggregated,45.200000,0.100000,12,15,18,20,29,38,45,48,56,63,100,51287,20,12,15.158710486259418,3.3212999696843326,104.45549996802583,35.03934720299491
1779028358,20,,Aggregated,44.900000,0.100000,12,15,18,20,29,38,45,48,56,63,100,51329,20,12,15.15903747606167,3.3212999696843326,104.45549996802583,35.038126595102185
1779028359,20,,Aggregated,45.000000,0.100000,12,15,18,20,29,38,45,48,56,63,100,51372,20,12,15.157860250892796,3.3212999696843326,104.45549996802583,35.0401969944717
1779028360,20,,Aggregated,45.200000,0.100000,12,15,18,20,29,38,45,48,56,63,100,51422,20,12,15.159129248356198,3.3212999696843326,104.45549996802583,35.03902998716503
1779028361,20,,Aggregated,44.900000,0.100000,12,15,18,20,29,38,45,48,56,63,100,51473,20,12,15.160735123441734,3.3212999696843326,104.45549996802583,35.03749538593049
1779028362,20,,Aggregated,45.300000,0.100000,12,15,18,20,29,38,45,48,56,63,100,51516,20,12,15.159248095906051,3.3212999696843326,104.45549996802583,35.03911406165075
1779028363,20,,Aggregated,45.800000,0.100000,12,15,18,20,29,38,45,48,56,63,100,51552,20,12,15.160389740622275,3.3212999696843326,104.45549996802583,35.03867939168219
1779028364,20,,Aggregated,46.200000,0.100000,12,15,18,20,29,38,45,48,56,63,100,51601,20,12,15.161953359596506,3.3212999696843326,104.45549996802583,35.03786748318831
1779028365,20,,Aggregated,45.700000,0.100000,12,15,18,20,29,38,45,48,56,63,100,51642,20,12,15.162148933206257,3.3212999696843326,104.45549996802583,35.037972967739435
1779028366,20,,Aggregated,45.500000,0.100000,12,15,18,20,29,38,45,48,56,63,100,51689,20,12,15.16574419138594,3.3212999696843326,104.45549996802583,35.035984445433265
1779028367,20,,Aggregated,45.100000,0.000000,12,15,18,20,29,38,45,48,56,63,100,51732,20,12,15.168223018798379,3.3212999696843326,104.45549996802583,35.03864145983144
1779028368,20,,Aggregated,44.900000,0.000000,12,15,18,20,29,38,45,48,56,63,100,51774,20,12,15.16812658493851,3.3212999696843326,104.45549996802583,35.03787615405416
1779028369,20,,Aggregated,44.200000,0.000000,12,15,18,20,29,38,45,48,56,63,100,51826,20,12,15.165513184667104,3.3212999696843326,104.45549996802583,35.038532782773125
1779028370,20,,Aggregated,43.900000,0.000000,12,15,18,20,29,38,45,48,56,63,100,51872,20,12,15.165986725176262,3.3212999696843326,104.45549996802583,35.040754164096235
1779028371,20,,Aggregated,44.100000,0.000000,12,15,18,20,29,38,45,48,56,63,100,51921,20,12,15.169089033498581,3.3212999696843326,104.45549996802583,35.037364457541265
1779028372,20,,Aggregated,44.600000,0.000000,12,15,18,20,29,38,45,48,56,63,100,51965,20,12,15.169521262546416,3.3212999696843326,104.45549996802583,35.038044837871645
1779028373,20,,Aggregated,45.200000,0.000000,12,15,18,20,29,38,45,48,56,63,100,52007,20,12,15.170971650129422,3.3212999696843326,104.45549996802583,35.03891783798335
1779028374,20,,Aggregated,43.700000,0.000000,12,15,18,20,29,38,45,48,56,63,100,52055,20,12,15.173068352860538,3.3212999696843326,104.45549996802583,35.037652482950726
1779028375,20,,Aggregated,45.000000,0.000000,12,15,18,20,29,38,45,48,56,63,100,52106,20,12,15.175267504855073,3.3212999696843326,104.45549996802583,35.03780754615591
1779028376,20,,Aggregated,44.900000,0.000000,12,15,18,20,29,38,45,48,56,63,100,52147,20,12,15.176727984505796,3.3212999696843326,104.45549996802583,35.03785452662665
1779028377,20,,Aggregated,44.700000,0.000000,12,15,18,20,29,38,45,48,56,63,100,52191,20,12,15.176773127705582,3.3212999696843326,104.45549996802583,35.04067751144834
1779028378,20,,Aggregated,45.500000,0.000000,12,15,18,20,29,38,45,48,56,63,100,52239,20,12,15.177008375123735,3.3212999696843326,104.45549996802583,35.04104213327208
1779028379,20,,Aggregated,45.300000,0.000000,12,15,18,20,29,38,45,48,56,63,100,52284,20,12,15.17584061104547,3.3212999696843326,104.45549996802583,35.039055925330885
1779028380,20,,Aggregated,45.900000,0.000000,12,15,18,20,29,38,45,48,56,63,100,52328,20,12,15.17824723872738,3.3212999696843326,104.45549996802583,35.03953906130561
1779028381,20,,Aggregated,46.200000,0.000000,12,15,18,20,29,38,45,48,56,63,100,52368,20,12,15.176125662775009,3.3212999696843326,104.45549996802583,35.0408264589062
1779028382,20,,Aggregated,45.500000,0.000000,12,15,18,20,29,38,45,48,56,63,100,52416,20,12,15.175682785948961,3.3212999696843326,104.45549996802583,35.04347909035409
1779028383,20,,Aggregated,44.700000,0.000000,12,15,18,20,29,38,45,48,56,63,100,52462,20,12,15.175458333809061,3.3212999696843326,104.45549996802583,35.04380313369677
1779028384,20,,Aggregated,45.000000,0.000000,12,15,18,20,29,38,45,48,56,63,100,52510,20,12,15.179181373228982,3.3212999696843326,104.45549996802583,35.04201104551514
1779028385,20,,Aggregated,44.600000,0.000000,12,15,18,20,29,38,45,48,56,63,100,52561,20,12,15.179396073287682,3.3212999696843326,104.45549996802583,35.042997659861875
1779028386,20,,Aggregated,44.800000,0.000000,12,15,18,20,29,38,45,48,56,63,100,52610,20,12,15.177708650600653,3.3212999696843326,104.45549996802583,35.0440600646265
1779028387,20,,Aggregated,45.500000,0.000000,12,15,18,20,29,38,45,48,56,63,100,52655,21,12,15.17957715712055,3.3212999696843326,104.45549996802583,35.04411736777134
1779028388,20,,Aggregated,45.200000,0.000000,12,15,18,20,29,38,45,48,56,63,100,52700,21,12,15.18004373070608,3.3212999696843326,104.45549996802583,35.04474383301708
1779028389,20,,Aggregated,46.000000,0.000000,12,15,18,20,29,38,45,48,56,63,100,52741,21,12,15.180464765707399,3.3212999696843326,104.45549996802583,35.04529682789481
1779028390,20,,Aggregated,45.900000,0.100000,12,15,18,20,29,38,45,48,56,63,100,52789,21,12,15.181441874415844,3.3212999696843326,104.45549996802583,35.046051260679306
1779028391,20,,Aggregated,46.000000,0.100000,12,15,18,20,29,38,45,48,56,63,100,52825,21,12,15.182483042285094,3.3212999696843326,104.45549996802583,35.04545196403218
1779028392,20,,Aggregated,45.200000,0.100000,12,15,18,20,29,38,45,48,56,63,100,52871,21,12,15.183997286006155,3.3212999696843326,104.45549996802583,35.045412418906395
1779028393,20,,Aggregated,45.800000,0.100000,12,15,18,20,29,38,45,48,56,63,100,52923,21,12,15.182713208019885,3.3212999696843326,104.45549996802583,35.049997165693554
1779028395,20,,Aggregated,45.200000,0.100000,12,15,18,20,29,38,45,48,56,63,100,52971,21,12,15.183545530727626,3.3212999696843326,104.45549996802583,35.04859262615393
1779028396,20,,Aggregated,45.700000,0.100000,12,15,18,20,29,38,45,48,56,63,100,53020,21,12,15.184306771189599,3.3212999696843326,104.45549996802583,35.04966050546963
1779028397,20,,Aggregated,45.300000,0.100000,12,15,18,20,29,38,45,48,56,63,100,53064,21,12,15.18614978343903,3.3212999696843326,104.45549996802583,35.04901628222524
1779028398,20,,Aggregated,45.500000,0.100000,12,15,18,20,29,38,45,48,56,63,100,53111,21,12,15.189115428222328,3.3212999696843326,104.45549996802583,35.04611097512756
1779028399,20,,Aggregated,45.000000,0.100000,12,15,18,20,29,38,45,48,56,63,100,53154,21,12,15.190061066117385,3.3212999696843326,104.45549996802583,35.04678857658878
1779028400,20,,Aggregated,45.100000,0.000000,12,15,18,20,29,38,45,48,56,63,100,53200,21,12,15.18842260730304,3.3212999696843326,104.45549996802583,35.044812030075185
1779028401,20,,Aggregated,44.800000,0.000000,12,15,18,20,29,38,45,48,56,63,100,53241,21,12,15.189326466604669,3.3212999696843326,104.45549996802583,35.043237354670275
1779028402,20,,Aggregated,45.300000,0.000000,12,15,18,20,29,38,45,48,56,63,100,53285,21,12,15.18758544822234,3.3212999696843326,104.45549996802583,35.04008632823496
1779028403,20,,Aggregated,44.700000,0.000000,12,15,18,20,29,38,45,48,56,63,100,53337,21,12,15.189817325840538,3.3212999696843326,104.45549996802583,35.04302829180494
1779028404,20,,Aggregated,45.600000,0.000000,12,15,18,20,29,38,45,48,56,63,100,53382,21,12,15.191335236751089,3.3212999696843326,104.45549996802583,35.04239256678281
1779028405,20,,Aggregated,45.800000,0.000000,12,15,18,20,29,38,45,48,56,63,100,53426,21,12,15.191647001610816,3.3212999696843326,104.45549996802583,35.0458765395126
1779028406,20,,Aggregated,45.600000,0.000000,12,15,18,20,29,38,45,48,56,63,100,53472,21,12,15.194129221051806,3.3212999696843326,104.45549996802583,35.04157315978456
1779028407,20,,Aggregated,45.100000,0.000000,12,15,18,20,29,38,45,48,56,63,100,53512,21,12,15.19599502369438,3.3212999696843326,104.45549996802583,35.04070115114367
1779028408,20,,Aggregated,45.000000,0.000000,12,15,18,20,29,38,45,48,56,63,100,53553,21,12,15.196362932197278,3.3212999696843326,104.45549996802583,35.03837320038093
1779028409,20,,Aggregated,44.600000,0.000000,12,15,18,20,29,38,45,48,56,63,100,53601,21,12,15.196574787933438,3.3212999696843326,104.45549996802583,35.04009253558702
1779028410,20,,Aggregated,44.000000,0.000000,12,15,18,20,29,38,45,48,56,63,100,53644,21,12,15.196564959878739,3.3212999696843326,104.45549996802583,35.040787413317425
1779028411,20,,Aggregated,44.200000,0.000000,12,15,18,20,29,38,45,48,56,63,100,53686,21,12,15.196482369852692,3.3212999696843326,104.45549996802583,35.04196624818388
1779028412,20,,Aggregated,44.300000,0.000000,12,15,18,20,29,38,45,48,56,63,100,53731,21,12,15.193895539032082,3.3212999696843326,104.45549996802583,35.04131693063594
1779028413,20,,Aggregated,44.000000,0.000000,12,15,18,20,29,38,45,48,56,63,100,53779,21,12,15.195677889278484,3.3212999696843326,104.45549996802583,35.04222837910709
1779028414,20,,Aggregated,44.000000,0.000000,12,15,18,20,29,38,45,48,56,63,100,53822,21,12,15.196285814497303,3.3212999696843326,104.45549996802583,35.04316078926833
1779028415,20,,Aggregated,43.800000,0.000000,12,15,18,20,29,38,45,48,56,63,100,53865,21,12,15.197950760377205,3.3212999696843326,104.45549996802583,35.04184535412605
1779028416,20,,Aggregated,43.700000,0.000000,12,15,18,20,29,38,45,48,56,63,100,53905,21,12,15.198220528850785,3.3212999696843326,104.45549996802583,35.0438734811242
1779028417,20,,Aggregated,43.700000,0.000000,12,15,18,20,29,38,45,48,56,63,100,53955,21,12,15.199803675423007,3.3212999696843326,104.45549996802583,35.04425910480956
1779028418,20,,Aggregated,43.000000,0.000000,12,15,18,20,29,38,45,48,56,63,100,54004,21,12,15.20336320841893,3.3212999696843326,104.45549996802583,35.04197837197245
1779028419,20,,Aggregated,43.300000,0.000000,12,15,18,20,29,38,45,48,56,63,100,54043,21,12,15.203666739584838,3.3212999696843326,104.45549996802583,35.03839535184945
1779028420,20,,Aggregated,44.600000,0.000000,12,15,18,20,29,38,45,48,56,63,100,54092,21,12,15.20641518537273,3.3212999696843326,104.45549996802583,35.03954374029431
1779028421,20,,Aggregated,44.100000,0.000000,12,15,18,20,29,38,45,48,56,63,100,54136,21,12,15.209610213302069,3.3212999696843326,104.45549996802583,35.03984409634993
1779028422,20,,Aggregated,44.600000,0.000000,12,15,18,20,29,38,45,48,56,63,100,54186,21,12,15.210795380854261,3.3212999696843326,104.45549996802583,35.035101317683534
1779028423,20,,Aggregated,44.700000,0.000000,12,15,18,20,29,38,45,48,56,63,100,54229,21,12,15.212696123970437,3.3212999696843326,104.45549996802583,35.03234431761604
1779028424,20,,Aggregated,45.000000,0.000000,12,15,18,20,29,38,45,48,56,63,100,54274,21,12,15.212410909583374,3.3212999696843326,104.45549996802583,35.034897004090354
1779028425,20,,Aggregated,45.100000,0.000000,12,15,18,20,29,38,45,48,56,63,100,54323,21,12,15.212600498993442,3.3212999696843326,104.45549996802583,35.03525210316072
1779028426,20,,Aggregated,44.800000,0.000000,12,15,18,20,29,38,45,48,56,63,100,54379,21,12,15.214851812400477,3.3212999696843326,104.45549996802583,35.03260449805991
1779028427,20,,Aggregated,45.300000,0.000000,12,15,18,20,29,38,45,48,56,63,100,54425,21,12,15.215358013899156,3.3212999696843326,104.45549996802583,35.03502067064768
1779028428,20,,Aggregated,46.800000,0.000000,12,15,18,20,29,38,45,48,56,63,100,54467,21,12,15.21674881683655,3.3212999696843326,104.45549996802583,35.03673784126168
1779028429,20,,Aggregated,46.800000,0.000000,12,15,18,20,29,38,45,48,56,63,100,54510,21,12,15.214987870236923,3.3212999696843326,104.45549996802583,35.03549807374794
1779028430,20,,Aggregated,46.200000,0.000000,12,15,18,20,29,38,45,48,56,63,100,54556,21,12,15.217089214874777,3.3212999696843326,104.45549996802583,35.03453332355745
1779028431,20,,Aggregated,45.900000,0.000000,12,15,18,20,29,38,45,48,56,63,100,54606,21,12,15.219633708871864,3.3212999696843326,104.45549996802583,35.03169981320734
1779028432,20,,Aggregated,45.600000,0.000000,12,15,18,20,29,38,45,48,56,63,100,54654,21,12,15.220045352706409,3.3212999696843326,104.45549996802583,35.03167197277418
1779028433,20,,Aggregated,46.400000,0.000000,12,15,18,20,29,38,45,48,56,63,100,54698,21,12,15.221406376959274,3.3212999696843326,104.45549996802583,35.02850195619584
1779028434,20,,Aggregated,46.500000,0.000000,12,15,18,20,29,38,45,48,56,63,100,54739,21,12,15.223072621109472,3.3212999696843326,104.45549996802583,35.02542976671112
1779028435,20,,Aggregated,46.600000,0.000000,12,15,18,20,29,38,45,48,56,63,100,54786,21,12,15.223407930986458,3.3212999696843326,104.45549996802583,35.02423976928412
1779028436,20,,Aggregated,45.900000,0.000000,12,15,18,20,29,38,45,48,56,63,100,54834,21,12,15.221935904868557,3.3212999696843326,104.45549996802583,35.026425210635736
1779028437,20,,Aggregated,45.700000,0.000000,12,15,18,20,29,38,45,48,56,63,100,54882,21,12,15.221954551721158,3.3212999696843326,104.45549996802583,35.02722204001312
1779028438,20,,Aggregated,45.100000,0.000000,12,15,18,20,29,38,45,48,56,63,100,54922,21,12,15.223723098348021,3.3212999696843326,104.45549996802583,35.02614617093332
1779028439,20,,Aggregated,45.200000,0.000000,12,15,18,20,29,38,45,48,56,63,100,54958,21,12,15.223076724179952,3.3212999696843326,104.45549996802583,35.02667491538993
1779028440,20,,Aggregated,44.800000,0.000000,12,15,18,20,29,38,45,48,56,63,100,55008,21,12,15.221078672331545,3.3212999696843326,104.45549996802583,35.0293048283886
1779028441,20,,Aggregated,45.200000,0.000000,12,15,18,20,29,38,45,48,56,63,100,55058,21,12,15.22174817297641,3.3212999696843326,104.45549996802583,35.03114897017691
1779028442,20,,Aggregated,45.300000,0.000000,12,15,18,20,29,38,45,48,56,63,100,55097,21,12,15.22010692610445,3.3212999696843326,104.45549996802583,35.03183476414324
1779028443,20,,Aggregated,44.800000,0.000000,12,15,18,20,29,38,45,48,56,64,100,55144,21,12,15.219820029510792,3.3212999696843326,104.45549996802583,35.032841288263455
1779028444,20,,Aggregated,44.400000,0.000000,12,15,18,20,29,38,45,48,56,64,100,55189,21,12,15.221258058807141,3.3212999696843326,104.45549996802583,35.03109315262099
1779028445,20,,Aggregated,43.600000,0.000000,12,15,18,20,29,38,45,48,56,64,100,55241,21,12,15.220256796716091,3.3212999696843326,104.45549996802583,35.03186039354827
1779028446,20,,Aggregated,44.700000,0.000000,12,15,18,20,29,38,45,48,56,64,100,55288,21,12,15.220007855361377,3.3212999696843326,104.45549996802583,35.03264722905513
1779028447,20,,Aggregated,45.600000,0.000000,12,15,18,20,29,38,45,48,56,64,100,55335,21,12,15.221419078474003,3.3212999696843326,104.45549996802583,35.035492906840155
1779028448,20,,Aggregated,45.200000,0.000000,12,15,18,20,29,38,45,48,56,64,100,55389,21,12,15.223578573490839,3.3212999696843326,104.45549996802583,35.03435700229287
1779028449,20,,Aggregated,45.500000,0.000000,12,15,18,20,29,38,45,48,56,64,100,55433,21,12,15.222617464451949,3.3212999696843326,104.45549996802583,35.032002597730596
1779028450,20,,Aggregated,46.200000,0.000000,12,15,18,20,29,38,45,48,56,64,100,55477,21,12,15.221380579465261,3.3212999696843326,104.45549996802583,35.03152657858212
1779028451,20,,Aggregated,46.600000,0.000000,12,15,18,20,29,38,45,48,56,64,100,55530,21,12,15.2216609941828,3.3212999696843326,104.45549996802583,35.0319106789123
1779028452,20,,Aggregated,46.700000,0.000000,12,15,18,20,29,38,45,48,56,64,100,55580,21,12,15.222837769109038,3.3212999696843326,104.45549996802583,35.03414897445124
1779028453,20,,Aggregated,46.700000,0.000000,12,15,18,20,29,38,45,48,56,64,100,55625,21,12,15.22374270933921,3.3212999696843326,104.45549996802583,35.035703370786514
1779028454,20,,Aggregated,47.200000,0.000000,12,15,18,20,29,38,45,48,56,64,100,55673,21,12,15.222751622990101,3.3212999696843326,104.45549996802583,35.032205916692114
1779028455,20,,Aggregated,47.900000,0.000000,12,15,18,20,29,38,45,48,56,64,100,55718,21,12,15.224889262118577,3.3212999696843326,104.45549996802583,35.02986467568829
1779028456,20,,Aggregated,48.500000,0.000000,12,15,18,20,29,38,45,48,56,64,100,55763,21,12,15.226469540852646,3.3212999696843326,104.45549996802583,35.028656994781485
1779028457,20,,Aggregated,47.700000,0.000000,12,15,18,20,29,38,45,48,56,64,100,55810,21,12,15.226116291106676,3.3212999696843326,104.45549996802583,35.03026339365705
1779028458,20,,Aggregated,46.900000,0.000000,12,15,18,20,29,38,45,48,56,64,100,55864,21,12,15.226623560911168,3.3212999696843326,104.45549996802583,35.03080695975942
1779028459,20,,Aggregated,47.000000,0.000000,12,15,18,20,29,38,45,48,56,64,100,55906,21,12,15.22426765654131,3.3212999696843326,104.45549996802583,35.03044395950345
1779028460,20,,Aggregated,46.700000,0.000000,12,15,18,20,29,38,45,48,56,64,100,55947,21,12,15.225598695309783,3.3212999696843326,104.45549996802583,35.03376409816433
1779028461,20,,Aggregated,47.000000,0.000000,12,15,18,20,29,38,45,48,56,64,100,55989,21,12,15.22678234665041,3.3212999696843326,104.45549996802583,35.03193484434443
1779028462,20,,Aggregated,46.500000,0.000000,12,15,18,20,29,38,45,48,56,64,100,56036,21,12,15.22641569181915,3.3212999696843326,104.45549996802583,35.03528089085588
1779028463,20,,Aggregated,46.400000,0.000000,12,15,18,20,29,38,45,48,56,64,100,56077,21,12,15.22959998050334,3.3212999696843326,104.45549996802583,35.03377498796298
1779028464,20,,Aggregated,45.900000,0.000000,12,15,18,20,29,38,45,48,56,64,100,56118,21,12,15.23079569133826,3.3212999696843326,104.45549996802583,35.03567482804091
1779028465,20,,Aggregated,45.100000,0.000000,12,15,18,20,29,38,45,48,56,64,100,56164,21,12,15.23320377300008,3.3212999696843326,104.45549996802583,35.03776440424471
1779028466,20,,Aggregated,44.400000,0.000000,12,15,18,20,29,38,45,48,56,64,100,56211,21,12,15.234572306254185,3.3212999696843326,104.45549996802583,35.03575812563377
1779028467,20,,Aggregated,44.200000,0.000000,12,15,18,20,29,38,45,48,56,64,100,56260,21,12,15.234938027140243,3.3212999696843326,104.45549996802583,35.035371489512976
1779028468,20,,Aggregated,44.200000,0.000000,12,15,18,20,29,38,45,48,56,64,100,56304,21,12,15.235225133332849,3.3212999696843326,104.45549996802583,35.03456237567491
1779028469,20,,Aggregated,44.800000,0.000000,12,15,18,20,29,38,45,48,56,64,100,56346,21,12,15.234595841892743,3.3212999696843326,104.45549996802583,35.03423490576083
1779028470,20,,Aggregated,44.500000,0.000000,12,15,18,20,29,38,45,48,56,64,100,56394,21,12,15.23577435555688,3.3212999696843326,104.45549996802583,35.035979004858675
1779028471,20,,Aggregated,44.500000,0.000000,12,15,18,20,29,38,45,48,56,64,100,56428,21,12,15.23501218202309,3.3212999696843326,104.45549996802583,35.03753455731197
1779028472,20,,Aggregated,44.100000,0.000000,12,15,18,20,29,38,45,48,56,64,100,56472,21,12,15.236869183087212,3.3212999696843326,104.45549996802583,35.03670845728857
1779028473,20,,Aggregated,43.500000,0.000000,12,15,18,20,29,38,45,48,56,64,100,56512,21,12,15.24027905590715,3.3212999696843326,104.45549996802583,35.03478907134768
1779028474,20,,Aggregated,43.400000,0.000000,12,15,18,20,29,38,45,48,56,64,100,56555,21,12,15.240366643215813,3.3212999696843326,104.45549996802583,35.033949252939614
1779028475,20,,Aggregated,43.600000,0.000000,12,15,18,20,29,38,45,48,56,64,100,56604,21,12,15.239136781979571,3.3212999696843326,104.45549996802583,35.03519185923256
1779028476,20,,Aggregated,43.100000,0.000000,12,15,18,20,29,38,45,48,56,64,100,56654,21,12,15.239734749661746,3.3212999696843326,104.45549996802583,35.034807780562716
1779028477,20,,Aggregated,43.200000,0.000000,12,15,18,20,29,38,45,48,57,65,100,56697,21,12,15.244103714615667,3.3212999696843326,104.45549996802583,35.03379367515036
1779028478,20,,Aggregated,44.000000,0.000000,12,15,18,20,29,38,45,48,57,65,100,56745,21,12,15.242928897832973,3.3212999696843326,104.45549996802583,35.034981055599616
1779028479,20,,Aggregated,43.200000,0.000000,12,15,18,20,29,38,45,48,57,65,100,56783,21,12,15.242172641591372,3.3212999696843326,104.45549996802583,35.03407710054066
1779028480,20,,Aggregated,43.900000,0.000000,12,15,18,20,29,38,45,48,57,65,100,56829,21,12,15.244150630970514,3.3212999696843326,104.45549996802583,35.035105315947845
1779028481,20,,Aggregated,43.000000,0.000000,12,15,18,20,29,38,45,48,57,65,100,56876,21,12,15.246921293826091,3.3212999696843326,104.45549996802583,35.03546311273648
1779028482,20,,Aggregated,43.400000,0.000000,12,15,18,20,29,38,45,48,57,65,100,56923,21,12,15.247704678386935,3.3212999696843326,104.45549996802583,35.03845545737224
1779028483,20,,Aggregated,44.100000,0.000000,12,15,18,20,29,38,45,48,57,65,100,56966,21,12,15.248001030574551,3.3212999696843326,104.45549996802583,35.03874240775199
1779028484,20,,Aggregated,44.800000,0.000000,12,15,18,20,29,38,45,48,57,65,100,57013,21,12,15.251806628445044,3.3212999696843326,104.45549996802583,35.03958746250855
1779028485,20,,Aggregated,45.100000,0.000000,12,15,18,20,29,38,45,48,57,65,100,57064,21,12,15.250572418820859,3.3212999696843326,104.45549996802583,35.04062105705874
1779028486,20,,Aggregated,45.800000,0.000000,12,15,18,20,29,38,45,48,57,65,100,57105,21,12,15.252509783862017,3.3212999696843326,104.45549996802583,35.03835040714473
1779028487,20,,Aggregated,45.400000,0.000000,12,15,18,20,29,38,45,48,57,65,100,57147,21,12,15.25341775259027,3.3212999696843326,104.45549996802583,35.03769226731062
1779028488,20,,Aggregated,45.300000,0.000000,12,15,18,20,29,38,45,48,57,65,100,57190,21,12,15.252783544451198,3.3212999696843326,104.45549996802583,35.036684735093544
1779028489,20,,Aggregated,45.100000,0.000000,12,15,18,20,29,38,45,48,57,65,100,57232,21,12,15.251957113275163,3.3212999696843326,104.45549996802583,35.03723441431367
1779028490,20,,Aggregated,44.300000,0.000000,12,15,18,20,29,38,45,48,57,65,100,57273,21,12,15.253541771983958,3.3212999696843326,104.45549996802583,35.036369668080944
1779028491,20,,Aggregated,44.600000,0.000000,12,15,18,20,29,38,45,48,57,65,100,57318,21,12,15.255782023219485,3.3212999696843326,104.45549996802583,35.03344499110227
1779028492,20,,Aggregated,44.300000,0.000000,12,15,18,20,29,38,45,48,57,65,100,57371,21,12,15.257846523622328,3.3212999696843326,104.45549996802583,35.034372766728836
1779028493,20,,Aggregated,44.500000,0.000000,12,15,18,20,29,38,45,48,57,65,100,57416,21,12,15.260409842322183,3.3212999696843326,104.45549996802583,35.034502577678694
1779028494,20,,Aggregated,43.900000,0.000000,12,15,18,20,29,38,45,48,57,65,100,57461,21,12,15.260937068730001,3.3212999696843326,104.45549996802583,35.0360244339639
1779028495,20,,Aggregated,44.400000,0.000000,12,15,18,20,29,38,45,48,57,65,100,57504,21,12,15.261549695779332,3.3212999696843326,104.45549996802583,35.036414858096826
1779028496,20,,Aggregated,44.000000,0.000000,12,15,18,20,29,38,45,48,57,65,100,57547,21,12,15.260931016490593,3.3212999696843326,104.45549996802583,35.037847324795386
1779028497,20,,Aggregated,44.200000,0.000000,12,15,18,20,29,38,45,48,57,65,100,57588,21,12,15.259646297946766,3.3212999696843326,104.45549996802583,35.03837605056609
1779028498,20,,Aggregated,44.200000,0.000000,12,15,18,20,29,38,45,48,57,65,100,57637,21,12,15.259470496495007,3.3212999696843326,104.45549996802583,35.04035602130576
1779028499,20,,Aggregated,44.100000,0.000000,12,15,18,20,29,38,45,48,57,67,100,57689,21,12,15.258813676896233,3.3212999696843326,104.45549996802583,35.0409610150982
1779028500,20,,Aggregated,44.400000,0.000000,12,15,18,20,29,38,45,48,57,67,100,57736,21,12,15.26076709516366,3.3212999696843326,104.45549996802583,35.038935845919355
1779028501,20,,Aggregated,44.900000,0.000000,12,15,18,20,29,38,45,48,57,67,100,57784,21,12,15.261522823035495,3.3212999696843326,104.45549996802583,35.04047833310259
1779028502,20,,Aggregated,45.500000,0.000000,12,15,18,20,29,38,45,48,57,67,100,57833,21,12,15.266333076376956,3.3212999696843326,104.45549996802583,35.038835958708695
1779028503,20,,Aggregated,46.000000,0.000000,12,15,18,20,29,38,45,48,57,67,100,57877,21,12,15.266144116078516,3.3212999696843326,104.45549996802583,35.04138085940875
1779028504,20,,Aggregated,45.700000,0.000000,12,15,18,20,29,38,45,48,57,67,100,57927,21,12,15.266861178835846,3.3212999696843326,104.45549996802583,35.04258808500354
1779028505,20,,Aggregated,45.700000,0.000000,12,15,18,20,29,38,45,48,57,67,100,57971,21,12,15.269346782127776,3.3212999696843326,104.45549996802583,35.041503510375875
1779028506,20,,Aggregated,46.000000,0.000000,12,15,18,20,29,38,45,48,57,67,100,58019,21,12,15.270882330039695,3.3212999696843326,104.45549996802583,35.04140023095882
1779028507,20,,Aggregated,46.500000,0.000000,12,15,18,20,29,38,45,48,57,67,100,58062,21,12,15.271705757752951,3.3212999696843326,104.45549996802583,35.03992284110089
1779028508,20,,Aggregated,46.500000,0.000000,12,15,18,20,29,38,45,48,57,67,100,58110,21,12,15.270844809956792,3.3212999696843326,104.45549996802583,35.041249354672175
1779028509,20,,Aggregated,46.700000,0.000000,12,15,18,20,29,38,45,48,57,67,100,58158,21,12,15.26873968166482,3.3212999696843326,104.45549996802583,35.04241892774855
1779028510,20,,Aggregated,46.700000,0.000000,12,15,18,20,29,38,45,48,57,67,100,58206,21,12,15.269926100510318,3.3212999696843326,104.45549996802583,35.03956636772841
1779028511,20,,Aggregated,46.200000,0.000000,12,15,18,20,29,38,45,48,57,67,100,58248,21,12,15.26932857275918,3.3212999696843326,104.45549996802583,35.03946916632331
1779028512,20,,Aggregated,46.700000,0.000000,12,15,18,20,29,38,45,48,57,67,100,58295,21,12,15.270001856183699,3.3212999696843326,104.45549996802583,35.03952311518998
1779028513,20,,Aggregated,46.500000,0.000000,12,15,18,20,29,38,45,48,57,67,100,58338,21,12,15.272430985051663,3.3212999696843326,104.45549996802583,35.03815694744421
1779028514,20,,Aggregated,46.300000,0.000000,12,15,18,20,29,38,45,48,57,67,100,58378,21,12,15.274435712186918,3.3212999696843326,104.45549996802583,35.03850765699407
1779028515,20,,Aggregated,46.000000,0.000000,12,15,18,20,29,38,45,48,57,67,100,58421,21,12,15.275087961623012,3.3212999696843326,104.45549996802583,35.035672104209105
1779028516,20,,Aggregated,45.200000,0.000000,12,15,18,20,29,38,45,48,57,67,100,58470,21,12,15.27714403636174,3.3212999696843326,104.45549996802583,35.033949033692494
1779028517,20,,Aggregated,44.800000,0.000000,12,15,18,20,29,39,45,48,57,67,100,58520,21,12,15.281703662099924,3.3212999696843326,104.45549996802583,35.031083390293915
1779028518,20,,Aggregated,44.500000,0.000000,12,15,18,20,29,39,45,48,57,67,100,58569,21,12,15.282467119224316,3.3212999696843326,104.45549996802583,35.029947583192474
1779028519,20,,Aggregated,44.900000,0.000000,12,15,18,20,29,39,45,48,57,67,100,58618,21,12,15.280685663204551,3.3212999696843326,104.45549996802583,35.02993960899382
1779028520,20,,Aggregated,45.200000,0.000000,12,15,18,20,29,39,45,48,57,67,100,58661,21,12,15.280884398592859,3.3212999696843326,104.45549996802583,35.02949148497298
1779028521,20,,Aggregated,45.700000,0.000000,12,15,18,20,29,39,45,48,57,67,100,58702,21,12,15.280402529827162,3.3212999696843326,104.45549996802583,35.02950495724166
1779028522,20,,Aggregated,45.400000,0.000000,12,15,18,20,29,39,45,48,57,67,100,58751,21,12,15.281509598234756,3.3212999696843326,104.45549996802583,35.029616517165664
1779028523,20,,Aggregated,44.800000,0.000000,12,15,18,20,29,39,45,48,57,67,100,58794,21,12,15.282393322550757,3.3212999696843326,104.45549996802583,35.029696907847736
1779028524,20,,Aggregated,45.200000,0.000000,12,15,18,20,29,39,45,48,57,67,100,58841,21,12,15.285826170629514,3.3212999696843326,104.45549996802583,35.027276898761066
1779028525,20,,Aggregated,45.400000,0.000000,12,15,18,20,29,39,45,48,57,67,100,58883,21,12,15.285899351357163,3.3212999696843326,104.45549996802583,35.028717966136234
1779028526,20,,Aggregated,45.700000,0.000000,12,15,18,20,29,39,45,48,57,67,100,58925,21,12,15.285692215627664,3.3212999696843326,104.45549996802583,35.03014000848536
1779028527,20,,Aggregated,45.900000,0.000000,12,15,18,20,29,39,45,48,57,67,100,58971,21,12,15.28488873524025,3.3212999696843326,104.45549996802583,35.03054043512913
1779028528,20,,Aggregated,45.700000,0.000000,12,15,18,20,29,39,45,48,57,67,100,59010,21,12,15.287582840295588,3.3212999696843326,104.45549996802583,35.03007964751737
1779028529,20,,Aggregated,45.100000,0.000000,12,15,18,20,29,39,45,48,57,67,100,59055,21,12,15.28741865559287,3.3212999696843326,104.45549996802583,35.03230886461773
1779028530,20,,Aggregated,45.100000,0.000000,12,15,18,20,29,39,45,48,57,67,100,59100,21,12,15.289181010252378,3.3212999696843326,104.45549996802583,35.03045685279188
1779028531,20,,Aggregated,43.800000,0.000000,12,15,18,20,29,39,45,48,57,67,100,59148,21,12,15.289499033037337,3.3212999696843326,104.45549996802583,35.03148035436532
1779028532,20,,Aggregated,43.500000,0.000000,12,15,18,20,29,39,45,48,57,67,100,59194,21,12,15.292130097746794,3.3212999696843326,104.45549996802583,35.03468256917931
1779028533,20,,Aggregated,44.100000,0.000000,12,15,18,20,29,39,45,48,57,67,100,59244,21,12,15.291242027988487,3.3212999696843326,104.45549996802583,35.03659442306394
1779028534,20,,Aggregated,44.200000,0.000000,12,15,18,20,29,39,45,48,57,67,100,59291,21,12,15.292128694175016,3.3212999696843326,104.45549996802583,35.035334199119596
1779028535,20,,Aggregated,44.200000,0.000000,12,15,18,20,29,39,45,48,57,67,100,59327,21,12,15.293186063791145,3.3212999696843326,104.45549996802583,35.0359027087161
1779028536,20,,Aggregated,44.700000,0.000000,12,15,18,20,29,39,45,48,57,67,100,59381,21,12,15.293520021665048,3.3212999696843326,104.45549996802583,35.03592058065711
1779028538,20,,Aggregated,44.900000,0.000000,12,15,18,20,29,39,45,48,57,67,100,59422,21,12,15.29642965074241,3.3212999696843326,104.45549996802583,35.034246575342465
1779028539,20,,Aggregated,45.500000,0.000000,12,15,18,20,29,39,45,48,57,67,100,59474,21,12,15.298637152471706,3.3212999696843326,104.45549996802583,35.03492282341864
1779028540,20,,Aggregated,44.800000,0.000000,12,15,18,20,29,39,45,48,57,67,100,59517,21,12,15.296282267349572,3.3212999696843326,104.45549996802583,35.03827477863467
1779028541,20,,Aggregated,46.200000,0.000000,12,15,18,20,29,39,45,48,57,67,100,59566,21,12,15.296743491353343,3.3212999696843326,104.45549996802583,35.036698787899134
1779028542,20,,Aggregated,46.000000,0.000000,12,15,18,20,29,39,45,48,57,67,100,59611,21,12,15.2968838420103,3.3212999696843326,104.45549996802583,35.03438962607572
1779028543,20,,Aggregated,46.100000,0.000000,12,15,18,20,29,39,45,48,57,67,100,59655,21,12,15.298732428230693,3.3212999696843326,104.45549996802583,35.035688542452434
1779028544,20,,Aggregated,46.100000,0.000000,12,15,18,20,29,39,45,48,57,67,100,59699,21,12,15.299427603578746,3.3212999696843326,104.45549996802583,35.03519321931691
1779028545,20,,Aggregated,45.500000,0.000000,12,15,18,20,29,39,45,48,57,67,100,59741,21,12,15.299025558761036,3.3212999696843326,104.45549996802583,35.0351015215681
1779028546,20,,Aggregated,45.300000,0.000000,12,15,18,20,29,39,45,48,57,67,100,59786,21,12,15.299211609843912,3.3212999696843326,104.45549996802583,35.03430569029538
1779028547,20,,Aggregated,44.800000,0.000000,12,15,18,20,29,39,45,48,57,67,100,59829,21,12,15.301114989490191,3.3212999696843326,104.45549996802583,35.03287703287703
1779028548,20,,Aggregated,45.000000,0.000000,12,15,18,20,29,39,45,48,57,67,100,59879,21,12,15.302398816046178,3.3212999696843326,104.45549996802583,35.03273267756643
1779028549,20,,Aggregated,44.500000,0.000000,12,15,18,20,29,39,45,48,57,67,100,59917,21,12,15.303219255069058,3.3212999696843326,104.45549996802583,35.03441427307776
1779028550,20,,Aggregated,44.800000,0.000000,12,15,18,20,29,39,45,48,57,67,100,59962,21,12,15.304008422103106,3.3212999696843326,104.45549996802583,35.03485540842534
1779028551,20,,Aggregated,44.200000,0.000000,12,15,18,20,29,39,45,48,57,66,100,60006,21,12,15.303640811019157,3.3212999696843326,104.45549996802583,35.034963170349634
1779028552,20,,Aggregated,44.600000,0.000000,12,15,18,20,29,39,45,48,57,66,100,60056,21,12,15.303690757059798,3.3212999696843326,104.45549996802583,35.033418809111495
1779028553,20,,Aggregated,43.700000,0.000000,12,15,18,20,29,39,45,48,57,66,100,60101,21,12,15.303550839518396,3.3212999696843326,104.45549996802583,35.03502437563435
1779028554,20,,Aggregated,44.300000,0.000000,12,15,18,20,29,39,45,48,57,66,100,60145,21,12,15.304612315333658,3.3212999696843326,104.45549996802583,35.03679441350071
1779028555,20,,Aggregated,44.700000,0.000000,12,15,18,20,29,39,45,48,57,66,100,60189,21,12,15.308033406531294,3.3212999696843326,104.45549996802583,35.03793051886557
1779028556,20,,Aggregated,44.300000,0.000000,12,15,18,20,29,39,45,48,57,66,100,60234,21,12,15.309581478996936,3.3212999696843326,104.45549996802583,35.03986120795564
1779028557,20,,Aggregated,44.400000,0.000000,12,15,18,20,29,39,45,48,57,66,100,60280,21,12,15.312306697173275,3.3212999696843326,104.45549996802583,35.03873589913736
1779028558,20,,Aggregated,45.100000,0.000000,12,15,18,20,29,39,45,48,57,66,100,60323,21,12,15.313389156800271,3.3212999696843326,104.45549996802583,35.03948742602324
1779028559,20,,Aggregated,45.100000,0.000000,12,15,18,20,29,39,45,48,57,66,100,60367,21,12,15.313257079294042,3.3212999696843326,104.45549996802583,35.04005499693541
1779028560,20,,Aggregated,44.800000,0.000000,12,15,18,20,29,39,45,48,57,66,100,60416,21,12,15.312072846688421,3.3212999696843326,104.45549996802583,35.04134666313559
1779028561,20,,Aggregated,44.700000,0.000000,12,15,18,20,29,39,45,48,57,66,100,60462,21,12,15.313025591373425,3.3212999696843326,104.45549996802583,35.0400582183851
1779028562,20,,Aggregated,44.700000,0.000000,12,15,18,20,29,39,45,48,57,66,100,60499,21,12,15.313011851529652,3.3212999696843326,104.45549996802583,35.04122382188135
1779028563,20,,Aggregated,45.300000,0.000000,12,15,18,20,29,39,45,48,57,66,100,60548,21,12,15.315908236532028,3.3212999696843326,104.45549996802583,35.04008390037656
1779028564,20,,Aggregated,43.800000,0.000000,12,15,18,20,29,39,45,48,57,66,100,60587,21,12,15.31590134526591,3.3212999696843326,104.45549996802583,35.040751316288976
1779028565,20,,Aggregated,43.900000,0.000000,12,15,18,20,29,39,45,48,57,66,100,60634,21,12,15.318562529365625,3.3212999696843326,104.45549996802583,35.03944981363591
1779028566,20,,Aggregated,44.200000,0.000000,12,15,18,20,29,39,45,48,57,66,100,60684,21,12,15.321115874127749,3.3212999696843326,104.45549996802583,35.03903829675038
1779028567,20,,Aggregated,44.400000,0.000000,12,15,18,20,29,39,45,48,57,66,100,60733,21,12,15.32208845282944,3.3212999696843326,104.45549996802583,35.038479903841406
1779028568,20,,Aggregated,44.100000,0.000000,12,15,18,20,29,39,45,48,57,66,100,60778,21,12,15.321949598635303,3.3212999696843326,104.45549996802583,35.039191812827006
1779028569,20,,Aggregated,44.500000,0.000000,12,15,18,20,29,39,45,48,57,66,100,60829,21,12,15.321892520107541,3.3212999696843326,104.45549996802583,35.03937266764208
1779028570,20,,Aggregated,45.100000,0.000000,12,15,18,20,29,39,45,48,57,66,100,60874,21,12,15.321944005744022,3.3212999696843326,104.45549996802583,35.03996780234583
1779028571,20,,Aggregated,45.600000,0.000000,12,15,18,20,29,39,45,48,57,66,100,60916,21,12,15.321574057808798,3.3212999696843326,104.45549996802583,35.039808917197455
1779028572,20,,Aggregated,45.600000,0.000000,12,15,18,20,29,39,45,48,57,66,100,60963,21,12,15.323966315722576,3.3212999696843326,104.45549996802583,35.03462756097961
1779028573,20,,Aggregated,45.000000,0.000000,12,15,18,20,29,39,45,48,57,66,100,61006,21,12,15.323874317369146,3.3212999696843326,104.45549996802583,35.0338327377635
1779028574,20,,Aggregated,46.300000,0.000000,12,15,18,20,29,39,45,48,57,66,100,61047,21,12,15.325710293791124,3.3212999696843326,104.45549996802583,35.031320130391336
1779028575,20,,Aggregated,46.000000,0.000000,12,15,18,20,29,39,45,48,57,66,100,61098,21,12,15.325746983619007,3.3212999696843326,104.45549996802583,35.032685194278045
1779028576,20,,Aggregated,45.600000,0.000000,12,15,18,20,29,39,45,48,57,66,100,61138,21,12,15.325134371505904,3.3212999696843326,104.45549996802583,35.03253295822565
1779028577,20,,Aggregated,45.800000,0.000000,12,15,18,20,29,39,45,48,57,66,100,61185,21,12,15.3276124917039,3.3212999696843326,104.45549996802583,35.02912478548664
1779028578,20,,Aggregated,45.800000,0.000000,12,15,18,20,29,39,45,48,57,66,100,61221,21,12,15.327372370672293,3.3212999696843326,104.45549996802583,35.02892798222832
1779028579,20,,Aggregated,45.400000,0.000000,12,15,18,20,29,39,45,48,57,66,100,61263,21,12,15.326813590663013,3.3212999696843326,104.45549996802583,35.02820625826355
1779028580,20,,Aggregated,44.700000,0.000000,12,15,18,20,29,39,45,48,57,66,100,61309,21,12,15.326901311471923,3.3212999696843326,104.45549996802583,35.02743479750118
1779028581,20,,Aggregated,44.000000,0.000000,12,15,18,20,29,39,45,48,57,66,100,61355,21,12,15.325791130387943,3.3212999696843326,104.45549996802583,35.02902778909624
1779028582,20,,Aggregated,43.400000,0.000000,12,15,18,20,29,39,45,48,57,66,100,61395,21,12,15.327394919860602,3.3212999696843326,104.45549996802583,35.025914162391075
1779028583,20,,Aggregated,43.900000,0.000000,12,15,18,20,29,39,45,48,57,66,100,61438,21,12,15.327862345860831,3.3212999696843326,104.45549996802583,35.026986555551936
1779028584,20,,Aggregated,42.900000,0.000000,12,15,18,20,29,39,45,48,57,66,100,61488,21,12,15.330227327365108,3.3212999696843326,104.45549996802583,35.027013400988814
1779028585,20,,Aggregated,43.100000,0.000000,12,15,18,20,29,39,45,48,57,66,100,61532,21,12,15.331908465598792,3.3212999696843326,104.45549996802583,35.02728661509458
1779028586,20,,Aggregated,43.300000,0.000000,12,15,18,20,29,39,45,48,57,66,100,61576,21,12,15.333154872106254,3.3212999696843326,104.45549996802583,35.028485124074315
1779028587,20,,Aggregated,43.700000,0.000000,12,15,18,20,29,39,45,48,57,66,100,61618,21,12,15.333558379122316,3.3212999696843326,104.45549996802583,35.02955305267941
1779028588,20,,Aggregated,43.600000,0.000000,12,15,18,20,29,39,45,48,57,66,100,61667,21,12,15.33319850657245,3.3212999696843326,104.45549996802583,35.030632266852614
1779028589,20,,Aggregated,43.100000,0.000000,12,15,18,20,29,39,45,48,57,66,100,61712,21,12,15.335303866427227,3.3212999696843326,104.45549996802583,35.03009139227379
1779028590,20,,Aggregated,43.900000,0.000000,12,15,18,20,29,39,45,48,57,66,100,61762,21,12,15.337363853257393,3.3212999696843326,104.45549996802583,35.0299375020239
1779028591,20,,Aggregated,44.000000,0.000000,12,15,18,20,29,39,45,48,57,66,100,61811,21,12,15.338848891055056,3.3212999696843326,104.45549996802583,35.031418355956056
1779028592,20,,Aggregated,44.700000,0.000000,12,15,18,20,29,39,45,48,57,66,100,61857,21,12,15.339127762503185,3.3212999696843326,104.45549996802583,35.03280146143525
1779028593,20,,Aggregated,45.500000,0.000000,12,15,18,20,29,39,45,48,57,66,100,61903,21,12,15.339615485602224,3.3212999696843326,104.45549996802583,35.0327932410384
1779028594,20,,Aggregated,45.800000,0.000000,12,15,18,20,29,39,45,48,57,66,100,61945,21,12,15.339041583746926,3.3212999696843326,104.45549996802583,35.03530551295504
1779028595,20,,Aggregated,46.500000,0.000000,12,15,18,20,29,39,45,48,57,66,100,61993,21,12,15.340994117157756,3.3212999696843326,104.45549996802583,35.034600680722015
1779028596,20,,Aggregated,45.900000,0.000000,12,15,18,20,29,39,45,48,57,66,100,62039,21,12,15.342139842756136,3.3212999696843326,104.45549996802583,35.03681555150792
1779028597,20,,Aggregated,45.300000,0.000000,12,15,18,20,29,39,45,48,57,66,100,62081,22,12,15.340533994374713,3.3212999696843326,104.45549996802583,35.03791820363718
1779028598,20,,Aggregated,45.800000,0.000000,12,15,18,20,29,39,45,48,57,66,100,62125,22,12,15.340330322812756,3.3212999696843326,104.45549996802583,35.03908249496982
1779028599,20,,Aggregated,45.700000,0.000000,12,15,18,20,29,39,45,48,57,66,100,62165,22,12,15.340805446868504,3.3212999696843326,104.45549996802583,35.0409072629293
1779028600,20,,Aggregated,45.100000,0.100000,12,15,18,20,29,39,45,48,57,66,100,62208,22,12,15.34183534922442,3.3212999696843326,104.45549996802583,35.03832304526749
1779028601,20,,Aggregated,45.400000,0.100000,12,15,18,20,29,39,45,48,57,66,100,62257,22,12,15.340834929478927,3.3212999696843326,104.45549996802583,35.03980275310407
1779028602,20,,Aggregated,44.700000,0.100000,12,15,18,20,29,39,45,48,57,66,100,62294,22,12,15.340586799764731,3.3212999696843326,104.45549996802583,35.03939384210357
1779028603,20,,Aggregated,43.900000,0.100000,12,15,18,20,29,39,45,48,57,66,100,62339,22,12,15.340504687347423,3.3212999696843326,104.45549996802583,35.04159514910409
1779028604,20,,Aggregated,44.100000,0.100000,12,15,18,20,29,39,45,49,57,66,100,62388,22,12,15.342409428168693,3.3212999696843326,104.45549996802583,35.04212348528563
1779028605,20,,Aggregated,42.300000,0.100000,12,15,18,20,29,39,45,49,57,66,100,62434,22,12,15.340547626365446,3.3212999696843326,104.45549996802583,35.04398244546241
1779028606,20,,Aggregated,43.900000,0.100000,12,15,18,20,29,39,45,49,57,66,100,62482,22,12,15.339818006857257,3.3212999696843326,104.45549996802583,35.044108703306556
1779028607,20,,Aggregated,44.400000,0.100000,12,15,18,20,29,39,45,48,57,66,100,62521,22,12,15.340157075296968,3.3212999696843326,104.45549996802583,35.04329745205611
1779028608,20,,Aggregated,44.500000,0.100000,12,15,18,20,29,39,45,48,57,66,100,62564,22,12,15.339566442437933,3.3212999696843326,104.45549996802583,35.041205805255416
1779028609,20,,Aggregated,44.200000,0.100000,12,15,18,20,29,39,45,48,57,66,100,62608,22,12,15.338345848842838,3.3212999696843326,104.45549996802583,35.04001086123179
1779028610,20,,Aggregated,44.000000,0.000000,12,15,18,20,29,39,45,49,57,66,100,62652,22,12,15.338179451640709,3.3212999696843326,104.45549996802583,35.03883355678989
1779028611,20,,Aggregated,44.100000,0.000000,12,15,18,20,29,39,45,49,57,66,100,62697,22,12,15.339262015792864,3.3212999696843326,104.45549996802583,35.03968291943793
1779028612,20,,Aggregated,43.900000,0.000000,12,15,18,20,29,39,45,48,57,66,100,62743,22,12,15.341194346843995,3.3212999696843326,104.45549996802583,35.03786876623687
1779028613,20,,Aggregated,43.900000,0.000000,12,15,18,20,29,39,45,48,57,66,100,62782,22,12,15.341444488929046,3.3212999696843326,104.45549996802583,35.0400273963875
1779028614,20,,Aggregated,44.100000,0.000000,12,15,18,20,29,39,45,48,57,66,100,62831,22,12,15.341423421616861,3.3212999696843326,104.45549996802583,35.041110279957344
1779028615,20,,Aggregated,44.700000,0.000000,12,15,18,20,29,39,45,48,57,66,100,62873,22,12,15.341637246573564,3.3212999696843326,104.45549996802583,35.04192578690376
1779028616,20,,Aggregated,43.900000,0.000000,12,15,18,20,29,39,45,48,57,66,100,62918,22,12,15.340687936736918,3.3212999696843326,104.45549996802583,35.04226135605073
1779028617,20,,Aggregated,43.200000,0.000000,12,15,18,20,29,39,45,48,57,66,100,62960,22,12,15.339484757044396,3.3212999696843326,104.45549996802583,35.04067662007624
1779028618,20,,Aggregated,43.100000,0.000000,12,15,18,20,29,39,45,48,57,66,100,63005,22,12,15.340031607070577,3.3212999696843326,104.45549996802583,35.04142528370764
1779028619,20,,Aggregated,43.600000,0.000000,12,15,18,20,29,39,45,48,57,66,100,63056,22,12,15.33968927625323,3.3212999696843326,104.45549996802583,35.04012306521187
1779028620,20,,Aggregated,43.900000,0.000000,12,15,18,20,29,39,45,48,57,66,100,63092,22,12,15.340023784370349,3.3212999696843326,104.45549996802583,35.03946617637735
1779028621,20,,Aggregated,44.000000,0.000000,12,15,18,20,29,39,45,48,57,66,100,63147,22,12,15.34027000654589,3.3212999696843326,104.45549996802583,35.04033445769395
1779028622,20,,Aggregated,44.300000,0.000000,12,15,18,20,29,39,45,48,57,66,100,63187,22,12,15.338512543775408,3.3212999696843326,104.45549996802583,35.04211309288303
1779028623,20,,Aggregated,44.000000,0.000000,12,15,18,20,29,39,45,48,57,66,100,63234,22,12,15.338391386019504,3.3212999696843326,104.45549996802583,35.04111712053642
1779028624,20,,Aggregated,44.200000,0.000000,12,15,18,20,29,39,45,48,57,66,100,63283,22,12,15.339649183887172,3.3212999696843326,104.45549996802583,35.04159094859599
1779028625,20,,Aggregated,44.900000,0.000000,12,15,18,20,29,39,45,48,57,66,100,63332,22,12,15.34169507996018,3.3212999696843326,104.45549996802583,35.04132192256679
1779028626,20,,Aggregated,45.100000,0.000000,12,15,18,20,29,39,45,49,57,66,100,63382,22,12,15.343537223565534,3.3212999696843326,104.45549996802583,35.040453125493045
1779028627,20,,Aggregated,45.600000,0.000000,12,15,18,20,29,39,45,48,57,66,100,63421,22,12,15.34320622355226,3.3212999696843326,104.45549996802583,35.03978177575251
1779028628,20,,Aggregated,45.800000,0.000000,12,15,18,20,29,39,45,49,57,66,100,63463,22,12,15.344467896316202,3.3212999696843326,104.45549996802583,35.03980271969494
1779028629,20,,Aggregated,45.700000,0.000000,12,15,18,20,29,39,45,48,57,66,100,63515,22,12,15.345974524191574,3.3212999696843326,104.45549996802583,35.03473195308195
1779028630,20,,Aggregated,45.700000,0.000000,12,15,18,20,29,39,45,49,57,66,100,63552,22,12,15.346585319172487,3.3212999696843326,104.45549996802583,35.03351586102719
1779028631,20,,Aggregated,44.800000,0.000000,12,15,18,20,29,39,45,49,57,66,100,63596,22,12,15.345777890183626,3.3212999696843326,104.45549996802583,35.03210893766904
1779028632,20,,Aggregated,45.200000,0.000000,12,15,18,20,29,39,45,48,57,66,100,63641,22,12,15.344319929041665,3.3212999696843326,104.45549996802583,35.03444320485222
1779028633,20,,Aggregated,45.500000,0.000000,12,15,18,20,29,39,45,49,57,67,100,63681,22,12,15.34760941261052,3.3212999696843326,104.45549996802583,35.03369921954743
1779028634,20,,Aggregated,45.100000,0.000000,12,15,18,20,29,39,45,49,57,67,100,63734,22,12,15.347575733581769,3.3212999696843326,104.45549996802583,35.03483227162896
1779028635,20,,Aggregated,44.500000,0.000000,12,15,18,20,29,39,45,49,57,67,100,63780,22,12,15.347179833873852,3.3212999696843326,104.45549996802583,35.036359360301034
1779028636,20,,Aggregated,43.800000,0.000000,12,15,18,20,29,39,45,49,57,67,100,63824,22,12,15.349361404871962,3.3212999696843326,104.45549996802583,35.03464214088744
1779028637,20,,Aggregated,44.100000,0.000000,12,15,18,20,29,39,45,49,57,67,100,63875,22,12,15.350619907702324,3.3212999696843326,104.45549996802583,35.033158512720156
1779028638,20,,Aggregated,44.300000,0.000000,12,15,18,20,29,39,45,49,57,67,100,63922,22,12,15.353398584281608,3.3212999696843326,104.45549996802583,35.02948906479772
1779028639,20,,Aggregated,44.800000,0.000000,12,15,18,20,29,39,45,49,57,67,100,63962,22,12,15.352361830530509,3.3212999696843326,104.45549996802583,35.02904849754542
1779028640,20,,Aggregated,45.200000,0.000000,12,15,18,20,29,39,45,48,57,67,100,64006,22,12,15.351298842364033,3.3212999696843326,104.45549996802583,35.02823172827547
1779028641,20,,Aggregated,45.700000,0.000000,12,15,18,20,29,39,45,48,57,67,100,64047,22,12,15.350123456279976,3.3212999696843326,104.45549996802583,35.029072399956284
1779028642,20,,Aggregated,45.400000,0.000000,12,15,18,20,29,39,45,48,57,67,100,64086,22,12,15.350886669541671,3.3212999696843326,104.45549996802583,35.02956964079518
1779028643,20,,Aggregated,44.800000,0.000000,12,15,18,20,29,39,45,48,57,67,100,64139,22,12,15.35152905103669,3.3212999696843326,104.45549996802583,35.03055863047444
1779028644,20,,Aggregated,44.700000,0.000000,12,15,18,20,29,39,45,48,57,67,100,64184,22,12,15.3500582123995,3.3212999696843326,104.45549996802583,35.03335722298392
1779028645,20,,Aggregated,44.700000,0.000000,12,15,18,20,29,39,45,48,57,67,100,64235,22,12,15.351341833963493,3.3212999696843326,104.45549996802583,35.03147816610882
1779028646,20,,Aggregated,46.200000,0.000000,12,15,18,20,29,39,45,48,57,67,100,64284,22,12,15.351304648199962,3.3212999696843326,104.45549996802583,35.03162528778545
1779028647,20,,Aggregated,45.600000,0.000000,12,15,18,20,29,39,45,48,57,67,100,64332,22,12,15.351671305182606,3.3212999696843326,104.45549996802583,35.03063794068271
1779028648,20,,Aggregated,45.300000,0.000000,12,15,18,20,29,39,45,48,57,67,100,64381,22,12,15.35166229019537,3.3212999696843326,104.45549996802583,35.030769947655365
1779028649,20,,Aggregated,44.800000,0.000000,12,15,18,20,29,39,45,48,57,67,100,64430,22,12,15.34944249891321,3.3212999696843326,104.45549996802583,35.0318174763309
1779028650,20,,Aggregated,45.200000,0.000000,12,15,18,20,29,39,45,48,57,67,100,64476,22,12,15.351270151758078,3.3212999696843326,104.45549996802583,35.02819653824679
1779028651,20,,Aggregated,45.400000,0.000000,12,15,18,20,29,39,45,48,57,67,100,64522,22,12,15.35057079917909,3.3212999696843326,104.45549996802583,35.02985028362419
1779028652,20,,Aggregated,46.600000,0.000000,12,15,18,20,29,39,45,48,57,67,100,64569,22,12,15.349846023699783,3.3212999696843326,104.45549996802583,35.030076352429184
1779028653,20,,Aggregated,46.700000,0.000000,12,15,18,20,29,39,45,48,57,67,100,64611,22,12,15.350457768863295,3.3212999696843326,104.45549996802583,35.03245577378465
1779028654,20,,Aggregated,47.800000,0.000000,12,15,18,20,29,39,45,48,57,67,100,64658,22,12,15.351252250367443,3.3212999696843326,104.45549996802583,35.03373132481673
1779028655,20,,Aggregated,47.500000,0.000000,12,15,18,20,29,39,45,48,57,67,100,64702,22,12,15.353153887119822,3.3212999696843326,104.45549996802583,35.03191555129671
1779028656,20,,Aggregated,46.400000,0.000000,12,15,18,20,29,39,45,48,57,67,100,64750,22,12,15.352921885781667,3.3212999696843326,104.45549996802583,35.032694980694984
1779028657,20,,Aggregated,46.300000,0.000000,12,15,18,20,29,39,45,48,57,67,100,64795,22,12,15.353422551191995,3.3212999696843326,104.45549996802583,35.034647735164754
1779028658,20,,Aggregated,46.500000,0.000000,12,15,18,20,29,39,45,48,57,67,100,64840,22,12,15.35445200809095,3.3212999696843326,104.45549996802583,35.033513263417646
1779028659,20,,Aggregated,46.600000,0.000000,12,15,18,20,29,39,45,48,57,67,100,64882,22,12,15.354259697676298,3.3212999696843326,104.45549996802583,35.03395394716562
1779028660,20,,Aggregated,46.000000,0.000000,12,15,18,20,29,39,45,48,57,67,100,64930,22,12,15.35686358701124,3.3212999696843326,104.45549996802583,35.031788079470196
1779028661,20,,Aggregated,45.800000,0.000000,12,15,18,20,29,39,45,48,57,67,100,64977,22,12,15.358630201522542,3.3212999696843326,104.45549996802583,35.03085707250258
1779028662,20,,Aggregated,44.800000,0.000000,12,15,18,20,29,39,45,48,57,67,100,65022,22,12,15.359732701305933,3.3212999696843326,104.45549996802583,35.0308049583218
1779028663,20,,Aggregated,45.500000,0.000000,12,15,18,20,29,39,45,48,57,67,100,65071,22,12,15.361950223667248,3.3212999696843326,104.45549996802583,35.02790797744003
1779028664,20,,Aggregated,44.500000,0.000000,12,15,18,20,29,39,45,48,57,67,100,65112,22,12,15.36177134021628,3.3212999696843326,104.45549996802583,35.028888684113525
1779028665,20,,Aggregated,45.300000,0.000000,12,15,18,20,29,39,45,48,57,67,100,65166,22,12,15.363320030445799,3.3212999696843326,104.45549996802583,35.02966270754688
1779028666,20,,Aggregated,45.700000,0.000000,12,15,18,20,29,39,45,48,57,67,100,65206,22,12,15.364017067510886,3.3212999696843326,104.45549996802583,35.029690519277366
1779028667,20,,Aggregated,45.800000,0.000000,12,15,18,20,29,39,45,48,57,67,100,65261,22,12,15.364194623186444,3.3212999696843326,104.45549996802583,35.030967959424466
1779028668,20,,Aggregated,45.300000,0.000000,12,15,18,20,29,39,45,49,57,67,100,65306,22,12,15.365195070953503,3.3212999696843326,104.45549996802583,35.03108443328331
1779028669,20,,Aggregated,45.500000,0.000000,12,15,18,20,29,39,45,49,57,67,100,65351,22,12,15.365534841146486,3.3212999696843326,104.45549996802583,35.029578736362105
1779028670,20,,Aggregated,46.300000,0.000000,12,15,18,20,29,39,45,49,57,67,100,65391,22,12,15.36506045638888,3.3212999696843326,104.45549996802583,35.032833264516526
1779028671,20,,Aggregated,46.800000,0.000000,12,15,18,20,29,39,45,49,57,67,100,65439,22,12,15.363842801751977,3.3212999696843326,104.45549996802583,35.03345100016809
1779028672,20,,Aggregated,46.300000,0.000000,12,15,18,20,29,39,45,49,57,67,100,65482,22,12,15.36244795980753,3.3212999696843326,104.45549996802583,35.033978803335266
1779028673,20,,Aggregated,45.700000,0.000000,12,15,18,20,29,39,45,49,57,67,100,65530,22,12,15.3648389883153,3.3212999696843326,104.45549996802583,35.030856096444374
1779028674,20,,Aggregated,45.700000,0.000000,12,15,18,20,29,39,45,49,57,67,100,65568,22,12,15.365163570710527,3.3212999696843326,104.45549996802583,35.03051793557833
1779028675,20,,Aggregated,46.000000,0.000000,12,15,18,20,29,39,45,49,57,67,100,65617,22,12,15.368496552790607,3.3212999696843326,104.45549996802583,35.026730877668896
1779028676,20,,Aggregated,45.600000,0.000000,12,15,18,20,29,39,45,49,57,67,100,65659,22,12,15.367798851711386,3.3212999696843326,104.45549996802583,35.029851200901625
1779028677,20,,Aggregated,45.100000,0.000000,12,15,18,20,29,39,45,49,57,67,100,65705,23,12,15.367217065743455,3.3212999696843326,104.45549996802583,35.03033254699034
1779028678,20,,Aggregated,45.000000,0.000000,12,15,18,20,29,39,45,49,57,67,100,65747,24,12,15.36808074747718,3.3212999696843326,104.45549996802583,35.02717994737402
1779028679,20,,Aggregated,44.900000,0.000000,12,15,18,20,29,39,45,49,57,67,100,65785,24,12,15.36771423887377,3.3212999696843326,104.45549996802583,35.02719464923615
1779028680,20,,Aggregated,44.200000,0.100000,12,15,18,20,29,39,45,49,57,67,100,65829,24,12,15.370200920630744,3.3212999696843326,104.45549996802583,35.02684227316228
1779028681,20,,Aggregated,43.400000,0.200000,12,15,18,20,29,39,45,49,57,67,100,65867,24,12,15.369439083365414,3.3212999696843326,104.45549996802583,35.02735816114291
1779028682,20,,Aggregated,43.500000,0.200000,12,15,18,20,29,39,45,49,57,67,100,65915,24,12,15.370554007498471,3.3212999696843326,104.45549996802583,35.02704998862171
1779028683,20,,Aggregated,43.300000,0.200000,12,15,18,20,29,39,45,49,57,67,100,65950,24,12,15.372541636155129,3.3212999696843326,104.45549996802583,35.0235026535254
1779028684,20,,Aggregated,43.200000,0.200000,12,15,18,20,29,39,45,49,57,67,100,66000,24,12,15.373012165214416,3.3212999696843326,104.45549996802583,35.02468181818182
1779028685,20,,Aggregated,42.600000,0.200000,12,15,18,20,29,39,45,49,57,67,100,66046,24,12,15.374539198499452,3.3212999696843326,104.45549996802583,35.02682978530115
1779028686,20,,Aggregated,41.700000,0.200000,12,15,18,20,29,39,45,49,57,67,100,66090,24,12,15.377743241096328,3.3212999696843326,104.45549996802583,35.02479951581177
1779028687,20,,Aggregated,42.700000,0.200000,12,15,18,20,29,39,45,49,57,67,100,66134,24,12,15.377534557169492,3.3212999696843326,104.45549996802583,35.02507031179121
1779028688,20,,Aggregated,42.800000,0.200000,12,15,18,20,29,39,45,49,57,67,100,66187,24,12,15.378910647163954,3.3212999696843326,104.45549996802583,35.02569991085863
1779028689,20,,Aggregated,42.600000,0.200000,12,15,18,20,29,39,45,49,57,67,100,66230,24,12,15.379144452724178,3.3212999696843326,104.45549996802583,35.02439981881323
1779028690,20,,Aggregated,42.900000,0.100000,12,15,18,20,29,39,45,49,57,67,100,66275,24,12,15.379977699039664,3.3212999696843326,104.45549996802583,35.024172010562054
1779028691,20,,Aggregated,43.600000,0.000000,12,15,18,20,29,39,45,49,57,67,100,66319,24,12,15.381602215110746,3.3212999696843326,104.45549996802583,35.021803706328505
1779028693,20,,Aggregated,44.000000,0.000000,12,15,18,20,29,39,45,49,57,67,100,66362,24,12,15.381760150444675,3.3212999696843326,104.45549996802583,35.023085500738375
1779028694,20,,Aggregated,44.500000,0.000000,12,15,18,20,29,39,45,49,57,67,100,66405,24,12,15.381289982738943,3.3212999696843326,104.45549996802583,35.02343197048415
1779028695,20,,Aggregated,44.400000,0.000000,12,15,18,20,29,39,45,49,57,67,100,66447,24,12,15.381632672711325,3.3212999696843326,104.45549996802583,35.024500729905036
1779028696,20,,Aggregated,45.100000,0.000000,12,15,18,20,29,39,45,49,57,67,100,66488,24,12,15.38336450642994,3.3212999696843326,104.45549996802583,35.024425460233424
1779028697,20,,Aggregated,44.200000,0.000000,12,15,18,20,29,39,45,49,57,67,100,66537,24,12,15.38456152070704,3.3212999696843326,104.45549996802583,35.023625952477566
1779028698,20,,Aggregated,43.800000,0.000000,12,15,18,20,29,39,45,49,57,67,100,66580,24,12,15.385153897611755,3.3212999696843326,104.45549996802583,35.02328026434365
1779028699,20,,Aggregated,44.300000,0.000000,12,15,18,20,29,39,45,49,57,67,100,66621,24,12,15.385823464119467,3.3212999696843326,104.45549996802583,35.02269554644932
1779028700,20,,Aggregated,43.600000,0.000000,12,15,18,20,29,39,45,49,57,67,100,66666,24,12,15.384968742737488,3.3212999696843326,104.45549996802583,35.0190051900519
1779028701,20,,Aggregated,43.200000,0.000000,12,15,18,20,29,39,45,49,57,67,100,66713,24,12,15.38474582320185,3.3212999696843326,104.45549996802583,35.020760571402874
1779028702,20,,Aggregated,43.000000,0.000000,12,15,18,20,29,39,45,49,57,67,100,66758,24,12,15.385237920597916,3.3212999696843326,104.45549996802583,35.01960813685251
1779028703,20,,Aggregated,43.700000,0.000000,12,15,18,20,29,39,45,49,57,67,100,66802,24,12,15.383284563385475,3.3212999696843326,104.45549996802583,35.02130175743241
1779028704,20,,Aggregated,43.300000,0.000000,12,15,18,20,29,39,45,49,57,67,100,66845,24,12,15.383906163561486,3.3212999696843326,104.45549996802583,35.02194629366445
1779028705,20,,Aggregated,43.900000,0.000000,12,15,18,20,29,39,45,49,57,67,100,66890,24,12,15.384846238649251,3.3212999696843326,104.45549996802583,35.020660786365674
1779028706,20,,Aggregated,43.900000,0.000000,12,15,18,20,29,39,45,49,57,67,100,66944,24,12,15.383507077601573,3.3212999696843326,104.45549996802583,35.02225740917782
1779028707,20,,Aggregated,43.900000,0.000000,12,15,18,20,29,39,45,49,57,67,100,66992,24,12,15.382280178275755,3.3212999696843326,104.45549996802583,35.023316216861716
1779028708,20,,Aggregated,45.200000,0.000000,12,15,18,20,29,39,45,49,57,67,100,67036,24,12,15.384478422089257,3.3212999696843326,104.45549996802583,35.022942896354195
1779028709,20,,Aggregated,45.100000,0.000000,12,15,18,20,29,39,45,49,57,67,100,67086,24,12,15.38447922969016,3.3212999696843326,104.45549996802583,35.02080911069373
1779028710,20,,Aggregated,45.600000,0.000000,12,15,18,20,29,39,45,49,57,67,100,67133,24,12,15.383944130349548,3.3212999696843326,104.45549996802583,35.020139126807976
1779028711,20,,Aggregated,46.100000,0.000000,12,15,18,20,29,39,45,49,57,67,100,67185,24,12,15.383383728550928,3.3212999696843326,104.45549996802583,35.021522661308325
1779028712,20,,Aggregated,46.700000,0.000000,12,15,18,20,29,39,45,49,57,67,100,67231,24,12,15.383109022661017,3.3212999696843326,104.45549996802583,35.01906858443277
1779028713,20,,Aggregated,46.500000,0.000000,12,15,18,20,29,39,45,49,57,67,100,67277,24,12,15.383433919506333,3.3212999696843326,104.45549996802583,35.01932309704654
1779028714,20,,Aggregated,47.600000,0.000000,12,15,18,20,29,39,45,49,57,68,100,67316,24,12,15.388826227087828,3.3212999696843326,104.45549996802583,35.01980212728029
1779028715,20,,Aggregated,46.900000,0.000000,12,15,18,20,29,39,45,49,57,68,100,67372,24,12,15.38849537348897,3.3212999696843326,104.45549996802583,35.01846464406579
1779028716,20,,Aggregated,46.800000,0.000000,12,15,18,20,29,39,45,49,57,68,100,67409,24,12,15.389156511781193,3.3212999696843326,104.45549996802583,35.01784628165378
1779028717,20,,Aggregated,47.600000,0.000000,12,15,18,20,29,39,45,49,57,68,100,67450,24,12,15.38878155378604,3.3212999696843326,104.45549996802583,35.01835433654559
1779028718,20,,Aggregated,46.700000,0.000000,12,15,18,20,29,39,45,49,57,68,100,67497,24,12,15.389022233623916,3.3212999696843326,104.45549996802583,35.0180452464554
1779028719,20,,Aggregated,45.600000,0.000000,12,15,18,20,29,39,45,49,57,68,100,67541,24,12,15.389246506610627,3.3212999696843326,104.45549996802583,35.018063102411865
1779028720,20,,Aggregated,45.600000,0.000000,12,15,18,20,29,39,45,49,57,68,100,67583,24,12,15.387590263869654,3.3212999696843326,104.45549996802583,35.018673335010284
1779028721,20,,Aggregated,45.500000,0.000000,12,15,18,20,29,39,45,49,57,68,100,67630,24,12,15.387121832074003,3.3212999696843326,104.45549996802583,35.0183794174183
1779028722,20,,Aggregated,44.500000,0.000000,12,15,18,20,29,39,45,49,57,68,100,67671,24,12,15.388314079931957,3.3212999696843326,104.45549996802583,35.01901848650086
1779028723,20,,Aggregated,44.200000,0.000000,12,15,18,20,29,39,45,49,57,68,100,67720,25,12,15.3897452053075,3.3212999696843326,104.45549996802583,35.01927052569403
1779028724,20,,Aggregated,43.900000,0.000000,12,15,18,20,29,39,45,49,57,68,100,67764,25,12,15.390367836955324,3.3212999696843326,104.45549996802583,35.019685968951066
1779028725,20,,Aggregated,43.800000,0.100000,12,15,18,20,29,39,45,49,57,68,100,67813,25,12,15.390077791922138,3.3212999696843326,104.45549996802583,35.02029109462787
1779028726,20,,Aggregated,44.400000,0.100000,12,15,18,20,29,39,45,49,57,68,100,67859,25,12,15.39108812690381,3.3212999696843326,104.45549996802583,35.02008576607377
1779028727,20,,Aggregated,44.400000,0.100000,12,15,18,20,29,39,45,49,57,68,100,67903,25,12,15.39016581599492,3.3212999696843326,104.45549996802583,35.02282667923361
1779028728,20,,Aggregated,44.500000,0.100000,12,15,18,20,29,39,45,49,57,68,100,67954,25,12,15.389802513511151,3.3212999696843326,104.45549996802583,35.024546016422875
1779028729,20,,Aggregated,45.300000,0.100000,12,15,18,20,29,39,45,49,57,68,100,67997,25,12,15.389102972237371,3.3212999696843326,104.45549996802583,35.023824580496196
1779028730,20,,Aggregated,45.300000,0.100000,12,15,18,20,29,39,45,49,57,68,100,68040,25,12,15.387254835439458,3.3212999696843326,104.45549996802583,35.0234126984127
1779028731,20,,Aggregated,45.000000,0.100000,12,15,18,20,29,39,45,49,57,68,100,68084,25,12,15.388203561822007,3.3212999696843326,104.45549996802583,35.02347100640385
1779028732,20,,Aggregated,45.300000,0.100000,12,15,18,20,29,39,45,49,57,68,100,68130,25,12,15.388497815987689,3.3212999696843326,104.45549996802583,35.02539263173345
1779028733,20,,Aggregated,45.300000,0.100000,12,15,18,20,29,39,45,49,57,68,100,68173,25,12,15.387901440501455,3.3212999696843326,104.45549996802583,35.02635940915025
1779028734,20,,Aggregated,45.300000,0.100000,12,15,18,20,29,39,45,49,57,68,100,68213,25,12,15.389141773608362,3.3212999696843326,104.45549996802583,35.026827730784454
1779028735,20,,Aggregated,45.400000,0.000000,12,15,18,20,29,39,45,49,57,68,100,68260,25,12,15.3892249092137,3.3212999696843326,104.45549996802583,35.02739525344272
1779028736,20,,Aggregated,44.700000,0.000000,12,15,18,20,29,39,45,49,57,68,100,68300,25,12,15.390858452459137,3.3212999696843326,104.45549996802583,35.02657393850659
1779028737,20,,Aggregated,44.000000,0.000000,12,15,18,20,29,39,45,49,57,68,100,68356,25,12,15.392174667959535,3.3212999696843326,104.45549996802583,35.027517701445376
1779028738,20,,Aggregated,43.900000,0.000000,12,15,18,20,29,39,45,49,57,68,100,68394,25,12,15.390996711749793,3.3212999696843326,104.45549996802583,35.02723923151154
1779028739,20,,Aggregated,44.000000,0.000000,12,15,18,20,29,39,45,49,57,68,100,68444,25,12,15.389796497915267,3.3212999696843326,104.45549996802583,35.02606510431886
1779028740,20,,Aggregated,43.700000,0.000000,12,15,18,20,29,39,45,49,57,68,100,68490,25,12,15.387220113934722,3.3212999696843326,104.45549996802583,35.02642721565192
1779028741,20,,Aggregated,43.800000,0.000000,12,15,18,20,29,39,45,49,57,68,100,68540,25,12,15.386563065411504,3.3212999696843326,104.45549996802583,35.02852348993289
1779028742,20,,Aggregated,44.700000,0.000000,12,15,18,20,29,39,45,49,57,68,100,68587,25,12,15.384511273320488,3.3212999696843326,104.45549996802583,35.03051598699462
1779028743,20,,Aggregated,44.800000,0.000000,12,15,18,20,29,39,45,49,57,68,100,68632,25,12,15.384779547490151,3.3212999696843326,104.45549996802583,35.03131192446672
1779028744,20,,Aggregated,44.400000,0.000000,12,15,18,20,29,39,45,49,57,68,100,68677,25,12,15.38765861356133,3.3212999696843326,104.45549996802583,35.029646024142
1779028745,20,,Aggregated,44.700000,0.000000,12,15,18,20,29,39,45,49,57,68,100,68719,25,12,15.390706216669221,3.3212999696843326,104.45549996802583,35.02582982872277
1779028746,20,,Aggregated,45.300000,0.000000,12,15,18,20,29,39,45,49,57,68,100,68759,25,12,15.391999704813518,3.3212999696843326,104.45549996802583,35.024505882866244
1779028747,20,,Aggregated,45.200000,0.000000,12,15,18,20,29,39,45,49,57,68,100,68804,25,12,15.39325011777238,3.3212999696843326,104.45549996802583,35.02451892331841
1779028748,20,,Aggregated,45.200000,0.000000,12,15,18,20,29,39,45,49,57,68,100,68847,25,12,15.394832303556852,3.3212999696843326,104.45549996802583,35.023820936278995
1779028749,20,,Aggregated,45.300000,0.000000,12,15,18,20,29,39,45,49,57,68,100,68895,25,12,15.39392863637251,3.3212999696843326,104.45549996802583,35.0222657667465
1779028750,20,,Aggregated,45.300000,0.000000,12,15,18,20,29,39,45,49,57,68,100,68942,25,12,15.394249064471236,3.3212999696843326,104.45549996802583,35.0215108351948
1779028751,20,,Aggregated,45.000000,0.000000,12,15,18,20,29,39,45,49,57,68,100,68983,25,12,15.394775679555986,3.3212999696843326,104.45549996802583,35.022150384877435
1779028752,20,,Aggregated,44.700000,0.000000,12,15,18,20,29,39,45,49,57,68,100,69032,25,12,15.395750846023073,3.3212999696843326,104.45549996802583,35.02184494147642
1779028753,20,,Aggregated,44.300000,0.000000,12,15,18,20,29,39,45,49,57,68,100,69072,25,12,15.397104376629056,3.3212999696843326,104.45549996802583,35.02336692147325
1779028754,20,,Aggregated,44.800000,0.000000,12,15,18,20,29,39,45,49,57,68,100,69119,25,12,15.39848371797024,3.3212999696843326,104.45549996802583,35.023191886456694
1779028755,20,,Aggregated,44.400000,0.000000,12,15,18,20,29,39,45,49,57,68,100,69163,25,12,15.399107214875935,3.3212999696843326,104.45549996802583,35.02546159073493
1779028756,20,,Aggregated,43.600000,0.000000,12,15,18,20,29,39,45,49,57,68,100,69213,25,12,15.399324153013215,3.3212999696843326,104.45549996802583,35.02610781211622
1779028757,20,,Aggregated,44.900000,0.000000,12,15,18,20,29,39,45,49,57,68,100,69259,25,12,15.401854948851856,3.3212999696843326,104.45549996802583,35.02622041900692
1779028758,20,,Aggregated,44.700000,0.000000,12,15,18,20,29,39,45,49,57,68,100,69310,25,12,15.402764156727152,3.3212999696843326,104.45549996802583,35.024325494156685
1779028759,20,,Aggregated,44.500000,0.000000,12,15,18,20,29,39,45,49,57,68,100,69351,25,12,15.401640622380446,3.3212999696843326,104.45549996802583,35.02508976078211
1779028760,20,,Aggregated,45.200000,0.000000,12,15,18,20,29,39,45,49,57,68,100,69399,25,12,15.400716524775357,3.3212999696843326,104.45549996802583,35.02536059597401
1779028761,20,,Aggregated,45.500000,0.000000,12,15,18,20,29,39,45,49,57,68,100,69442,25,12,15.400636649330583,3.3212999696843326,104.45549996802583,35.02540249416779
1779028762,20,,Aggregated,44.700000,0.000000,12,15,18,20,29,39,45,49,57,68,100,69481,25,12,15.399050478593015,3.3212999696843326,104.45549996802583,35.02790690980268
1779028763,20,,Aggregated,45.400000,0.000000,12,15,18,20,29,39,45,49,57,68,100,69526,25,12,15.399606721271475,3.3212999696843326,104.45549996802583,35.02783131490378
1779028764,20,,Aggregated,44.200000,0.000000,12,15,18,20,29,39,45,49,57,68,100,69574,25,12,15.400881547748964,3.3212999696843326,104.45549996802583,35.0306005116854
1779028765,20,,Aggregated,44.700000,0.000000,12,15,18,20,29,39,45,49,57,68,100,69621,25,12,15.400731536505871,3.3212999696843326,104.45549996802583,35.03040749199236
1779028766,20,,Aggregated,45.300000,0.000000,12,15,18,20,29,39,45,49,57,68,100,69659,25,12,15.401571165294744,3.3212999696843326,104.45549996802583,35.03100819707432
1779028767,20,,Aggregated,44.400000,0.000000,12,15,18,20,29,39,45,49,57,68,100,69704,25,12,15.401843422230671,3.3212999696843326,104.45549996802583,35.03253758751291
1779028768,20,,Aggregated,44.400000,0.000000,12,15,18,20,29,39,45,49,57,68,100,69744,25,12,15.403443671187564,3.3212999696843326,104.45549996802583,35.03033952741455
1779028769,20,,Aggregated,44.200000,0.000000,12,15,18,20,29,39,45,49,57,68,100,69783,25,12,15.404175078503604,3.3212999696843326,104.45549996802583,35.03118237966267
1779028770,20,,Aggregated,43.300000,0.000000,12,15,18,20,29,39,45,49,57,68,100,69832,25,12,15.404500130361244,3.3212999696843326,104.45549996802583,35.03179058311376
1779028771,20,,Aggregated,43.600000,0.000000,12,15,18,20,29,39,45,49,57,68,100,69877,25,12,15.404514308047284,3.3212999696843326,104.45549996802583,35.033444481016645
1779028772,20,,Aggregated,43.400000,0.000000,12,15,18,20,29,39,45,49,57,68,100,69919,25,12,15.40531082114349,3.3212999696843326,104.45549996802583,35.033181252592286
1779028773,20,,Aggregated,42.900000,0.000000,12,15,18,20,29,39,45,49,57,68,100,69961,25,12,15.4064604494457,3.3212999696843326,104.45549996802583,35.03261817298209
1779028774,20,,Aggregated,43.400000,0.000000,12,15,18,20,29,39,45,49,57,67,100,70006,25,12,15.406147860236558,3.3212999696843326,104.45549996802583,35.03475416392881
1779028775,20,,Aggregated,43.200000,0.000000,12,15,18,20,29,39,45,49,57,67,100,70049,25,12,15.405991891442355,3.3212999696843326,104.45549996802583,35.03377635655041
1779028776,20,,Aggregated,43.000000,0.000000,12,15,18,20,29,39,45,49,57,67,100,70092,25,12,15.405441501222272,3.3212999696843326,104.45549996802583,35.03317068995035
1779028777,20,,Aggregated,42.900000,0.000000,12,15,18,20,29,39,45,49,57,67,100,70133,25,12,15.40655798701966,3.3212999696843326,104.45549996802583,35.0310837979268
1779028778,20,,Aggregated,42.600000,0.000000,12,15,18,20,29,39,45,49,57,67,100,70173,25,12,15.40380333751714,3.3212999696843326,104.45549996802583,35.033702421159134
1779028779,20,,Aggregated,43.100000,0.000000,12,15,18,20,29,39,45,49,57,67,100,70224,25,12,15.401756430898084,3.3212999696843326,104.45549996802583,35.03366370471634
1779028780,20,,Aggregated,42.500000,0.000000,12,15,18,20,29,39,45,49,57,67,100,70266,25,12,15.400949691223364,3.3212999696843326,104.45549996802583,35.03223465118265
1779028781,20,,Aggregated,42.600000,0.000000,12,15,18,20,29,39,45,49,57,67,100,70314,25,12,15.399140791356967,3.3212999696843326,104.45549996802583,35.03362061609352
1779028782,20,,Aggregated,43.500000,0.000000,12,15,18,20,29,39,45,49,57,67,100,70361,25,12,15.400355442697974,3.3212999696843326,104.45549996802583,35.03491991302
1779028783,20,,Aggregated,43.000000,0.000000,12,15,18,20,29,39,45,49,57,67,100,70402,25,12,15.400169235302162,3.3212999696843326,104.45549996802583,35.03597909150308
1779028784,20,,Aggregated,43.700000,0.000000,12,15,18,20,29,39,45,49,57,67,100,70446,25,12,15.401837083774266,3.3212999696843326,104.45549996802583,35.037347755727794
1779028785,20,,Aggregated,43.900000,0.000000,12,15,18,20,29,39,45,49,57,67,100,70491,25,12,15.403827875948007,3.3212999696843326,104.45549996802583,35.037026003319575
1779028786,20,,Aggregated,43.800000,0.000000,12,15,18,20,29,39,45,49,57,67,100,70540,25,12,15.403351586384737,3.3212999696843326,104.45549996802583,35.03561100085058
1779028787,20,,Aggregated,43.600000,0.000000,12,15,18,20,29,39,45,49,57,67,100,70589,25,12,15.404389635831931,3.3212999696843326,104.45549996802583,35.03500545410758
1779028788,20,,Aggregated,44.000000,0.000000,12,15,18,20,29,39,45,49,57,67,100,70637,25,12,15.403797582058287,3.3212999696843326,104.45549996802583,35.035604569843
1779028789,20,,Aggregated,44.300000,0.000000,12,15,18,20,29,39,45,49,57,67,100,70679,25,12,15.402848450088355,3.3212999696843326,104.45549996802583,35.03648891467055
1779028790,20,,Aggregated,45.400000,0.000000,12,15,18,20,29,39,45,49,57,67,100,70729,25,12,15.404422833683709,3.3212999696843326,104.45549996802583,35.036180350351344
1779028791,20,,Aggregated,45.500000,0.000000,12,15,18,20,29,39,45,49,57,67,100,70765,25,12,15.402906087808313,3.3212999696843326,104.45549996802583,35.036854377163856
1779028792,20,,Aggregated,45.200000,0.000000,12,15,18,20,29,39,45,49,57,67,100,70812,25,12,15.403123809572994,3.3212999696843326,104.45549996802583,35.039668417782295
1779028793,20,,Aggregated,46.000000,0.000000,12,15,18,20,29,39,45,49,57,67,100,70860,25,12,15.405688265641917,3.3212999696843326,104.45549996802583,35.04010725373977
1779028794,20,,Aggregated,44.800000,0.000000,12,15,18,20,29,39,45,49,57,67,100,70897,25,12,15.405836330214179,3.3212999696843326,104.45549996802583,35.04008632241138
1779028795,20,,Aggregated,44.200000,0.000000,12,15,18,20,29,39,45,49,57,67,100,70940,25,12,15.404714867538619,3.3212999696843326,104.45549996802583,35.0395545531435
1779028796,20,,Aggregated,45.000000,0.000000,12,15,18,20,29,39,45,49,57,67,100,70984,25,12,15.404793664813441,3.3212999696843326,104.45549996802583,35.03672658627296
1779028797,20,,Aggregated,44.700000,0.000000,12,15,18,20,29,39,45,49,57,67,100,71029,25,12,15.408378359586125,3.3212999696843326,104.45549996802583,35.03409874839854
1779028798,20,,Aggregated,44.600000,0.000000,12,15,18,20,29,39,45,49,57,67,100,71074,25,12,15.40942763321351,3.3212999696843326,104.45549996802583,35.034893209893916
1779028799,20,,Aggregated,44.000000,0.000000,12,15,18,20,29,39,45,49,57,67,100,71122,25,12,15.406881540208575,3.3212999696843326,104.45549996802583,35.0346868760721
1779028800,20,,Aggregated,43.900000,0.000000,12,15,18,20,29,39,45,49,57,67,100,71162,25,12,15.408359703249774,3.3212999696843326,104.45549996802583,35.03573536437987
1779028801,20,,Aggregated,43.300000,0.000000,12,15,18,20,29,39,45,49,57,67,100,71204,25,12,15.40738845574203,3.3212999696843326,104.45549996802583,35.03679568563564
1779028802,20,,Aggregated,43.500000,0.000000,12,15,18,20,29,39,45,49,57,67,100,71246,25,12,15.407282418705178,3.3212999696843326,104.45549996802583,35.035370406759675
1779028803,20,,Aggregated,43.000000,0.000000,12,15,18,20,29,39,45,49,57,67,100,71297,25,12,15.406144456332296,3.3212999696843326,104.45549996802583,35.03723859348921
1779028804,20,,Aggregated,43.300000,0.000000,12,15,18,20,29,39,45,49,57,67,100,71341,25,12,15.406177210905094,3.3212999696843326,104.45549996802583,35.03811272620232
1779028805,20,,Aggregated,43.300000,0.000000,12,15,18,20,29,39,45,49,57,67,100,71383,25,12,15.406320132291642,3.3212999696843326,104.45549996802583,35.039855427762916
1779028806,20,,Aggregated,43.600000,0.000000,12,15,18,20,29,39,45,49,57,67,100,71435,25,12,15.406941481112188,3.3212999696843326,104.45549996802583,35.04163225309722
1779028807,20,,Aggregated,43.900000,0.000000,12,15,18,20,29,39,45,49,57,67,100,71478,25,12,15.407352034241269,3.3212999696843326,104.45549996802583,35.04107557570161
1779028808,20,,Aggregated,44.200000,0.000000,12,15,18,20,29,39,45,49,57,67,100,71530,25,12,15.40765090735978,3.3212999696843326,104.45549996802583,35.042877114497415
1779028809,20,,Aggregated,45.100000,0.000000,12,15,18,20,29,39,45,49,57,67,100,71575,25,12,15.407777915520374,3.3212999696843326,104.45549996802583,35.042961928047504
1779028810,20,,Aggregated,44.400000,0.000000,12,15,18,20,29,39,45,49,57,67,100,71616,25,12,15.408644922971364,3.3212999696843326,104.45549996802583,35.04096849865952
1779028811,20,,Aggregated,45.300000,0.000000,12,15,18,20,29,39,45,49,57,67,100,71666,25,12,15.408583915714154,3.3212999696843326,104.45549996802583,35.041121312756395
1779028813,20,,Aggregated,45.300000,0.000000,12,15,18,20,29,39,45,49,57,67,100,71713,25,12,15.407737588768926,3.3212999696843326,104.45549996802583,35.04112225119574
1779028814,20,,Aggregated,46.000000,0.000000,12,15,18,20,29,39,45,49,57,67,100,71767,25,12,15.40729979800701,3.3212999696843326,104.45549996802583,35.040687223933006
1779028815,20,,Aggregated,46.700000,0.000000,12,15,18,20,29,39,45,49,57,67,100,71822,25,12,15.40862606866993,3.3212999696843326,104.45549996802583,35.039027039068806
1779028816,20,,Aggregated,46.800000,0.000000,12,15,18,20,29,39,45,49,57,67,100,71865,25,12,15.410000354888341,3.3212999696843326,104.45549996802583,35.0386418980032
1779028817,20,,Aggregated,47.900000,0.000000,12,15,18,20,29,39,45,49,57,67,100,71913,25,12,15.409037733155534,3.3212999696843326,104.45549996802583,35.041160847134734
1779028818,20,,Aggregated,47.700000,0.000000,12,15,18,20,29,39,45,49,57,67,100,71958,25,12,15.409569137610516,3.3212999696843326,104.45549996802583,35.040051140943326
1779028819,20,,Aggregated,46.900000,0.000000,12,15,18,20,29,39,45,49,57,67,100,72007,25,12,15.40917514136435,3.3212999696843326,104.45549996802583,35.039982223950446
1779028820,20,,Aggregated,47.900000,0.000000,12,15,18,20,29,39,45,49,57,67,100,72046,25,12,15.409701356138575,3.3212999696843326,104.45549996802583,35.035185853482496
1779028821,20,,Aggregated,47.200000,0.000000,12,15,18,20,29,39,45,49,57,67,100,72084,25,12,15.409513996229187,3.3212999696843326,104.45549996802583,35.036152266799846
1779028822,20,,Aggregated,46.700000,0.000000,12,15,18,20,29,39,45,49,57,67,100,72132,25,12,15.407848909002027,3.3212999696843326,104.45549996802583,35.037875006931735
1779028823,20,,Aggregated,46.500000,0.000000,12,15,18,20,29,39,45,49,57,67,100,72177,25,12,15.408453494933996,3.3212999696843326,104.45549996802583,35.03965252088616
1779028824,20,,Aggregated,46.400000,0.000000,12,15,18,20,29,39,45,49,57,67,100,72226,25,12,15.408230943209789,3.3212999696843326,104.45549996802583,35.04171627945615
1779028825,20,,Aggregated,46.200000,0.000000,12,15,18,20,29,39,45,49,57,67,100,72270,25,12,15.40843609940783,3.3212999696843326,104.45549996802583,35.04189843641898
1779028826,20,,Aggregated,45.600000,0.000000,12,15,18,20,29,39,45,49,57,67,100,72318,25,12,15.408982005922432,3.3212999696843326,104.45549996802583,35.04299068005199
1779028827,20,,Aggregated,44.900000,0.000000,12,15,18,20,29,39,45,49,57,67,100,72365,25,12,15.408905908994463,3.3212999696843326,104.45549996802583,35.04405444621018
1779028828,20,,Aggregated,45.200000,0.000000,12,15,18,20,29,39,45,49,57,67,100,72409,25,12,15.409373852758954,3.3212999696843326,104.45549996802583,35.0442624535624
1779028829,20,,Aggregated,45.500000,0.000000,12,15,18,20,29,39,45,49,57,67,100,72455,25,12,15.410802434674792,3.3212999696843326,104.45549996802583,35.043226830446486
1779028830,20,,Aggregated,44.800000,0.000000,12,15,18,20,29,39,45,49,57,67,100,72494,25,12,15.412237935611527,3.3212999696843326,104.45549996802583,35.04230694954065
1779028831,20,,Aggregated,44.700000,0.000000,12,15,18,20,29,39,45,49,57,67,100,72537,25,12,15.414910469197986,3.3212999696843326,104.45549996802583,35.041633924755644
1779028832,20,,Aggregated,44.600000,0.000000,12,15,18,20,29,39,45,49,57,67,100,72588,25,12,15.414288954154882,3.3212999696843326,104.45549996802583,35.041177605113795
1779028833,20,,Aggregated,45.100000,0.000000,12,15,18,20,29,39,45,49,57,67,100,72629,25,12,15.415101788599223,3.3212999696843326,104.45549996802583,35.040231863305294
1779028834,20,,Aggregated,45.300000,0.000000,12,15,18,20,29,39,45,49,57,67,100,72672,25,12,15.416708805374997,3.3212999696843326,104.45549996802583,35.040689674152354
1779028835,20,,Aggregated,44.800000,0.000000,12,15,18,20,29,39,45,49,57,67,100,72716,25,12,15.416104682658267,3.3212999696843326,104.45549996802583,35.04036250618846
1779028836,20,,Aggregated,44.300000,0.000000,12,15,18,20,29,39,45,49,57,67,100,72765,25,12,15.41817378141025,3.3212999696843326,104.45549996802583,35.04065141207998
1779028837,20,,Aggregated,44.400000,0.000000,12,15,18,20,29,39,45,49,57,67,100,72815,25,12,15.418868264839414,3.3212999696843326,104.45549996802583,35.04062349790565
1779028838,20,,Aggregated,44.200000,0.000000,12,15,18,20,29,39,45,49,57,67,100,72860,25,12,15.419771773323465,3.3212999696843326,104.45549996802583,35.04140818007137
1779028839,20,,Aggregated,44.200000,0.000000,12,15,18,20,29,39,45,49,57,67,100,72906,25,12,15.420012982531418,3.3212999696843326,104.45549996802583,35.03880339066743
1779028840,20,,Aggregated,44.400000,0.000000,12,15,18,20,29,39,45,49,57,67,100,72954,25,12,15.418181980487292,3.3212999696843326,104.45549996802583,35.03877786002138
1779028841,20,,Aggregated,44.200000,0.000000,12,15,18,20,29,39,45,49,57,67,100,72994,25,12,15.417276491280074,3.3212999696843326,104.45549996802583,35.04018138477135
1779028842,20,,Aggregated,44.900000,0.000000,12,15,18,20,29,39,45,49,57,67,100,73045,25,12,15.41738887267435,3.3212999696843326,104.45549996802583,35.04007118899309
1779028843,20,,Aggregated,45.000000,0.000000,12,15,18,20,29,39,45,49,57,67,100,73084,25,12,15.417330797499767,3.3212999696843326,104.45549996802583,35.042430627770784
1779028844,20,,Aggregated,44.500000,0.000000,12,15,18,20,29,39,45,49,57,67,100,73134,25,12,15.41869773845705,3.3212999696843326,104.45549996802583,35.041663248283974
1779028845,20,,Aggregated,45.200000,0.000000,12,15,18,20,29,39,45,49,57,67,100,73177,25,12,15.418964603690625,3.3212999696843326,104.45549996802583,35.042554354510294
1779028846,20,,Aggregated,45.600000,0.000000,12,15,18,20,29,39,45,49,57,67,100,73226,25,12,15.419531618608948,3.3212999696843326,104.45549996802583,35.04475186409199
1779028847,20,,Aggregated,45.200000,0.000000,12,15,18,20,29,39,45,49,57,67,100,73276,25,12,15.419268950328506,3.3212999696843326,104.45549996802583,35.04502156231235
1779028848,20,,Aggregated,45.200000,0.000000,12,15,18,20,29,39,45,49,57,67,100,73318,25,12,15.421353753574612,3.3212999696843326,104.45549996802583,35.043972830682776
1779028849,20,,Aggregated,45.900000,0.000000,12,15,18,20,29,39,45,49,57,67,100,73367,25,12,15.423051348761028,3.3212999696843326,104.45549996802583,35.04436599561111
1779028850,20,,Aggregated,45.500000,0.000000,12,15,18,20,29,39,45,49,57,67,100,73409,25,12,15.422302215048816,3.3212999696843326,104.45549996802583,35.04553937528096
1779028851,20,,Aggregated,45.700000,0.000000,12,15,18,20,29,39,45,49,57,67,100,73450,25,12,15.422977258060115,3.3212999696843326,104.45549996802583,35.04404356705242
1779028852,20,,Aggregated,45.600000,0.000000,12,15,18,20,29,39,45,49,57,67,100,73494,25,12,15.42366541356556,3.3212999696843326,104.45549996802583,35.045214575339486
1779028853,20,,Aggregated,44.900000,0.000000,12,15,18,20,29,39,45,49,57,67,100,73538,25,12,15.425235047249606,3.3212999696843326,104.45549996802583,35.0441676412195
1779028854,20,,Aggregated,44.900000,0.000000,12,15,18,20,29,39,45,49,57,67,100,73579,25,12,15.42458381202127,3.3212999696843326,104.45549996802583,35.04499925250411
1779028855,20,,Aggregated,44.400000,0.000000,12,15,18,20,29,39,45,49,57,67,100,73623,25,12,15.426389545454253,3.3212999696843326,104.45549996802583,35.04687393885063
1779028856,20,,Aggregated,44.200000,0.000000,13,15,18,20,29,39,45,49,57,67,100,73674,25,13,15.428789178064777,3.3212999696843326,104.45549996802583,35.04476477454733
1779028857,20,,Aggregated,44.000000,0.000000,13,15,18,20,29,39,45,49,57,67,100,73718,25,13,15.42889476660387,3.3212999696843326,104.45549996802583,35.04509075124122
1779028858,20,,Aggregated,44.400000,0.000000,13,15,18,20,29,39,45,49,57,67,100,73761,25,13,15.43065382525423,3.3212999696843326,104.45549996802583,35.044413714564605
1779028859,20,,Aggregated,43.800000,0.000000,13,15,18,20,29,39,45,49,57,67,100,73807,25,13,15.430644789857341,3.3212999696843326,104.45549996802583,35.04504992751365
1779028860,20,,Aggregated,43.400000,0.000000,13,15,18,20,29,39,45,49,57,67,100,73850,25,13,15.428785817266032,3.3212999696843326,104.45549996802583,35.0467163168585
1779028861,20,,Aggregated,43.700000,0.000000,13,15,18,20,29,39,45,49,57,67,100,73900,25,13,15.428833131329787,3.3212999696843326,104.45549996802583,35.047523680649526
1779028862,20,,Aggregated,43.900000,0.000000,13,15,18,20,29,39,45,49,57,67,100,73946,25,13,15.427297394115493,3.3212999696843326,104.45549996802583,35.04742650041923
1779028863,20,,Aggregated,44.000000,0.000000,13,15,18,20,29,39,45,49,57,67,100,73991,25,13,15.425933573072857,3.3212999696843326,104.45549996802583,35.050222324336744
1779028864,20,,Aggregated,45.000000,0.000000,13,15,18,20,29,39,45,49,57,67,100,74038,25,13,15.425315420528914,3.3212999696843326,104.45549996802583,35.05000135065777
1779028865,20,,Aggregated,45.600000,0.000000,13,15,18,20,29,39,45,49,57,67,100,74085,25,13,15.427218639467691,3.3212999696843326,104.45549996802583,35.04612269690221
1779028866,20,,Aggregated,45.600000,0.000000,13,15,18,20,29,39,45,49,57,67,100,74127,25,13,15.42769775257303,3.3212999696843326,104.45549996802583,35.04434281705721
1779028867,20,,Aggregated,45.900000,0.000000,13,15,18,20,29,39,45,49,57,67,100,74168,25,13,15.428103614835676,3.3212999696843326,104.45549996802583,35.043752022435555
1779028868,20,,Aggregated,45.300000,0.000000,13,15,18,20,29,39,45,49,57,67,100,74216,25,13,15.428808092663097,3.3212999696843326,104.45549996802583,35.04232241026194
1779028869,20,,Aggregated,44.800000,0.000000,13,15,18,20,29,39,45,49,57,67,100,74261,25,13,15.429418476789056,3.3212999696843326,104.45549996802583,35.043643365965984
1779028870,20,,Aggregated,45.500000,0.000000,13,15,18,20,29,39,45,49,57,67,100,74308,25,13,15.427356981815382,3.3212999696843326,104.45549996802583,35.044450126500514
1779028871,20,,Aggregated,45.400000,0.000000,13,15,18,20,29,39,45,49,57,67,100,74350,25,13,15.428203757966305,3.3212999696843326,104.45549996802583,35.044492266308005
1779028872,20,,Aggregated,45.000000,0.000000,13,15,18,20,29,39,45,49,57,67,100,74398,25,13,15.42803792984936,3.3212999696843326,104.45549996802583,35.04200381730692
1779028873,20,,Aggregated,45.700000,0.000000,13,15,18,20,29,39,45,49,57,67,100,74441,25,13,15.428335297816393,3.3212999696843326,104.45549996802583,35.0394674977499
1779028874,20,,Aggregated,44.800000,0.000000,13,15,18,20,29,39,45,49,57,67,100,74489,25,13,15.428884255459016,3.3212999696843326,104.45549996802583,35.04075769576716
1779028875,20,,Aggregated,44.600000,0.000000,13,15,18,20,29,39,45,49,57,67,100,74535,25,13,15.430294610649124,3.3212999696843326,104.45549996802583,35.04026296370832
1779028876,20,,Aggregated,44.100000,0.000000,13,15,18,20,29,39,45,49,57,67,100,74577,25,13,15.431570574102093,3.3212999696843326,104.45549996802583,35.04040119607922
1779028877,20,,Aggregated,44.500000,0.000000,13,15,18,20,29,39,45,49,57,67,100,74613,25,13,15.43113285894867,3.3212999696843326,104.45549996802583,35.03910846635305
1779028878,20,,Aggregated,44.900000,0.000000,13,15,18,20,29,39,45,49,57,67,100,74661,25,13,15.432525480569605,3.3212999696843326,104.45549996802583,35.03854756834224
1779028879,20,,Aggregated,44.100000,0.000000,13,15,18,20,29,39,45,49,57,67,100,74709,25,13,15.431538866863736,3.3212999696843326,104.45549996802583,35.0365953231873
1779028880,20,,Aggregated,43.900000,0.000000,13,15,18,20,29,39,45,49,57,67,100,74757,25,13,15.431861637098402,3.3212999696843326,104.45549996802583,35.0357558489506
1779028881,20,,Aggregated,44.100000,0.000000,13,15,18,20,29,39,45,49,57,67,100,74799,25,13,15.431964304394658,3.3212999696843326,104.45549996802583,35.03647107581652
1779028882,20,,Aggregated,44.400000,0.000000,13,15,18,20,29,39,45,49,57,67,100,74850,25,13,15.431643644680314,3.3212999696843326,104.45549996802583,35.036486305945225
1779028883,20,,Aggregated,44.400000,0.000000,13,15,18,20,29,39,45,49,57,67,100,74895,25,13,15.432440182978764,3.3212999696843326,104.45549996802583,35.03601041458041
1779028884,20,,Aggregated,44.600000,0.000000,13,15,18,20,29,39,45,49,57,67,100,74944,25,13,15.434108530427613,3.3212999696843326,104.45549996802583,35.03601355678907
1779028885,20,,Aggregated,44.800000,0.000000,13,15,18,20,29,39,45,49,57,67,100,74993,25,13,15.43688381454426,3.3212999696843326,104.45549996802583,35.036643420052535
1779028886,20,,Aggregated,45.800000,0.000000,13,15,18,20,29,39,45,49,57,67,100,75038,25,13,15.437704802954409,3.3212999696843326,104.45549996802583,35.03710120205763
1779028887,20,,Aggregated,45.400000,0.000000,13,15,18,20,29,39,45,49,57,67,100,75078,25,13,15.438604215669846,3.3212999696843326,104.45549996802583,35.035323263805644
1779028888,20,,Aggregated,45.600000,0.000000,13,15,18,20,29,39,45,49,57,67,100,75126,25,13,15.440673516547138,3.3212999696843326,104.45549996802583,35.03499454250193
1779028889,20,,Aggregated,46.100000,0.000000,13,15,18,20,29,39,45,49,57,67,100,75174,25,13,15.440437494401685,3.3212999696843326,104.45549996802583,35.035477691755126
1779028890,20,,Aggregated,46.000000,0.000000,13,15,18,20,29,39,45,49,57,67,100,75226,25,13,15.440471910032514,3.3212999696843326,104.45549996802583,35.0364501635073
1779028891,20,,Aggregated,45.500000,0.000000,13,15,18,20,29,39,45,49,57,67,100,75265,25,13,15.440924003245465,3.3212999696843326,104.45549996802583,35.03822493855046
1779028892,20,,Aggregated,46.100000,0.000000,13,15,18,20,29,39,45,49,57,67,100,75314,25,13,15.440301303931967,3.3212999696843326,104.45549996802583,35.037761903497355
1779028893,20,,Aggregated,46.600000,0.000000,13,15,18,20,29,39,45,49,57,67,100,75358,25,13,15.442559458904045,3.3212999696843326,104.45549996802583,35.035828976352875
1779028894,20,,Aggregated,46.300000,0.000000,13,15,18,20,29,39,45,49,57,67,100,75404,25,13,15.442870107745028,3.3212999696843326,104.45549996802583,35.03578059519389
1779028895,20,,Aggregated,45.600000,0.000000,13,15,18,20,29,39,45,49,57,67,100,75454,25,13,15.443163176298597,3.3212999696843326,104.45549996802583,35.0349616985183
1779028896,20,,Aggregated,45.700000,0.000000,13,15,18,20,29,39,45,49,57,67,100,75502,25,13,15.443608772008945,3.3212999696843326,104.45549996802583,35.03765463166538
1779028897,20,,Aggregated,45.800000,0.000000,13,15,18,20,29,39,45,49,57,67,100,75541,25,13,15.442873925474489,3.3212999696843326,104.45549996802583,35.03778080777326
1779028898,20,,Aggregated,45.700000,0.000000,13,15,18,20,29,39,45,49,57,67,100,75592,25,13,15.442720072287505,3.3212999696843326,104.45549996802583,35.03927664303101
1779028899,20,,Aggregated,46.100000,0.000000,13,15,18,20,29,39,45,49,57,67,100,75632,25,13,15.441287201238097,3.3212999696843326,104.45549996802583,35.040868944362174
1779028900,20,,Aggregated,46.600000,0.000000,13,15,18,20,29,39,45,49,57,67,100,75677,25,13,15.440676879422657,3.3212999696843326,104.45549996802583,35.04064643154459
1779028901,20,,Aggregated,46.600000,0.000000,13,15,18,20,29,39,45,49,57,67,100,75725,25,13,15.439020977276366,3.3212999696843326,104.45549996802583,35.03937933311324
1779028902,20,,Aggregated,45.400000,0.000000,13,15,18,20,29,39,45,49,57,67,100,75766,25,13,15.439210016421661,3.3212999696843326,104.45549996802583,35.039925560277695
1779028903,20,,Aggregated,45.400000,0.000000,13,15,18,20,29,39,45,49,57,67,100,75817,25,13,15.44047332529227,3.3212999696843326,104.45549996802583,35.04042628961842
1779028904,20,,Aggregated,45.400000,0.000000,13,15,18,20,29,39,45,49,57,67,100,75862,25,13,15.440300618276249,3.3212999696843326,104.45549996802583,35.04007276370251
1779028905,20,,Aggregated,45.500000,0.000000,13,15,18,20,29,39,45,49,57,67,100,75909,25,13,15.439955666697271,3.3212999696843326,104.45549996802583,35.04216891277714
1779028906,20,,Aggregated,45.400000,0.000000,13,15,18,20,29,39,45,49,57,67,100,75955,25,13,15.44031070243039,3.3212999696843326,104.45549996802583,35.04197222039365
1779028907,20,,Aggregated,45.200000,0.000000,13,15,18,20,29,39,45,49,57,67,100,75993,25,13,15.439086985683305,3.3212999696843326,104.45549996802583,35.04292500625058
1779028908,20,,Aggregated,45.100000,0.000000,13,15,18,20,29,39,45,49,57,67,100,76036,25,13,15.439158198789023,3.3212999696843326,104.45549996802583,35.03934978168236
1779028909,20,,Aggregated,45.100000,0.000000,13,15,18,20,29,39,45,49,57,67,100,76074,25,13,15.439149938256776,3.3212999696843326,104.45549996802583,35.038620290769515
1779028910,20,,Aggregated,44.400000,0.000000,13,15,18,20,29,39,45,49,57,67,100,76117,25,13,15.437996630224696,3.3212999696843326,104.45549996802583,35.03629938121576
1779028911,20,,Aggregated,44.200000,0.000000,13,15,18,20,29,39,45,49,57,67,100,76158,25,13,15.437388178561454,3.3212999696843326,104.45549996802583,35.03683132435201
1779028912,20,,Aggregated,44.300000,0.000000,13,15,18,20,29,39,45,49,57,67,100,76203,25,13,15.436553285343008,3.3212999696843326,104.45549996802583,35.03822684146294
1779028913,20,,Aggregated,42.800000,0.000000,13,15,18,20,29,39,45,49,57,67,100,76246,25,13,15.436545090930979,3.3212999696843326,104.45549996802583,35.03747081814128
1779028914,20,,Aggregated,42.700000,0.000000,13,15,18,20,29,39,45,49,57,67,100,76296,25,13,15.437526960820781,3.3212999696843326,104.45549996802583,35.03894044248715
1779028915,20,,Aggregated,42.800000,0.000000,13,15,18,20,29,39,45,49,57,67,100,76337,25,13,15.439073841034645,3.3212999696843326,104.45549996802583,35.03861823231198
1779028916,20,,Aggregated,42.000000,0.000000,13,15,18,20,29,39,45,49,57,67,100,76384,25,13,15.441694060320387,3.3212999696843326,104.45549996802583,35.037390029325515
1779028917,20,,Aggregated,42.900000,0.000000,13,15,18,20,29,39,45,49,57,67,100,76428,25,13,15.442708757306061,3.3212999696843326,104.45549996802583,35.03689747213063
1779028918,20,,Aggregated,42.700000,0.000000,13,15,18,20,29,39,45,49,57,67,100,76472,25,13,15.442164764924634,3.3212999696843326,104.45549996802583,35.038510827492416
1779028919,20,,Aggregated,42.100000,0.000000,13,15,18,20,29,39,45,49,57,67,100,76518,26,13,15.440737920529891,3.3212999696843326,104.45549996802583,35.03865757076766
1779028920,20,,Aggregated,43.000000,0.000000,13,15,18,20,29,39,45,49,57,67,100,76567,26,13,15.440672822538826,3.3212999696843326,104.45549996802583,35.037392087975235
1779028921,20,,Aggregated,43.600000,0.000000,13,15,18,20,29,39,45,49,57,67,100,76605,26,13,15.442103695622965,3.3212999696843326,104.45549996802583,35.036994974218395
1779028922,20,,Aggregated,43.600000,0.100000,13,15,18,20,29,39,45,49,57,67,100,76654,26,13,15.442038378991025,3.3212999696843326,104.45549996802583,35.036958280063665
1779028923,20,,Aggregated,45.100000,0.100000,13,15,18,20,29,39,45,49,57,67,100,76695,26,13,15.442896915091024,3.3212999696843326,104.45549996802583,35.03658647890997
1779028924,20,,Aggregated,44.200000,0.100000,13,15,18,20,29,39,45,49,57,67,100,76742,26,13,15.444264518816475,3.3212999696843326,104.45549996802583,35.036381642386175
1779028925,20,,Aggregated,44.700000,0.100000,13,15,18,20,29,39,45,49,57,67,100,76786,26,13,15.444832909685829,3.3212999696843326,104.45549996802583,35.03522777589665
1779028926,20,,Aggregated,44.600000,0.100000,13,15,18,20,29,39,45,49,57,67,100,76841,26,13,15.4438457789885,3.3212999696843326,104.45549996802583,35.035527908278134
1779028927,20,,Aggregated,44.300000,0.100000,13,15,18,20,29,39,45,49,57,67,100,76885,26,13,15.445799846569317,3.3212999696843326,104.45549996802583,35.03451908694804
1779028928,20,,Aggregated,44.400000,0.100000,13,15,18,20,29,39,45,49,57,67,100,76932,26,13,15.446639731237017,3.3212999696843326,104.45549996802583,35.034394010294804
1779028930,20,,Aggregated,45.700000,0.100000,13,15,18,20,29,39,45,49,57,67,100,76980,26,13,15.444903682818786,3.3212999696843326,104.45549996802583,35.03597038191738
1779028931,20,,Aggregated,45.400000,0.100000,13,15,18,20,29,39,45,49,57,67,100,77027,26,13,15.44544607479252,3.3212999696843326,104.45549996802583,35.03709089020733
1779028932,20,,Aggregated,45.800000,0.000000,13,15,18,20,29,39,45,49,57,67,100,77079,26,13,15.445313381113493,3.3212999696843326,104.45549996802583,35.038311342907924
1779028933,20,,Aggregated,45.400000,0.000000,13,15,18,20,29,39,45,49,57,67,100,77121,26,13,15.446649588344153,3.3212999696843326,104.45549996802583,35.03849794478806
1779028934,20,,Aggregated,47.100000,0.000000,13,15,18,20,29,39,45,49,57,67,100,77172,26,13,15.447357568843255,3.3212999696843326,104.45549996802583,35.036256673404864
1779028935,20,,Aggregated,46.400000,0.000000,13,15,18,20,29,39,45,49,57,67,100,77214,26,13,15.448152583762194,3.3212999696843326,104.45549996802583,35.03670318854094
1779028936,20,,Aggregated,47.400000,0.000000,13,15,18,20,29,39,45,49,57,67,100,77258,26,13,15.447020196001736,3.3212999696843326,104.45549996802583,35.033705247353026
1779028937,20,,Aggregated,46.800000,0.000000,13,15,18,20,29,39,45,49,57,67,100,77307,26,13,15.447783211126518,3.3212999696843326,104.45549996802583,35.031937599441186
1779028938,20,,Aggregated,46.700000,0.000000,13,15,18,20,29,39,45,49,57,67,100,77354,26,13,15.446738857753214,3.3212999696843326,104.45549996802583,35.03228016650723
1779028939,20,,Aggregated,46.100000,0.000000,13,15,18,20,29,39,45,49,57,67,100,77398,26,13,15.44607018531002,3.3212999696843326,104.45549996802583,35.03206801209333
1779028940,20,,Aggregated,46.500000,0.000000,13,15,18,20,29,39,45,49,57,67,100,77442,26,13,15.444093055476193,3.3212999696843326,104.45549996802583,35.032372614343636
1779028941,20,,Aggregated,46.100000,0.000000,13,15,18,20,29,39,45,49,57,67,100,77491,26,13,15.445268378294296,3.3212999696843326,104.45549996802583,35.02988734175582
1779028942,20,,Aggregated,46.000000,0.000000,13,15,18,20,29,39,45,49,57,67,100,77539,26,13,15.4457341763811,3.3212999696843326,104.45549996802583,35.02894027521634
1779028943,20,,Aggregated,46.100000,0.000000,13,15,18,20,29,39,45,49,57,67,100,77582,26,13,15.44602341912252,3.3212999696843326,104.45549996802583,35.03008429790415
1779028944,20,,Aggregated,45.800000,0.000000,13,15,18,20,29,39,45,49,57,67,100,77626,26,13,15.446890442668053,3.3212999696843326,104.45549996802583,35.0298997758483
1779028945,20,,Aggregated,45.900000,0.000000,13,15,18,20,29,39,45,49,57,67,100,77677,26,13,15.447879562835954,3.3212999696843326,104.45549996802583,35.02912058910617
1779028946,20,,Aggregated,45.500000,0.000000,13,15,18,20,29,39,45,49,57,67,100,77720,26,13,15.450242583664965,3.3212999696843326,104.45549996802583,35.02904014410705
1779028947,20,,Aggregated,45.700000,0.000000,13,15,18,20,29,39,45,49,57,67,100,77768,26,13,15.451005005945683,3.3212999696843326,104.45549996802583,35.029497994033534
1779028948,20,,Aggregated,45.800000,0.000000,13,15,18,20,29,39,45,49,57,67,100,77806,26,13,15.452325180606598,3.3212999696843326,104.45549996802583,35.029085160527465
1779028949,20,,Aggregated,45.700000,0.000000,13,15,18,20,29,39,45,49,57,67,100,77846,26,13,15.453226847909582,3.3212999696843326,104.45549996802583,35.028312308917606
1779028950,20,,Aggregated,44.800000,0.000000,13,15,18,20,29,39,45,49,57,67,100,77897,26,13,15.451819690133126,3.3212999696843326,104.45549996802583,35.029102532831814
1779028951,20,,Aggregated,44.800000,0.000000,13,15,18,20,29,39,45,49,57,67,100,77941,26,13,15.45229744168209,3.3212999696843326,104.45549996802583,35.030202332533584
1779028952,20,,Aggregated,44.900000,0.000000,13,15,18,20,29,39,45,49,57,67,100,77981,26,13,15.451788107386609,3.3212999696843326,104.45549996802583,35.030751080391376
1779028953,20,,Aggregated,44.300000,0.000000,13,15,18,20,29,39,45,49,57,67,100,78028,26,13,15.451175249933968,3.3212999696843326,104.45549996802583,35.03170656687343
1779028954,20,,Aggregated,43.900000,0.000000,13,15,18,20,29,39,45,49,57,67,100,78078,26,13,15.450688630627404,3.3212999696843326,104.45549996802583,35.03089218473834
1779028955,20,,Aggregated,44.000000,0.000000,13,15,18,20,29,39,45,49,57,67,100,78126,26,13,15.452055281240973,3.3212999696843326,104.45549996802583,35.03088600465914
1779028956,20,,Aggregated,44.300000,0.000000,13,15,18,20,29,39,45,49,57,67,100,78180,26,13,15.453369794096574,3.3212999696843326,104.45549996802583,35.02927858787414
1779028957,20,,Aggregated,44.300000,0.000000,13,15,18,20,29,39,45,49,57,67,100,78223,26,13,15.45445783851699,3.3212999696843326,104.45549996802583,35.02816307224218
1779028958,20,,Aggregated,44.500000,0.000000,13,15,18,20,29,39,45,49,57,67,100,78269,26,13,15.4545716235352,3.3212999696843326,104.45549996802583,35.0287725664056
1779028959,20,,Aggregated,45.100000,0.000000,13,15,18,20,29,39,45,49,57,67,100,78313,27,13,15.457295821921607,3.3212999696843326,104.45549996802583,35.02727516504284
1779028960,20,,Aggregated,45.800000,0.000000,13,15,18,20,29,39,45,49,57,67,100,78360,27,13,15.457132239691276,3.3212999696843326,104.45549996802583,35.026314446145996
1779028961,20,,Aggregated,46.000000,0.000000,13,15,18,20,29,39,45,49,57,67,100,78407,27,13,15.456689183390047,3.3212999696843326,104.45549996802583,35.02861989363195
1779028962,20,,Aggregated,45.800000,0.100000,13,15,18,20,29,39,45,49,57,67,100,78452,27,13,15.455939413935804,3.3212999696843326,104.45549996802583,35.03024779482996
1779028963,20,,Aggregated,46.500000,0.100000,13,15,18,20,29,39,45,49,57,67,100,78494,27,13,15.456498375699939,3.3212999696843326,104.45549996802583,35.03076668280378
1779028964,20,,Aggregated,46.600000,0.100000,13,15,18,20,29,39,45,49,57,67,100,78538,27,13,15.45546002320366,3.3212999696843326,104.45549996802583,35.03111869413532
1779028965,20,,Aggregated,46.200000,0.100000,13,15,18,20,29,39,45,49,57,67,100,78586,27,13,15.45822902682558,3.3212999696843326,104.45549996802583,35.02901280126231
1779028966,20,,Aggregated,45.800000,0.100000,13,15,18,20,29,39,45,49,57,67,100,78626,27,13,15.458775433088592,3.3212999696843326,104.45549996802583,35.028909012286015
1779028967,20,,Aggregated,45.600000,0.100000,13,15,18,20,29,39,45,49,57,67,100,78666,27,13,15.458703991584247,3.3212999696843326,104.45549996802583,35.028411257722524
1779028968,20,,Aggregated,45.600000,0.100000,13,15,18,20,29,39,45,49,57,67,100,78715,27,13,15.460019358466763,3.3212999696843326,104.45549996802583,35.025331893539985
1779028969,20,,Aggregated,44.400000,0.100000,13,15,18,20,29,39,45,49,57,67,100,78761,27,13,15.460979253712695,3.3212999696843326,104.45549996802583,35.0256599078224
1779028970,20,,Aggregated,44.200000,0.100000,13,15,18,20,29,39,45,49,57,67,100,78807,27,13,15.459633296554404,3.3212999696843326,104.45549996802583,35.026330148337074
1779028971,20,,Aggregated,44.300000,0.100000,13,15,18,20,29,39,45,49,57,67,100,78845,28,13,15.460071088864606,3.3212999696843326,104.45549996802583,35.02679941657683
1779028972,20,,Aggregated,43.700000,0.000000,13,15,18,20,29,39,45,49,57,67,100,78890,29,13,15.4584749093857,3.3212999696843326,104.45549996802583,35.02707567499049
1779028973,20,,Aggregated,43.200000,0.100000,13,15,18,20,29,39,45,49,57,67,100,78945,29,13,15.458787013758315,3.3212999696843326,104.45549996802583,35.02687947305086
1779028974,20,,Aggregated,43.300000,0.200000,13,15,18,20,29,39,45,49,57,67,100,78985,29,13,15.458714158396479,3.3212999696843326,104.45549996802583,35.02637209596759
1779028975,20,,Aggregated,44.600000,0.200000,13,15,18,20,29,39,45,49,57,67,100,79031,29,13,15.458871827525957,3.3212999696843326,104.45549996802583,35.02683757006744
1779028976,20,,Aggregated,44.500000,0.200000,13,15,18,20,29,39,45,49,57,67,100,79078,29,13,15.45772865653221,3.3212999696843326,104.45549996802583,35.027200991426184
1779028977,20,,Aggregated,44.000000,0.200000,13,15,18,20,29,39,45,49,57,67,100,79123,29,13,15.457885877698965,3.3212999696843326,104.45549996802583,35.02948573739621
1779028978,20,,Aggregated,44.300000,0.200000,13,15,18,20,29,39,45,49,57,67,100,79168,29,13,15.457170678821768,3.3212999696843326,104.45549996802583,35.03058053759094
1779028979,20,,Aggregated,45.100000,0.200000,13,15,18,20,29,39,45,49,57,67,100,79208,29,13,15.457897284379312,3.3212999696843326,104.45549996802583,35.03029996970003
1779028980,20,,Aggregated,44.900000,0.200000,13,15,18,20,29,39,45,49,57,67,100,79252,29,13,15.457232736098305,3.3212999696843326,104.45549996802583,35.02884469792561
1779028981,20,,Aggregated,44.700000,0.200000,13,15,18,20,29,39,45,49,57,67,100,79295,29,13,15.457196731209434,3.3212999696843326,104.45549996802583,35.03074594867268
1779028982,20,,Aggregated,44.800000,0.200000,13,15,18,20,29,39,45,49,57,67,100,79346,29,13,15.457051366181735,3.3212999696843326,104.45549996802583,35.03227635923676
1779028983,20,,Aggregated,44.700000,0.100000,13,15,18,20,29,39,45,49,57,67,100,79390,29,13,15.458641195379018,3.3212999696843326,104.45549996802583,35.03271192845447
1779028984,20,,Aggregated,44.600000,0.000000,13,15,18,20,29,39,45,49,57,67,100,79436,29,13,15.459332781124486,3.3212999696843326,104.45549996802583,35.03240344428219
1779028985,20,,Aggregated,44.400000,0.000000,13,15,18,20,29,39,45,49,57,67,100,79480,29,13,15.461952408170937,3.3212999696843326,104.45549996802583,35.03231001509814
1779028986,20,,Aggregated,44.400000,0.000000,13,15,18,20,29,39,45,49,57,67,100,79518,29,13,15.462388215262493,3.3212999696843326,104.45549996802583,35.032558665962426
1779028987,20,,Aggregated,44.800000,0.000000,13,15,18,20,29,39,45,49,57,67,100,79565,29,13,15.463648888346476,3.3212999696843326,104.45549996802583,35.03179790108716
1779028988,20,,Aggregated,44.100000,0.000000,13,15,18,20,29,39,45,49,57,67,100,79606,29,13,15.463118354159421,3.3212999696843326,104.45549996802583,35.03282415898299
1779028989,20,,Aggregated,43.900000,0.000000,13,15,18,20,29,39,45,49,57,67,100,79651,29,13,15.462733948112138,3.3212999696843326,104.45549996802583,35.03485204203337
1779028990,20,,Aggregated,43.800000,0.000000,13,15,18,20,29,39,45,49,57,67,100,79693,29,13,15.462928848217313,3.3212999696843326,104.45549996802583,35.033453377335526
1779028991,20,,Aggregated,43.700000,0.000000,13,15,18,20,29,39,45,49,57,67,100,79729,29,13,15.463654188575294,3.3212999696843326,104.45549996802583,35.032397245669706
1779028992,20,,Aggregated,43.800000,0.000000,13,15,18,20,29,39,45,49,57,67,100,79775,29,13,15.46436183266438,3.3212999696843326,104.45549996802583,35.03260419931056
1779028993,20,,Aggregated,43.400000,0.000000,13,15,18,20,29,39,45,49,57,67,100,79815,29,13,15.46466461819165,3.3212999696843326,104.45549996802583,35.03321430808745
1779028994,20,,Aggregated,43.100000,0.000000,13,15,18,20,29,39,45,49,57,67,100,79858,29,13,15.464508172018691,3.3212999696843326,104.45549996802583,35.03561321345388
1779028995,20,,Aggregated,42.200000,0.000000,13,15,18,20,29,39,45,49,57,67,100,79907,29,13,15.465254624763922,3.3212999696843326,104.45549996802583,35.03699300436758
1779028996,20,,Aggregated,42.400000,0.000000,13,15,18,20,29,39,45,49,57,67,100,79951,29,13,15.465231175358463,3.3212999696843326,104.45549996802583,35.03923653237608
1779028997,20,,Aggregated,42.200000,0.000000,13,15,18,20,29,39,45,49,57,67,100,79996,29,13,15.46600156634292,3.3212999696843326,104.45549996802583,35.03950197509875
1779028998,20,,Aggregated,42.300000,0.000000,13,15,18,20,29,39,45,49,57,67,100,80041,29,13,15.465200999504228,3.3212999696843326,104.45549996802583,35.04034182481478
1779028999,20,,Aggregated,42.300000,0.000000,13,15,18,20,29,39,45,49,57,67,100,80088,29,13,15.466631109545585,3.3212999696843326,104.45549996802583,35.03991858955149
1779029000,20,,Aggregated,42.800000,0.000000,13,15,18,20,29,39,45,49,57,67,100,80128,29,13,15.465987878158808,3.3212999696843326,104.45549996802583,35.040198182907346
1779029001,20,,Aggregated,43.500000,0.000000,13,15,18,20,29,39,45,49,57,67,100,80178,29,13,15.465530371184586,3.3212999696843326,104.45549996802583,35.040198059318016
1779029002,20,,Aggregated,43.700000,0.000000,13,15,18,20,29,39,45,49,57,67,100,80224,29,13,15.464711418042727,3.3212999696843326,104.45549996802583,35.04168328679697
1779029003,20,,Aggregated,43.900000,0.000000,13,15,18,20,29,39,45,49,57,67,100,80267,29,13,15.464450277215464,3.3212999696843326,104.45549996802583,35.041461621837115
1779029004,20,,Aggregated,44.500000,0.000000,13,15,18,20,29,39,45,49,57,67,100,80315,29,13,15.464292952759779,3.3212999696843326,104.45549996802583,35.04385233144494
1779029005,20,,Aggregated,45.000000,0.000000,13,15,18,20,29,39,45,49,57,67,100,80360,29,13,15.465753885027794,3.3212999696843326,104.45549996802583,35.043454454952716
1779029006,20,,Aggregated,44.700000,0.000000,13,15,18,20,29,39,45,49,57,67,100,80406,29,13,15.467382516241447,3.3212999696843326,104.45549996802583,35.04268338183718
1779029007,20,,Aggregated,45.400000,0.000000,13,15,18,20,29,39,45,49,57,67,100,80444,29,13,15.467863021493548,3.3212999696843326,104.45549996802583,35.04303614937099
1779029008,20,,Aggregated,45.300000,0.000000,13,15,18,20,29,39,45,49,57,67,100,80493,29,13,15.46923693614585,3.3212999696843326,104.45549996802583,35.04416533114681
1779029009,20,,Aggregated,45.000000,0.000000,13,15,18,20,29,39,45,49,57,67,100,80533,29,13,15.469990945341104,3.3212999696843326,104.45549996802583,35.04391988377435
1779029010,20,,Aggregated,45.000000,0.000000,13,15,18,20,29,39,45,49,57,67,100,80581,29,13,15.469323591186289,3.3212999696843326,104.45549996802583,35.04358347501272
1779029011,20,,Aggregated,44.200000,0.000000,13,15,18,20,29,39,45,49,57,67,100,80626,29,13,15.469798021747451,3.3212999696843326,104.45549996802583,35.045518815270505
