Timestamp,User Count,Type,Name,Requests/s,Failures/s,50%,66%,75%,80%,90%,95%,98%,99%,99.9%,99.99%,100%,Total Request Count,Total Failure Count,Total Median Response Time,Total Average Response Time,Total Min Response Time,Total Max Response Time,Total Average Content Size
1779034417,0,,Aggregated,0.000000,0.000000,N/A,N/A,N/A,N/A,N/A,N/A,N/A,N/A,N/A,N/A,N/A,0,0,0,0.0,0,0,0
1779034418,10,,Aggregated,0.000000,0.000000,540,550,560,580,590,620,620,620,620,620,620,20,0,71,294.1063850012142,4.804499971214682,620.3886999865063,31.35
1779034419,20,,Aggregated,0.000000,0.000000,12,16,43,48,550,580,590,620,620,620,620,62,0,12,104.65045161488946,4.804499971214682,620.3886999865063,33.66129032258065
1779034420,20,,Aggregated,0.000000,0.000000,12,15,18,32,71,550,580,590,620,620,620,109,0,12,65.3890330288901,4.804499971214682,620.3886999865063,34.24770642201835
1779034421,20,,Aggregated,22.000000,0.000000,12,15,18,21,50,550,580,590,620,620,620,155,0,12,51.39368000147383,4.804499971214682,620.3886999865063,33.851612903225806
1779034422,20,,Aggregated,28.666667,0.000000,12,15,18,21,48,540,580,590,620,620,620,194,0,12,44.54458092901011,4.804499971214682,620.3886999865063,34.27835051546392
1779034423,20,,Aggregated,30.250000,0.000000,12,15,18,22,50,80,560,580,620,620,620,233,0,12,41.039043778149896,4.804499971214682,620.3886999865063,33.708154506437765
1779034424,20,,Aggregated,34.000000,0.000000,12,15,18,22,48,80,550,580,620,620,620,275,0,12,37.50267818358473,4.804499971214682,620.3886999865063,33.37090909090909
1779034425,20,,Aggregated,34.500000,0.000000,12,16,18,24,50,77,550,580,620,620,620,324,0,12,35.09330987857718,4.804499971214682,620.3886999865063,33.114197530864196
1779034426,20,,Aggregated,35.571429,0.000000,12,15,18,22,52,77,550,580,620,620,620,369,0,12,33.02075555655338,4.804499971214682,620.3886999865063,33.205962059620596
1779034427,20,,Aggregated,37.000000,0.000000,12,15,18,23,52,77,540,560,620,620,620,412,0,12,31.817977913447375,4.804499971214682,620.3886999865063,33.07281553398058
1779034428,20,,Aggregated,37.333333,0.000000,12,15,18,22,50,74,540,560,620,620,620,458,0,12,30.33030218410196,4.804499971214682,620.3886999865063,33.38646288209607
1779034429,20,,Aggregated,38.100000,0.000000,12,15,18,22,50,72,90,550,620,620,620,501,0,12,29.520633134353318,4.804499971214682,620.3886999865063,33.327345309381236
1779034430,20,,Aggregated,43.000000,0.000000,12,15,18,22,50,72,90,550,620,620,620,547,0,12,28.526536746514992,4.804499971214682,620.3886999865063,33.43875685557587
1779034431,20,,Aggregated,43.200000,0.000000,12,15,18,22,48,71,86,550,620,620,620,587,0,12,27.62714293079365,4.804499971214682,620.3886999865063,33.63373083475298
1779034432,20,,Aggregated,42.900000,0.000000,12,15,18,22,48,70,83,550,620,620,620,631,0,12,26.996378447486325,4.804499971214682,620.3886999865063,33.73692551505547
1779034433,20,,Aggregated,44.200000,0.000000,12,15,18,22,50,71,83,550,620,620,620,679,0,12,26.653832990099403,4.804499971214682,620.3886999865063,33.70103092783505
1779034434,20,,Aggregated,42.900000,0.000000,12,15,18,22,48,69,83,550,620,620,620,723,0,12,26.024183126219278,4.804499971214682,620.3886999865063,33.77040110650069
1779034435,20,,Aggregated,44.600000,0.000000,12,15,18,22,47,68,80,550,620,620,620,764,0,12,25.37973023629845,4.804499971214682,620.3886999865063,33.8586387434555
1779034436,20,,Aggregated,44.600000,0.000000,12,15,18,22,46,68,80,540,620,620,620,814,0,12,24.89288267858283,3.8837000029161572,620.3886999865063,33.84889434889435
1779034437,20,,Aggregated,43.900000,0.000000,12,15,18,22,47,68,80,540,620,620,620,860,0,12,24.766164186727362,3.8837000029161572,620.3886999865063,33.60116279069767
1779034438,20,,Aggregated,44.100000,0.000000,12,16,18,22,46,67,80,540,620,620,620,902,0,12,24.539897007521287,3.8837000029161572,620.3886999865063,33.58536585365854
1779034439,20,,Aggregated,44.600000,0.000000,13,16,19,22,46,68,80,540,620,620,620,959,0,13,24.317407612863644,3.8837000029161572,620.3886999865063,33.68091762252346
1779034440,20,,Aggregated,44.400000,0.000000,13,16,19,22,46,67,80,91,590,620,620,1003,0,13,24.107769492281005,3.8837000029161572,620.3886999865063,33.72083748753739
1779034441,20,,Aggregated,44.300000,0.000000,13,16,19,23,47,67,80,92,590,620,620,1052,0,13,24.239457605234897,3.8837000029161572,620.3886999865063,33.74049429657795
1779034442,20,,Aggregated,45.900000,0.000000,13,16,19,22,47,67,80,92,590,620,620,1093,0,13,24.120213907303192,3.8837000029161572,620.3886999865063,33.78774016468436
1779034443,20,,Aggregated,45.400000,0.000000,13,16,20,23,49,68,80,91,590,620,620,1140,0,13,24.288120263576786,3.8837000029161572,620.3886999865063,33.73245614035088
1779034444,20,,Aggregated,46.500000,0.000000,13,16,20,23,49,67,80,91,590,620,620,1182,0,13,24.136778680578523,3.8837000029161572,620.3886999865063,33.787648054145514
1779034445,20,,Aggregated,45.300000,0.000000,13,16,20,24,50,67,82,90,590,620,620,1226,0,13,24.076437031516736,3.8837000029161572,620.3886999865063,33.87765089722675
1779034446,20,,Aggregated,45.700000,0.000000,13,16,20,24,50,67,82,90,590,620,620,1265,0,13,23.95619755001599,3.8837000029161572,620.3886999865063,33.9699604743083
1779034447,20,,Aggregated,45.600000,0.000000,13,16,20,24,50,67,80,88,590,620,620,1313,0,13,23.894181493086343,3.8837000029161572,620.3886999865063,33.93297791317593
1779034448,20,,Aggregated,46.200000,0.000000,13,17,21,25,50,67,80,88,590,620,620,1356,0,13,23.81716187336622,3.8837000029161572,620.3886999865063,33.940265486725664
1779034449,20,,Aggregated,45.400000,0.000000,13,17,21,25,49,67,81,88,590,620,620,1405,0,13,23.72466256250412,3.8837000029161572,620.3886999865063,33.98149466192171
1779034450,20,,Aggregated,45.100000,0.000000,13,17,21,25,50,68,82,91,590,620,620,1453,0,13,23.72096545098693,3.8837000029161572,620.3886999865063,33.87955953200275
1779034451,20,,Aggregated,45.200000,0.000000,13,17,21,25,50,67,82,91,590,620,620,1494,0,13,23.600806827564043,3.8837000029161572,620.3886999865063,33.89022757697457
1779034452,20,,Aggregated,44.300000,0.000000,13,17,21,25,49,67,82,90,590,620,620,1533,0,13,23.31640326173609,3.8837000029161572,620.3886999865063,34.056099151989564
1779034453,20,,Aggregated,44.700000,0.000000,13,17,21,25,49,67,81,90,590,620,620,1575,0,13,23.298063365232554,3.8837000029161572,620.3886999865063,33.99873015873016
1779034454,20,,Aggregated,43.500000,0.000000,13,17,21,25,50,67,81,90,590,620,620,1630,0,13,23.211840429361853,3.8837000029161572,620.3886999865063,33.96319018404908
1779034455,20,,Aggregated,43.900000,0.000000,13,17,21,25,52,68,82,90,590,620,620,1675,0,13,23.32572573121748,3.8837000029161572,620.3886999865063,33.95880597014926
1779034456,20,,Aggregated,43.800000,0.000000,13,17,21,25,52,69,81,90,590,620,620,1719,0,13,23.27150802778561,3.8837000029161572,620.3886999865063,34.04246655031995
1779034457,20,,Aggregated,44.800000,0.000000,13,17,21,25,52,68,81,90,590,620,620,1764,0,13,23.139599206137508,3.8837000029161572,620.3886999865063,34.14965986394558
1779034458,20,,Aggregated,44.700000,0.000000,13,17,21,25,51,68,81,90,590,620,620,1814,0,13,23.009631587386227,3.8837000029161572,620.3886999865063,34.04906284454245
1779034459,20,,Aggregated,45.100000,0.000000,13,17,21,25,50,68,81,90,590,620,620,1856,0,13,22.906423167835875,3.8837000029161572,620.3886999865063,34.1875
1779034460,20,,Aggregated,45.300000,0.000000,13,17,21,25,52,69,81,90,590,620,620,1906,0,13,22.9632481109304,3.8837000029161572,620.3886999865063,34.10598111227702
1779034461,20,,Aggregated,45.200000,0.000000,13,17,21,25,50,68,82,90,590,620,620,1945,0,13,22.913432441823,3.8837000029161572,620.3886999865063,34.14035989717224
1779034462,20,,Aggregated,44.900000,0.000000,13,17,21,25,50,68,81,90,590,620,620,1985,0,13,22.80354498705524,3.8837000029161572,620.3886999865063,34.2191435768262
1779034463,20,,Aggregated,45.200000,0.000000,13,17,21,25,51,69,81,88,580,620,620,2028,0,13,22.856256607182864,3.8837000029161572,620.3886999865063,34.11834319526627
1779034464,20,,Aggregated,45.700000,0.000000,13,17,21,25,50,69,81,88,580,620,620,2076,0,13,22.771367966932036,3.8837000029161572,620.3886999865063,34.10260115606936
1779034465,20,,Aggregated,44.900000,0.000000,13,17,21,25,50,68,81,88,580,620,620,2111,0,13,22.718262292494558,3.8837000029161572,620.3886999865063,34.18379914732354
1779034466,20,,Aggregated,44.600000,0.000000,13,17,21,25,50,68,80,88,580,620,620,2162,0,13,22.673998797070286,3.8127999869175255,620.3886999865063,34.130897317298796
1779034467,20,,Aggregated,44.400000,0.000000,13,17,21,25,52,68,81,87,580,620,620,2206,0,13,22.756536355010358,3.8127999869175255,620.3886999865063,34.137352674524024
1779034468,20,,Aggregated,43.500000,0.000000,13,17,21,25,52,68,81,87,580,620,620,2252,0,13,22.784225354770317,3.8127999869175255,620.3886999865063,34.14031971580817
1779034469,20,,Aggregated,43.500000,0.000000,13,17,21,25,52,68,81,87,580,620,620,2301,0,13,22.74182212042899,3.8127999869175255,620.3886999865063,34.1703607127336
1779034470,20,,Aggregated,43.400000,0.000000,13,17,21,25,52,69,81,87,580,620,620,2345,0,13,22.673429850377698,3.8127999869175255,620.3886999865063,34.12494669509595
1779034471,20,,Aggregated,43.700000,0.000000,13,17,21,25,52,68,81,87,580,620,620,2393,0,13,22.59271938951275,3.8127999869175255,620.3886999865063,34.11909736732135
1779034472,20,,Aggregated,43.700000,0.000000,13,17,21,25,53,69,81,87,580,620,620,2438,0,13,22.64215812103103,3.8127999869175255,620.3886999865063,34.07054963084496
1779034473,20,,Aggregated,43.600000,0.000000,13,17,21,25,53,69,81,87,580,620,620,2478,0,13,22.66181476958321,3.8127999869175255,620.3886999865063,34.01977401129943
1779034474,20,,Aggregated,44.200000,0.000000,13,17,21,25,53,68,81,87,580,620,620,2518,0,13,22.553201111615543,3.8127999869175255,620.3886999865063,34.08856235107228
1779034475,20,,Aggregated,45.000000,0.000000,13,17,21,25,53,69,81,87,580,620,620,2564,0,13,22.55851271416623,3.8127999869175255,620.3886999865063,34.03822152886116
1779034476,20,,Aggregated,44.400000,0.000000,13,17,21,25,53,69,81,86,580,620,620,2607,0,13,22.45138830032952,3.8127999869175255,620.3886999865063,34.00997314921366
1779034477,20,,Aggregated,44.200000,0.000000,13,17,21,25,52,69,81,86,580,620,620,2655,0,13,22.341168549489723,3.8127999869175255,620.3886999865063,34.04821092278719
1779034478,20,,Aggregated,44.800000,0.000000,13,17,21,25,52,69,81,86,580,620,620,2699,0,13,22.26632126670751,3.8127999869175255,620.3886999865063,34.02519451648759
1779034479,20,,Aggregated,44.500000,0.000000,13,17,21,25,52,69,81,87,580,620,620,2749,0,13,22.249492360388224,3.8127999869175255,620.3886999865063,34.01091305929429
1779034480,20,,Aggregated,44.700000,0.000000,13,17,21,25,52,68,81,87,580,620,620,2794,0,13,22.18973389342554,3.8127999869175255,620.3886999865063,34.010021474588406
1779034481,20,,Aggregated,44.600000,0.000000,13,17,21,25,52,69,82,87,580,620,620,2841,0,13,22.209008130389478,3.8127999869175255,620.3886999865063,33.98521647307286
1779034482,20,,Aggregated,45.200000,0.000000,13,17,21,25,53,69,82,87,580,620,620,2889,0,13,22.286897818667523,3.8127999869175255,620.3886999865063,33.952924887504324
1779034483,20,,Aggregated,44.400000,0.000000,13,17,21,25,52,69,82,87,580,620,620,2933,0,13,22.20942161543383,3.8127999869175255,620.3886999865063,34.042959427207634
1779034484,20,,Aggregated,44.600000,0.000000,13,17,21,25,52,69,82,87,580,620,620,2972,0,13,22.18744646631555,3.8127999869175255,620.3886999865063,34.08277254374159
1779034485,20,,Aggregated,44.800000,0.000000,14,17,21,25,52,68,81,87,580,620,620,3017,0,14,22.217124162419623,3.8127999869175255,620.3886999865063,34.07524030493868
1779034486,20,,Aggregated,45.300000,0.000000,13,17,21,25,52,68,81,87,580,620,620,3061,0,13,22.196243383875437,3.8127999869175255,620.3886999865063,34.090493302842205
1779034487,20,,Aggregated,44.700000,0.000000,14,17,21,25,52,68,81,87,580,620,620,3112,0,14,22.146466323233643,3.8127999869175255,620.3886999865063,34.063946015424165
1779034488,20,,Aggregated,45.200000,0.000000,13,17,21,25,52,68,81,87,580,620,620,3159,0,13,22.08935555491709,3.8127999869175255,620.3886999865063,34.08958531180753
1779034489,20,,Aggregated,45.100000,0.000000,13,17,21,25,52,68,81,87,580,620,620,3205,0,13,22.03308227704475,3.8127999869175255,620.3886999865063,34.113572542901714
1779034490,20,,Aggregated,45.300000,0.000000,14,17,21,25,52,69,82,87,580,620,620,3249,0,14,22.101173375830083,3.8127999869175255,620.3886999865063,34.11326562019083
1779034491,20,,Aggregated,45.600000,0.000000,14,17,21,25,52,69,82,87,580,620,620,3287,0,14,22.116768116320976,3.8127999869175255,620.3886999865063,34.097657438393675
1779034493,20,,Aggregated,45.000000,0.000000,14,17,21,25,52,69,82,87,580,620,620,3330,0,14,22.078443272738486,3.8127999869175255,620.3886999865063,34.04084084084084
1779034494,20,,Aggregated,45.300000,0.000000,14,17,21,25,52,69,82,87,580,620,620,3373,0,14,22.108672427587415,3.8127999869175255,620.3886999865063,33.98043284909576
1779034495,20,,Aggregated,43.800000,0.000000,14,17,21,25,52,69,82,87,580,620,620,3419,0,14,22.144059549064277,3.8127999869175255,620.3886999865063,33.95758993857853
1779034496,20,,Aggregated,44.000000,0.000000,14,17,21,25,53,69,82,87,580,620,620,3463,0,14,22.187260063084064,3.8127999869175255,620.3886999865063,33.9639041293676
1779034497,20,,Aggregated,44.000000,0.000000,14,17,22,25,52,69,82,87,580,620,620,3502,0,14,22.178313334678315,3.8127999869175255,620.3886999865063,33.954311821816106
1779034498,20,,Aggregated,44.000000,0.000000,14,17,22,25,53,70,82,87,580,620,620,3545,1,14,22.1909732857656,3.8127999869175255,620.3886999865063,33.93483779971791
1779034499,20,,Aggregated,43.900000,0.000000,14,17,22,25,53,70,83,87,580,620,620,3596,1,14,22.203190071750832,3.8127999869175255,620.3886999865063,33.906562847608456
1779034500,20,,Aggregated,43.200000,0.100000,14,17,22,25,53,70,83,87,580,620,620,3642,1,14,22.193617764466588,3.8127999869175255,620.3886999865063,33.916529379461835
1779034501,20,,Aggregated,42.900000,0.100000,14,17,22,26,53,70,83,87,580,620,620,3687,1,14,22.223957390261745,3.8127999869175255,620.3886999865063,33.898291293734744
1779034502,20,,Aggregated,43.600000,0.100000,14,18,22,26,53,70,83,87,580,620,620,3733,1,14,22.20778376581731,3.8127999869175255,620.3886999865063,33.89016876506831
1779034503,20,,Aggregated,43.700000,0.100000,14,18,22,26,53,70,82,87,580,620,620,3776,2,14,22.238598913614716,3.8127999869175255,620.3886999865063,33.86996822033898
1779034504,20,,Aggregated,43.700000,0.100000,14,18,22,25,53,70,82,87,580,620,620,3816,2,14,22.185089490979234,3.8127999869175255,620.3886999865063,33.8980607966457
1779034505,20,,Aggregated,44.300000,0.200000,14,17,22,25,53,70,82,87,580,620,620,3861,2,14,22.107927764207993,3.8127999869175255,620.3886999865063,33.95104895104895
1779034506,20,,Aggregated,44.300000,0.200000,14,17,22,25,53,70,82,87,580,620,620,3899,2,14,22.103528775950494,3.8127999869175255,620.3886999865063,33.923826622210825
1779034507,20,,Aggregated,43.900000,0.200000,14,18,22,25,53,70,82,87,580,620,620,3954,2,14,22.116077009968993,3.8127999869175255,620.3886999865063,33.904400606980275
1779034508,20,,Aggregated,43.600000,0.200000,14,18,22,25,53,70,82,87,580,620,620,3999,2,14,22.065367816330127,3.8127999869175255,620.3886999865063,33.952238059514876
1779034509,20,,Aggregated,44.500000,0.200000,14,18,21,25,52,70,82,87,560,620,620,4050,2,14,22.00360274017087,3.8127999869175255,620.3886999865063,33.97481481481481
1779034510,20,,Aggregated,45.000000,0.100000,14,18,21,25,52,70,82,87,560,620,620,4091,2,14,21.978952040545465,3.8127999869175255,620.3886999865063,33.990222439501345
1779034511,20,,Aggregated,45.100000,0.100000,14,18,21,25,52,70,82,87,560,620,620,4137,2,14,21.96539663957895,3.8127999869175255,620.3886999865063,34.01232777374909
1779034512,20,,Aggregated,44.700000,0.100000,14,18,21,25,52,70,82,87,560,620,620,4183,2,14,21.986127898127428,3.8127999869175255,620.3886999865063,33.997370308391105
1779034513,20,,Aggregated,44.600000,0.100000,14,18,22,25,52,70,82,86,560,620,620,4230,2,14,21.973050614182085,3.8127999869175255,620.3886999865063,34.00614657210402
1779034514,20,,Aggregated,44.900000,0.100000,14,18,21,25,52,69,82,86,560,620,620,4274,2,14,21.885544290582754,3.8127999869175255,620.3886999865063,34.05498362189986
1779034515,20,,Aggregated,45.100000,0.000000,14,18,21,25,52,69,82,86,560,620,620,4325,2,14,21.8530849244101,3.8127999869175255,620.3886999865063,34.026820809248555
1779034516,20,,Aggregated,45.200000,0.000000,14,18,21,25,52,69,82,86,560,620,620,4376,2,14,21.831075045261215,3.8127999869175255,620.3886999865063,34.024223034734916
1779034517,20,,Aggregated,46.400000,0.000000,14,18,21,25,52,69,82,86,560,620,620,4417,2,14,21.822618722740327,3.8127999869175255,620.3886999865063,34.02988453701607
1779034518,20,,Aggregated,47.100000,0.000000,14,18,22,25,52,70,82,86,560,620,620,4464,2,14,21.867820877745817,3.8127999869175255,620.3886999865063,33.999775985663085
1779034519,20,,Aggregated,46.700000,0.000000,14,18,22,25,52,70,82,86,560,620,620,4508,2,14,21.88864006171924,3.8127999869175255,620.3886999865063,33.97648624667258
1779034520,20,,Aggregated,46.400000,0.000000,14,18,22,25,52,70,82,86,560,620,620,4551,2,14,21.91661505121308,3.8127999869175255,620.3886999865063,33.97868600307625
1779034521,20,,Aggregated,45.700000,0.000000,14,18,22,25,52,70,82,87,560,620,620,4596,2,14,21.942784681874087,3.8127999869175255,620.3886999865063,33.920800696257615
1779034522,20,,Aggregated,45.500000,0.000000,14,18,22,25,52,70,82,86,560,620,620,4638,2,14,21.929078675647286,3.8127999869175255,620.3886999865063,33.928417421302285
1779034523,20,,Aggregated,45.800000,0.000000,14,18,22,25,52,70,82,86,560,620,620,4678,2,14,21.933162932404823,3.8127999869175255,620.3886999865063,33.91406584010261
1779034524,20,,Aggregated,45.100000,0.000000,14,18,22,25,52,70,82,86,560,620,620,4723,2,14,21.906030827346147,3.8127999869175255,620.3886999865063,33.94897311031124
1779034525,20,,Aggregated,44.800000,0.000000,14,18,22,25,52,70,82,86,560,620,620,4765,2,14,21.926149317385395,3.8127999869175255,620.3886999865063,33.926547743966424
1779034526,20,,Aggregated,44.700000,0.000000,14,18,22,25,52,70,82,86,560,620,620,4810,2,14,21.92473108052487,3.8127999869175255,620.3886999865063,33.91372141372141
1779034527,20,,Aggregated,43.900000,0.000000,14,18,22,25,51,70,82,86,560,620,620,4863,2,14,21.857526320671564,3.8127999869175255,620.3886999865063,33.98046473370348
1779034528,20,,Aggregated,43.200000,0.000000,14,18,22,25,51,70,82,86,560,620,620,4910,2,14,21.862630936297705,3.8127999869175255,620.3886999865063,33.9959266802444
1779034529,20,,Aggregated,43.800000,0.000000,14,18,22,25,51,70,82,86,560,620,620,4955,2,14,21.86183824355918,3.8127999869175255,620.3886999865063,34.00343087790111
1779034530,20,,Aggregated,44.300000,0.000000,14,18,22,25,51,70,82,86,560,620,620,4998,2,14,21.849475889781615,3.8127999869175255,620.3886999865063,34.02000800320128
1779034531,20,,Aggregated,44.600000,0.000000,14,18,22,25,51,70,82,86,550,620,620,5039,2,14,21.825099086503904,3.689599980134517,620.3886999865063,34.04048422306013
1779034532,20,,Aggregated,44.200000,0.000000,14,18,22,25,51,70,82,86,550,620,620,5087,2,14,21.809534125634386,3.689599980134517,620.3886999865063,34.0532730489483
1779034533,20,,Aggregated,44.100000,0.000000,14,18,22,25,51,70,82,86,550,620,620,5130,2,14,21.825376471160087,3.689599980134517,620.3886999865063,34.019493177387915
1779034534,20,,Aggregated,44.700000,0.000000,14,18,22,25,51,70,82,86,550,620,620,5177,2,14,21.821715066031608,3.689599980134517,620.3886999865063,34.00405640332239
1779034535,20,,Aggregated,45.000000,0.000000,14,18,22,25,51,70,82,86,550,620,620,5221,2,14,21.760491686775474,3.689599980134517,620.3886999865063,34.01628040605248
1779034536,20,,Aggregated,45.100000,0.000000,14,18,22,25,51,69,82,86,550,620,620,5274,2,14,21.693098728959463,3.689599980134517,620.3886999865063,34.04342055365946
1779034537,20,,Aggregated,45.000000,0.000000,14,18,22,25,51,69,81,86,550,620,620,5319,2,14,21.6716447446479,3.689599980134517,620.3886999865063,34.01654446324497
1779034538,20,,Aggregated,45.500000,0.000000,14,18,22,25,51,69,81,86,550,620,620,5363,2,14,21.654473503015875,3.689599980134517,620.3886999865063,34.00354279321275
1779034539,20,,Aggregated,44.800000,0.000000,14,18,22,25,51,69,81,86,550,620,620,5410,2,14,21.66618792914274,3.689599980134517,620.3886999865063,33.97097966728281
1779034540,20,,Aggregated,44.600000,0.000000,14,18,22,25,51,69,81,86,550,620,620,5451,2,14,21.674706328479488,3.689599980134517,620.3886999865063,33.97541735461383
1779034541,20,,Aggregated,44.700000,0.000000,14,18,22,25,51,70,81,86,550,620,620,5498,2,14,21.68777704553285,3.689599980134517,620.3886999865063,33.961622408148415
1779034542,20,,Aggregated,45.200000,0.000000,14,18,22,25,51,70,81,86,550,620,620,5535,2,14,21.65638101109461,3.689599980134517,620.3886999865063,33.98283649503162
1779034543,20,,Aggregated,45.000000,0.000000,14,18,22,25,51,69,81,86,550,620,620,5581,2,14,21.636047750614487,3.689599980134517,620.3886999865063,33.97043540584125
1779034544,20,,Aggregated,44.400000,0.000000,14,18,22,25,51,69,81,86,550,620,620,5632,2,14,21.601045649101085,3.689599980134517,620.3886999865063,33.98100142045455
1779034545,20,,Aggregated,44.400000,0.000000,14,18,22,25,50,69,81,86,550,620,620,5671,2,14,21.561948227053755,3.689599980134517,620.3886999865063,33.98360077587727
1779034546,20,,Aggregated,44.300000,0.000000,14,18,22,25,50,69,81,86,550,620,620,5722,2,14,21.50348523174006,3.689599980134517,620.3886999865063,34.011709192590004
1779034547,20,,Aggregated,44.800000,0.000000,14,18,22,25,50,69,81,86,550,620,620,5761,2,14,21.487857159515695,3.689599980134517,620.3886999865063,33.992015275125844
1779034548,20,,Aggregated,44.700000,0.000000,14,18,22,25,50,69,81,86,550,620,620,5802,2,14,21.474226714188593,3.689599980134517,620.3886999865063,34.002757669769046
1779034549,20,,Aggregated,44.800000,0.000000,14,18,22,25,50,69,81,86,550,620,620,5845,2,14,21.49066855357976,3.689599980134517,620.3886999865063,33.99846022241232
1779034550,20,,Aggregated,44.200000,0.000000,14,18,22,25,50,69,81,86,550,620,620,5888,2,14,21.46791817184472,3.689599980134517,620.3886999865063,34.00764266304348
1779034551,20,,Aggregated,44.000000,0.000000,14,18,22,25,50,69,81,86,550,620,620,5939,2,14,21.43971075869248,3.689599980134517,620.3886999865063,34.008755682774876
1779034552,20,,Aggregated,43.700000,0.000000,14,18,22,25,50,69,81,86,550,620,620,5985,2,14,21.445109356055074,3.689599980134517,620.3886999865063,33.99515455304929
1779034553,20,,Aggregated,43.800000,0.000000,14,18,22,25,50,69,81,86,550,620,620,6027,2,14,21.456369420264185,3.689599980134517,620.3886999865063,33.999336319893814
1779034554,20,,Aggregated,44.300000,0.000000,14,18,21,25,50,69,81,86,550,620,620,6072,2,14,21.409594086938668,3.689599980134517,620.3886999865063,34.00856389986825
1779034555,20,,Aggregated,44.300000,0.000000,14,18,21,25,50,69,81,86,550,620,620,6113,2,14,21.39486829636662,3.689599980134517,620.3886999865063,34.02192049730083
1779034556,20,,Aggregated,44.100000,0.000000,14,18,21,25,50,69,81,86,550,620,620,6160,2,14,21.388165210326452,3.689599980134517,620.3886999865063,33.99155844155844
1779034557,20,,Aggregated,43.800000,0.000000,14,18,21,25,50,69,81,86,550,620,620,6200,2,14,21.394417321857727,3.666499978862703,620.3886999865063,33.97693548387097
1779034558,20,,Aggregated,43.800000,0.000000,14,18,21,25,50,69,81,86,550,620,620,6248,2,14,21.385900655475318,3.666499978862703,620.3886999865063,33.96558898847631
1779034559,20,,Aggregated,43.000000,0.000000,14,18,21,25,50,69,81,86,550,620,620,6294,2,14,21.40411183594711,3.666499978862703,620.3886999865063,33.93771846202733
1779034560,20,,Aggregated,43.500000,0.000000,14,18,21,25,50,69,81,86,550,620,620,6335,2,14,21.389914853292524,3.666499978862703,620.3886999865063,33.9559589581689
1779034561,20,,Aggregated,44.000000,0.000000,14,18,21,25,50,69,81,86,550,620,620,6375,2,14,21.397510571880083,3.666499978862703,620.3886999865063,33.94509803921569
1779034562,20,,Aggregated,44.600000,0.000000,14,18,21,25,50,69,81,86,550,620,620,6425,2,14,21.40270563360695,3.666499978862703,620.3886999865063,33.94692607003891
1779034563,20,,Aggregated,44.000000,0.000000,14,18,21,25,51,70,81,86,550,620,620,6469,2,14,21.41853201360944,3.666499978862703,620.3886999865063,33.93121038800433
1779034564,20,,Aggregated,43.700000,0.000000,14,18,21,25,51,70,81,86,550,620,620,6510,2,14,21.39398866299448,3.666499978862703,620.3886999865063,33.94285714285714
1779034565,20,,Aggregated,44.400000,0.000000,14,18,21,25,51,69,81,86,550,620,620,6552,2,14,21.393152731375526,3.666499978862703,620.3886999865063,33.94047619047619
1779034566,20,,Aggregated,44.400000,0.000000,14,18,21,25,51,70,81,86,550,620,620,6595,2,14,21.37560697436231,3.666499978862703,620.3886999865063,33.96648976497347
1779034567,20,,Aggregated,43.800000,0.000000,14,18,21,25,50,70,81,86,550,620,620,6634,2,14,21.379123695447696,3.666499978862703,620.3886999865063,33.96020500452216
1779034568,20,,Aggregated,42.900000,0.000000,14,18,21,25,51,70,81,86,550,620,620,6680,2,14,21.40703577774648,3.666499978862703,620.3886999865063,33.95733532934132
1779034569,20,,Aggregated,43.900000,0.000000,14,18,21,25,51,70,81,86,550,620,620,6724,2,14,21.386008550758042,3.666499978862703,620.3886999865063,33.944675788221296
1779034570,20,,Aggregated,43.700000,0.000000,14,18,21,25,51,70,81,86,550,620,620,6765,2,14,21.39339149967958,3.666499978862703,620.3886999865063,33.931263858093125
1779034571,20,,Aggregated,43.300000,0.000000,14,18,21,25,51,70,81,86,550,620,620,6815,2,14,21.39966429864765,3.666499978862703,620.3886999865063,33.9540719002201
1779034572,20,,Aggregated,43.100000,0.000000,14,18,21,25,51,70,82,86,550,620,620,6857,2,14,21.38606603396914,3.666499978862703,620.3886999865063,33.977103689660204
1779034573,20,,Aggregated,43.100000,0.000000,14,18,21,25,51,70,81,86,550,620,620,6905,2,14,21.36661666835733,3.666499978862703,620.3886999865063,33.98638667632151
1779034574,20,,Aggregated,43.500000,0.000000,14,18,21,25,50,70,81,86,550,620,620,6948,2,14,21.340620451192354,3.666499978862703,620.3886999865063,33.97179044329303
1779034575,20,,Aggregated,43.100000,0.000000,14,18,21,25,50,70,81,86,550,620,620,6992,2,14,21.34493283678826,3.666499978862703,620.3886999865063,33.961098398169334
1779034576,20,,Aggregated,43.800000,0.000000,14,18,21,25,50,70,82,86,550,620,620,7037,2,14,21.344374178596958,3.666499978862703,620.3886999865063,33.962484013073755
1779034577,20,,Aggregated,43.600000,0.000000,14,18,21,25,50,70,81,86,550,620,620,7081,2,14,21.317051884617886,3.535600029863417,620.3886999865063,33.983759356023164
1779034578,20,,Aggregated,44.300000,0.000000,14,18,21,25,50,70,81,86,550,620,620,7123,2,14,21.30018758879795,3.535600029863417,620.3886999865063,34.0
1779034579,20,,Aggregated,44.100000,0.000000,14,18,21,25,50,70,81,86,550,620,620,7168,2,14,21.320255970270605,3.535600029863417,620.3886999865063,33.998744419642854
1779034580,20,,Aggregated,43.700000,0.000000,14,18,21,25,50,70,81,86,550,620,620,7208,2,14,21.320047529779178,3.535600029863417,620.3886999865063,33.9915371809101
1779034581,20,,Aggregated,43.600000,0.000000,14,18,21,25,51,70,81,86,550,620,620,7249,2,14,21.34963525931962,3.535600029863417,620.3886999865063,33.970340736653334
1779034582,20,,Aggregated,43.200000,0.000000,14,18,21,25,51,70,82,86,550,620,620,7286,2,14,21.35690386970971,3.535600029863417,620.3886999865063,33.95827614603349
1779034583,20,,Aggregated,43.800000,0.000000,14,18,21,25,50,70,81,86,550,620,620,7332,2,14,21.335946194044723,3.535600029863417,620.3886999865063,33.967948717948715
1779034584,20,,Aggregated,43.400000,0.000000,14,18,21,25,50,70,81,86,550,620,620,7375,2,14,21.322493463699406,3.535600029863417,620.3886999865063,33.964067796610166
1779034585,20,,Aggregated,42.300000,0.000000,14,18,21,25,50,70,82,86,550,620,620,7414,2,14,21.32349490085653,3.535600029863417,620.3886999865063,33.939304019422714
1779034586,20,,Aggregated,41.800000,0.000000,14,18,21,25,51,70,82,86,550,620,620,7459,2,14,21.330590936441634,3.535600029863417,620.3886999865063,33.93658667381686
1779034587,20,,Aggregated,42.100000,0.000000,14,18,21,25,51,70,82,86,550,620,620,7497,2,14,21.347629637788803,3.535600029863417,620.3886999865063,33.91423235961051
1779034588,20,,Aggregated,42.000000,0.000000,14,18,21,25,51,70,81,86,550,620,620,7540,2,14,21.3536266172805,3.535600029863417,620.3886999865063,33.91564986737401
1779034589,20,,Aggregated,41.400000,0.000000,14,18,21,25,51,70,81,86,550,620,620,7586,2,14,21.376147072803317,3.535600029863417,620.3886999865063,33.8891378855787
1779034590,20,,Aggregated,41.800000,0.000000,14,18,22,25,51,70,81,86,550,620,620,7628,2,14,21.378091097844536,3.535600029863417,620.3886999865063,33.90757734661772
1779034591,20,,Aggregated,41.800000,0.000000,14,18,22,25,51,70,81,86,550,620,620,7670,2,14,21.378088252229745,3.535600029863417,620.3886999865063,33.90573663624511
1779034592,20,,Aggregated,41.800000,0.000000,14,18,22,25,51,70,81,85,550,620,620,7717,2,14,21.371721147425443,3.535600029863417,620.3886999865063,33.906181158481274
1779034593,20,,Aggregated,41.500000,0.000000,14,18,21,25,51,70,81,85,550,620,620,7758,3,14,21.3476479884881,3.535600029863417,620.3886999865063,33.936452693993296
1779034594,20,,Aggregated,42.100000,0.000000,14,18,21,25,51,70,81,85,550,620,620,7804,3,14,21.320590081344896,3.535600029863417,620.3886999865063,33.93259866735008
1779034595,20,,Aggregated,42.600000,0.100000,14,18,21,25,51,70,81,86,550,620,620,7848,3,14,21.331738722588067,3.535600029863417,620.3886999865063,33.92189092762487
1779034596,20,,Aggregated,42.500000,0.100000,14,18,21,25,51,70,81,86,550,620,620,7893,3,14,21.321250892524336,3.535600029863417,620.3886999865063,33.92753072342582
1779034597,20,,Aggregated,42.800000,0.100000,14,18,21,25,51,70,81,86,550,620,620,7940,3,14,21.33342598167439,3.535600029863417,620.3886999865063,33.93350125944584
1779034598,20,,Aggregated,43.000000,0.100000,14,18,21,25,51,70,81,86,550,620,620,7984,3,14,21.33147342112374,3.535600029863417,620.3886999865063,33.94501503006012
1779034599,20,,Aggregated,44.000000,0.100000,14,18,21,25,51,70,81,85,540,620,620,8029,4,14,21.333450864927872,3.535600029863417,620.3886999865063,33.907958649894134
1779034600,20,,Aggregated,44.100000,0.100000,14,18,22,25,51,70,81,86,540,620,620,8074,4,14,21.34301418063441,3.535600029863417,620.3886999865063,33.91156799603666
1779034601,20,,Aggregated,44.400000,0.200000,14,18,22,25,51,70,81,85,540,620,620,8126,4,14,21.340067670996046,3.535600029863417,620.3886999865063,33.92628599556978
1779034602,20,,Aggregated,44.400000,0.200000,14,18,22,25,51,70,81,85,540,620,620,8166,4,14,21.346033455133327,3.535600029863417,620.3886999865063,33.92052412441832
1779034603,20,,Aggregated,44.600000,0.200000,14,18,22,25,51,70,81,86,540,620,620,8211,4,14,21.36989442148899,3.535600029863417,620.3886999865063,33.90585799537206
1779034604,20,,Aggregated,44.700000,0.200000,14,18,22,25,51,70,81,86,540,620,620,8263,4,14,21.34752666036858,3.535600029863417,620.3886999865063,33.91988381943604
1779034605,20,,Aggregated,44.700000,0.100000,14,18,22,25,51,70,81,85,540,620,620,8312,4,14,21.356160502249548,3.535600029863417,620.3886999865063,33.921318575553414
1779034606,20,,Aggregated,45.600000,0.100000,14,18,21,25,51,70,81,85,540,620,620,8362,4,14,21.338502343312626,3.535600029863417,620.3886999865063,33.93936857211194
1779034607,20,,Aggregated,45.800000,0.100000,14,18,22,25,51,70,81,85,540,620,620,8407,4,14,21.340941441022654,3.535600029863417,620.3886999865063,33.94207208278815
1779034608,20,,Aggregated,46.500000,0.100000,14,18,22,25,51,70,81,85,540,620,620,8444,4,14,21.340131702359606,3.535600029863417,620.3886999865063,33.95997157745145
1779034609,20,,Aggregated,46.100000,0.100000,14,18,22,25,52,70,81,85,540,620,620,8485,4,14,21.34998047079657,3.535600029863417,620.3886999865063,33.95934001178551
1779034610,20,,Aggregated,45.600000,0.100000,14,18,22,25,52,70,81,85,540,620,620,8530,4,14,21.344513985315274,3.535600029863417,620.3886999865063,33.958382180539274
1779034611,20,,Aggregated,44.900000,0.000000,14,18,22,25,51,70,81,85,540,620,620,8572,4,14,21.3262474678634,3.535600029863417,620.3886999865063,33.96803546430238
1779034612,20,,Aggregated,44.700000,0.000000,14,18,22,25,51,70,81,85,540,620,620,8625,4,14,21.340343895010598,3.535600029863417,620.3886999865063,33.96104347826087
1779034613,20,,Aggregated,45.200000,0.000000,14,18,22,25,51,70,81,86,540,620,620,8665,5,14,21.33719247483836,3.535600029863417,620.3886999865063,33.955799192152334
1779034614,20,,Aggregated,45.100000,0.000000,14,18,22,25,51,71,81,86,540,620,620,8711,5,14,21.327373481185028,3.535600029863417,620.3886999865063,33.938927792446336
1779034615,20,,Aggregated,45.400000,0.100000,14,18,22,25,51,71,81,86,540,620,620,8758,5,14,21.340203230722206,3.535600029863417,620.3886999865063,33.944165334551265
1779034616,20,,Aggregated,44.200000,0.100000,14,18,22,25,51,71,81,86,540,620,620,8805,5,14,21.32239688751999,3.535600029863417,620.3886999865063,33.95604770017036
1779034617,20,,Aggregated,44.300000,0.100000,14,18,22,25,51,71,81,86,540,620,620,8853,5,14,21.34384820903794,3.535600029863417,620.3886999865063,33.94532926691517
1779034618,20,,Aggregated,43.800000,0.100000,14,18,22,25,51,71,81,86,540,620,620,8894,5,14,21.34162019279975,3.535600029863417,620.3886999865063,33.94681807960423
1779034619,20,,Aggregated,44.200000,0.100000,14,18,22,25,51,71,81,86,540,620,620,8945,5,14,21.336278333694374,3.535600029863417,620.3886999865063,33.9527110117384
1779034620,20,,Aggregated,44.900000,0.100000,14,18,22,25,51,70,81,86,540,620,620,8988,5,14,21.325777881066866,3.535600029863417,620.3886999865063,33.95549621717846
1779034621,20,,Aggregated,45.400000,0.100000,14,18,22,25,51,70,81,86,540,620,620,9029,5,14,21.325780606389685,3.535600029863417,620.3886999865063,33.94772400044302
1779034622,20,,Aggregated,46.100000,0.100000,14,18,22,25,51,70,81,86,540,620,620,9069,5,14,21.318310474702862,3.5004999954253435,620.3886999865063,33.94663138162973
1779034623,20,,Aggregated,45.400000,0.100000,14,18,22,25,51,71,81,85,540,620,620,9109,5,14,21.318345174576738,3.5004999954253435,620.3886999865063,33.94543857723131
1779034624,20,,Aggregated,44.700000,0.100000,14,18,22,25,51,71,81,86,540,620,620,9156,5,14,21.303512068056094,3.5004999954253435,620.3886999865063,33.93861948449104
1779034625,20,,Aggregated,43.900000,0.000000,14,18,22,25,51,71,81,86,540,620,620,9194,5,14,21.3024107129738,3.5004999954253435,620.3886999865063,33.937024146182296
1779034626,20,,Aggregated,44.300000,0.000000,14,18,21,25,51,71,81,86,540,620,620,9239,5,14,21.291826625740363,3.5004999954253435,620.3886999865063,33.941227405563374
1779034627,20,,Aggregated,43.900000,0.000000,14,18,22,25,51,71,81,86,540,620,620,9280,5,14,21.27973411586246,3.5004999954253435,620.3886999865063,33.93448275862069
1779034628,20,,Aggregated,43.700000,0.000000,14,18,22,25,51,71,81,86,540,620,620,9327,5,14,21.30673963708635,3.5004999954253435,620.3886999865063,33.915942961295166
1779034629,20,,Aggregated,42.600000,0.000000,14,18,22,25,51,71,81,86,540,620,620,9373,5,14,21.290513506375248,3.5004999954253435,620.3886999865063,33.92371705963939
1779034630,20,,Aggregated,42.400000,0.000000,14,18,21,25,51,71,81,85,540,620,620,9416,5,14,21.278275434928876,3.5004999954253435,620.3886999865063,33.91875531011045
1779034631,20,,Aggregated,42.600000,0.000000,14,18,21,25,51,70,81,86,540,620,620,9462,5,14,21.273084030374633,3.5004999954253435,620.3886999865063,33.92242654829845
1779034632,20,,Aggregated,42.400000,0.000000,14,18,21,25,51,70,81,85,540,620,620,9507,5,14,21.276465751046256,3.5004999954253435,620.3886999865063,33.915956663511096
1779034633,20,,Aggregated,42.300000,0.000000,14,18,21,25,51,71,81,85,540,620,620,9552,5,14,21.273400177482504,3.5004999954253435,620.3886999865063,33.928810720268004
1779034634,20,,Aggregated,43.200000,0.000000,14,18,21,25,51,71,81,86,540,620,620,9595,5,14,21.272061729595965,3.5004999954253435,620.3886999865063,33.94580510682647
1779034635,20,,Aggregated,43.800000,0.000000,14,18,21,25,51,70,81,85,540,620,620,9638,5,14,21.25823496528706,3.5004999954253435,620.3886999865063,33.94500933803694
1779034636,20,,Aggregated,44.200000,0.000000,14,18,21,25,51,71,81,86,540,620,620,9677,5,14,21.26528184307175,3.5004999954253435,620.3886999865063,33.94740105404568
1779034637,20,,Aggregated,43.700000,0.000000,14,18,21,25,51,71,81,86,540,620,620,9720,5,14,21.279347777295257,3.5004999954253435,620.3886999865063,33.95339506172839
1779034638,20,,Aggregated,43.900000,0.000000,14,18,21,25,51,71,81,86,540,620,620,9763,5,14,21.278057328210142,3.5004999954253435,620.3886999865063,33.96763289972345
1779034639,20,,Aggregated,43.900000,0.000000,14,18,21,25,51,71,81,86,540,620,620,9804,5,14,21.296300070895548,3.5004999954253435,620.3886999865063,33.96593227254182
1779034640,20,,Aggregated,43.600000,0.000000,14,18,21,25,51,71,81,86,540,620,620,9851,5,14,21.30824582224736,3.5004999954253435,620.3886999865063,33.97563699116841
1779034641,20,,Aggregated,43.200000,0.000000,14,18,21,25,51,71,81,86,540,620,620,9891,5,14,21.31786869829818,3.5004999954253435,620.3886999865063,33.97068041654029
1779034642,20,,Aggregated,42.700000,0.000000,14,18,22,25,51,71,81,86,540,620,620,9942,6,14,21.316476513269492,3.5004999954253435,620.3886999865063,33.96197948098974
1779034643,20,,Aggregated,43.400000,0.000000,14,18,22,25,51,71,81,86,540,620,620,9979,6,14,21.31910928899767,3.5004999954253435,620.3886999865063,33.96813307946688
1779034645,20,,Aggregated,42.800000,0.000000,14,18,22,25,51,71,81,86,110,590,620,10028,6,14,21.302112983138027,3.5004999954253435,620.3886999865063,33.96071001196649
1779034646,20,,Aggregated,42.300000,0.100000,14,18,22,25,51,71,81,86,110,590,620,10081,6,14,21.284486727037315,3.5004999954253435,620.3886999865063,33.97341533578018
1779034647,20,,Aggregated,42.300000,0.100000,14,18,22,25,51,71,81,85,110,590,620,10132,6,14,21.285796426675773,3.5004999954253435,620.3886999865063,33.967923410975125
1779034648,20,,Aggregated,43.200000,0.100000,14,18,22,25,51,71,81,85,110,590,620,10176,6,14,21.280559993622163,3.5004999954253435,620.3886999865063,33.950176886792455
1779034649,20,,Aggregated,45.200000,0.100000,14,18,22,25,51,71,81,85,110,590,620,10224,6,14,21.284371850076507,3.5004999954253435,620.3886999865063,33.95373630672926
1779034650,20,,Aggregated,45.200000,0.100000,14,18,22,25,51,71,81,85,110,590,620,10271,6,14,21.284022197925417,3.5004999954253435,620.3886999865063,33.96806542693019
1779034651,20,,Aggregated,45.400000,0.100000,14,18,22,25,51,71,81,85,110,590,620,10311,6,14,21.274749655180567,3.5004999954253435,620.3886999865063,33.98293085054796
1779034652,20,,Aggregated,46.700000,0.100000,14,18,21,25,51,70,81,85,110,590,620,10362,6,14,21.24564542505642,3.5004999954253435,620.3886999865063,33.992375989191274
1779034653,20,,Aggregated,45.900000,0.100000,14,18,21,25,51,70,81,85,110,590,620,10412,6,14,21.246611054016572,3.5004999954253435,620.3886999865063,34.011621206300426
1779034654,20,,Aggregated,46.300000,0.100000,14,18,21,25,51,70,81,85,110,590,620,10457,6,14,21.237198985789597,3.5004999954253435,620.3886999865063,34.00353829970355
1779034655,20,,Aggregated,46.700000,0.000000,14,18,21,25,51,70,81,85,110,590,620,10498,6,14,21.244868098151223,3.5004999954253435,620.3886999865063,33.997523337778624
1779034656,20,,Aggregated,47.100000,0.000000,14,18,21,25,51,70,81,85,110,590,620,10543,6,14,21.24203193533848,3.5004999954253435,620.3886999865063,33.98463435454804
1779034657,20,,Aggregated,47.100000,0.000000,14,18,21,25,51,70,81,85,110,590,620,10582,6,14,21.239596058816666,3.5004999954253435,620.3886999865063,33.976847476847475
1779034658,20,,Aggregated,45.900000,0.000000,14,18,22,25,51,71,81,85,110,590,620,10620,6,14,21.25014647782917,3.5004999954253435,620.3886999865063,33.96883239171375
1779034659,20,,Aggregated,45.000000,0.000000,14,18,21,25,51,70,81,85,110,590,620,10669,6,14,21.232783952991536,3.5004999954253435,620.3886999865063,33.99821913956322
1779034660,20,,Aggregated,44.100000,0.000000,14,18,21,25,51,71,81,85,110,590,620,10707,6,14,21.242195721896394,3.5004999954253435,620.3886999865063,33.98832539460166
1779034661,20,,Aggregated,44.100000,0.000000,14,18,21,25,51,70,81,85,110,590,620,10743,6,14,21.235704625726594,3.5004999954253435,620.3886999865063,34.003630270874055
1779034662,20,,Aggregated,43.200000,0.000000,14,18,22,25,51,71,81,85,110,590,620,10792,6,14,21.257731717414195,3.5004999954253435,620.3886999865063,34.006208302446254
1779034663,20,,Aggregated,42.600000,0.000000,14,18,22,25,51,71,81,85,110,590,620,10836,7,14,21.268784126469285,3.5004999954253435,620.3886999865063,33.99446290143965
1779034664,20,,Aggregated,42.900000,0.000000,14,18,22,25,51,71,81,85,110,590,620,10884,7,14,21.271722849550184,3.5004999954253435,620.3886999865063,33.989801543550165
1779034665,20,,Aggregated,42.200000,0.100000,14,18,22,25,51,71,81,85,110,590,620,10923,8,14,21.275551432254815,3.5004999954253435,620.3886999865063,33.97995056303213
1779034666,20,,Aggregated,42.300000,0.100000,14,18,22,25,51,71,81,85,110,590,620,10968,8,14,21.248111469223172,3.5004999954253435,620.3886999865063,33.983041575492344
1779034667,20,,Aggregated,42.700000,0.200000,14,18,22,25,51,70,81,85,100,590,620,11014,8,14,21.235871000051116,3.5004999954253435,620.3886999865063,33.97993462865444
1779034668,20,,Aggregated,42.500000,0.200000,14,18,22,25,51,70,81,85,100,590,620,11059,8,14,21.23238755715451,3.5004999954253435,620.3886999865063,33.99737770141966
1779034669,20,,Aggregated,42.700000,0.200000,14,18,22,25,51,70,81,85,100,590,620,11109,8,14,21.230154315849152,3.5004999954253435,620.3886999865063,33.99612926456027
1779034670,20,,Aggregated,43.400000,0.200000,14,18,21,25,51,70,81,85,100,590,620,11149,8,14,21.213587262937615,3.5004999954253435,620.3886999865063,33.99766795228272
1779034671,20,,Aggregated,43.700000,0.200000,14,18,21,25,50,70,81,85,100,590,620,11192,8,14,21.207045585602664,3.5004999954253435,620.3886999865063,33.9949070764832
1779034672,20,,Aggregated,43.800000,0.200000,14,18,21,25,50,70,81,85,100,590,620,11234,8,14,21.201160797040462,3.5004999954253435,620.3886999865063,34.00053409293217
1779034673,20,,Aggregated,44.500000,0.200000,14,18,21,25,50,70,81,85,100,590,620,11281,8,14,21.200965614215225,3.5004999954253435,620.3886999865063,33.99875897526815
1779034674,20,,Aggregated,43.700000,0.200000,14,18,21,25,50,70,81,85,100,590,620,11325,8,14,21.19127275000242,3.5004999954253435,620.3886999865063,33.99470198675497
1779034675,20,,Aggregated,44.100000,0.100000,14,18,21,25,50,70,81,85,100,590,620,11373,8,14,21.192483935092596,3.5004999954253435,620.3886999865063,33.989888332014424
1779034676,20,,Aggregated,44.200000,0.100000,14,18,21,25,50,70,81,85,100,590,620,11417,8,14,21.180814872015365,3.5004999954253435,620.3886999865063,33.98475956906368
1779034677,20,,Aggregated,44.600000,0.000000,14,18,21,25,50,70,81,85,100,590,620,11462,8,14,21.173924471637942,3.5004999954253435,620.3886999865063,33.98342348630256
1779034678,20,,Aggregated,44.100000,0.000000,14,18,21,25,50,71,81,85,100,590,620,11520,8,14,21.18751775120068,3.5004999954253435,620.3886999865063,33.97569444444444
1779034679,20,,Aggregated,44.800000,0.000000,14,18,21,25,50,70,81,85,100,590,620,11572,8,14,21.179827280834758,3.5004999954253435,620.3886999865063,33.98453162806775
1779034680,20,,Aggregated,45.800000,0.000000,14,18,21,25,50,70,81,85,100,590,620,11609,9,14,21.17288553655294,3.5004999954253435,620.3886999865063,33.98794039107589
1779034681,20,,Aggregated,45.800000,0.000000,14,18,21,25,50,70,81,85,100,590,620,11651,9,14,21.177841944383164,3.5004999954253435,620.3886999865063,33.98291992103682
1779034682,20,,Aggregated,45.900000,0.100000,14,18,21,25,50,70,81,85,100,590,620,11696,9,14,21.1669479474989,3.5004999954253435,620.3886999865063,33.9905950752394
1779034683,20,,Aggregated,46.200000,0.100000,14,18,21,25,50,70,81,85,100,590,620,11739,9,14,21.160519651916726,3.5004999954253435,620.3886999865063,33.989010989010985
1779034684,20,,Aggregated,46.200000,0.100000,14,18,21,25,50,70,81,85,100,590,620,11785,9,14,21.13333470463191,3.5004999954253435,620.3886999865063,33.9977089520577
1779034685,20,,Aggregated,46.000000,0.100000,14,18,21,25,50,70,81,85,100,590,620,11831,9,14,21.128761482034747,3.5004999954253435,620.3886999865063,34.00794522863663
1779034686,20,,Aggregated,45.600000,0.100000,14,18,21,25,50,70,81,85,100,590,620,11870,9,14,21.140606848678175,3.5004999954253435,620.3886999865063,34.00101095197978
1779034687,20,,Aggregated,45.000000,0.100000,14,18,21,25,50,70,81,85,100,590,620,11914,10,14,21.12651582122158,3.5004999954253435,620.3886999865063,34.00965250965251
1779034688,20,,Aggregated,45.600000,0.100000,14,18,21,25,50,70,81,85,100,590,620,11963,10,14,21.122506093288514,3.5004999954253435,620.3886999865063,34.00468110005851
1779034689,20,,Aggregated,44.800000,0.200000,14,18,21,25,50,70,81,85,100,590,620,12005,10,14,21.121413144021172,3.5004999954253435,620.3886999865063,34.00199916701374
1779034690,20,,Aggregated,44.200000,0.200000,14,18,21,25,50,70,81,85,100,590,620,12048,10,14,21.126823380991954,3.5004999954253435,620.3886999865063,33.99120185922975
1779034691,20,,Aggregated,43.600000,0.200000,14,18,21,25,50,70,81,85,100,590,620,12093,10,14,21.129349623303106,3.5004999954253435,620.3886999865063,33.976349954519144
1779034692,20,,Aggregated,43.800000,0.100000,14,18,21,25,50,70,81,85,100,590,620,12135,10,14,21.124948297868446,3.5004999954253435,620.3886999865063,33.99200659250103
1779034693,20,,Aggregated,43.400000,0.100000,14,18,21,25,50,70,81,85,100,590,620,12179,10,14,21.117965423635695,3.5004999954253435,620.3886999865063,33.998193611955
1779034694,20,,Aggregated,43.700000,0.100000,14,18,21,25,50,70,81,85,100,590,620,12227,11,14,21.099985278039544,3.5004999954253435,620.3886999865063,34.00286251737957
1779034695,20,,Aggregated,43.200000,0.100000,14,18,21,25,50,70,81,85,100,590,620,12276,11,14,21.113664279443796,3.5004999954253435,620.3886999865063,34.00464320625611
1779034696,20,,Aggregated,44.100000,0.200000,14,18,21,25,50,70,81,85,100,590,620,12317,11,14,21.112286652150598,3.5004999954253435,620.3886999865063,34.0071445968986
1779034697,20,,Aggregated,44.800000,0.200000,14,18,21,25,50,70,81,85,100,590,620,12362,11,14,21.1131729570104,3.5004999954253435,620.3886999865063,33.99838213881249
1779034698,20,,Aggregated,44.600000,0.200000,14,18,21,25,50,70,81,85,100,590,620,12406,11,14,21.121156125588954,3.5004999954253435,620.3886999865063,33.987264226986944
1779034699,20,,Aggregated,44.200000,0.100000,14,18,21,25,50,70,81,85,100,590,620,12450,11,14,21.121293348928795,3.5004999954253435,620.3886999865063,33.98955823293173
1779034700,20,,Aggregated,44.400000,0.100000,14,18,21,25,50,70,81,85,100,590,620,12498,11,14,21.10697937224046,3.5004999954253435,620.3886999865063,34.01032165146423
1779034701,20,,Aggregated,44.300000,0.100000,14,18,21,25,50,70,81,85,100,590,620,12541,11,14,21.098772960270686,3.5004999954253435,620.3886999865063,34.00741567658081
1779034702,20,,Aggregated,44.500000,0.100000,14,18,21,25,50,70,81,85,100,590,620,12579,11,14,21.113119317491936,3.5004999954253435,620.3886999865063,34.00294141028699
1779034703,20,,Aggregated,45.000000,0.100000,14,18,21,25,50,70,81,85,100,590,620,12623,11,14,21.123749662895015,3.5004999954253435,620.3886999865063,33.99691040164779
1779034704,20,,Aggregated,44.300000,0.100000,14,18,21,25,50,70,81,85,100,590,620,12665,11,14,21.121091724824172,3.5004999954253435,620.3886999865063,33.99242005527043
1779034705,20,,Aggregated,44.000000,0.100000,14,18,21,25,50,71,81,85,100,590,620,12706,11,14,21.12387835628878,3.5004999954253435,620.3886999865063,34.001416653549505
1779034706,20,,Aggregated,43.600000,0.000000,14,18,21,25,50,71,81,85,100,590,620,12759,11,14,21.110594340848653,3.5004999954253435,620.3886999865063,34.00603495571753
1779034707,20,,Aggregated,42.700000,0.000000,14,18,21,25,50,71,81,85,100,590,620,12798,11,14,21.10513340325705,3.5004999954253435,620.3886999865063,34.00765744647601
1779034708,20,,Aggregated,43.300000,0.000000,14,18,21,25,50,71,81,85,100,590,620,12847,11,14,21.111115341726588,3.5004999954253435,620.3886999865063,34.00077839184245
1779034709,20,,Aggregated,43.700000,0.000000,14,18,21,25,50,71,81,85,100,590,620,12897,11,14,21.10399909245299,3.5004999954253435,620.3886999865063,34.0067457548267
1779034710,20,,Aggregated,43.400000,0.000000,14,18,21,25,50,70,81,85,100,590,620,12939,11,14,21.099419004213992,3.5004999954253435,620.3886999865063,34.00618285802612
1779034711,20,,Aggregated,44.200000,0.000000,14,18,21,25,50,70,81,85,100,590,620,12985,11,14,21.09747098927007,3.5004999954253435,620.3886999865063,34.01786676934925
1779034712,20,,Aggregated,44.300000,0.000000,14,18,21,25,50,70,81,85,98,590,620,13028,11,14,21.08337514551196,3.5004999954253435,620.3886999865063,34.017807798587654
1779034713,20,,Aggregated,44.000000,0.000000,14,18,21,25,50,70,81,85,98,590,620,13071,11,14,21.087670751719287,3.5004999954253435,620.3886999865063,34.010175197001
1779034714,20,,Aggregated,44.300000,0.000000,14,18,21,25,50,70,81,85,98,590,620,13114,11,14,21.077133101673112,3.5004999954253435,620.3886999865063,34.02600274515785
1779034715,20,,Aggregated,44.700000,0.000000,14,18,21,25,50,70,81,85,98,590,620,13158,11,14,21.07032470702979,3.5004999954253435,620.3886999865063,34.02720778233774
1779034716,20,,Aggregated,44.700000,0.000000,14,18,21,25,50,70,81,85,98,590,620,13199,11,14,21.074181657318157,3.5004999954253435,620.3886999865063,34.028865823168424
1779034717,20,,Aggregated,45.500000,0.000000,14,18,21,25,50,70,81,85,100,590,620,13245,11,14,21.09122585842144,3.5004999954253435,620.3886999865063,34.02884107210268
1779034718,20,,Aggregated,44.400000,0.000000,14,18,21,25,50,70,81,85,100,590,620,13287,11,14,21.10550215208923,3.5004999954253435,620.3886999865063,34.032814028749904
1779034719,20,,Aggregated,43.600000,0.000000,14,18,21,25,50,70,81,85,100,590,620,13340,11,14,21.132057121051812,3.5004999954253435,620.3886999865063,34.03328335832084
1779034720,20,,Aggregated,44.200000,0.000000,14,18,21,25,51,70,81,85,100,590,620,13385,11,14,21.15188369776728,3.5004999954253435,620.3886999865063,34.02308554351887
1779034721,20,,Aggregated,43.500000,0.000000,14,18,21,25,50,70,81,85,100,590,620,13424,11,14,21.138453746619984,3.5004999954253435,620.3886999865063,34.036427294398095
1779034722,20,,Aggregated,43.700000,0.000000,14,18,21,25,50,71,81,85,100,590,620,13476,11,14,21.15366308212297,3.5004999954253435,620.3886999865063,34.03398634609677
1779034723,20,,Aggregated,44.000000,0.000000,14,18,21,25,50,71,81,85,100,590,620,13520,11,14,21.152316397521815,3.5004999954253435,620.3886999865063,34.0210798816568
1779034724,20,,Aggregated,43.900000,0.000000,14,18,21,25,50,71,81,85,100,590,620,13569,11,14,21.144828284669956,3.5004999954253435,620.3886999865063,34.024320141499004
1779034725,20,,Aggregated,44.600000,0.000000,14,18,21,25,50,70,81,85,100,590,620,13604,11,14,21.145498632372327,3.5004999954253435,620.3886999865063,34.02587474272273
1779034726,20,,Aggregated,44.700000,0.000000,14,18,21,25,51,71,81,85,100,590,620,13649,11,14,21.14825914682392,3.5004999954253435,620.3886999865063,34.03165067037878
1779034727,20,,Aggregated,44.100000,0.000000,14,18,21,25,51,70,81,85,100,590,620,13694,12,14,21.14560070066141,3.5004999954253435,620.3886999865063,34.03096246531327
1779034728,20,,Aggregated,44.400000,0.000000,14,18,21,25,50,70,81,85,100,590,620,13741,12,14,21.142226002118868,3.5004999954253435,620.3886999865063,34.02940106251364
1779034729,20,,Aggregated,45.200000,0.100000,14,18,21,25,50,70,81,85,100,590,620,13786,12,14,21.136498483619945,3.5004999954253435,620.3886999865063,34.022341505875524
1779034730,20,,Aggregated,44.100000,0.100000,14,18,21,25,50,70,81,85,100,590,620,13829,12,14,21.138229539034985,3.5004999954253435,620.3886999865063,34.02191047798105
1779034731,20,,Aggregated,45.400000,0.100000,14,18,21,25,50,70,81,85,100,590,620,13876,12,14,21.13577257100177,3.5004999954253435,620.3886999865063,34.02277313346786
1779034732,20,,Aggregated,44.400000,0.100000,14,18,21,25,50,70,81,85,100,590,620,13921,12,14,21.150399611772432,3.5004999954253435,620.3886999865063,34.02952374111055
1779034733,20,,Aggregated,44.200000,0.100000,14,18,21,25,50,70,81,85,100,590,620,13964,12,14,21.150842244033456,3.5004999954253435,620.3886999865063,34.02585219134918
1779034734,20,,Aggregated,45.100000,0.100000,14,18,21,25,51,70,81,85,100,590,620,14005,12,14,21.155445833325714,3.5004999954253435,620.3886999865063,34.013209568011426
1779034735,20,,Aggregated,44.400000,0.100000,14,18,21,25,51,71,81,85,100,590,620,14045,13,14,21.18087624036483,3.5004999954253435,620.3886999865063,34.000427198291206
1779034736,20,,Aggregated,43.700000,0.100000,14,18,21,25,51,71,81,85,100,590,620,14091,13,14,21.178352132285582,3.5004999954253435,620.3886999865063,33.98410332836562
1779034737,20,,Aggregated,43.500000,0.100000,14,18,21,25,51,71,81,85,100,590,620,14131,13,14,21.18100505244778,3.5004999954253435,620.3886999865063,33.973816431958106
1779034738,20,,Aggregated,43.600000,0.200000,14,18,21,25,51,71,81,85,100,590,620,14178,13,14,21.180793059410313,3.5004999954253435,620.3886999865063,33.98145013401044
1779034739,20,,Aggregated,43.200000,0.100000,14,18,21,25,51,71,81,85,100,590,620,14233,13,14,21.181528714707714,3.5004999954253435,620.3886999865063,33.97681444530317
1779034740,20,,Aggregated,43.800000,0.100000,14,18,21,25,51,71,81,85,100,590,620,14274,13,14,21.17033865743881,3.5004999954253435,620.3886999865063,33.984167016953904
1779034741,20,,Aggregated,42.700000,0.100000,14,18,21,25,51,70,81,85,100,590,620,14322,13,14,21.167152925291113,3.5004999954253435,620.3886999865063,33.98303309593632
1779034742,20,,Aggregated,44.000000,0.100000,14,18,21,25,51,70,81,85,100,590,620,14368,13,14,21.154373559035424,3.5004999954253435,620.3886999865063,33.97445712694878
1779034743,20,,Aggregated,43.400000,0.100000,14,18,21,25,51,70,81,85,100,590,620,14413,13,14,21.145065558604614,3.5004999954253435,620.3886999865063,33.97495316727954
1779034744,20,,Aggregated,43.700000,0.100000,14,18,21,25,51,70,81,85,100,590,620,14458,13,14,21.132681712281844,3.5004999954253435,620.3886999865063,33.97717526628856
1779034745,20,,Aggregated,44.000000,0.100000,14,18,21,25,51,70,81,85,100,590,620,14499,13,14,21.13062572563847,3.5004999954253435,620.3886999865063,33.97358438513001
1779034746,20,,Aggregated,44.500000,0.100000,14,18,21,25,51,70,81,85,100,590,620,14542,13,14,21.147743742001666,3.5004999954253435,620.3886999865063,33.96128455508183
1779034747,20,,Aggregated,44.800000,0.100000,14,18,21,25,51,70,81,85,100,590,620,14586,14,14,21.140045673679904,3.5004999954253435,620.3886999865063,33.9677773207185
1779034748,20,,Aggregated,45.000000,0.000000,14,18,21,25,51,70,81,85,100,590,620,14632,14,14,21.139630781598143,3.5004999954253435,620.3886999865063,33.97061235647895
1779034749,20,,Aggregated,44.900000,0.100000,14,18,21,25,51,70,81,85,100,590,620,14678,14,14,21.13524899144685,3.5004999954253435,620.3886999865063,33.97336149339147
1779034750,20,,Aggregated,44.800000,0.100000,14,18,21,25,51,70,81,85,100,590,620,14722,14,14,21.1308800568423,3.5004999954253435,620.3886999865063,33.97126749083005
1779034751,20,,Aggregated,45.000000,0.100000,14,18,21,25,51,71,81,85,100,590,620,14764,15,14,21.1389966131609,3.5004999954253435,620.3886999865063,33.965659712814954
1779034752,20,,Aggregated,44.200000,0.100000,14,18,21,25,51,71,81,85,100,590,620,14806,15,14,21.13521272435868,3.5004999954253435,620.3886999865063,33.96758071052276
1779034753,20,,Aggregated,45.100000,0.200000,14,18,21,25,51,70,81,85,100,590,620,14849,15,14,21.12925473073907,3.5004999954253435,620.3886999865063,33.9733988820796
1779034754,20,,Aggregated,44.200000,0.200000,14,18,21,25,51,70,81,85,100,590,620,14891,15,14,21.120258585510364,3.5004999954253435,620.3886999865063,33.972869518501106
1779034755,20,,Aggregated,43.500000,0.200000,14,18,21,25,50,70,81,85,100,590,620,14932,15,14,21.12054373135392,3.5004999954253435,620.3886999865063,33.96872488615055
1779034756,20,,Aggregated,43.300000,0.200000,14,18,21,25,51,70,81,85,100,590,620,14981,15,14,21.123769347615056,3.5004999954253435,620.3886999865063,33.97603631266271
1779034757,20,,Aggregated,43.400000,0.200000,14,18,21,25,51,70,81,85,100,590,620,15030,15,14,21.124768083602504,3.5004999954253435,620.3886999865063,33.98802395209581
1779034758,20,,Aggregated,43.400000,0.200000,14,18,21,25,51,71,81,85,100,590,620,15076,15,14,21.136366443136623,3.5004999954253435,620.3886999865063,33.98467763332449
1779034759,20,,Aggregated,43.700000,0.100000,14,18,21,25,51,71,81,85,100,590,620,15120,15,14,21.143030389994333,3.5004999954253435,620.3886999865063,33.98042328042328
1779034760,20,,Aggregated,43.800000,0.100000,14,18,21,25,51,71,81,85,100,590,620,15164,15,14,21.135741486203507,3.5004999954253435,620.3886999865063,33.977380638354
1779034761,20,,Aggregated,44.000000,0.100000,14,18,21,25,51,71,81,85,100,590,620,15210,15,14,21.149389868309626,3.5004999954253435,620.3886999865063,33.97666009204471
1779034762,20,,Aggregated,44.000000,0.100000,14,18,21,25,51,71,81,85,100,590,620,15259,15,14,21.155288098632806,3.5004999954253435,620.3886999865063,33.96965725145816
1779034763,20,,Aggregated,43.700000,0.000000,14,18,21,25,51,71,81,85,100,590,620,15309,15,14,21.14207863982001,3.5004999954253435,620.3886999865063,33.97857469462408
1779034764,20,,Aggregated,44.300000,0.000000,14,18,21,25,51,71,81,85,100,590,620,15356,15,14,21.146459976369727,3.5004999954253435,620.3886999865063,33.97805418077624
1779034765,20,,Aggregated,45.500000,0.000000,14,18,21,25,51,71,81,85,100,590,620,15407,16,14,21.144704406923328,3.5004999954253435,620.3886999865063,33.98176153696372
1779034766,20,,Aggregated,46.000000,0.000000,14,18,21,25,51,71,81,85,100,590,620,15458,16,14,21.13568259782811,3.5004999954253435,620.3886999865063,33.988420235476774
1779034767,20,,Aggregated,46.000000,0.000000,14,18,21,25,51,71,81,85,100,590,620,15507,16,14,21.14219807810635,3.5004999954253435,620.3886999865063,33.99458309150706
1779034768,20,,Aggregated,47.000000,0.100000,14,18,21,25,51,71,81,85,100,590,620,15550,16,14,21.157083150959153,3.5004999954253435,620.3886999865063,33.98173633440514
1779034769,20,,Aggregated,47.300000,0.100000,14,18,21,25,51,71,81,85,100,590,620,15593,16,14,21.15041158194952,3.5004999954253435,620.3886999865063,33.98274866927468
1779034770,20,,Aggregated,47.600000,0.100000,14,18,21,25,51,71,81,85,100,590,620,15637,16,14,21.15973486583844,3.5004999954253435,620.3886999865063,33.98644241222741
1779034771,20,,Aggregated,46.700000,0.100000,14,18,21,25,51,70,81,85,100,590,620,15676,16,14,21.15875782705916,3.5004999954253435,620.3886999865063,33.98890022965042
1779034772,20,,Aggregated,46.800000,0.100000,14,18,21,25,51,71,81,85,100,590,620,15719,16,14,21.162400699581983,3.5004999954253435,620.3886999865063,33.97887906355366
1779034773,20,,Aggregated,46.800000,0.100000,14,18,22,25,51,70,81,85,100,590,620,15770,16,14,21.163826562886786,3.5004999954253435,620.3886999865063,33.97412809131262
1779034774,20,,Aggregated,45.900000,0.100000,14,18,21,25,51,70,81,85,100,590,620,15816,16,14,21.155427952493444,3.5004999954253435,620.3886999865063,33.97395042994436
1779034775,20,,Aggregated,45.100000,0.100000,14,18,21,25,51,70,81,85,100,590,620,15863,16,14,21.16667383197873,3.5004999954253435,620.3886999865063,33.969110508731006
1779034776,20,,Aggregated,45.500000,0.100000,14,18,21,25,51,71,81,85,100,590,620,15917,16,14,21.169634679696287,3.5004999954253435,620.3886999865063,33.961676195262925
1779034777,20,,Aggregated,45.800000,0.100000,14,18,21,25,51,70,81,85,100,590,620,15954,16,14,21.164683546236756,3.5004999954253435,620.3886999865063,33.95549705403034
1779034778,20,,Aggregated,44.800000,0.000000,14,18,21,25,51,70,81,85,100,590,620,15998,16,14,21.163316633121262,3.5004999954253435,620.3886999865063,33.96012001500188
1779034779,20,,Aggregated,45.400000,0.000000,14,18,21,25,51,70,81,85,100,590,620,16047,16,14,21.15567924201171,3.5004999954253435,620.3886999865063,33.96747055524397
1779034780,20,,Aggregated,44.300000,0.000000,14,18,21,25,51,70,81,85,100,590,620,16091,16,14,21.169475700492413,3.5004999954253435,620.3886999865063,33.97172332359704
1779034781,20,,Aggregated,44.800000,0.000000,14,18,22,25,51,70,81,85,100,590,620,16136,16,14,21.173670122503356,3.5004999954253435,620.3886999865063,33.97799950421418
1779034783,20,,Aggregated,45.000000,0.000000,14,18,22,25,51,70,81,85,100,590,620,16184,16,14,21.174328101640526,3.5004999954253435,620.3886999865063,33.976952545724174
1779034784,20,,Aggregated,45.100000,0.000000,14,18,22,25,51,70,81,85,100,590,620,16227,16,14,21.17626253138723,3.5004999954253435,620.3886999865063,33.977260122018855
1779034785,20,,Aggregated,46.200000,0.000000,14,18,22,25,51,70,81,85,100,590,620,16271,16,14,21.171716268003895,3.5004999954253435,620.3886999865063,33.98014873087087
1779034786,20,,Aggregated,45.300000,0.000000,14,18,21,25,51,70,81,85,100,590,620,16315,16,14,21.162398780083585,3.5004999954253435,620.3886999865063,33.98565737051793
1779034787,20,,Aggregated,45.300000,0.000000,14,18,22,25,51,70,81,85,100,590,620,16364,16,14,21.1647740342839,3.5004999954253435,620.3886999865063,33.98374480567099
1779034788,20,,Aggregated,44.800000,0.000000,14,18,21,25,51,70,81,85,100,590,620,16403,16,14,21.152956343183916,3.5004999954253435,620.3886999865063,33.98585624580869
1779034789,20,,Aggregated,44.700000,0.000000,14,18,21,25,51,70,81,85,100,590,620,16454,16,14,21.158574978547794,3.5004999954253435,620.3886999865063,33.99088367570196
1779034790,20,,Aggregated,44.600000,0.000000,14,18,21,25,51,70,81,85,100,590,620,16501,16,14,21.15041424138664,3.5004999954253435,620.3886999865063,33.99278831585964
1779034791,20,,Aggregated,45.200000,0.000000,14,18,21,25,51,70,81,85,100,590,620,16549,16,14,21.137806157287546,3.5004999954253435,620.3886999865063,34.00253791769895
1779034792,20,,Aggregated,45.200000,0.000000,14,18,21,25,51,70,81,85,100,590,620,16590,16,14,21.146093471794803,3.5004999954253435,620.3886999865063,34.002712477396024
1779034793,20,,Aggregated,45.400000,0.000000,14,18,21,25,51,70,81,85,100,590,620,16629,16,14,21.160442179149264,3.5004999954253435,620.3886999865063,33.9995189127428
1779034794,20,,Aggregated,45.200000,0.000000,14,18,21,25,51,70,81,85,100,590,620,16672,16,14,21.16254886017148,3.5004999954253435,620.3886999865063,33.99610124760077
1779034795,20,,Aggregated,44.400000,0.000000,14,18,21,25,51,70,81,85,100,590,620,16720,16,14,21.15536043042711,3.5004999954253435,620.3886999865063,33.98935406698565
1779034796,20,,Aggregated,44.400000,0.000000,14,18,21,25,51,71,81,85,100,590,620,16764,16,14,21.171569153948717,3.5004999954253435,620.3886999865063,33.985564304461946
1779034797,20,,Aggregated,44.900000,0.000000,14,18,21,25,51,70,81,85,100,590,620,16809,16,14,21.157856487396703,3.5004999954253435,620.3886999865063,33.99333690284966
1779034798,20,,Aggregated,44.700000,0.000000,14,18,21,25,51,70,81,85,100,590,620,16857,16,14,21.151519588119594,3.5004999954253435,620.3886999865063,33.998338968974316
1779034799,20,,Aggregated,44.000000,0.000000,14,18,21,25,51,70,81,85,100,590,620,16905,16,14,21.145881809948712,3.5004999954253435,620.3886999865063,34.01194912747708
1779034800,20,,Aggregated,45.000000,0.000000,14,18,21,25,51,70,81,85,100,590,620,16949,16,14,21.148858953152658,3.5004999954253435,620.3886999865063,34.014219127972154
1779034801,20,,Aggregated,44.400000,0.000000,14,18,21,25,51,70,81,85,100,590,620,16985,16,14,21.15305442431084,3.5004999954253435,620.3886999865063,34.01212834854283
1779034802,20,,Aggregated,43.700000,0.000000,14,18,21,25,51,70,81,85,98,590,620,17036,16,14,21.14804115973155,3.5004999954253435,620.3886999865063,34.01009626672928
1779034803,20,,Aggregated,43.600000,0.000000,14,18,21,25,51,70,81,85,98,590,620,17083,16,14,21.153645811448925,3.5004999954253435,620.3886999865063,33.99900485863139
1779034804,20,,Aggregated,43.700000,0.000000,14,18,21,25,51,70,81,85,98,590,620,17128,17,14,21.163153029952014,3.5004999954253435,620.3886999865063,33.9939864549276
1779034805,20,,Aggregated,44.400000,0.000000,14,18,21,25,51,70,81,85,98,590,620,17177,17,14,21.15518903749024,3.5004999954253435,620.3886999865063,33.99179134889678
1779034806,20,,Aggregated,45.000000,0.100000,14,18,21,25,51,70,81,85,98,590,620,17218,17,14,21.137476251423966,3.5004999954253435,620.3886999865063,33.998315716111044
1779034807,20,,Aggregated,44.800000,0.100000,14,18,21,25,51,70,81,85,98,590,620,17266,17,14,21.131352212266524,3.5004999954253435,620.3886999865063,33.99727788717711
1779034808,20,,Aggregated,45.100000,0.100000,14,18,21,25,51,70,81,85,98,590,620,17316,17,14,21.126916978344084,3.5004999954253435,620.3886999865063,33.99168399168399
1779034809,20,,Aggregated,45.300000,0.100000,14,18,21,25,51,70,81,85,98,590,620,17362,17,14,21.125896060169985,3.5004999954253435,620.3886999865063,33.98467918442576
1779034810,20,,Aggregated,45.200000,0.100000,14,18,21,25,51,70,81,85,98,590,620,17404,17,14,21.126500677806987,3.5004999954253435,620.3886999865063,33.97420133302689
1779034811,20,,Aggregated,45.600000,0.100000,14,18,22,25,50,70,81,85,98,590,620,17453,17,14,21.129947281067448,3.5004999954253435,620.3886999865063,33.980977482381256
1779034812,20,,Aggregated,46.200000,0.100000,14,18,22,25,50,70,81,85,98,590,620,17497,17,14,21.131984071339854,3.5004999954253435,620.3886999865063,33.98245413499457
1779034813,20,,Aggregated,46.100000,0.100000,14,18,22,25,50,70,81,85,98,590,620,17537,17,14,21.128110605915197,3.5004999954253435,620.3886999865063,33.984603980156244
1779034814,20,,Aggregated,46.700000,0.100000,14,18,21,25,50,70,81,85,98,590,620,17595,17,14,21.11294317679439,3.5004999954253435,620.3886999865063,34.0050014208582
1779034815,20,,Aggregated,46.000000,0.100000,14,18,21,25,50,70,81,85,98,590,620,17631,17,14,21.113124859384236,3.5004999954253435,620.3886999865063,34.00209857637117
1779034816,20,,Aggregated,45.500000,0.000000,14,18,21,25,50,70,81,85,98,590,620,17674,17,14,21.10373352358293,3.5004999954253435,620.3886999865063,33.996209120742336
1779034817,20,,Aggregated,45.800000,0.000000,14,18,21,25,50,70,81,85,98,590,620,17719,17,14,21.1029916753697,3.5004999954253435,620.3886999865063,34.00022574637395
1779034818,20,,Aggregated,45.000000,0.000000,14,18,21,25,50,70,81,85,98,590,620,17767,17,14,21.09857112601628,3.5004999954253435,620.3886999865063,34.00782349299263
1779034819,20,,Aggregated,45.300000,0.000000,14,18,22,25,50,70,81,85,98,590,620,17819,17,14,21.108050361734357,3.5004999954253435,620.3886999865063,34.00308659296257
1779034820,20,,Aggregated,45.000000,0.000000,14,18,22,25,50,70,81,85,98,590,620,17865,17,14,21.10586376689552,3.5004999954253435,620.3886999865063,34.00173523649594
1779034821,20,,Aggregated,44.800000,0.000000,14,18,21,25,50,70,81,85,98,590,620,17912,17,14,21.108048090424177,3.5004999954253435,620.3886999865063,34.00859758820902
1779034822,20,,Aggregated,45.300000,0.000000,14,18,22,25,50,70,81,85,98,590,620,17952,17,14,21.10879280280804,3.5004999954253435,620.3886999865063,34.006795900178254
1779034823,20,,Aggregated,45.400000,0.000000,14,18,21,25,50,70,81,85,98,590,620,17999,17,14,21.09594501339482,3.5004999954253435,620.3886999865063,34.0198344352464
1779034824,20,,Aggregated,44.700000,0.000000,14,18,21,25,50,70,81,85,98,590,620,18041,17,14,21.10088470682603,3.5004999954253435,620.3886999865063,34.01951111357464
1779034825,20,,Aggregated,45.300000,0.000000,14,18,21,25,50,70,81,85,98,590,620,18080,17,14,21.095940774109366,3.5004999954253435,620.3886999865063,34.017035398230085
1779034826,20,,Aggregated,44.600000,0.000000,14,18,21,25,50,70,81,85,98,590,620,18135,17,14,21.07732470338224,3.5004999954253435,620.3886999865063,34.028453267162945
1779034827,20,,Aggregated,44.600000,0.000000,14,18,21,25,50,70,81,85,98,590,620,18179,17,14,21.07000561615276,3.5004999954253435,620.3886999865063,34.02354364926563
1779034828,20,,Aggregated,45.500000,0.000000,14,18,21,25,50,70,81,85,98,590,620,18222,17,14,21.073662248715976,3.5004999954253435,620.3886999865063,34.02162221490506
1779034829,20,,Aggregated,45.700000,0.000000,14,18,21,25,50,70,81,85,98,590,620,18259,17,14,21.07529965475004,3.5004999954253435,620.3886999865063,34.02464538036037
1779034830,20,,Aggregated,45.200000,0.000000,14,18,21,25,50,70,81,85,98,590,620,18304,17,14,21.07983040844317,3.5004999954253435,620.3886999865063,34.02108828671329
1779034831,20,,Aggregated,44.700000,0.000000,14,18,21,25,50,70,81,85,98,590,620,18344,17,14,21.086579355426412,3.5004999954253435,620.3886999865063,34.017607937200175
1779034832,20,,Aggregated,43.400000,0.000000,14,18,21,25,50,70,81,85,98,590,620,18391,17,14,21.099081860467976,3.5004999954253435,620.3886999865063,34.0113642542548
1779034833,20,,Aggregated,43.100000,0.000000,14,18,21,25,50,70,81,85,98,590,620,18435,17,14,21.08978004315916,3.5004999954253435,620.3886999865063,34.01263900189856
1779034834,20,,Aggregated,43.500000,0.000000,14,18,21,25,50,70,81,85,98,590,620,18482,17,14,21.07804977252105,3.5004999954253435,620.3886999865063,34.014284168380044
1779034835,20,,Aggregated,43.200000,0.000000,14,18,21,25,50,70,81,85,98,590,620,18533,17,14,21.078935115500176,3.5004999954253435,620.3886999865063,34.01624129930394
1779034836,20,,Aggregated,44.400000,0.000000,14,18,21,25,50,70,81,85,98,590,620,18570,17,14,21.071867829590673,3.5004999954253435,620.3886999865063,34.01960150780829
1779034837,20,,Aggregated,44.400000,0.000000,14,18,21,25,50,70,81,85,98,590,620,18615,17,14,21.071404286627985,3.5004999954253435,620.3886999865063,34.02648401826484
1779034838,20,,Aggregated,44.100000,0.000000,14,18,21,25,50,70,81,85,98,590,620,18659,17,14,21.06764551130689,3.5004999954253435,620.3886999865063,34.030333887132215
1779034839,20,,Aggregated,42.800000,0.000000,14,18,21,25,50,70,81,85,98,590,620,18707,17,14,21.071656871519803,3.5004999954253435,620.3886999865063,34.025926123910835
1779034840,20,,Aggregated,43.700000,0.000000,14,18,21,25,50,70,81,85,98,590,620,18753,17,14,21.079153324577096,3.5004999954253435,620.3886999865063,34.01887697968325
1779034841,20,,Aggregated,43.900000,0.000000,14,18,21,25,50,70,81,85,98,590,620,18794,17,14,21.076308688733175,3.5004999954253435,620.3886999865063,34.01989996807492
1779034842,20,,Aggregated,44.700000,0.000000,14,18,21,25,50,70,81,85,98,590,620,18840,17,14,21.073422600644207,3.5004999954253435,620.3886999865063,34.027016985138005
1779034843,20,,Aggregated,44.600000,0.000000,14,18,21,25,50,70,81,85,100,590,620,18887,17,14,21.073046624448335,3.5004999954253435,620.3886999865063,34.026314396145494
1779034844,20,,Aggregated,44.200000,0.000000,14,18,21,25,50,70,81,85,100,590,620,18932,17,14,21.066334010977,3.5004999954253435,620.3886999865063,34.024825691950134
1779034845,20,,Aggregated,45.300000,0.000000,14,18,21,25,50,70,81,85,100,590,620,18974,17,14,21.07431810878157,3.5004999954253435,620.3886999865063,34.01744492463371
1779034846,20,,Aggregated,44.300000,0.000000,14,18,22,25,50,70,81,85,98,590,620,19022,17,14,21.088492697716422,3.5004999954253435,620.3886999865063,34.00120912627484
1779034847,20,,Aggregated,43.700000,0.000000,14,18,22,25,50,70,81,85,98,590,620,19065,17,14,21.082736065870392,3.5004999954253435,620.3886999865063,34.00047206923682
1779034848,20,,Aggregated,44.300000,0.000000,14,18,21,25,50,70,81,85,98,590,620,19115,17,14,21.0705541561984,3.5004999954253435,620.3886999865063,34.006434737117445
1779034849,20,,Aggregated,44.400000,0.000000,14,18,21,25,50,70,81,85,98,590,620,19150,17,14,21.066471331369243,3.5004999954253435,620.3886999865063,34.00266318537859
1779034850,20,,Aggregated,45.100000,0.000000,14,18,21,25,50,70,81,85,98,590,620,19195,17,14,21.070982974504663,3.5004999954253435,620.3886999865063,34.0063558218286
1779034851,20,,Aggregated,44.600000,0.000000,14,18,21,25,50,70,81,85,98,590,620,19238,17,14,21.07176164339647,3.5004999954253435,620.3886999865063,34.01143570017673
1779034852,20,,Aggregated,43.900000,0.000000,14,18,21,25,50,70,81,85,98,590,620,19292,17,14,21.070448579504784,3.5004999954253435,620.3886999865063,34.01316607920381
1779034853,20,,Aggregated,44.000000,0.000000,14,18,22,25,50,70,81,85,98,590,620,19338,17,14,21.078172406450523,3.5004999954253435,620.3886999865063,34.01039404281725
1779034854,20,,Aggregated,44.900000,0.000000,14,18,21,25,50,70,81,85,98,590,620,19387,17,14,21.07727334275719,3.5004999954253435,620.3886999865063,34.0042296384175
1779034855,20,,Aggregated,43.800000,0.000000,14,18,21,25,50,70,81,85,98,590,620,19430,17,14,21.07372115781913,3.5004999954253435,620.3886999865063,34.00720535254761
1779034856,20,,Aggregated,44.500000,0.000000,14,18,21,25,50,70,81,85,98,590,620,19480,17,14,21.068613285227375,3.5004999954253435,620.3886999865063,34.00138603696099
1779034857,20,,Aggregated,45.400000,0.000000,14,18,21,25,50,70,81,85,98,590,620,19529,17,14,21.055003133609546,3.5004999954253435,620.3886999865063,34.00773209073685
1779034858,20,,Aggregated,45.000000,0.000000,14,18,21,25,50,70,81,85,98,590,620,19576,17,14,21.054953212926296,3.5004999954253435,620.3886999865063,34.00296281160605
1779034859,20,,Aggregated,46.000000,0.000000,14,18,21,25,50,70,81,85,98,590,620,19622,18,14,21.049590642961054,3.5004999954253435,620.3886999865063,34.008357965548875
1779034860,20,,Aggregated,45.300000,0.000000,14,18,21,25,50,70,81,85,98,590,620,19665,18,14,21.05328655967945,3.5004999954253435,620.3886999865063,34.00391558606662
1779034861,20,,Aggregated,46.500000,0.000000,14,18,21,25,50,70,81,85,98,590,620,19706,18,14,21.046645067301537,3.5004999954253435,620.3886999865063,34.00959098751649
1779034862,20,,Aggregated,46.600000,0.100000,14,18,21,25,50,70,81,85,98,590,620,19750,18,14,21.04801585802903,3.5004999954253435,620.3886999865063,34.00202531645569
1779034863,20,,Aggregated,46.600000,0.100000,14,18,21,25,50,70,81,85,98,590,620,19798,18,14,21.046199954330845,3.5004999954253435,620.3886999865063,34.01212243660976
1779034864,20,,Aggregated,45.800000,0.100000,14,18,21,25,50,70,81,85,98,590,620,19851,18,14,21.053244309893554,3.5004999954253435,620.3886999865063,34.01072993803839
1779034865,20,,Aggregated,45.900000,0.100000,14,18,21,25,50,70,81,85,98,590,620,19893,18,14,21.061361679781182,3.5004999954253435,620.3886999865063,34.003066405268186
1779034866,20,,Aggregated,46.700000,0.100000,14,18,21,25,50,70,81,85,98,590,620,19928,18,14,21.05259748574104,3.5004999954253435,620.3886999865063,34.011792452830186
1779034867,20,,Aggregated,46.300000,0.100000,14,18,21,25,50,70,81,85,98,590,620,19977,18,14,21.0491882412739,3.5004999954253435,620.3886999865063,34.00740851979777
1779034868,20,,Aggregated,45.500000,0.100000,14,18,21,25,50,70,81,85,98,580,620,20025,18,14,21.052126686455573,3.5004999954253435,620.3886999865063,34.01123595505618
1779034869,20,,Aggregated,44.900000,0.100000,14,18,21,25,50,70,81,85,98,580,620,20066,18,14,21.05345885060091,3.5004999954253435,620.3886999865063,34.00976776637098
1779034870,20,,Aggregated,44.500000,0.100000,14,18,21,25,50,70,81,85,98,580,620,20116,18,14,21.05291630027429,3.5004999954253435,620.3886999865063,34.008600119308014
1779034871,20,,Aggregated,43.900000,0.100000,14,18,21,25,50,70,81,85,98,580,620,20162,18,14,21.051109770679023,3.5004999954253435,620.3886999865063,34.00962206130344
1779034872,20,,Aggregated,44.500000,0.000000,14,18,21,25,50,70,81,85,98,580,620,20209,18,14,21.047567162983423,3.5004999954253435,620.3886999865063,34.014696422386066
1779034873,20,,Aggregated,45.000000,0.000000,14,18,21,25,50,70,81,85,98,580,620,20259,18,14,21.041036798293305,3.5004999954253435,620.3886999865063,34.018905177945605
1779034874,20,,Aggregated,45.500000,0.000000,14,18,21,25,50,70,81,85,98,580,620,20311,18,14,21.040346442630675,3.5004999954253435,620.3886999865063,34.02048151248092
1779034875,20,,Aggregated,45.400000,0.000000,14,18,21,25,50,70,81,85,98,580,620,20357,18,14,21.042003865805448,3.5004999954253435,620.3886999865063,34.016407132681636
1779034876,20,,Aggregated,44.900000,0.000000,14,18,21,25,50,70,81,85,98,580,620,20398,18,14,21.040950117475386,3.5004999954253435,620.3886999865063,34.014805373075795
1779034877,20,,Aggregated,45.600000,0.000000,14,18,21,25,50,70,81,85,98,580,620,20447,18,14,21.04548069623632,3.5004999954253435,620.3886999865063,34.01863354037267
1779034878,20,,Aggregated,46.500000,0.000000,14,18,21,25,50,70,81,85,98,580,620,20488,18,14,21.055528465245562,3.5004999954253435,620.3886999865063,34.01825458805154
1779034879,20,,Aggregated,46.500000,0.000000,14,18,21,25,50,70,81,85,98,580,620,20535,18,14,21.0415040465492,3.5004999954253435,620.3886999865063,34.02322863403945
1779034880,20,,Aggregated,46.700000,0.000000,14,18,21,25,50,70,81,85,98,580,620,20580,18,14,21.037491209710204,3.5004999954253435,620.3886999865063,34.02691933916424
1779034881,20,,Aggregated,46.300000,0.000000,14,18,21,25,50,70,81,85,98,580,620,20625,18,14,21.035405599800022,3.5004999954253435,620.3886999865063,34.030787878787876
1779034882,20,,Aggregated,46.500000,0.000000,14,18,21,25,50,70,81,85,98,580,620,20669,18,14,21.03117682500003,3.5004999954253435,620.3886999865063,34.03236731336784
1779034883,20,,Aggregated,45.900000,0.000000,14,18,21,25,50,70,81,85,98,580,620,20717,18,14,21.039552072977642,3.5004999954253435,620.3886999865063,34.03306463291017
1779034884,20,,Aggregated,46.000000,0.000000,14,18,21,25,50,70,81,85,98,580,620,20770,19,14,21.03305667288804,3.5004999954253435,620.3886999865063,34.03033220991815
1779034885,20,,Aggregated,45.900000,0.000000,14,18,21,25,50,70,81,85,98,580,620,20809,19,14,21.02737062308372,3.5004999954253435,620.3886999865063,34.024028064779664
1779034886,20,,Aggregated,45.400000,0.000000,14,18,21,25,50,70,81,85,98,580,620,20850,19,14,21.02594735712255,3.5004999954253435,620.3886999865063,34.02402877697842
1779034887,20,,Aggregated,45.200000,0.100000,14,18,21,25,50,70,81,85,98,580,620,20898,19,14,21.027297549818094,3.5004999954253435,620.3886999865063,34.02368647717485
1779034888,20,,Aggregated,44.800000,0.100000,14,18,21,25,50,70,81,85,98,580,620,20939,19,14,21.025208405191353,3.5004999954253435,620.3886999865063,34.018100195806866
1779034889,20,,Aggregated,44.500000,0.100000,14,18,21,25,50,70,81,85,98,580,620,20978,19,14,21.02660127734232,3.5004999954253435,620.3886999865063,34.01792353894556
1779034890,20,,Aggregated,44.900000,0.100000,14,18,21,25,50,70,81,85,98,580,620,21023,19,14,21.025514550535885,3.5004999954253435,620.3886999865063,34.01336631308567
1779034891,20,,Aggregated,44.700000,0.100000,14,18,21,25,50,70,81,85,98,580,620,21069,19,14,21.022338036729142,3.5004999954253435,620.3886999865063,34.00987232426788
1779034892,20,,Aggregated,43.600000,0.100000,14,18,21,25,50,70,81,85,98,580,620,21109,19,14,21.028756440178793,3.5004999954253435,620.3886999865063,34.00521104742053
1779034893,20,,Aggregated,44.200000,0.100000,14,18,21,25,50,70,81,85,98,580,620,21168,19,14,21.021426147781202,3.5004999954253435,620.3886999865063,34.012471655328795
1779034894,20,,Aggregated,43.800000,0.100000,14,18,21,25,50,70,81,85,98,580,620,21205,19,14,21.014782923671326,3.5004999954253435,620.3886999865063,34.01608111294506
1779034895,20,,Aggregated,43.800000,0.100000,14,18,21,25,50,70,81,85,98,580,620,21250,19,14,21.028239411611438,3.5004999954253435,620.3886999865063,34.012564705882355
1779034896,20,,Aggregated,44.400000,0.100000,14,18,21,25,50,70,81,85,98,580,620,21292,19,14,21.02165458373082,3.5004999954253435,620.3886999865063,34.012070261130944
1779034897,20,,Aggregated,43.900000,0.000000,14,18,21,25,50,70,81,85,98,580,620,21337,19,14,21.01467901284629,3.5004999954253435,620.3886999865063,34.012279139522896
1779034898,20,,Aggregated,43.500000,0.000000,14,18,21,25,50,70,81,85,98,580,620,21380,19,14,21.019084153286773,3.5004999954253435,620.3886999865063,34.0121141253508
1779034899,20,,Aggregated,44.000000,0.000000,14,18,21,25,50,70,81,85,98,580,620,21421,19,14,21.0220154846749,3.5004999954253435,620.3886999865063,34.01125064189347
1779034900,20,,Aggregated,43.600000,0.000000,14,18,21,25,50,70,81,85,98,580,620,21463,19,14,21.01795736371591,3.5004999954253435,620.3886999865063,34.014163909984624
1779034901,20,,Aggregated,43.500000,0.000000,14,18,21,25,50,70,81,85,98,580,620,21509,19,14,21.01401043271671,3.5004999954253435,620.3886999865063,34.015993305128085
1779034902,20,,Aggregated,44.100000,0.000000,14,18,21,25,50,70,81,85,98,580,620,21560,19,14,21.017899577814095,3.5004999954253435,620.3886999865063,34.01428571428571
1779034903,20,,Aggregated,43.600000,0.000000,14,18,21,25,50,70,81,85,98,580,620,21596,19,14,21.014539919321216,3.5004999954253435,620.3886999865063,34.01907760696425
1779034904,20,,Aggregated,43.300000,0.000000,14,18,21,25,50,70,81,85,98,580,620,21641,20,14,21.014738579426865,3.5004999954253435,620.3886999865063,34.02070144632873
1779034905,20,,Aggregated,44.300000,0.000000,14,18,21,25,50,70,81,85,98,580,620,21685,20,14,21.016452298709016,3.5004999954253435,620.3886999865063,34.023241872261934
1779034906,20,,Aggregated,42.900000,0.000000,14,18,21,25,50,70,81,85,98,580,620,21727,20,14,21.01976964134185,3.5004999954253435,620.3886999865063,34.020849634095825
1779034907,20,,Aggregated,42.800000,0.100000,14,18,21,25,50,70,81,85,98,580,620,21775,20,14,21.016783421237907,3.5004999954253435,620.3886999865063,34.020390355912745
1779034909,20,,Aggregated,43.200000,0.100000,14,18,21,25,50,70,81,85,98,580,620,21821,21,14,21.006247898683718,3.5004999954253435,620.3886999865063,34.02644241785436
1779034910,20,,Aggregated,42.900000,0.100000,14,18,21,25,50,70,81,85,98,580,620,21865,21,14,20.99858697448912,3.5004999954253435,620.3886999865063,34.0354905099474
1779034911,20,,Aggregated,43.200000,0.100000,14,18,21,25,50,70,81,85,98,580,620,21909,21,14,21.000420448081197,3.5004999954253435,620.3886999865063,34.03240677347209
1779034912,20,,Aggregated,44.100000,0.200000,14,18,21,25,50,70,81,85,98,580,620,21949,21,14,21.00404685847494,3.5004999954253435,620.3886999865063,34.0352180053761
1779034913,20,,Aggregated,44.300000,0.200000,14,18,21,25,50,70,81,85,98,580,620,22000,21,14,21.00263463621906,3.5004999954253435,620.3886999865063,34.03972727272727
1779034914,20,,Aggregated,43.900000,0.200000,14,18,21,25,50,70,81,85,98,580,620,22042,21,14,21.011260053384884,3.5004999954253435,620.3886999865063,34.03602213955177
1779034915,20,,Aggregated,43.400000,0.200000,14,18,21,25,50,70,81,85,98,580,620,22081,21,14,21.010859258939973,3.5004999954253435,620.3886999865063,34.03650197001947
1779034916,20,,Aggregated,44.300000,0.200000,14,18,21,25,50,70,81,85,98,580,620,22123,21,14,21.02027487216294,3.5004999954253435,620.3886999865063,34.02653347195227
1779034917,20,,Aggregated,43.800000,0.100000,14,18,21,25,50,70,81,85,98,580,620,22170,21,14,21.016192593455084,3.5004999954253435,620.3886999865063,34.02512404149752
1779034918,20,,Aggregated,43.500000,0.100000,14,18,21,25,50,70,81,85,98,580,620,22217,21,14,21.007408164775054,3.5004999954253435,620.3886999865063,34.02493585992708
1779034919,20,,Aggregated,44.200000,0.100000,14,18,21,25,50,70,81,85,98,580,620,22260,21,14,21.006064411363713,3.5004999954253435,620.3886999865063,34.023899371069184
1779034920,20,,Aggregated,44.000000,0.100000,14,18,21,25,50,70,81,85,98,580,620,22307,21,14,21.00446116452097,3.5004999954253435,620.3886999865063,34.02326623929708
1779034921,20,,Aggregated,43.500000,0.000000,14,18,21,25,50,70,81,85,98,580,620,22349,21,14,21.003250279524355,3.5004999954253435,620.3886999865063,34.024385878562796
1779034922,20,,Aggregated,43.700000,0.000000,14,18,21,25,50,70,81,85,98,580,620,22392,21,14,21.00103715600341,3.5004999954253435,620.3886999865063,34.02554483744194
1779034923,20,,Aggregated,43.700000,0.000000,14,18,21,25,50,70,81,85,98,580,620,22429,21,14,21.006410218776477,3.5004999954253435,620.3886999865063,34.0275090284899
1779034924,20,,Aggregated,43.900000,0.000000,14,18,22,25,50,70,81,85,98,580,620,22475,21,14,21.012792774052407,3.5004999954253435,620.3886999865063,34.02883203559511
1779034925,20,,Aggregated,43.200000,0.000000,14,18,22,25,50,70,81,85,98,580,620,22514,21,14,21.023311796950473,3.5004999954253435,620.3886999865063,34.02469574486986
1779034926,20,,Aggregated,42.800000,0.000000,14,18,22,25,50,70,81,85,98,580,620,22562,21,14,21.019041193014623,3.5004999954253435,620.3886999865063,34.01941317259108
1779034927,20,,Aggregated,42.600000,0.000000,14,18,21,25,50,70,81,85,98,580,620,22608,21,14,21.012590795156772,3.5004999954253435,620.3886999865063,34.025300778485494
1779034928,20,,Aggregated,43.300000,0.000000,14,18,21,25,50,70,81,85,98,580,620,22655,21,14,21.008827199159352,3.5004999954253435,620.3886999865063,34.02202604281616
1779034929,20,,Aggregated,43.300000,0.000000,14,18,21,25,50,70,81,85,98,580,620,22701,21,14,21.01048470098954,3.5004999954253435,620.3886999865063,34.0174001145324
1779034930,20,,Aggregated,43.400000,0.000000,14,18,22,25,50,70,81,85,98,580,620,22741,21,14,21.015385673331426,3.5004999954253435,620.3886999865063,34.0146871289741
1779034931,20,,Aggregated,43.900000,0.000000,14,18,21,25,50,70,81,85,98,580,620,22786,21,14,21.011805454971896,3.5004999954253435,620.3886999865063,34.01812516457474
1779034932,20,,Aggregated,43.200000,0.000000,14,18,21,25,50,70,81,85,98,580,620,22830,21,14,21.015712246915797,3.5004999954253435,620.3886999865063,34.020586946999565
1779034933,20,,Aggregated,43.400000,0.000000,14,18,22,25,50,70,81,85,98,580,620,22869,21,14,21.017068988453037,3.5004999954253435,620.3886999865063,34.01429883248065
1779034934,20,,Aggregated,43.400000,0.000000,14,18,21,25,50,70,81,85,98,580,620,22910,21,14,21.013515320678586,3.5004999954253435,620.3886999865063,34.01374945438673
1779034935,20,,Aggregated,43.800000,0.000000,14,18,21,25,50,70,81,85,98,580,620,22959,21,14,21.016660433678496,3.5004999954253435,620.3886999865063,34.00770939500849
1779034936,20,,Aggregated,43.300000,0.000000,14,18,21,25,50,70,81,85,98,580,620,23007,21,14,21.002685886774,3.5004999954253435,620.3886999865063,34.00938844699439
1779034937,20,,Aggregated,44.200000,0.000000,14,18,21,25,50,70,81,85,98,580,620,23051,21,14,21.00240393895994,3.5004999954253435,620.3886999865063,34.00078087718537
1779034938,20,,Aggregated,44.100000,0.000000,14,18,22,25,50,70,81,85,98,580,620,23100,22,14,21.010735419793537,3.5004999954253435,620.3886999865063,34.00251082251082
1779034939,20,,Aggregated,44.200000,0.000000,14,18,21,25,50,70,81,85,98,580,620,23149,22,14,21.00466772202295,3.5004999954253435,620.3886999865063,34.011879562832085
1779034940,20,,Aggregated,43.800000,0.100000,14,18,21,25,50,70,81,85,98,580,620,23196,22,14,21.00178706230243,3.5004999954253435,620.3886999865063,34.00810484566305
1779034941,20,,Aggregated,44.000000,0.100000,14,18,21,25,50,70,81,85,98,580,620,23240,22,14,20.99587044306891,3.5004999954253435,620.3886999865063,34.00950946643718
1779034942,20,,Aggregated,45.300000,0.100000,14,18,21,25,50,70,81,85,98,580,620,23287,22,14,20.994671211257725,3.5004999954253435,620.3886999865063,34.0142998239361
1779034943,20,,Aggregated,45.000000,0.100000,14,18,22,25,50,70,81,85,98,580,620,23331,22,14,21.006910389473163,3.5004999954253435,620.3886999865063,34.01037246581801
1779034944,20,,Aggregated,45.700000,0.100000,14,18,22,25,50,70,81,85,98,580,620,23378,22,14,20.999330511455074,3.5004999954253435,620.3886999865063,34.01257592608435
1779034945,20,,Aggregated,45.000000,0.100000,14,18,22,25,50,70,81,85,98,580,620,23427,22,14,20.99576578293361,3.5004999954253435,620.3886999865063,34.01190933538225
1779034946,20,,Aggregated,46.400000,0.100000,14,18,22,25,50,70,81,85,98,580,620,23475,22,14,20.99947183797854,3.5004999954253435,620.3886999865063,34.00984025559105
1779034947,20,,Aggregated,46.600000,0.100000,14,18,22,25,50,70,81,85,98,580,620,23514,22,14,21.002968631306157,3.5004999954253435,620.3886999865063,34.001318363528114
1779034948,20,,Aggregated,46.600000,0.100000,14,18,22,25,50,70,81,85,98,580,620,23554,22,14,21.004430215526103,3.5004999954253435,620.3886999865063,33.99855650844867
1779034949,20,,Aggregated,45.500000,0.100000,14,18,22,25,50,70,81,85,98,580,620,23594,22,14,20.998298813112342,3.5004999954253435,620.3886999865063,34.0
1779034950,20,,Aggregated,45.100000,0.000000,14,18,21,25,50,70,81,85,98,580,620,23636,22,14,20.99184491439737,3.5004999954253435,620.3886999865063,34.00173464207142
1779034951,20,,Aggregated,44.700000,0.000000,14,18,21,25,50,70,81,85,98,580,620,23679,22,14,20.992547649668808,3.5004999954253435,620.3886999865063,34.0032940580261
1779034952,20,,Aggregated,43.900000,0.000000,14,18,22,25,50,70,81,85,98,580,620,23727,22,14,20.995985021143678,3.5004999954253435,620.3886999865063,34.00354027057782
1779034953,20,,Aggregated,43.700000,0.000000,14,18,22,25,50,70,81,85,98,580,620,23777,22,14,20.995905177135274,3.5004999954253435,620.3886999865063,34.004668377002986
1779034954,20,,Aggregated,43.500000,0.000000,14,18,22,25,50,70,81,85,98,580,620,23820,23,14,20.992639596838607,3.5004999954253435,620.3886999865063,34.00188916876574
1779034955,20,,Aggregated,44.500000,0.000000,14,18,22,25,50,70,81,85,98,580,620,23870,23,14,20.991541223144406,3.5004999954253435,620.3886999865063,34.01038961038961
1779034956,20,,Aggregated,43.700000,0.000000,14,18,22,25,50,70,81,85,98,580,620,23913,23,14,20.991323861345663,3.5004999954253435,620.3886999865063,34.009283653243
1779034957,20,,Aggregated,43.700000,0.100000,14,18,22,25,50,70,81,85,98,580,620,23953,23,14,21.001653057910115,3.5004999954253435,620.3886999865063,34.00208742119985
1779034958,20,,Aggregated,43.700000,0.100000,14,18,22,25,50,70,81,85,98,580,620,23998,23,14,21.00165473357372,3.5004999954253435,620.3886999865063,34.00045837153096
1779034959,20,,Aggregated,43.800000,0.100000,14,18,22,25,50,70,81,85,97,580,620,24037,23,14,20.99552222807412,3.5004999954253435,620.3886999865063,34.00158089611848
1779034960,20,,Aggregated,44.300000,0.100000,14,18,22,25,50,70,81,85,97,580,620,24081,23,14,20.999822453238345,3.5004999954253435,620.3886999865063,34.00116274241103
1779034961,20,,Aggregated,44.300000,0.100000,14,18,22,25,50,70,81,85,97,580,620,24126,23,14,21.003639790948508,3.5004999954253435,620.3886999865063,33.99780319986736
1779034962,20,,Aggregated,43.700000,0.100000,14,18,22,25,50,70,81,85,97,580,620,24175,23,14,20.999192951243245,3.5004999954253435,620.3886999865063,33.99656670113754
1779034963,20,,Aggregated,44.200000,0.100000,14,18,22,25,50,70,81,85,97,580,620,24223,23,14,20.99696457896239,3.5004999954253435,620.3886999865063,33.9960781075837
1779034964,20,,Aggregated,44.300000,0.100000,14,18,22,25,50,70,81,85,97,580,620,24268,23,14,20.991602682388926,3.5004999954253435,620.3886999865063,34.00140102192187
1779034965,20,,Aggregated,44.300000,0.100000,14,18,22,25,50,70,81,85,97,580,620,24312,24,14,20.990624999849633,3.5004999954253435,620.3886999865063,34.004483382691674
1779034966,20,,Aggregated,44.800000,0.100000,14,18,22,25,50,70,81,85,97,580,620,24359,24,14,20.99111350615245,3.5004999954253435,620.3886999865063,34.0069378874338
1779034967,20,,Aggregated,44.500000,0.000000,14,18,22,25,50,70,81,85,97,580,620,24400,24,14,20.985793889200576,3.5004999954253435,620.3886999865063,34.01061475409836
1779034968,20,,Aggregated,44.100000,0.100000,14,18,22,25,50,70,81,85,97,580,620,24450,24,14,20.987916232992806,3.5004999954253435,620.3886999865063,34.008466257668715
1779034969,20,,Aggregated,44.100000,0.100000,14,18,22,25,50,70,81,85,98,580,620,24492,24,14,20.99154968139451,3.5004999954253435,620.3886999865063,34.00690021231423
1779034970,20,,Aggregated,44.700000,0.100000,14,18,22,25,50,70,81,85,98,580,620,24539,24,14,20.983713671982517,3.5004999954253435,620.3886999865063,34.01177717103386
1779034971,20,,Aggregated,44.600000,0.100000,14,18,22,25,50,70,81,85,98,580,620,24583,24,14,20.993438286483038,3.5004999954253435,620.3886999865063,34.000203392588375
1779034972,20,,Aggregated,45.500000,0.100000,14,18,22,25,50,70,81,85,98,580,620,24627,24,14,21.003021983864006,3.5004999954253435,620.3886999865063,33.9925691314411
1779034973,20,,Aggregated,45.500000,0.100000,14,18,22,25,50,70,81,85,98,580,620,24676,24,14,21.00427889029072,3.5004999954253435,620.3886999865063,33.99157075701086
1779034974,20,,Aggregated,44.800000,0.100000,14,18,22,25,50,70,81,85,98,580,620,24718,24,14,20.99927344837741,3.5004999954253435,620.3886999865063,33.99049275831378
1779034975,20,,Aggregated,44.800000,0.100000,14,18,22,25,50,70,81,85,98,580,620,24766,24,14,21.008699531493296,3.5004999954253435,620.3886999865063,33.98518129693935
1779034976,20,,Aggregated,44.300000,0.100000,14,18,22,25,50,70,81,85,98,580,620,24806,24,14,21.0078558613562,3.5004999954253435,620.3886999865063,33.984761751189225
1779034977,20,,Aggregated,44.400000,0.100000,14,18,22,25,50,70,81,85,98,580,620,24854,24,14,21.00543508075104,3.5004999954253435,620.3886999865063,33.98780880341192
1779034978,20,,Aggregated,44.500000,0.000000,14,18,22,25,50,70,81,85,98,580,620,24898,24,14,21.001544160060227,3.5004999954253435,620.3886999865063,33.99212788175757
1779034979,20,,Aggregated,45.100000,0.000000,14,18,22,25,50,70,81,85,98,580,620,24946,24,14,21.00036419855516,3.5004999954253435,620.3886999865063,33.99639220716748
1779034980,20,,Aggregated,44.400000,0.000000,14,18,22,25,50,70,81,85,98,580,620,24998,24,14,21.005930102296386,3.5004999954253435,620.3886999865063,33.99631970557645
1779034981,20,,Aggregated,44.500000,0.000000,14,18,22,25,50,70,81,85,97,580,620,25040,24,14,20.9968358185663,3.5004999954253435,620.3886999865063,34.00199680511182
1779034982,20,,Aggregated,45.100000,0.000000,14,18,22,25,50,70,81,85,97,580,620,25092,24,14,20.994422218129728,3.5004999954253435,620.3886999865063,34.00247090706201
1779034983,20,,Aggregated,45.200000,0.000000,14,18,22,25,50,70,81,85,97,580,620,25138,24,14,20.99464700840582,3.5004999954253435,620.3886999865063,34.00373935873976
1779034984,20,,Aggregated,45.300000,0.000000,14,18,22,25,50,70,81,85,97,580,620,25182,24,14,20.99744106098077,3.5004999954253435,620.3886999865063,33.994162497021684
1779034985,20,,Aggregated,46.000000,0.000000,14,18,22,25,50,70,81,85,97,580,620,25229,24,14,20.991069209949206,3.5004999954253435,620.3886999865063,33.99575884894367
1779034986,20,,Aggregated,46.600000,0.000000,14,18,22,25,50,70,81,85,97,580,620,25267,24,14,20.990553433240585,3.5004999954253435,620.3886999865063,33.9983377528001
1779034987,20,,Aggregated,45.800000,0.000000,14,18,22,25,50,70,81,85,97,580,620,25311,24,14,20.991977163984604,3.5004999954253435,620.3886999865063,34.00098771285212
1779034988,20,,Aggregated,45.900000,0.000000,14,18,22,25,50,70,81,85,97,580,620,25354,24,14,20.990327585286547,3.5004999954253435,620.3886999865063,34.00516683757987
1779034989,20,,Aggregated,45.100000,0.000000,14,18,22,25,50,70,81,85,97,580,620,25395,24,14,20.979937109567203,3.5004999954253435,620.3886999865063,34.01019885804292
1779034990,20,,Aggregated,45.300000,0.000000,14,18,22,25,50,70,81,85,97,580,620,25443,24,14,20.975427838596367,3.5004999954253435,620.3886999865063,34.01823684313957
1779034991,20,,Aggregated,45.900000,0.000000,14,18,22,25,50,70,81,85,97,580,620,25486,24,14,20.974244204562897,3.5004999954253435,620.3886999865063,34.02322843914306
1779034992,20,,Aggregated,44.500000,0.000000,14,18,22,25,50,70,81,85,97,580,620,25534,24,14,20.975808921338317,3.5004999954253435,620.3886999865063,34.01911177253858
1779034993,20,,Aggregated,44.500000,0.000000,14,18,22,25,50,70,81,85,98,580,620,25572,24,14,20.9841893593569,3.5004999954253435,620.3886999865063,34.01607226654153
1779034994,20,,Aggregated,44.900000,0.000000,14,18,22,25,50,70,81,85,98,580,620,25618,24,14,20.97598836354874,3.5004999954253435,620.3886999865063,34.018307440081195
1779034995,20,,Aggregated,43.400000,0.000000,14,18,22,25,50,70,81,85,98,580,620,25663,24,14,20.981095222590618,3.5004999954253435,620.3886999865063,34.012975879671124
1779034996,20,,Aggregated,43.000000,0.000000,14,18,22,25,50,70,81,85,98,580,620,25709,24,14,20.979165638393578,3.5004999954253435,620.3886999865063,34.014002878369446
1779034997,20,,Aggregated,43.500000,0.000000,14,18,22,25,50,70,81,85,98,580,620,25752,24,14,20.979005758688828,3.5004999954253435,620.3886999865063,34.01665890027959
1779034998,20,,Aggregated,43.400000,0.000000,14,18,22,25,50,70,81,85,98,580,620,25796,24,14,20.985645278258353,3.5004999954253435,620.3886999865063,34.017367033648625
1779034999,20,,Aggregated,44.000000,0.000000,14,18,22,25,50,70,81,85,98,580,620,25835,24,14,20.992670369574967,3.5004999954253435,620.3886999865063,34.01408941358622
1779035000,20,,Aggregated,44.300000,0.000000,14,18,22,25,50,70,81,85,98,580,620,25881,24,14,20.9890454309403,3.5004999954253435,620.3886999865063,34.015996290715194
1779035001,20,,Aggregated,43.000000,0.000000,14,18,22,25,50,70,81,85,98,580,620,25919,24,14,20.99227491408861,3.5004999954253435,620.3886999865063,34.01813341564104
1779035002,20,,Aggregated,43.600000,0.000000,14,18,22,25,50,70,81,85,98,580,620,25967,24,14,20.99086206716494,3.5004999954253435,620.3886999865063,34.01744521893172
1779035003,20,,Aggregated,42.900000,0.000000,14,18,22,25,50,70,81,85,97,580,620,26009,24,14,20.98820933515121,3.5004999954253435,620.3886999865063,34.01864739128763
1779035004,20,,Aggregated,42.500000,0.000000,14,18,22,25,50,70,81,85,97,580,620,26061,24,14,20.984368493064537,3.5004999954253435,620.3886999865063,34.01454280342274
1779035005,20,,Aggregated,43.500000,0.000000,14,18,22,25,50,70,81,85,97,580,620,26103,24,14,20.98524236285592,3.5004999954253435,620.3886999865063,34.01938474504846
1779035006,20,,Aggregated,43.100000,0.000000,14,18,22,25,50,70,81,85,97,580,620,26144,24,14,20.986682382101037,3.5004999954253435,620.3886999865063,34.01709761321909
1779035007,20,,Aggregated,43.600000,0.000000,14,18,22,25,50,70,81,85,97,580,620,26190,24,14,20.98363121029275,3.5004999954253435,620.3886999865063,34.015425735013366
1779035008,20,,Aggregated,43.400000,0.000000,14,18,22,25,50,70,81,85,97,580,620,26235,24,14,20.982439523435524,3.5004999954253435,620.3886999865063,34.01448446731466
1779035009,20,,Aggregated,43.700000,0.000000,14,18,22,25,50,70,81,85,97,580,620,26281,24,14,20.989668654066236,3.5004999954253435,620.3886999865063,34.01533427190746
1779035010,20,,Aggregated,42.900000,0.000000,14,18,22,25,50,70,81,85,97,580,620,26326,24,14,20.993340495996698,3.5004999954253435,620.3886999865063,34.01637164780065
1779035011,20,,Aggregated,44.200000,0.000000,14,18,22,25,50,70,81,85,97,580,620,26369,24,14,20.999038222830592,3.5004999954253435,620.3886999865063,34.01387993477189
1779035012,20,,Aggregated,43.900000,0.000000,14,18,22,25,50,70,81,85,97,580,620,26410,24,14,20.99979359325355,3.5004999954253435,620.3886999865063,34.0080272624006
1779035013,20,,Aggregated,44.500000,0.000000,14,18,22,25,50,70,81,85,97,580,620,26448,24,14,21.002802102151865,3.5004999954253435,620.3886999865063,34.002419842710225
1779035014,20,,Aggregated,44.600000,0.000000,14,18,22,25,50,70,81,85,97,580,620,26496,24,14,20.99464978477888,3.5004999954253435,620.3886999865063,34.01147342995169
1779035015,20,,Aggregated,43.500000,0.000000,14,18,22,25,50,70,81,85,97,580,620,26537,24,14,20.997374085152316,3.5004999954253435,620.3886999865063,34.00919470927384
1779035016,20,,Aggregated,43.800000,0.000000,14,18,22,25,50,70,81,85,97,580,620,26583,24,14,21.003357559252965,3.5004999954253435,620.3886999865063,34.003874656735505
1779035017,20,,Aggregated,43.100000,0.000000,14,18,22,25,50,70,81,85,97,580,620,26625,24,14,21.006536912581854,3.5004999954253435,620.3886999865063,34.0023661971831
1779035018,20,,Aggregated,43.200000,0.000000,14,18,22,25,50,70,81,85,97,580,620,26673,24,14,21.008321189865434,3.5004999954253435,620.3886999865063,34.00056236643797
1779035019,20,,Aggregated,43.100000,0.000000,14,18,22,25,50,70,81,85,97,580,620,26711,24,14,21.01487869406246,3.5004999954253435,620.3886999865063,34.00202163902512
1779035020,20,,Aggregated,43.600000,0.000000,14,18,22,25,50,70,81,85,97,580,620,26755,24,14,21.019589811153786,3.5004999954253435,620.3886999865063,33.998878714259014
1779035021,20,,Aggregated,42.700000,0.000000,14,18,22,25,50,70,81,85,97,580,620,26798,24,14,21.016398996089414,3.5004999954253435,620.3886999865063,33.99559668631987
1779035022,20,,Aggregated,42.800000,0.000000,14,18,22,25,50,70,81,85,97,580,620,26844,24,14,21.019484227286128,3.5004999954253435,620.3886999865063,33.99400238414543
1779035023,20,,Aggregated,42.300000,0.000000,14,18,22,25,50,70,81,85,97,580,620,26888,24,14,21.0164268297112,3.5004999954253435,620.3886999865063,33.99218982445701
1779035024,20,,Aggregated,42.600000,0.000000,14,18,22,25,50,70,81,85,97,580,620,26936,24,14,21.0053672444774,3.5004999954253435,620.3886999865063,33.996398871398874
1779035025,20,,Aggregated,43.300000,0.000000,14,18,22,25,50,70,81,85,97,580,620,26980,24,14,21.005273487660006,3.5004999954253435,620.3886999865063,33.99243884358784
1779035026,20,,Aggregated,43.500000,0.000000,14,18,22,25,50,70,81,85,97,580,620,27023,24,14,21.011190519077655,3.5004999954253435,620.3886999865063,33.98767716389742
1779035027,20,,Aggregated,44.100000,0.000000,14,18,22,25,50,70,81,85,97,580,620,27073,24,14,21.01060692930392,3.5004999954253435,620.3886999865063,33.98607468695749
1779035028,20,,Aggregated,44.100000,0.000000,14,18,22,25,50,70,81,85,97,580,620,27123,24,14,21.022199332570278,3.5004999954253435,620.3886999865063,33.982708402462855
1779035029,20,,Aggregated,44.000000,0.000000,14,18,22,25,50,70,81,85,97,580,620,27165,24,14,21.022716572698233,3.5004999954253435,620.3886999865063,33.98291919749678
1779035030,20,,Aggregated,44.600000,0.000000,14,18,22,25,50,70,81,85,97,580,620,27207,24,14,21.02662035863699,3.5004999954253435,620.3886999865063,33.984562796339176
1779035031,20,,Aggregated,45.300000,0.000000,14,18,22,25,50,70,81,85,97,580,620,27251,24,14,21.0356639645342,3.5004999954253435,620.3886999865063,33.98223918388316
1779035032,20,,Aggregated,45.400000,0.000000,14,18,22,25,50,70,81,85,97,580,620,27298,24,14,21.029745395166376,3.5004999954253435,620.3886999865063,33.98714191515862
1779035033,20,,Aggregated,44.900000,0.000000,14,18,22,25,50,70,81,85,97,580,620,27342,24,14,21.03244684358247,3.5004999954253435,620.3886999865063,33.98734547582474
1779035034,20,,Aggregated,45.100000,0.000000,14,18,22,25,50,70,81,85,97,580,620,27383,24,14,21.03316043886121,3.5004999954253435,620.3886999865063,33.984881130628494
1779035035,20,,Aggregated,45.000000,0.000000,14,18,22,25,50,70,81,85,97,580,620,27427,24,14,21.03661950258399,3.5004999954253435,620.3886999865063,33.984796003937724
1779035036,20,,Aggregated,45.200000,0.000000,14,18,22,25,50,70,81,85,97,580,620,27478,24,14,21.036593885918347,3.5004999954253435,620.3886999865063,33.98176723196739
1779035037,20,,Aggregated,44.600000,0.000000,14,18,22,25,50,70,81,85,97,580,620,27518,24,14,21.030821523982496,3.5004999954253435,620.3886999865063,33.983538047823245
1779035039,20,,Aggregated,44.400000,0.000000,14,18,22,25,50,70,81,85,97,580,620,27568,24,14,21.024866116403807,3.5004999954253435,620.3886999865063,33.989734474753334
1779035040,20,,Aggregated,45.000000,0.000000,14,18,22,25,50,70,81,85,97,580,620,27613,24,14,21.028842135842048,3.5004999954253435,620.3886999865063,33.99159816028682
1779035041,20,,Aggregated,43.900000,0.000000,14,18,22,25,50,70,81,85,97,580,620,27666,24,14,21.025659556740024,3.5004999954253435,620.3886999865063,33.996783055013374
1779035042,20,,Aggregated,44.100000,0.000000,14,18,22,25,50,70,81,85,97,580,620,27712,24,14,21.025353658945427,3.5004999954253435,620.3886999865063,33.99007650115473
1779035043,20,,Aggregated,45.900000,0.000000,14,18,22,25,50,70,81,85,97,580,620,27751,24,14,21.026535656242405,3.5004999954253435,620.3886999865063,33.98818060610429
1779035044,20,,Aggregated,45.800000,0.000000,14,18,22,25,50,70,81,85,97,580,620,27796,24,14,21.029597960000398,3.5004999954253435,620.3886999865063,33.9918333573176
1779035045,20,,Aggregated,45.200000,0.000000,14,18,22,25,50,70,81,85,97,580,620,27844,24,14,21.02425596163802,3.5004999954253435,620.3886999865063,33.987465881338885
1779035046,20,,Aggregated,44.800000,0.000000,14,18,22,25,50,70,81,85,97,580,620,27889,24,14,21.02322725791169,3.5004999954253435,620.3886999865063,33.99114346157983
1779035047,20,,Aggregated,45.600000,0.000000,14,18,22,25,50,70,81,85,97,580,620,27929,24,14,21.033944623723997,3.5004999954253435,620.3886999865063,33.98324322388915
1779035048,20,,Aggregated,45.700000,0.000000,14,18,22,25,50,70,81,85,97,580,620,27973,25,14,21.033149061449905,3.5004999954253435,620.3886999865063,33.9888106388303
1779035049,20,,Aggregated,44.900000,0.000000,14,18,22,25,50,70,81,85,96,580,620,28018,26,14,21.029220600904807,3.5004999954253435,620.3886999865063,33.9915411521165
1779035050,20,,Aggregated,44.800000,0.100000,14,18,22,25,50,70,81,85,96,580,620,28064,26,14,21.031045517244955,3.5004999954253435,620.3886999865063,33.99144811858609
1779035051,20,,Aggregated,44.500000,0.200000,14,18,22,25,50,70,81,85,96,580,620,28110,26,14,21.033270700677896,3.5004999954253435,620.3886999865063,33.99665599430808
1779035052,20,,Aggregated,44.700000,0.200000,14,18,22,25,50,70,81,85,96,580,620,28154,26,14,21.031726301623525,3.5004999954253435,620.3886999865063,33.99762023158343
1779035053,20,,Aggregated,44.100000,0.200000,14,18,22,25,50,70,81,85,96,580,620,28197,26,14,21.03993789394833,3.5004999954253435,620.3886999865063,33.98985707699401
1779035054,20,,Aggregated,43.800000,0.200000,14,18,22,25,50,70,81,85,96,580,620,28249,26,14,21.037774391859653,3.5004999954253435,620.3886999865063,33.991150129208116
1779035055,20,,Aggregated,43.900000,0.200000,14,18,22,25,50,70,81,85,96,580,620,28292,26,14,21.038627056956575,3.5004999954253435,620.3886999865063,33.990279937791605
1779035056,20,,Aggregated,44.700000,0.200000,14,18,22,25,50,70,81,85,96,580,620,28344,26,14,21.039965361105914,3.5004999954253435,620.3886999865063,33.985852384984476
1779035057,20,,Aggregated,44.300000,0.200000,14,18,22,25,50,70,81,85,96,580,620,28384,26,14,21.040142728132427,3.5004999954253435,620.3886999865063,33.98231397970688
1779035058,20,,Aggregated,44.900000,0.200000,14,18,22,25,51,70,81,85,96,580,620,28434,26,14,21.043073570214702,3.5004999954253435,620.3886999865063,33.981254835760005
1779035059,20,,Aggregated,45.300000,0.200000,14,18,22,25,50,70,81,85,96,580,620,28479,26,14,21.03710575144488,3.5004999954253435,620.3886999865063,33.98693774360055
1779035060,20,,Aggregated,45.900000,0.100000,14,18,22,25,50,70,81,85,96,580,620,28524,26,14,21.036766571846055,3.5004999954253435,620.3886999865063,33.98562613939139
1779035061,20,,Aggregated,45.300000,0.000000,14,18,22,25,50,70,81,85,96,580,620,28567,26,14,21.03875336560918,3.5004999954253435,620.3886999865063,33.98505268316589
1779035062,20,,Aggregated,45.900000,0.000000,14,18,22,25,50,70,81,85,96,580,620,28610,26,14,21.036912603831546,3.5004999954253435,620.3886999865063,33.98661307235233
1779035063,20,,Aggregated,45.100000,0.000000,14,18,22,25,50,70,81,85,96,580,620,28652,26,14,21.040905360731355,3.5004999954253435,620.3886999865063,33.980280608683515
1779035064,20,,Aggregated,45.000000,0.000000,14,18,22,25,50,70,81,85,96,580,620,28700,26,14,21.04137300682629,3.5004999954253435,620.3886999865063,33.98062717770035
1779035065,20,,Aggregated,45.500000,0.000000,14,18,22,25,50,70,81,85,96,580,620,28750,26,14,21.029105495507626,3.5004999954253435,620.3886999865063,33.984034782608695
1779035066,20,,Aggregated,45.100000,0.000000,14,18,22,25,50,70,81,85,96,580,620,28793,26,14,21.030646420857934,3.5004999954253435,620.3886999865063,33.98461431597958
1779035067,20,,Aggregated,45.200000,0.000000,14,18,22,25,50,70,81,85,96,580,620,28839,26,14,21.041774305478352,3.5004999954253435,620.3886999865063,33.98224626374007
1779035068,20,,Aggregated,45.000000,0.000000,14,18,22,25,50,70,81,85,96,580,620,28887,26,14,21.037894080230817,3.5004999954253435,620.3886999865063,33.983175823034586
1779035069,20,,Aggregated,44.900000,0.000000,14,18,22,25,50,70,81,85,96,580,620,28935,26,14,21.031157926233693,3.5004999954253435,620.3886999865063,33.987143597719026
1779035070,20,,Aggregated,45.200000,0.000000,14,18,22,25,50,70,81,85,96,580,620,28976,26,14,21.03247866839644,3.5004999954253435,620.3886999865063,33.981122308117065
1779035071,20,,Aggregated,45.800000,0.000000,14,18,22,25,50,70,81,85,96,580,620,29022,26,14,21.03520565073656,3.5004999954253435,620.3886999865063,33.97622493280959
1779035072,20,,Aggregated,44.500000,0.000000,14,18,22,25,50,70,81,85,96,580,620,29067,26,14,21.03431926912762,3.5004999954253435,620.3886999865063,33.97626174011766
1779035073,20,,Aggregated,45.100000,0.000000,14,18,22,25,50,70,81,85,96,580,620,29113,26,14,21.030788750585298,3.5004999954253435,620.3886999865063,33.976264898842444
1779035074,20,,Aggregated,45.600000,0.000000,14,18,22,25,50,70,81,85,96,580,620,29157,26,14,21.03048482683077,3.5004999954253435,620.3886999865063,33.97750111465514
1779035075,20,,Aggregated,45.200000,0.000000,14,18,22,25,51,70,81,85,96,580,620,29200,26,14,21.037790061507696,3.5004999954253435,620.3886999865063,33.974965753424655
1779035076,20,,Aggregated,45.200000,0.000000,14,18,22,25,50,70,81,85,96,580,620,29246,26,14,21.038209101969166,3.5004999954253435,620.3886999865063,33.97247486835806
1779035077,20,,Aggregated,45.100000,0.000000,14,18,22,25,50,70,81,85,96,580,620,29290,26,14,21.037909846234438,3.5004999954253435,620.3886999865063,33.97132127005804
1779035078,20,,Aggregated,44.700000,0.000000,14,18,22,25,51,70,81,85,96,580,620,29333,26,14,21.04643351160585,3.5004999954253435,620.3886999865063,33.96942010704667
1779035079,20,,Aggregated,44.500000,0.000000,14,18,22,25,51,70,81,85,96,580,620,29373,26,14,21.053751254404254,3.5004999954253435,620.3886999865063,33.96939366084499
1779035080,20,,Aggregated,43.600000,0.000000,14,18,22,25,51,70,81,85,96,580,620,29420,26,14,21.05458711066146,3.5004999954253435,620.3886999865063,33.96978246091094
1779035081,20,,Aggregated,43.800000,0.000000,14,18,22,25,51,70,81,85,96,580,620,29464,26,14,21.05140345830699,3.5004999954253435,620.3886999865063,33.96925061091501
1779035082,20,,Aggregated,43.800000,0.000000,14,18,22,25,51,70,81,85,96,580,620,29507,26,14,21.055866933113496,3.5004999954253435,620.3886999865063,33.968143152472294
1779035083,20,,Aggregated,43.100000,0.000000,14,18,22,25,51,70,81,85,96,580,620,29553,26,14,21.061273308813035,3.5004999954253435,620.3886999865063,33.96572260007444
1779035084,20,,Aggregated,43.800000,0.000000,14,18,22,25,51,70,81,85,96,580,620,29591,26,14,21.057658179698198,3.5004999954253435,620.3886999865063,33.968301172653845
1779035085,20,,Aggregated,44.100000,0.000000,14,18,22,25,51,70,81,85,96,580,620,29637,26,14,21.06881196461309,3.5004999954253435,620.3886999865063,33.96740560785505
1779035086,20,,Aggregated,42.800000,0.000000,14,18,22,25,51,70,81,85,96,580,620,29680,26,14,21.064337392016693,3.5004999954253435,620.3886999865063,33.9650269541779
1779035087,20,,Aggregated,43.100000,0.000000,14,18,22,25,51,70,81,85,96,580,620,29726,26,14,21.06335635790115,3.5004999954253435,620.3886999865063,33.96309627935141
1779035088,20,,Aggregated,43.100000,0.000000,14,18,22,25,51,70,81,85,96,580,620,29772,26,14,21.058915346468,3.5004999954253435,620.3886999865063,33.96644498186215
1779035089,20,,Aggregated,43.300000,0.000000,14,18,22,25,51,70,81,85,96,580,620,29818,26,14,21.05714339309399,3.5004999954253435,620.3886999865063,33.970487624924544
1779035090,20,,Aggregated,44.200000,0.000000,14,18,22,25,51,70,81,85,96,580,620,29860,26,14,21.059093653556655,3.5004999954253435,620.3886999865063,33.969959812458136
1779035091,20,,Aggregated,43.700000,0.000000,14,18,22,25,51,70,81,85,96,580,620,29901,26,14,21.060477947065817,3.5004999954253435,620.3886999865063,33.97150596970001
1779035092,20,,Aggregated,44.000000,0.000000,14,18,22,25,51,70,81,85,96,580,620,29945,26,14,21.059287981136634,3.5004999954253435,620.3886999865063,33.96994489898147
1779035093,20,,Aggregated,44.200000,0.000000,14,18,22,25,51,70,81,85,96,580,620,29989,26,14,21.063067587949185,3.5004999954253435,620.3886999865063,33.96485377971923
1779035094,20,,Aggregated,43.200000,0.000000,14,18,22,25,51,70,81,85,96,580,620,30033,26,14,21.062056687478098,3.5004999954253435,620.3886999865063,33.963107248693106
1779035095,20,,Aggregated,43.200000,0.000000,14,18,22,25,51,70,81,85,96,580,620,30075,26,14,21.056983038910424,3.5004999954253435,620.3886999865063,33.96402327514547
1779035096,20,,Aggregated,44.300000,0.000000,14,18,22,25,51,70,81,85,96,580,620,30118,26,14,21.06020894798129,3.5004999954253435,620.3886999865063,33.957732917192374
1779035097,20,,Aggregated,43.900000,0.000000,14,18,22,25,51,70,81,85,96,580,620,30159,26,14,21.05790631305078,3.5004999954253435,620.3886999865063,33.961901919824925
1779035098,20,,Aggregated,44.000000,0.000000,14,18,22,25,51,70,81,85,96,580,620,30210,26,14,21.061025312657396,3.5004999954253435,620.3886999865063,33.95766302548825
1779035099,20,,Aggregated,43.500000,0.000000,14,18,22,25,51,70,81,85,96,580,620,30257,26,14,21.056417271890286,3.5004999954253435,620.3886999865063,33.961827015236146
1779035100,20,,Aggregated,43.000000,0.000000,14,18,22,25,51,70,81,85,96,580,620,30300,26,14,21.048642112064734,3.5004999954253435,620.3886999865063,33.967359735973595
1779035101,20,,Aggregated,43.500000,0.000000,14,18,22,25,50,70,81,85,96,580,620,30350,26,14,21.044540246969696,3.5004999954253435,620.3886999865063,33.96711696869852
1779035102,20,,Aggregated,43.700000,0.000000,14,18,22,25,50,70,81,85,96,580,620,30390,26,14,21.043259305540072,3.5004999954253435,620.3886999865063,33.967456400131624
1779035103,20,,Aggregated,44.100000,0.000000,14,18,22,25,50,70,81,85,96,580,620,30440,26,14,21.042423229155915,3.5004999954253435,620.3886999865063,33.97013797634691
1779035104,20,,Aggregated,44.000000,0.000000,14,18,22,25,50,70,81,85,96,580,620,30488,26,14,21.039099393062966,3.5004999954253435,620.3886999865063,33.975695355549725
1779035105,20,,Aggregated,44.600000,0.000000,14,18,22,25,50,70,81,85,96,580,620,30541,26,14,21.033012484703484,3.5004999954253435,620.3886999865063,33.97482073278544
1779035106,20,,Aggregated,45.000000,0.000000,14,18,22,25,50,70,81,85,96,580,620,30585,26,14,21.028205829509073,3.5004999954253435,620.3886999865063,33.973810691515446
1779035107,20,,Aggregated,45.700000,0.000000,14,18,22,25,50,70,81,85,96,580,620,30633,26,14,21.023423533301617,3.5004999954253435,620.3886999865063,33.97682238109228
1779035108,20,,Aggregated,46.000000,0.000000,14,18,22,25,50,70,81,85,96,580,620,30676,26,14,21.020949977033503,3.5004999954253435,620.3886999865063,33.98037553787977
1779035109,20,,Aggregated,46.300000,0.000000,14,18,22,25,50,70,81,85,96,580,620,30718,26,14,21.015179809736193,3.5004999954253435,620.3886999865063,33.98606680122404
1779035110,20,,Aggregated,46.500000,0.000000,14,18,22,25,50,70,81,85,96,580,620,30762,26,14,21.01103522837577,3.5004999954253435,620.3886999865063,33.98761458942852
1779035111,20,,Aggregated,45.800000,0.000000,14,18,22,25,50,70,81,85,96,580,620,30805,26,14,21.00615778592072,3.5004999954253435,620.3886999865063,33.99409186820321
1779035112,20,,Aggregated,45.800000,0.000000,14,18,22,25,50,70,81,85,96,580,620,30850,26,14,21.016527426114376,3.5004999954253435,620.3886999865063,33.9928038897893
1779035113,20,,Aggregated,45.600000,0.000000,14,18,22,25,50,70,81,85,96,580,620,30903,26,14,21.01269984453455,3.5004999954253435,620.3886999865063,33.99436947869139
1779035114,20,,Aggregated,45.500000,0.000000,14,18,22,25,50,70,81,85,96,580,620,30950,26,14,21.011669111332026,3.5004999954253435,620.3886999865063,33.99418416801292
1779035115,20,,Aggregated,45.500000,0.000000,14,18,22,25,50,70,81,85,96,580,620,30999,26,14,21.00901398417948,3.5004999954253435,620.3886999865063,33.995322429755795
1779035116,20,,Aggregated,45.700000,0.000000,14,18,22,25,50,70,81,85,96,580,620,31042,26,14,21.01213122529601,3.5004999954253435,620.3886999865063,33.99213968172154
1779035117,20,,Aggregated,45.200000,0.000000,14,18,22,25,50,70,81,85,96,580,620,31090,26,14,21.01442381137432,3.5004999954253435,620.3886999865063,33.98819556127372
1779035118,20,,Aggregated,44.900000,0.000000,14,18,22,25,50,70,81,85,96,580,620,31138,26,14,21.010653587111936,3.5004999954253435,620.3886999865063,33.99181064936733
1779035119,20,,Aggregated,44.900000,0.000000,14,18,22,25,50,70,81,85,96,580,620,31179,26,14,21.0135291252249,3.5004999954253435,620.3886999865063,33.99291189582732
1779035120,20,,Aggregated,45.100000,0.000000,14,18,22,25,50,70,81,85,96,580,620,31222,26,14,21.01234988775097,3.5004999954253435,620.3886999865063,33.99397860482993
1779035121,20,,Aggregated,46.000000,0.000000,14,18,22,25,50,70,81,85,96,580,620,31266,26,14,21.010053709952956,3.5004999954253435,620.3886999865063,33.99801701528817
1779035122,20,,Aggregated,45.700000,0.000000,14,18,22,25,50,70,81,85,96,580,620,31311,26,14,21.011568148421915,3.5004999954253435,620.3886999865063,33.997924052250006
1779035123,20,,Aggregated,45.400000,0.000000,14,18,22,25,50,70,81,85,96,580,620,31351,26,14,21.006281706970988,3.5004999954253435,620.3886999865063,34.00038276291028
1779035124,20,,Aggregated,46.100000,0.000000,14,18,22,25,50,70,81,85,96,580,620,31394,26,14,21.007572039098026,3.5004999954253435,620.3886999865063,33.998566605083774
1779035125,20,,Aggregated,45.100000,0.000000,14,18,22,25,50,70,81,85,96,580,620,31437,26,14,21.000825069033233,3.5004999954253435,620.3886999865063,33.99933199732799
1779035126,20,,Aggregated,44.200000,0.000000,14,18,22,25,50,70,81,85,96,580,620,31480,27,14,21.00340795727344,3.5004999954253435,620.3886999865063,33.99971410419314
1779035127,20,,Aggregated,43.800000,0.000000,14,18,22,25,50,70,81,85,96,580,620,31526,27,14,21.008000085488007,3.5004999954253435,620.3886999865063,33.99352915054241
1779035128,20,,Aggregated,43.400000,0.000000,14,18,22,25,50,70,81,85,96,580,620,31563,27,14,21.009732680517846,3.5004999954253435,620.3886999865063,33.991635776066914
1779035129,20,,Aggregated,43.500000,0.100000,14,18,22,25,50,70,81,85,96,580,620,31610,27,14,21.005858452865066,3.5004999954253435,620.3886999865063,33.99262891490035
1779035130,20,,Aggregated,43.300000,0.100000,14,18,22,25,50,70,81,85,96,580,620,31650,27,14,21.010604164148216,3.5004999954253435,620.3886999865063,33.995860979462876
1779035131,20,,Aggregated,42.700000,0.100000,14,18,22,25,50,70,81,85,96,580,620,31694,27,14,21.009540818307094,3.5004999954253435,620.3886999865063,33.998012242064746
1779035132,20,,Aggregated,42.300000,0.100000,14,18,22,25,50,70,81,85,96,580,620,31738,28,14,21.006217181153996,3.5004999954253435,620.3886999865063,33.99936984056966
1779035133,20,,Aggregated,42.900000,0.100000,14,18,22,25,50,70,81,85,96,580,620,31784,28,14,21.004001912760156,3.5004999954253435,620.3886999865063,34.003335011326456
1779035134,20,,Aggregated,42.400000,0.100000,14,18,22,25,50,70,81,85,96,580,620,31825,28,14,21.00428075710705,3.5004999954253435,620.3886999865063,34.000094265514534
1779035135,20,,Aggregated,43.000000,0.200000,14,18,22,25,50,70,81,85,96,580,620,31867,28,14,21.001068023179347,3.5004999954253435,620.3886999865063,34.00395393353626
1779035136,20,,Aggregated,43.100000,0.200000,14,18,22,25,50,70,81,85,96,580,620,31909,28,14,20.995882644227038,3.5004999954253435,620.3886999865063,34.005264972264875
1779035137,20,,Aggregated,42.900000,0.200000,14,18,22,25,50,70,81,85,96,580,620,31955,28,14,20.99894925034734,3.5004999954253435,620.3886999865063,34.00735409169144
1779035138,20,,Aggregated,43.200000,0.200000,14,18,22,25,50,70,81,85,96,580,620,32000,28,14,20.997385271715757,3.5004999954253435,620.3886999865063,34.00784375
1779035139,20,,Aggregated,42.900000,0.100000,14,18,22,25,50,70,81,85,96,580,620,32045,28,14,20.998169523948274,3.5004999954253435,620.3886999865063,33.9999375877672
1779035140,20,,Aggregated,42.800000,0.100000,14,18,22,25,50,70,81,85,96,580,620,32085,28,14,20.99858041747781,3.5004999954253435,620.3886999865063,33.99448340345956
1779035141,20,,Aggregated,43.000000,0.100000,14,18,22,25,50,70,81,85,96,580,620,32121,28,14,20.998492693097504,3.5004999954253435,620.3886999865063,33.99486317362473
1779035142,20,,Aggregated,43.300000,0.100000,14,18,22,25,50,69,81,85,96,580,620,32169,28,14,20.98898785149457,3.5004999954253435,620.3886999865063,33.99483975255681
1779035143,20,,Aggregated,42.700000,0.100000,14,18,22,25,50,69,81,85,96,580,620,32212,28,14,20.992123733227686,3.5004999954253435,620.3886999865063,33.99543648329815
1779035144,20,,Aggregated,42.100000,0.100000,14,18,22,25,50,69,81,85,96,580,620,32261,28,14,20.988792619411928,3.5004999954253435,620.3886999865063,33.9997830197452
1779035145,20,,Aggregated,42.300000,0.000000,14,18,22,25,50,69,81,85,96,580,620,32303,28,14,20.980358514538064,3.5004999954253435,620.3886999865063,34.005479367241435
1779035146,20,,Aggregated,42.600000,0.000000,14,18,22,25,50,69,81,85,96,580,620,32346,28,14,20.97504262335725,3.5004999954253435,620.3886999865063,34.008130835342854
1779035147,20,,Aggregated,43.400000,0.000000,14,18,22,25,50,69,81,85,96,580,620,32390,28,14,20.978420950755865,3.5004999954253435,620.3886999865063,34.00555727076258
1779035148,20,,Aggregated,43.000000,0.000000,14,18,22,25,50,69,81,85,96,580,620,32434,28,14,20.97716978772623,3.5004999954253435,620.3886999865063,34.01020534007523
1779035149,20,,Aggregated,43.100000,0.000000,14,18,22,25,50,69,80,85,96,580,620,32474,28,14,20.983045861147176,3.5004999954253435,620.3886999865063,34.00683623822135
1779035150,20,,Aggregated,43.400000,0.000000,14,18,22,25,50,69,80,85,96,580,620,32517,28,14,20.98897167619754,3.5004999954253435,620.3886999865063,34.00316757388443
1779035151,20,,Aggregated,42.700000,0.000000,14,18,22,25,50,69,80,85,96,580,620,32561,28,14,20.991370169671573,3.5004999954253435,620.3886999865063,34.0047602960597
1779035152,20,,Aggregated,42.500000,0.000000,14,18,22,25,50,69,80,85,96,580,620,32605,28,14,20.989900444560135,3.5004999954253435,620.3886999865063,34.00487655267597
1779035153,20,,Aggregated,43.100000,0.000000,14,18,22,25,50,69,81,85,96,580,620,32646,28,14,20.997254481247545,3.5004999954253435,620.3886999865063,34.003001899160694
1779035154,20,,Aggregated,43.600000,0.000000,14,18,22,25,50,69,81,85,96,580,620,32692,28,14,20.992882579678458,3.5004999954253435,620.3886999865063,34.003517680166404
1779035155,20,,Aggregated,43.200000,0.000000,14,18,22,25,50,69,81,85,96,580,620,32735,28,14,20.986183931424016,3.5004999954253435,620.3886999865063,34.006415151978004
1779035156,20,,Aggregated,43.000000,0.000000,14,18,22,25,50,69,80,85,96,580,620,32776,28,14,20.989085046835193,3.5004999954253435,620.3886999865063,34.00521723212106
1779035157,20,,Aggregated,42.600000,0.000000,14,18,22,25,50,69,80,85,96,580,620,32821,28,14,20.989563514061793,3.5004999954253435,620.3886999865063,34.004722586149114
1779035158,20,,Aggregated,43.100000,0.000000,14,18,22,25,50,69,80,85,96,580,620,32859,28,14,20.98536815469655,3.5004999954253435,620.3886999865063,34.011412398429655
1779035159,20,,Aggregated,42.900000,0.000000,14,18,22,25,50,69,81,85,96,580,620,32901,28,14,20.98838364777017,3.5004999954253435,620.3886999865063,34.004346372450684
1779035160,20,,Aggregated,42.600000,0.000000,14,18,22,25,50,69,81,85,96,580,620,32946,28,14,20.99208761291247,3.5004999954253435,620.3886999865063,34.003035269835486
1779035161,20,,Aggregated,42.300000,0.000000,14,18,22,25,50,69,81,85,96,580,620,32988,28,14,20.996470631587624,3.5004999954253435,620.3886999865063,33.9993937189281
1779035162,20,,Aggregated,42.600000,0.000000,14,18,22,25,50,70,81,85,96,580,620,33027,28,14,21.000032788168433,3.5004999954253435,620.3886999865063,33.99900081751294
1779035163,20,,Aggregated,42.700000,0.000000,14,18,22,25,50,70,81,85,96,580,620,33073,28,14,20.998793937498064,3.5004999954253435,620.3886999865063,34.00266078069725
1779035165,20,,Aggregated,42.100000,0.000000,14,18,22,25,50,70,81,85,96,580,620,33117,28,14,20.997807464286648,3.5004999954253435,620.3886999865063,34.001962738170725
1779035166,20,,Aggregated,42.300000,0.000000,14,18,22,25,50,69,81,85,96,580,620,33162,28,14,20.993125314964942,3.5004999954253435,620.3886999865063,34.00385983957542
1779035167,20,,Aggregated,42.200000,0.000000,14,18,22,25,50,70,81,85,96,580,620,33206,28,14,21.002108853670173,3.5004999954253435,620.3886999865063,34.001415406854186
1779035168,20,,Aggregated,42.200000,0.000000,14,18,22,25,50,70,81,85,96,580,620,33247,28,14,21.003472713173895,3.5004999954253435,620.3886999865063,34.00168436249887
1779035169,20,,Aggregated,42.700000,0.000000,14,18,22,25,50,69,81,85,96,580,620,33294,29,14,21.00016705697283,3.5004999954253435,620.3886999865063,34.00426503273863
1779035170,20,,Aggregated,42.500000,0.000000,14,18,22,25,50,69,81,85,96,580,620,33340,29,14,21.002049882879554,3.5004999954253435,620.3886999865063,34.00401919616077
1779035171,20,,Aggregated,43.100000,0.100000,14,18,22,25,50,69,81,85,96,580,620,33383,29,14,20.997670562713765,3.5004999954253435,620.3886999865063,34.00593116256778
1779035172,20,,Aggregated,43.800000,0.100000,14,18,22,25,50,69,81,85,96,580,620,33428,29,14,20.99691188209964,3.5004999954253435,620.3886999865063,34.00705994974273
1779035173,20,,Aggregated,43.800000,0.100000,14,18,22,25,50,69,81,85,96,580,620,33471,29,14,20.992188858858626,3.5004999954253435,620.3886999865063,34.01114397538167
1779035174,20,,Aggregated,43.900000,0.100000,14,18,22,25,50,69,80,85,96,580,620,33516,29,14,20.989404991491412,3.5004999954253435,620.3886999865063,34.013217567728844
1779035175,20,,Aggregated,44.400000,0.100000,14,18,22,25,50,69,80,85,96,580,620,33568,29,14,20.983934276548055,3.5004999954253435,620.3886999865063,34.009443517635845
1779035176,20,,Aggregated,44.100000,0.100000,14,18,22,25,50,69,80,85,96,580,620,33614,29,14,20.98435449500766,3.5004999954253435,620.3886999865063,34.00657464151841
1779035177,20,,Aggregated,44.800000,0.100000,14,18,22,25,50,69,80,85,96,580,620,33657,29,14,20.977171022229626,3.5004999954253435,620.3886999865063,34.010072198948215
1779035178,20,,Aggregated,44.800000,0.100000,14,18,22,25,50,69,80,85,96,580,620,33703,29,14,20.97189928775666,3.5004999954253435,620.3886999865063,34.011482657330205
1779035179,20,,Aggregated,44.900000,0.100000,14,18,22,25,50,69,81,85,96,580,620,33743,29,14,20.975064214661057,3.5004999954253435,620.3886999865063,34.008060931156095
1779035180,20,,Aggregated,45.200000,0.100000,14,18,22,25,50,69,81,85,96,580,620,33788,29,14,20.978824369463695,3.5004999954253435,620.3886999865063,34.00831656209305
1779035181,20,,Aggregated,44.800000,0.000000,14,18,22,25,50,69,81,85,96,580,620,33828,29,14,20.982433859388987,3.5004999954253435,620.3886999865063,34.007419888849476
1779035182,20,,Aggregated,44.000000,0.000000,14,18,22,25,50,69,81,85,96,580,620,33871,29,14,20.97970323567611,3.5004999954253435,620.3886999865063,34.00501904283901
1779035183,20,,Aggregated,44.300000,0.000000,14,18,22,25,50,69,81,85,96,580,620,33917,29,14,20.98203888007931,3.5004999954253435,620.3886999865063,34.0035380487661
1779035184,20,,Aggregated,43.800000,0.000000,14,18,22,25,50,69,81,85,96,580,620,33961,29,14,20.973848920698924,3.5004999954253435,620.3886999865063,34.00450516769235
1779035185,20,,Aggregated,43.800000,0.000000,14,18,22,25,50,69,81,85,96,580,620,34006,29,14,20.969664041520627,3.5004999954253435,620.3886999865063,34.010468740810445
1779035186,20,,Aggregated,44.000000,0.000000,14,18,22,25,50,69,80,85,96,580,620,34054,29,14,20.971534521517494,3.5004999954253435,620.3886999865063,34.006959534856406
1779035187,20,,Aggregated,43.300000,0.000000,14,18,22,25,50,69,81,85,96,580,620,34093,29,14,20.964779071824736,3.5004999954253435,620.3886999865063,34.012201918282344
1779035188,20,,Aggregated,44.200000,0.000000,14,18,22,25,50,69,80,85,96,580,620,34132,29,14,20.961245291683316,3.5004999954253435,620.3886999865063,34.01356498300715
1779035189,20,,Aggregated,43.500000,0.000000,14,18,22,25,50,69,80,85,96,580,620,34181,29,14,20.96725818717641,3.5004999954253435,620.3886999865063,34.01064919107106
1779035190,20,,Aggregated,42.800000,0.000000,14,18,22,25,50,69,80,85,96,580,620,34232,29,14,20.966769510856892,3.5004999954253435,620.3886999865063,34.0120355223183
1779035191,20,,Aggregated,43.300000,0.000000,14,18,22,25,50,69,80,85,96,580,620,34272,29,14,20.968163982138556,3.5004999954253435,620.3886999865063,34.01231325863679
1779035192,20,,Aggregated,44.200000,0.000000,14,18,22,25,50,69,80,85,96,580,620,34322,29,14,20.969049131634392,3.5004999954253435,620.3886999865063,34.01133383835441
1779035193,20,,Aggregated,44.200000,0.000000,14,18,22,25,50,69,81,85,96,580,620,34365,29,14,20.973077666114165,3.5004999954253435,620.3886999865063,34.01085406663757
1779035194,20,,Aggregated,44.700000,0.000000,14,18,22,25,50,69,81,85,96,580,620,34411,29,14,20.97290111580385,3.5004999954253435,620.3886999865063,34.011159222341696
1779035195,20,,Aggregated,44.800000,0.000000,14,18,22,25,50,69,80,85,96,580,620,34454,29,14,20.967420331349658,3.5004999954253435,620.3886999865063,34.01213211818657
1779035196,20,,Aggregated,44.600000,0.000000,14,18,22,25,50,69,81,85,96,580,620,34502,29,14,20.974107631334192,3.5004999954253435,620.3886999865063,34.00536200799954
1779035197,20,,Aggregated,45.000000,0.000000,14,18,22,25,50,69,81,85,96,580,620,34555,29,14,20.970649801651437,3.5004999954253435,620.3886999865063,34.00645347995948
1779035198,20,,Aggregated,44.400000,0.000000,14,18,22,25,50,69,81,85,96,580,620,34592,29,14,20.96553410025875,3.5004999954253435,620.3886999865063,34.00916396854764
1779035199,20,,Aggregated,45.200000,0.000000,14,18,22,25,50,69,81,85,96,580,620,34637,29,14,20.96776474278954,3.5004999954253435,620.3886999865063,34.00522562577591
1779035200,20,,Aggregated,46.200000,0.000000,14,18,22,25,50,69,81,85,96,580,620,34680,29,14,20.965072491236842,3.5004999954253435,620.3886999865063,34.0066032295271
1779035201,20,,Aggregated,45.600000,0.000000,14,18,22,25,50,69,81,85,96,580,620,34719,29,14,20.96277095815075,3.5004999954253435,620.3886999865063,34.007171865549125
1779035202,20,,Aggregated,44.800000,0.000000,14,18,22,25,50,69,81,85,96,580,620,34766,29,14,20.959140174193998,3.5004999954253435,620.3886999865063,34.01009607087384
1779035203,20,,Aggregated,44.700000,0.000000,14,18,22,25,50,69,81,85,96,580,620,34808,29,14,20.960135287756465,3.5004999954253435,620.3886999865063,34.0127269593197
1779035204,20,,Aggregated,44.300000,0.000000,14,18,22,25,50,69,81,85,96,580,620,34850,29,14,20.961912754556323,3.5004999954253435,620.3886999865063,34.01219512195122
1779035205,20,,Aggregated,44.200000,0.000000,14,18,22,25,50,69,81,85,96,580,620,34895,29,14,20.964479647404797,3.5004999954253435,620.3886999865063,34.01103309929789
1779035206,20,,Aggregated,44.300000,0.000000,14,18,22,25,50,69,81,85,96,580,620,34942,29,14,20.968609329650178,3.5004999954253435,620.3886999865063,34.00661095529735
1779035207,20,,Aggregated,43.600000,0.000000,14,18,22,25,50,69,81,85,96,580,620,34983,29,14,20.97217333838473,3.5004999954253435,620.3886999865063,34.00754652259669
1779035208,20,,Aggregated,43.200000,0.000000,14,18,22,25,50,69,81,85,96,580,620,35024,29,14,20.969827361137124,3.5004999954253435,620.3886999865063,34.007166514390136
1779035209,20,,Aggregated,42.800000,0.000000,14,18,22,25,50,69,81,85,96,580,620,35070,29,14,20.97467346440752,3.5004999954253435,620.3886999865063,34.00393498716852
1779035210,20,,Aggregated,42.600000,0.000000,14,18,22,25,50,69,81,85,96,580,620,35104,29,14,20.974826635051592,3.5004999954253435,620.3886999865063,34.00640952597995
1779035211,20,,Aggregated,42.900000,0.000000,14,18,22,25,50,69,81,85,96,580,620,35151,29,14,20.97464619205601,3.5004999954253435,620.3886999865063,34.00236124150095
1779035212,20,,Aggregated,42.100000,0.000000,14,18,22,25,50,70,81,85,96,580,620,35196,29,14,20.976104210620864,3.5004999954253435,620.3886999865063,34.001420615979086
1779035213,20,,Aggregated,42.200000,0.000000,14,18,22,25,50,69,81,85,96,580,620,35242,29,14,20.973434961038897,3.5004999954253435,620.3886999865063,34.001362011236594
1779035214,20,,Aggregated,43.000000,0.000000,14,18,22,25,50,69,81,85,96,580,620,35292,29,14,20.9707929416554,3.5004999954253435,620.3886999865063,33.99926328913068
1779035215,20,,Aggregated,42.800000,0.000000,14,18,22,25,50,69,81,85,96,580,620,35336,29,14,20.968441906182207,3.5004999954253435,620.3886999865063,33.996830427892235
1779035216,20,,Aggregated,43.500000,0.000000,14,18,22,25,50,69,81,85,96,580,620,35388,29,14,20.96766161402118,3.5004999954253435,620.3886999865063,33.999463094834404
1779035217,20,,Aggregated,43.700000,0.000000,14,18,22,25,50,69,81,85,96,580,620,35431,29,14,20.96592117628104,3.5004999954253435,620.3886999865063,33.996359120544156
1779035218,20,,Aggregated,44.000000,0.000000,14,18,22,25,50,69,81,85,96,580,620,35473,29,14,20.96630311495022,3.5004999954253435,620.3886999865063,33.99267048177487
1779035219,20,,Aggregated,44.300000,0.000000,14,18,22,25,50,69,81,85,96,580,620,35517,29,14,20.96895718660336,3.5004999954253435,620.3886999865063,33.99360869442802
1779035220,20,,Aggregated,44.300000,0.000000,14,18,22,25,50,69,81,85,96,580,620,35564,29,14,20.96828695019647,3.5004999954253435,620.3886999865063,33.99252052637499
1779035221,20,,Aggregated,44.700000,0.000000,14,18,22,25,50,69,81,85,96,580,620,35617,29,14,20.965932301896146,3.5004999954253435,620.3886999865063,33.99550776314681
1779035222,20,,Aggregated,45.000000,0.000000,14,18,22,25,50,69,81,85,96,580,620,35659,29,14,20.96537651074751,3.5004999954253435,620.3886999865063,33.9946717518719
1779035223,20,,Aggregated,45.500000,0.000000,14,18,22,25,50,69,81,85,96,580,620,35703,29,14,20.96549009877554,3.5004999954253435,620.3886999865063,33.99310982270397
1779035224,20,,Aggregated,45.500000,0.000000,14,18,22,25,50,69,81,85,96,580,620,35749,29,14,20.962800086621172,3.5004999954253435,620.3886999865063,33.99127248314638
1779035225,20,,Aggregated,45.300000,0.000000,14,18,22,25,50,69,81,85,96,580,620,35790,29,14,20.960049692553852,3.5004999954253435,620.3886999865063,33.99242805252864
1779035226,20,,Aggregated,44.700000,0.000000,14,18,22,25,50,69,81,85,96,580,620,35836,29,14,20.958166410776055,3.5004999954253435,620.3886999865063,33.998465230494475
1779035227,20,,Aggregated,45.500000,0.000000,14,18,22,25,50,69,81,85,96,580,620,35882,29,14,20.95513865159836,3.5004999954253435,620.3886999865063,34.000111476506326
1779035228,20,,Aggregated,44.700000,0.000000,14,18,22,25,50,69,81,85,96,580,620,35920,29,14,20.954570180864437,3.5004999954253435,620.3886999865063,34.004064587973275
1779035229,20,,Aggregated,44.800000,0.000000,14,18,22,25,50,69,81,85,96,580,620,35974,29,14,20.954032042489903,3.5004999954253435,620.3886999865063,34.005615166509145
1779035230,20,,Aggregated,44.500000,0.000000,14,18,22,25,50,69,81,85,96,580,620,36021,29,14,20.958745115255265,3.5004999954253435,620.3886999865063,34.003081535770804
1779035231,20,,Aggregated,44.700000,0.000000,14,18,22,25,50,69,81,85,96,580,620,36067,29,14,20.959758529861617,3.5004999954253435,620.3886999865063,34.00060997587823
1779035232,20,,Aggregated,45.700000,0.000000,14,18,22,25,50,69,81,85,96,580,620,36111,29,14,20.961899803286826,3.5004999954253435,620.3886999865063,33.995624601921854
1779035233,20,,Aggregated,45.400000,0.000000,14,18,22,25,50,69,81,85,96,580,620,36153,29,14,20.959321917860375,3.5004999954253435,620.3886999865063,33.9966807733798
1779035234,20,,Aggregated,44.800000,0.000000,14,18,22,25,50,69,81,85,96,580,620,36202,29,14,20.952241707537095,3.5004999954253435,620.3886999865063,33.997541572288824
1779035235,20,,Aggregated,44.900000,0.000000,14,18,22,25,50,69,81,85,96,580,620,36245,29,14,20.954738231382237,3.5004999954253435,620.3886999865063,33.993405987032695
1779035236,20,,Aggregated,44.800000,0.000000,14,18,22,25,50,69,81,85,96,580,620,36287,29,14,20.955513880909535,3.5004999954253435,620.3886999865063,33.99311048033731
1779035237,20,,Aggregated,44.700000,0.000000,14,18,22,25,50,69,81,85,96,580,620,36325,29,14,20.952751520900627,3.5004999954253435,620.3886999865063,33.99432897453544
1779035238,20,,Aggregated,45.100000,0.000000,14,18,22,25,50,69,81,85,96,580,620,36372,29,14,20.956741977254325,3.5004999954253435,620.3886999865063,33.99494116353239
1779035239,20,,Aggregated,44.400000,0.000000,14,18,22,25,50,69,81,85,96,580,620,36420,29,14,20.954168747848676,3.5004999954253435,620.3886999865063,33.99733662822625
1779035240,20,,Aggregated,43.900000,0.000000,14,18,22,25,50,69,81,85,96,580,620,36463,29,14,20.952652571013896,3.5004999954253435,620.3886999865063,33.99254038340235
1779035241,20,,Aggregated,44.000000,0.000000,14,18,22,25,50,69,81,85,96,580,620,36506,29,14,20.958425806631226,3.5004999954253435,620.3886999865063,33.99301484687449
1779035242,20,,Aggregated,44.100000,0.000000,14,18,22,25,50,69,81,85,96,580,620,36553,29,14,20.954649987613106,3.5004999954253435,620.3886999865063,33.99518507372856
1779035243,20,,Aggregated,43.900000,0.000000,14,18,22,25,50,69,81,85,96,580,620,36596,29,14,20.951652593103983,3.5004999954253435,620.3886999865063,33.99740408787846
1779035244,20,,Aggregated,43.700000,0.000000,14,18,22,25,50,69,81,85,96,580,620,36643,29,14,20.95826775365938,3.5004999954253435,620.3886999865063,33.99211309117703
1779035245,20,,Aggregated,43.500000,0.000000,14,18,22,25,50,69,81,85,96,580,620,36688,29,14,20.95923995305428,3.5004999954253435,620.3886999865063,33.99155037069342
1779035246,20,,Aggregated,43.900000,0.000000,14,18,22,25,50,69,81,85,96,580,620,36736,29,14,20.956015633098772,3.5004999954253435,620.3886999865063,33.99161585365854
1779035247,20,,Aggregated,44.100000,0.000000,14,18,22,25,50,69,81,85,96,580,620,36781,29,14,20.952020624714805,3.5004999954253435,620.3886999865063,33.991245480003265
1779035248,20,,Aggregated,44.600000,0.000000,14,18,22,25,50,69,81,85,96,580,620,36828,29,14,20.952836521054913,3.5004999954253435,620.3886999865063,33.99193548387097
1779035249,20,,Aggregated,45.100000,0.000000,14,18,22,25,50,69,81,85,96,580,620,36872,29,14,20.952606568600316,3.5004999954253435,620.3886999865063,33.9909416359297
1779035250,20,,Aggregated,45.200000,0.000000,14,18,22,25,50,69,81,85,96,580,620,36918,29,14,20.946845354496023,3.5004999954253435,620.3886999865063,33.99669537894794
1779035251,20,,Aggregated,45.200000,0.000000,14,18,22,25,50,69,81,85,96,580,620,36964,29,14,20.955349366881936,3.5004999954253435,620.3886999865063,33.99023374093713
1779035252,20,,Aggregated,44.700000,0.000000,14,18,22,25,50,69,81,85,96,580,620,37009,29,14,20.953868296823075,3.5004999954253435,620.3886999865063,33.99362317274176
1779035253,20,,Aggregated,45.000000,0.000000,14,18,22,25,50,69,81,85,96,580,620,37056,29,14,20.951892902549986,3.5004999954253435,620.3886999865063,33.99614097582038
1779035254,20,,Aggregated,45.200000,0.000000,14,18,22,25,50,69,81,85,96,580,620,37109,29,14,20.947751451048585,3.5004999954253435,620.3886999865063,33.99892209437064
1779035255,20,,Aggregated,46.000000,0.000000,14,18,22,25,50,69,81,85,96,580,620,37150,29,14,20.94435749924585,3.5004999954253435,620.3886999865063,33.99878869448183
1779035256,20,,Aggregated,45.700000,0.000000,14,18,22,25,50,69,81,85,96,580,620,37198,29,14,20.943475641076045,3.5004999954253435,620.3886999865063,34.00276896607345
1779035257,20,,Aggregated,45.100000,0.000000,14,18,22,25,50,69,81,85,96,580,620,37243,29,14,20.943319504246972,3.5004999954253435,620.3886999865063,34.0006444164004
1779035258,20,,Aggregated,45.500000,0.000000,14,18,22,25,50,69,81,85,96,580,620,37284,29,14,20.945122344618756,3.5004999954253435,620.3886999865063,33.99924900761721
1779035259,20,,Aggregated,45.300000,0.000000,14,18,22,25,50,69,80,85,96,580,620,37328,29,14,20.943694759874504,3.5004999954253435,620.3886999865063,34.001285897985426
1779035260,20,,Aggregated,46.000000,0.000000,14,18,22,25,50,69,81,85,96,580,620,37379,29,14,20.942955844099757,3.5004999954253435,620.3886999865063,34.002621792985366
1779035261,20,,Aggregated,45.200000,0.000000,14,18,22,25,50,69,81,85,96,580,620,37422,29,14,20.93744911541115,3.5004999954253435,620.3886999865063,34.005478061033614
1779035262,20,,Aggregated,45.500000,0.000000,14,18,22,25,50,69,80,85,96,580,620,37463,29,14,20.938295376690068,3.5004999954253435,620.3886999865063,34.00381709953821
1779035263,20,,Aggregated,45.500000,0.000000,14,18,22,25,50,69,81,85,96,580,620,37505,29,14,20.942180719827345,3.5004999954253435,620.3886999865063,34.006985735235304
1779035264,20,,Aggregated,45.100000,0.000000,14,18,22,25,50,69,81,85,96,580,620,37555,29,14,20.940342912982494,3.5004999954253435,620.3886999865063,34.0067900412728
1779035265,20,,Aggregated,44.800000,0.000000,14,18,22,25,50,69,81,85,96,580,620,37597,29,14,20.94313394943444,3.5004999954253435,620.3886999865063,34.00220762294864
1779035266,20,,Aggregated,44.600000,0.000000,14,18,22,25,50,69,81,85,96,580,620,37640,29,14,20.936997146566505,3.5004999954253435,620.3886999865063,34.00223166843783
1779035267,20,,Aggregated,44.900000,0.000000,14,18,22,25,50,69,81,85,96,580,620,37677,29,14,20.92950114384517,3.5004999954253435,620.3886999865063,34.00660880643363
1779035268,20,,Aggregated,44.100000,0.000000,14,18,22,25,50,69,80,85,96,580,620,37721,29,14,20.926991370760643,3.5004999954253435,620.3886999865063,34.00896052596697
1779035269,20,,Aggregated,43.800000,0.000000,14,18,22,25,50,69,80,85,96,580,620,37763,29,14,20.9238500488952,3.5004999954253435,620.3886999865063,34.00868575060244
1779035270,20,,Aggregated,42.900000,0.000000,14,18,22,25,50,69,81,85,96,580,620,37803,29,14,20.926655037872138,3.5004999954253435,620.3886999865063,34.0072745549295
1779035271,20,,Aggregated,43.500000,0.000000,14,18,22,25,50,69,81,85,96,580,620,37848,29,14,20.93004387805941,3.5004999954253435,620.3886999865063,34.00470302261678
1779035272,20,,Aggregated,42.600000,0.000000,14,18,22,25,50,69,81,85,96,580,620,37897,29,14,20.92839276715258,3.5004999954253435,620.3886999865063,34.00641211705412
1779035273,20,,Aggregated,42.300000,0.000000,14,18,22,25,50,69,81,85,96,580,620,37943,29,14,20.93319788885511,3.5004999954253435,620.3886999865063,34.00669425190417
1779035274,20,,Aggregated,42.900000,0.000000,14,18,22,25,50,69,81,85,96,580,620,37989,30,14,20.92714548150242,3.5004999954253435,620.3886999865063,34.011029508541945
1779035275,20,,Aggregated,43.100000,0.000000,14,18,22,25,50,69,81,85,96,580,620,38037,30,14,20.931258963564257,3.5004999954253435,620.3886999865063,34.012198648684176
1779035276,20,,Aggregated,43.200000,0.000000,14,18,22,25,50,69,81,85,96,580,620,38077,30,14,20.92973981136256,3.5004999954253435,620.3886999865063,34.01260603513932
1779035277,20,,Aggregated,43.000000,0.100000,14,18,22,25,50,69,81,85,96,580,620,38123,30,14,20.923984749290913,3.5004999954253435,620.3886999865063,34.01621068646224
1779035278,20,,Aggregated,43.400000,0.100000,14,18,22,25,50,69,81,85,96,580,620,38167,30,14,20.92399216069799,3.5004999954253435,620.3886999865063,34.016978017659234
1779035279,20,,Aggregated,43.600000,0.100000,14,18,22,25,50,69,81,85,96,580,620,38210,30,14,20.927708306658996,3.5004999954253435,620.3886999865063,34.016906568961005
1779035280,20,,Aggregated,44.400000,0.100000,14,18,22,25,50,69,81,85,96,580,620,38251,30,14,20.925421170618954,3.5004999954253435,620.3886999865063,34.020940629003164
1779035281,20,,Aggregated,44.200000,0.100000,14,18,22,25,50,69,81,85,96,580,620,38291,30,14,20.928006941508905,3.5004999954253435,620.3886999865063,34.02146718550051
1779035282,20,,Aggregated,44.500000,0.100000,14,18,22,25,50,69,81,85,96,580,620,38338,30,14,20.930345364839802,3.5004999954253435,620.3886999865063,34.0175022171214
1779035283,20,,Aggregated,44.500000,0.100000,14,18,22,25,50,69,81,85,96,580,620,38392,30,14,20.933423431896195,3.5004999954253435,620.3886999865063,34.01914461346114
1779035284,20,,Aggregated,43.600000,0.100000,14,18,22,25,50,69,81,85,96,580,620,38437,30,14,20.934737450833005,3.5004999954253435,620.3886999865063,34.01815958581575
1779035285,20,,Aggregated,44.200000,0.100000,14,18,22,25,50,69,81,85,96,580,620,38480,30,14,20.935668630404518,3.5004999954253435,620.3886999865063,34.015514553014555
1779035286,20,,Aggregated,44.700000,0.100000,14,18,22,25,50,69,81,85,96,580,620,38522,30,14,20.935851775550166,3.5004999954253435,620.3886999865063,34.01638025024661
1779035287,20,,Aggregated,44.800000,0.000000,14,18,22,25,50,69,81,85,96,580,620,38568,30,14,20.935718740868182,3.5004999954253435,620.3886999865063,34.01252333540759
1779035288,20,,Aggregated,44.300000,0.000000,14,18,22,25,50,69,81,85,96,580,620,38615,30,14,20.941772627163747,3.5004999954253435,620.3886999865063,34.009115628641716
1779035289,20,,Aggregated,44.300000,0.000000,14,18,22,25,50,69,81,85,96,580,620,38669,30,14,20.937683283715256,3.5004999954253435,620.3886999865063,34.013137138276136
1779035290,20,,Aggregated,44.400000,0.000000,14,18,22,25,50,69,81,85,96,580,620,38707,30,14,20.937376084376954,3.5004999954253435,620.3886999865063,34.01028237786447
1779035291,20,,Aggregated,44.600000,0.000000,14,18,22,25,50,69,81,85,96,580,620,38753,30,14,20.938211895801924,3.5004999954253435,620.3886999865063,34.010502412716434
1779035292,20,,Aggregated,45.900000,0.000000,14,18,22,25,50,69,81,85,96,580,620,38790,30,14,20.93642539309074,3.5004999954253435,620.3886999865063,34.01188450631606
1779035294,20,,Aggregated,45.200000,0.000000,14,18,22,25,50,69,81,85,96,580,620,38840,30,14,20.938836526722792,3.5004999954253435,620.3886999865063,34.00641091658085
1779035295,20,,Aggregated,46.000000,0.000000,14,18,22,25,50,69,81,85,96,580,620,38888,30,14,20.936683028128723,3.5004999954253435,620.3886999865063,34.007277309195636
1779035296,20,,Aggregated,44.500000,0.000000,14,18,22,25,50,69,81,85,96,580,620,38929,30,14,20.933700539388205,3.5004999954253435,620.3886999865063,34.008810912173445
1779035297,20,,Aggregated,44.700000,0.000000,14,18,22,25,50,69,81,85,96,580,620,38980,30,14,20.930649417599692,3.5004999954253435,620.3886999865063,34.01108260646485
1779035298,20,,Aggregated,44.500000,0.000000,14,18,22,25,50,69,81,85,96,580,620,39027,30,14,20.92677615492321,3.5004999954253435,620.3886999865063,34.011837958336535
1779035299,20,,Aggregated,44.500000,0.000000,14,18,22,25,50,69,81,85,96,580,620,39072,30,14,20.919669878633425,3.5004999954253435,620.3886999865063,34.01742936117936
1779035300,20,,Aggregated,45.500000,0.000000,14,18,22,25,50,69,81,85,96,580,620,39117,30,14,20.91811219413222,3.5004999954253435,620.3886999865063,34.016795766546515
1779035301,20,,Aggregated,45.500000,0.000000,14,18,22,25,50,69,81,85,96,580,620,39163,30,14,20.920103870949493,3.5004999954253435,620.3886999865063,34.01394173071522
1779035302,20,,Aggregated,44.300000,0.000000,14,18,22,25,50,69,81,85,96,580,620,39217,30,14,20.915660336018234,3.5004999954253435,620.3886999865063,34.01524848917561
1779035303,20,,Aggregated,45.500000,0.000000,14,18,22,25,50,69,80,85,96,580,620,39264,30,14,20.9148529899559,3.5004999954253435,620.3886999865063,34.017063977180115
1779035304,20,,Aggregated,46.100000,0.000000,14,18,22,25,50,69,80,85,96,580,620,39307,30,14,20.915073096337185,3.5004999954253435,620.3886999865063,34.01819014424912
1779035305,20,,Aggregated,46.800000,0.000000,14,18,22,25,50,69,80,85,96,580,620,39351,30,14,20.914137086666774,3.5004999954253435,620.3886999865063,34.019847017864855
1779035306,20,,Aggregated,46.500000,0.000000,14,18,22,25,50,69,80,85,96,580,620,39390,30,14,20.915119730825833,3.5004999954253435,620.3886999865063,34.019522721502916
1779035307,20,,Aggregated,46.200000,0.000000,14,18,22,25,50,69,80,85,96,580,620,39436,30,14,20.91965023322018,3.5004999954253435,620.3886999865063,34.01582310579166
1779035308,20,,Aggregated,45.800000,0.000000,14,18,22,25,50,69,80,85,96,580,620,39483,30,14,20.91743283938448,3.5004999954253435,620.3886999865063,34.01815971430742
1779035309,20,,Aggregated,45.400000,0.000000,14,18,22,25,50,69,80,85,96,580,620,39528,30,14,20.919194244526835,3.5004999954253435,620.3886999865063,34.017557174661
1779035310,20,,Aggregated,45.400000,0.000000,14,18,22,25,50,69,80,85,96,580,620,39573,30,14,20.91822445853934,3.5004999954253435,620.3886999865063,34.02110024511662
1779035311,20,,Aggregated,45.200000,0.000000,14,18,22,25,50,69,80,85,96,580,620,39614,30,14,20.923790553788916,3.5004999954253435,620.3886999865063,34.0204220730045
1779035312,20,,Aggregated,45.700000,0.000000,14,18,22,25,50,69,80,85,96,580,620,39651,30,14,20.92246235902272,3.5004999954253435,620.3886999865063,34.02100829739477
1779035313,20,,Aggregated,44.300000,0.000000,14,18,22,25,50,69,80,85,96,580,620,39699,31,14,20.922963961251003,3.5004999954253435,620.3886999865063,34.02508879316859
1779035314,20,,Aggregated,43.500000,0.000000,14,18,22,25,50,69,80,85,96,580,620,39739,31,14,20.92188385207504,3.5004999954253435,620.3886999865063,34.02503837539948
1779035315,20,,Aggregated,43.500000,0.100000,14,18,22,25,50,69,80,85,96,580,620,39784,31,14,20.919611672968433,3.5004999954253435,620.3886999865063,34.02521114015685
1779035316,20,,Aggregated,42.900000,0.100000,14,18,22,25,50,69,80,85,96,580,620,39832,31,14,20.919994592226146,3.5004999954253435,620.3886999865063,34.025456919060055
1779035317,20,,Aggregated,42.900000,0.100000,14,18,22,25,50,69,80,85,96,580,620,39877,31,14,20.92013952397968,3.5004999954253435,620.3886999865063,34.027660054668104
1779035318,20,,Aggregated,43.500000,0.100000,14,18,22,25,50,69,80,85,96,580,620,39922,31,14,20.91608195726538,3.5004999954253435,620.3886999865063,34.028731025499724
1779035319,20,,Aggregated,43.800000,0.100000,14,18,22,25,50,69,80,85,96,580,620,39972,31,14,20.915096997846593,3.5004999954253435,620.3886999865063,34.03202241569098
1779035320,20,,Aggregated,43.800000,0.100000,14,18,22,25,50,69,80,85,96,560,620,40017,31,14,20.915595831719106,3.5004999954253435,620.3886999865063,34.027763200639725
1779035321,20,,Aggregated,43.600000,0.100000,14,18,22,25,50,69,80,85,96,560,620,40069,31,14,20.91276948259032,3.5004999954253435,620.3886999865063,34.03027277945544
1779035322,20,,Aggregated,43.600000,0.100000,14,18,22,25,50,69,80,85,96,560,620,40116,31,14,20.914468526219327,3.5004999954253435,620.3886999865063,34.029589191345096
1779035323,20,,Aggregated,45.000000,0.100000,14,18,22,25,50,69,80,85,96,560,620,40156,31,14,20.91631771087113,3.4921999904327095,620.3886999865063,34.02898695089152
1779035324,20,,Aggregated,45.600000,0.100000,14,18,22,25,50,69,80,85,96,560,620,40197,31,14,20.91684836673902,3.4921999904327095,620.3886999865063,34.02950468940468
1779035325,20,,Aggregated,45.400000,0.000000,14,18,22,25,50,69,80,84,96,560,620,40239,31,14,20.91264754337228,3.4921999904327095,620.3886999865063,34.03074132060936
1779035326,20,,Aggregated,45.300000,0.000000,14,18,22,25,50,69,80,84,96,560,620,40285,31,14,20.914545041516256,3.4921999904327095,620.3886999865063,34.02862107484175
1779035327,20,,Aggregated,44.700000,0.000000,14,18,22,25,50,69,80,84,96,560,620,40333,31,14,20.910990298196424,3.4921999904327095,620.3886999865063,34.03190935462276
1779035328,20,,Aggregated,45.200000,0.000000,14,18,22,25,50,69,80,85,96,560,620,40373,31,14,20.910102167222583,3.4921999904327095,620.3886999865063,34.034874792559386
1779035329,20,,Aggregated,45.000000,0.000000,14,18,22,25,50,69,80,84,96,560,620,40416,31,14,20.91123841541104,3.4921999904327095,620.3886999865063,34.03365003958828
1779035330,20,,Aggregated,44.200000,0.000000,14,18,22,25,50,69,80,84,96,560,620,40463,31,14,20.91521662005292,3.4921999904327095,620.3886999865063,34.03264710970516
1779035331,20,,Aggregated,44.100000,0.000000,14,18,22,25,50,69,80,84,96,560,620,40505,31,14,20.915554306805436,3.4921999904327095,620.3886999865063,34.03288482903345
1779035332,20,,Aggregated,44.500000,0.000000,14,18,22,25,50,69,80,84,96,560,620,40545,31,14,20.916405544382965,3.4921999904327095,620.3886999865063,34.03255641879393
1779035333,20,,Aggregated,43.700000,0.000000,14,18,22,25,50,69,80,85,96,560,620,40587,31,14,20.915389932657757,3.4921999904327095,620.3886999865063,34.0318082144529
1779035334,20,,Aggregated,42.700000,0.000000,14,18,22,25,50,69,80,85,96,560,620,40636,31,14,20.91032378916955,3.4921999904327095,620.3886999865063,34.03691308199626
1779035335,20,,Aggregated,42.800000,0.000000,14,18,22,25,50,69,80,85,96,560,620,40684,31,14,20.915573271966434,3.4921999904327095,620.3886999865063,34.03249434667191
1779035336,20,,Aggregated,43.400000,0.000000,14,18,22,25,50,69,80,85,96,560,620,40726,31,14,20.91602502325031,3.4921999904327095,620.3886999865063,34.035309139124884
1779035337,20,,Aggregated,44.200000,0.000000,14,18,22,25,50,69,80,85,96,560,620,40772,31,14,20.917428681374005,3.4921999904327095,620.3886999865063,34.035759835181004
1779035338,20,,Aggregated,44.000000,0.000000,14,18,22,25,50,69,80,85,96,560,620,40824,31,14,20.920464608978907,3.4921999904327095,620.3886999865063,34.03299529688419
1779035339,20,,Aggregated,44.000000,0.000000,14,18,22,25,50,69,80,85,96,560,620,40866,31,14,20.923913568660353,3.4921999904327095,620.3886999865063,34.033597611706554
1779035340,20,,Aggregated,44.200000,0.000000,14,18,22,25,50,69,80,85,96,560,620,40917,31,14,20.92698789737591,3.4921999904327095,620.3886999865063,34.03230930908913
1779035341,20,,Aggregated,45.000000,0.000000,14,18,22,25,50,69,80,85,96,560,620,40958,31,14,20.928340141039886,3.4921999904327095,620.3886999865063,34.03276527174179
1779035342,20,,Aggregated,45.200000,0.000000,14,18,22,25,50,69,80,85,96,560,620,41002,31,14,20.928982703204042,3.4921999904327095,620.3886999865063,34.03538851763329
1779035343,20,,Aggregated,44.800000,0.000000,14,18,22,25,50,69,80,85,96,560,620,41050,31,14,20.9294742922555,3.4921999904327095,620.3886999865063,34.035542021924485
1779035344,20,,Aggregated,45.200000,0.000000,14,18,22,25,50,69,80,85,96,560,620,41099,31,14,20.93084355330212,3.4921999904327095,620.3886999865063,34.034575050487845
1779035345,20,,Aggregated,45.500000,0.000000,14,18,22,25,50,69,80,84,96,560,620,41139,31,14,20.932780495329666,3.4921999904327095,620.3886999865063,34.03386081334014
1779035346,20,,Aggregated,45.900000,0.000000,14,18,22,25,50,69,80,85,96,560,620,41184,31,14,20.930534353080475,3.4921999904327095,620.3886999865063,34.03620337995338
1779035347,20,,Aggregated,45.800000,0.000000,14,18,22,25,50,69,80,85,96,560,620,41232,31,14,20.929831128669065,3.4921999904327095,620.3886999865063,34.03322662010089
1779035348,20,,Aggregated,45.000000,0.000000,14,18,22,25,50,69,80,85,96,560,620,41276,32,14,20.931998320995216,3.4921999904327095,620.3886999865063,34.032537067545306
1779035349,20,,Aggregated,44.900000,0.000000,14,18,22,25,50,69,80,84,96,560,620,41324,32,14,20.932257213658595,3.4921999904327095,620.3886999865063,34.03528216048785
1779035350,20,,Aggregated,45.200000,0.100000,14,18,22,25,50,69,80,84,96,560,620,41371,32,14,20.932299862153492,3.4921999904327095,620.3886999865063,34.035749679727346
1779035351,20,,Aggregated,45.100000,0.100000,14,18,22,25,50,69,80,84,96,560,620,41423,32,14,20.930113111003397,3.4921999904327095,620.3886999865063,34.03930183714362
1779035352,20,,Aggregated,44.600000,0.100000,14,18,22,25,50,69,80,84,96,560,620,41462,32,14,20.92607447053314,3.4921999904327095,620.3886999865063,34.043437364333606
1779035353,20,,Aggregated,45.700000,0.100000,14,18,22,25,50,69,80,84,96,560,620,41511,32,14,20.92581324221273,3.4921999904327095,620.3886999865063,34.04196478041965
1779035354,20,,Aggregated,45.900000,0.100000,14,18,22,25,50,69,80,84,96,560,620,41555,32,14,20.922597056844623,3.4921999904327095,620.3886999865063,34.04355673204187
1779035355,20,,Aggregated,45.800000,0.100000,14,18,22,25,50,69,80,84,96,560,620,41602,32,14,20.926614292508834,3.4921999904327095,620.3886999865063,34.041824912263834
1779035356,20,,Aggregated,45.200000,0.100000,14,18,22,25,50,69,80,84,96,560,620,41645,32,14,20.923639286759766,3.4921999904327095,620.3886999865063,34.04106135190299
1779035357,20,,Aggregated,44.900000,0.100000,14,18,22,25,50,69,80,84,96,560,620,41693,32,14,20.916218050922186,3.4921999904327095,620.3886999865063,34.0431966996858
1779035358,20,,Aggregated,46.000000,0.100000,14,18,22,25,50,69,80,84,96,560,620,41730,32,14,20.912982163844067,3.4921999904327095,620.3886999865063,34.04397316079559
1779035359,20,,Aggregated,45.600000,0.100000,14,18,22,25,50,69,80,84,96,560,620,41772,32,14,20.917272447978526,3.4921999904327095,620.3886999865063,34.0412716652303
1779035360,20,,Aggregated,45.600000,0.000000,14,18,22,25,50,69,80,84,96,560,620,41811,32,14,20.917381059938602,3.4921999904327095,620.3886999865063,34.03920021047093
1779035361,20,,Aggregated,44.800000,0.000000,14,18,22,25,50,69,80,84,96,560,620,41853,32,14,20.918922337640968,3.4921999904327095,620.3886999865063,34.039304231476834
1779035362,20,,Aggregated,44.000000,0.000000,14,18,22,25,50,69,80,84,96,560,620,41889,32,14,20.921260867940266,3.4921999904327095,620.3886999865063,34.040774427654036
1779035363,20,,Aggregated,43.700000,0.000000,14,18,22,25,50,69,80,84,96,560,620,41941,33,14,20.91953609825983,3.4921999904327095,620.3886999865063,34.04272668748957
1779035364,20,,Aggregated,42.700000,0.000000,14,18,22,25,50,69,80,84,96,560,620,41985,33,14,20.920378792349094,3.4921999904327095,620.3886999865063,34.03818030248898
1779035365,20,,Aggregated,42.600000,0.100000,14,18,22,25,50,69,80,84,96,560,620,42026,33,14,20.917473007109987,3.4921999904327095,620.3886999865063,34.03940417836577
1779035366,20,,Aggregated,43.000000,0.100000,14,18,22,25,50,69,80,84,96,560,620,42075,33,14,20.920034635695007,3.4921999904327095,620.3886999865063,34.03527035056447
1779035367,20,,Aggregated,43.200000,0.100000,14,18,22,25,50,69,80,84,96,560,620,42115,33,14,20.915384530378105,3.4921999904327095,620.3886999865063,34.035569274605244
1779035368,20,,Aggregated,42.500000,0.100000,14,18,22,25,50,69,80,84,96,560,620,42172,34,14,20.915308147508398,3.4921999904327095,620.3886999865063,34.0360428720478
1779035369,20,,Aggregated,42.500000,0.100000,14,18,22,25,50,69,80,84,96,560,620,42213,34,14,20.91292859537619,3.4921999904327095,620.3886999865063,34.036955440267214
1779035370,20,,Aggregated,42.800000,0.100000,14,18,22,25,50,69,80,84,96,560,620,42258,34,14,20.914456173897474,3.4921999904327095,620.3886999865063,34.036371811254675
1779035371,20,,Aggregated,44.100000,0.200000,14,18,22,25,50,69,80,84,96,560,620,42295,34,14,20.916748022138638,3.4921999904327095,620.3886999865063,34.03525239389999
1779035372,20,,Aggregated,43.800000,0.200000,14,18,22,25,50,69,80,84,96,560,620,42335,34,14,20.91672410289829,3.4921999904327095,620.3886999865063,34.03786465099799
1779035373,20,,Aggregated,43.800000,0.200000,14,18,22,25,50,69,80,84,96,560,620,42385,34,14,20.911037197028218,3.4921999904327095,620.3886999865063,34.04352955054854
1779035374,20,,Aggregated,44.300000,0.200000,14,18,22,25,50,69,80,84,96,560,620,42427,34,14,20.90661641868979,3.4921999904327095,620.3886999865063,34.04466495392085
1779035375,20,,Aggregated,44.600000,0.100000,14,18,22,25,50,69,80,84,96,560,620,42477,34,14,20.904424088231426,3.4921999904327095,620.3886999865063,34.04717847305601
1779035376,20,,Aggregated,43.700000,0.100000,14,18,22,25,50,69,80,84,96,560,620,42521,34,14,20.904165322909332,3.4921999904327095,620.3886999865063,34.04576562169281
1779035377,20,,Aggregated,44.100000,0.100000,14,18,22,25,50,69,80,84,96,560,620,42561,34,14,20.904123869165527,3.4921999904327095,620.3886999865063,34.04715584690209
1779035378,20,,Aggregated,44.800000,0.100000,14,18,22,25,50,69,80,84,96,560,620,42608,34,14,20.90588174745478,3.4921999904327095,620.3886999865063,34.04475685317311
1779035379,20,,Aggregated,44.800000,0.100000,14,18,22,25,50,69,80,84,96,560,620,42653,34,14,20.902298196977167,3.4921999904327095,620.3886999865063,34.04431106838909
1779035380,20,,Aggregated,43.700000,0.100000,14,18,22,25,50,69,80,84,96,560,620,42697,34,14,20.905433304342882,3.4921999904327095,620.3886999865063,34.04321146684779
1779035381,20,,Aggregated,43.300000,0.000000,14,18,22,25,50,69,80,84,96,560,620,42740,34,14,20.9072338347089,3.4921999904327095,620.3886999865063,34.043238184370615
1779035382,20,,Aggregated,44.000000,0.000000,14,18,22,25,50,69,80,84,96,560,620,42780,34,14,20.906061757725585,3.4921999904327095,620.3886999865063,34.0460729312763
1779035383,20,,Aggregated,44.200000,0.000000,14,18,22,25,50,69,80,84,96,560,620,42827,34,14,20.904479162578674,3.4921999904327095,620.3886999865063,34.04908118710159
1779035384,20,,Aggregated,44.400000,0.000000,14,18,22,25,50,69,80,84,96,560,620,42869,34,14,20.9044498237795,3.4921999904327095,620.3886999865063,34.04842660197345
1779035385,20,,Aggregated,44.000000,0.000000,14,18,22,25,50,69,80,84,96,560,620,42914,34,14,20.900048485240657,3.4921999904327095,620.3886999865063,34.04900498671762
1779035386,20,,Aggregated,43.900000,0.000000,14,18,22,25,50,69,80,84,96,560,620,42967,34,14,20.900546691537663,3.4921999904327095,620.3886999865063,34.04889799148184
1779035387,20,,Aggregated,43.600000,0.000000,14,18,22,25,50,69,80,84,96,560,620,43009,34,14,20.897077467398187,3.4921999904327095,620.3886999865063,34.04694366295426
1779035388,20,,Aggregated,43.500000,0.000000,14,18,22,25,50,69,80,84,96,560,620,43057,35,14,20.899296193304576,3.4921999904327095,620.3886999865063,34.04707713031563
1779035389,20,,Aggregated,44.000000,0.000000,14,18,22,25,50,69,80,84,96,560,620,43110,35,14,20.897423952562566,3.4921999904327095,620.3886999865063,34.045372303409884
1779035390,20,,Aggregated,45.000000,0.000000,14,18,22,25,50,69,80,84,96,560,620,43150,35,14,20.903678125026556,3.4921999904327095,620.3886999865063,34.04447276940904
1779035391,20,,Aggregated,44.900000,0.100000,14,18,22,25,50,69,80,84,96,560,620,43190,35,14,20.90076565860202,3.4921999904327095,620.3886999865063,34.04216253762445
1779035392,20,,Aggregated,45.100000,0.100000,14,18,22,25,50,69,80,84,96,560,620,43235,35,14,20.89765752735626,3.4921999904327095,620.3886999865063,34.04699895917659
1779035393,20,,Aggregated,45.000000,0.100000,14,18,22,25,50,69,80,84,96,560,620,43285,35,14,20.89256474749222,3.4921999904327095,620.3886999865063,34.050155943167375
1779035394,20,,Aggregated,44.600000,0.100000,14,18,22,25,50,69,80,84,96,560,620,43340,35,14,20.891779263852882,3.4921999904327095,620.3886999865063,34.048061836640514
1779035395,20,,Aggregated,45.300000,0.100000,14,18,22,25,50,69,80,84,96,560,620,43381,35,14,20.8922081347819,3.4921999904327095,620.3886999865063,34.04589566861068
1779035396,20,,Aggregated,46.500000,0.100000,14,18,22,25,50,69,80,84,96,560,620,43423,35,14,20.888522432688475,3.4921999904327095,620.3886999865063,34.047509384427606
1779035397,20,,Aggregated,46.800000,0.100000,14,18,22,25,50,69,80,84,96,560,620,43472,35,14,20.887563668444464,3.4921999904327095,620.3886999865063,34.04533952889216
1779035398,20,,Aggregated,46.100000,0.100000,14,18,22,25,50,69,80,84,96,560,620,43518,35,14,20.88818746713374,3.4921999904327095,620.3886999865063,34.04510777149685
1779035399,20,,Aggregated,45.800000,0.100000,14,18,22,25,50,69,80,84,96,560,620,43562,35,14,20.88285550237795,3.4921999904327095,620.3886999865063,34.04988292548551
1779035400,20,,Aggregated,45.900000,0.100000,14,18,22,25,50,69,80,84,96,560,620,43604,35,14,20.87994401419006,3.4921999904327095,620.3886999865063,34.04795431611779
1779035401,20,,Aggregated,45.600000,0.000000,14,18,22,25,50,69,80,84,96,560,620,43649,35,14,20.87871143886189,3.4921999904327095,620.3886999865063,34.047607047125936
1779035402,20,,Aggregated,45.600000,0.000000,14,18,22,25,50,69,80,84,96,560,620,43696,35,14,20.880029281737535,3.4921999904327095,620.3886999865063,34.045244415964845
1779035403,20,,Aggregated,45.000000,0.000000,14,18,22,25,50,69,80,84,96,560,620,43743,35,14,20.88062602233515,3.4921999904327095,620.3886999865063,34.0456758795693
1779035404,20,,Aggregated,45.900000,0.000000,14,18,22,25,50,69,80,84,96,560,620,43788,35,14,20.87834013873608,3.4921999904327095,620.3886999865063,34.04341372065406
1779035405,20,,Aggregated,45.700000,0.000000,14,18,22,25,50,69,80,84,96,560,620,43835,35,14,20.874425087147372,3.4921999904327095,620.3886999865063,34.0430934185012
1779035406,20,,Aggregated,44.600000,0.000000,14,18,22,25,50,69,80,84,96,560,620,43881,35,14,20.883821553634082,3.4921999904327095,620.3886999865063,34.042387365830315
1779035407,20,,Aggregated,43.900000,0.000000,14,18,22,25,50,69,80,84,96,560,620,43926,35,14,20.882874654979204,3.4921999904327095,620.3886999865063,34.04343668897692
1779035408,20,,Aggregated,45.400000,0.000000,14,18,22,25,50,69,80,84,96,560,620,43978,35,14,20.87940601652382,3.4921999904327095,620.3886999865063,34.04586384101142
1779035409,20,,Aggregated,45.300000,0.000000,14,18,22,25,50,69,80,84,96,560,620,44023,35,14,20.88360828646165,3.4921999904327095,620.3886999865063,34.04300024986939
1779035410,20,,Aggregated,45.600000,0.000000,14,18,22,25,50,69,80,84,96,560,620,44063,35,14,20.88334587511081,3.4921999904327095,620.3886999865063,34.04293851984659
1779035411,20,,Aggregated,46.000000,0.000000,14,18,22,25,50,69,80,84,96,560,620,44106,35,14,20.88531230660049,3.4921999904327095,620.3886999865063,34.042488550310615
1779035412,20,,Aggregated,45.500000,0.000000,14,18,22,25,50,69,80,84,96,560,620,44153,35,14,20.88249923209648,3.4921999904327095,620.3886999865063,34.04497995606187
1779035413,20,,Aggregated,45.700000,0.000000,14,18,22,25,50,69,80,85,96,560,620,44199,35,14,20.879523998159986,3.4921999904327095,620.3886999865063,34.04534039231657
1779035414,20,,Aggregated,45.000000,0.000000,14,18,22,25,50,69,80,85,96,560,620,44242,35,14,20.88342260509845,3.4921999904327095,620.3886999865063,34.04405316215361
1779035415,20,,Aggregated,44.700000,0.000000,14,18,22,25,50,69,80,85,96,560,620,44286,35,14,20.884539678349338,3.4921999904327095,620.3886999865063,34.03929006909633
1779035416,20,,Aggregated,45.400000,0.000000,14,18,22,25,50,69,80,85,96,560,620,44331,35,14,20.885496528286314,3.4921999904327095,620.3886999865063,34.04146082876542
1779035417,20,,Aggregated,45.600000,0.000000,14,18,22,25,50,69,80,85,96,560,620,44375,35,14,20.885058476512228,3.4921999904327095,620.3886999865063,34.0375661971831
1779035418,20,,Aggregated,44.500000,0.000000,14,18,22,25,50,69,80,84,96,560,620,44422,35,14,20.878099430360145,3.4921999904327095,620.3886999865063,34.03831434874612
1779035419,20,,Aggregated,44.600000,0.000000,14,18,22,25,50,69,80,84,96,560,620,44466,35,14,20.877146871660383,3.4921999904327095,620.3886999865063,34.03766923042325
1779035420,20,,Aggregated,44.000000,0.000000,14,18,22,25,50,69,80,84,96,560,620,44509,35,14,20.87707759544025,3.4921999904327095,620.3886999865063,34.03864386977914
1779035421,20,,Aggregated,43.600000,0.000000,14,18,22,25,50,69,80,84,96,560,620,44557,35,14,20.875527441153153,3.4921999904327095,620.3886999865063,34.03772695648271
1779035422,20,,Aggregated,43.800000,0.000000,14,18,22,25,50,69,80,84,96,560,620,44599,35,14,20.876845940382722,3.4921999904327095,620.3886999865063,34.03645821655194
1779035423,20,,Aggregated,44.000000,0.000000,14,18,22,25,50,69,80,84,96,560,620,44649,35,14,20.873585883106752,3.4921999904327095,620.3886999865063,34.038836256131155
1779035424,20,,Aggregated,44.600000,0.000000,14,18,22,25,50,69,80,84,96,560,620,44687,35,14,20.87299238245948,3.4921999904327095,620.3886999865063,34.03775147134513
1779035425,20,,Aggregated,44.600000,0.000000,14,18,22,25,50,69,80,84,96,560,620,44734,35,14,20.871906086976935,3.4921999904327095,620.3886999865063,34.03583404122144
1779035426,20,,Aggregated,44.900000,0.000000,14,18,22,25,50,69,80,84,96,560,620,44780,35,14,20.86802618120916,3.4921999904327095,620.3886999865063,34.03588655649844
1779035427,20,,Aggregated,44.300000,0.000000,14,18,22,25,50,69,80,84,96,560,620,44824,35,14,20.86693826955551,3.4921999904327095,620.3886999865063,34.035739782259505
1779035428,20,,Aggregated,44.300000,0.000000,14,18,22,25,50,69,80,84,96,560,620,44865,35,14,20.866358245728243,3.4921999904327095,620.3886999865063,34.036152903153905
1779035429,20,,Aggregated,44.600000,0.000000,14,18,22,25,50,69,80,84,96,560,620,44913,35,14,20.871871662873343,3.4921999904327095,620.3886999865063,34.032997127780376
1779035430,20,,Aggregated,44.400000,0.000000,14,18,22,25,50,69,80,84,96,560,620,44955,35,14,20.87178140128445,3.4921999904327095,620.3886999865063,34.03047491936381
1779035431,20,,Aggregated,44.100000,0.000000,14,18,22,25,50,69,80,84,96,560,620,44995,35,14,20.874039844308843,3.4921999904327095,620.3886999865063,34.02971441271252
1779035433,20,,Aggregated,44.700000,0.000000,14,18,22,25,50,69,80,84,96,560,620,45038,35,14,20.87358899139881,3.4921999904327095,620.3886999865063,34.02826502064923
1779035434,20,,Aggregated,44.300000,0.000000,14,18,22,25,50,69,80,84,96,560,620,45086,35,14,20.879377032656606,3.4921999904327095,620.3886999865063,34.02355498380872
1779035435,20,,Aggregated,43.700000,0.000000,14,18,22,25,50,69,80,84,96,560,620,45124,35,14,20.87867928363381,3.4921999904327095,620.3886999865063,34.027280382944774
1779035436,20,,Aggregated,43.400000,0.000000,14,18,22,25,50,69,80,84,96,560,620,45176,35,14,20.877428594704593,3.4921999904327095,620.3886999865063,34.02698335399327
1779035437,20,,Aggregated,43.400000,0.000000,14,18,22,25,50,69,80,84,96,560,620,45219,35,14,20.875488913834708,3.4921999904327095,620.3886999865063,34.02627214224109
1779035438,20,,Aggregated,43.400000,0.000000,14,18,22,25,50,69,80,84,96,560,620,45262,35,14,20.88049391088977,3.4921999904327095,620.3886999865063,34.02397154345809
1779035439,20,,Aggregated,43.500000,0.000000,14,18,22,25,50,69,80,84,96,560,620,45312,35,14,20.884538594515817,3.4921999904327095,620.3886999865063,34.024165783898304
1779035440,20,,Aggregated,43.800000,0.000000,14,18,22,25,50,69,80,84,96,560,620,45356,35,14,20.883265495080245,3.4921999904327095,620.3886999865063,34.02449510538848
1779035441,20,,Aggregated,44.300000,0.000000,14,18,22,25,50,69,80,84,96,560,620,45403,35,14,20.88427056350876,3.4921999904327095,620.3886999865063,34.023544699689445
1779035442,20,,Aggregated,44.100000,0.000000,14,18,22,25,50,69,80,84,96,560,620,45449,35,14,20.88179885575324,3.4921999904327095,620.3886999865063,34.02455499570948
1779035443,20,,Aggregated,44.000000,0.000000,14,18,22,25,50,69,80,84,96,560,620,45488,35,14,20.88135903304461,3.4921999904327095,620.3886999865063,34.02583098839254
1779035444,20,,Aggregated,45.100000,0.000000,14,18,22,25,50,69,80,84,96,560,620,45532,35,14,20.881362092492857,3.4921999904327095,620.3886999865063,34.02365369410524
1779035445,20,,Aggregated,44.600000,0.000000,14,18,22,25,50,69,80,84,96,560,620,45574,35,14,20.88078840118354,3.4921999904327095,620.3886999865063,34.02483872383377
1779035446,20,,Aggregated,44.100000,0.000000,14,18,22,25,50,69,80,84,96,560,620,45615,35,14,20.880692671173826,3.4921999904327095,620.3886999865063,34.022097994080895
1779035447,20,,Aggregated,44.300000,0.000000,14,18,22,25,50,69,80,84,96,560,620,45658,35,14,20.87709438204887,3.4921999904327095,620.3886999865063,34.023873143808316
1779035448,20,,Aggregated,43.400000,0.000000,14,18,22,25,49,69,80,84,96,560,620,45699,35,14,20.87841544224924,3.4921999904327095,620.3886999865063,34.02520842906847
1779035449,20,,Aggregated,43.400000,0.000000,14,18,22,25,50,69,80,84,96,560,620,45743,35,14,20.879838370796378,3.4921999904327095,620.3886999865063,34.025074874844236
1779035450,20,,Aggregated,43.300000,0.000000,14,18,22,25,50,69,80,84,96,560,620,45783,35,14,20.88291603641737,3.4921999904327095,620.3886999865063,34.02369875281218
1779035451,20,,Aggregated,43.200000,0.000000,14,18,22,25,50,69,80,84,96,560,620,45836,35,14,20.884935914903508,3.4921999904327095,620.3886999865063,34.02114058818396
1779035452,20,,Aggregated,42.400000,0.000000,14,18,22,25,50,69,80,84,96,560,620,45885,35,14,20.88223570219912,3.4921999904327095,620.3886999865063,34.02179361447096
1779035453,20,,Aggregated,43.500000,0.000000,14,18,22,25,50,69,80,84,96,560,620,45929,35,14,20.88087929838184,3.4921999904327095,620.3886999865063,34.02299200940582
1779035454,20,,Aggregated,42.900000,0.000000,14,18,22,25,50,69,80,84,96,560,620,45967,36,14,20.8796231817457,3.4921999904327095,620.3886999865063,34.021319642352125
1779035455,20,,Aggregated,43.900000,0.000000,14,18,22,25,50,69,80,84,96,560,620,46015,36,14,20.875879071938417,3.4921999904327095,620.3886999865063,34.02379658806911
1779035456,20,,Aggregated,43.400000,0.100000,14,18,22,25,50,69,80,84,96,560,620,46061,36,14,20.874339616925557,3.4921999904327095,620.3886999865063,34.0250103124118
1779035457,20,,Aggregated,43.800000,0.100000,14,18,22,25,50,69,80,84,96,560,620,46104,36,14,20.87276058466174,3.4921999904327095,620.3886999865063,34.024856845393025
1779035458,20,,Aggregated,44.400000,0.100000,14,18,22,25,49,69,80,84,96,560,620,46147,36,14,20.869145168592812,3.4921999904327095,620.3886999865063,34.0264589247405
1779035459,20,,Aggregated,44.200000,0.100000,14,18,22,25,49,69,80,84,96,560,620,46186,37,14,20.867012090135322,3.4921999904327095,620.3886999865063,34.02671805308968
1779035460,20,,Aggregated,44.200000,0.100000,14,18,22,25,49,69,80,84,96,560,620,46228,37,14,20.86682905587396,3.4921999904327095,620.3886999865063,34.028986761270225
1779035461,20,,Aggregated,43.600000,0.100000,14,18,22,25,49,69,80,84,96,560,620,46269,37,14,20.86866666871721,3.4921999904327095,620.3886999865063,34.02989042339363
1779035462,20,,Aggregated,43.600000,0.200000,14,18,22,25,49,69,80,84,96,560,620,46313,37,14,20.87001266804468,3.4921999904327095,620.3886999865063,34.02889037635221
1779035463,20,,Aggregated,42.900000,0.200000,14,18,22,25,49,69,80,84,96,560,620,46364,37,14,20.867358959436253,3.4921999904327095,620.3886999865063,34.03129583297386
1779035464,20,,Aggregated,42.800000,0.200000,14,18,22,25,49,69,80,84,96,560,620,46407,37,14,20.86790421478373,3.4921999904327095,620.3886999865063,34.03066347749262
1779035465,20,,Aggregated,42.900000,0.200000,14,18,22,25,49,69,80,84,96,560,620,46449,37,14,20.865671413710928,3.4921999904327095,620.3886999865063,34.02953777261082
1779035466,20,,Aggregated,43.200000,0.100000,14,18,22,25,49,69,80,84,96,560,620,46495,37,14,20.867190570932582,3.4921999904327095,620.3886999865063,34.0272932573395
1779035467,20,,Aggregated,43.500000,0.100000,14,18,22,25,50,69,80,84,96,560,620,46532,37,14,20.870724256329467,3.4921999904327095,620.3886999865063,34.02473566577839
1779035468,20,,Aggregated,42.800000,0.100000,14,18,22,25,50,69,80,84,96,560,620,46581,37,14,20.872789725324694,3.4921999904327095,620.3886999865063,34.025697172666966
1779035469,20,,Aggregated,42.600000,0.100000,14,18,22,25,50,69,80,84,96,560,620,46627,37,14,20.868851171967115,3.4921999904327095,620.3886999865063,34.022948077294274
1779035470,20,,Aggregated,42.600000,0.100000,14,18,22,25,50,69,80,84,96,560,620,46673,37,14,20.868808812274285,3.4921999904327095,620.3886999865063,34.02395389197181
1779035471,20,,Aggregated,43.600000,0.100000,14,18,22,25,50,69,80,84,96,560,620,46717,37,14,20.870755966674572,3.4921999904327095,620.3886999865063,34.02609328509964
1779035472,20,,Aggregated,44.200000,0.000000,14,18,22,25,50,69,80,84,96,560,620,46762,37,14,20.87101652827523,3.4921999904327095,620.3886999865063,34.026410333176514
1779035473,20,,Aggregated,44.100000,0.000000,14,18,22,25,50,69,80,84,96,560,620,46811,37,14,20.871031697576452,3.4921999904327095,620.3886999865063,34.02674585033432
1779035474,20,,Aggregated,44.500000,0.000000,14,18,22,25,50,69,80,84,96,560,620,46866,37,14,20.87550758748939,3.4921999904327095,620.3886999865063,34.021764178722314
1779035475,20,,Aggregated,44.400000,0.000000,14,18,22,25,49,69,80,84,96,560,620,46908,37,14,20.870545981393448,3.4921999904327095,620.3886999865063,34.021126460305275
1779035476,20,,Aggregated,45.100000,0.000000,14,18,22,25,49,69,80,84,96,560,620,46953,37,14,20.8691087895417,3.4921999904327095,620.3886999865063,34.021723851511084
1779035477,20,,Aggregated,45.000000,0.000000,14,18,22,25,49,69,80,84,96,560,620,46995,38,14,20.865469403023763,3.4921999904327095,620.3886999865063,34.025364400468135
1779035478,20,,Aggregated,45.300000,0.000000,14,18,22,25,49,69,80,84,96,560,620,47045,38,14,20.86314887225184,3.4921999904327095,620.3886999865063,34.02474226804124
1779035479,20,,Aggregated,45.800000,0.100000,14,18,22,25,49,69,80,84,96,560,620,47086,38,14,20.863577379581457,3.4921999904327095,620.3886999865063,34.025867561483246
1779035480,20,,Aggregated,45.700000,0.100000,14,18,22,25,49,69,80,84,96,560,620,47133,38,14,20.859609933482215,3.4921999904327095,620.3886999865063,34.02599028281671
1779035481,20,,Aggregated,45.100000,0.100000,14,18,22,25,49,69,80,84,96,560,620,47175,38,14,20.858966051815568,3.4921999904327095,620.3886999865063,34.025712771595124
1779035482,20,,Aggregated,45.500000,0.100000,14,18,22,25,49,69,80,84,96,560,620,47219,38,14,20.857233179323412,3.4921999904327095,620.3886999865063,34.0262817933459
1779035483,20,,Aggregated,46.000000,0.100000,14,18,22,25,49,69,80,84,96,560,620,47266,38,14,20.857157815221843,3.4921999904327095,620.3886999865063,34.026763424025724
1779035484,20,,Aggregated,44.800000,0.100000,14,18,22,25,49,69,80,84,96,560,620,47315,38,14,20.851265957811922,3.4921999904327095,620.3886999865063,34.02975800486104
1779035485,20,,Aggregated,44.700000,0.100000,14,18,22,25,49,69,80,84,96,560,620,47353,38,14,20.84864526416566,3.4921999904327095,620.3886999865063,34.032563934703184
1779035486,20,,Aggregated,44.200000,0.100000,14,18,22,25,49,69,80,84,96,560,620,47394,38,14,20.853757545133547,3.4921999904327095,620.3886999865063,34.031206481833145
1779035487,20,,Aggregated,44.100000,0.100000,14,18,22,25,49,69,80,84,96,560,620,47441,38,14,20.85268429616179,3.4921999904327095,620.3886999865063,34.03231382137813
1779035488,20,,Aggregated,44.000000,0.100000,14,18,22,25,49,69,80,84,96,560,620,47481,38,14,20.855332789839988,3.4921999904327095,620.3886999865063,34.032518270466085
1779035489,20,,Aggregated,44.000000,0.000000,14,18,22,25,49,69,80,84,96,560,620,47527,38,14,20.855062694771792,3.4921999904327095,620.3886999865063,34.03004607907084
1779035490,20,,Aggregated,43.500000,0.000000,14,18,22,25,49,69,80,84,96,560,620,47576,38,14,20.863374991472494,3.4921999904327095,620.3886999865063,34.02551706742896
1779035491,20,,Aggregated,44.100000,0.000000,14,18,22,25,49,69,80,84,96,560,620,47622,38,14,20.86446499715104,3.4921999904327095,620.3886999865063,34.027928268447354
1779035492,20,,Aggregated,44.000000,0.000000,14,18,22,25,49,69,80,84,96,560,620,47671,38,14,20.86550125640906,3.4921999904327095,620.3886999865063,34.027123408361476
1779035493,20,,Aggregated,43.400000,0.000000,14,18,22,25,49,69,80,84,96,560,620,47713,38,14,20.861693152687096,3.4921999904327095,620.3886999865063,34.031018799907784
1779035494,20,,Aggregated,44.400000,0.000000,14,18,22,25,49,69,80,84,96,560,620,47757,38,14,20.85700043751199,3.4921999904327095,620.3886999865063,34.0345080302364
1779035495,20,,Aggregated,44.100000,0.000000,14,18,22,25,49,69,80,84,96,560,620,47803,38,14,20.85442839768868,3.4921999904327095,620.3886999865063,34.03378449051315
1779035496,20,,Aggregated,44.400000,0.000000,14,18,22,25,49,69,80,84,96,560,620,47847,38,14,20.855600221429835,3.4921999904327095,620.3886999865063,34.03040943005831
1779035497,20,,Aggregated,44.600000,0.000000,14,18,22,25,49,69,80,84,96,560,620,47894,38,14,20.85954668005712,3.4921999904327095,620.3886999865063,34.02862571512089
1779035498,20,,Aggregated,44.800000,0.000000,14,18,22,25,49,69,80,84,96,560,620,47940,38,14,20.8594258300956,3.4921999904327095,620.3886999865063,34.027534418022526
1779035499,20,,Aggregated,44.500000,0.000000,14,18,22,25,49,69,80,84,96,560,620,47985,38,14,20.86194405949329,3.4921999904327095,620.3886999865063,34.02659164322184
1779035500,20,,Aggregated,45.700000,0.000000,14,18,22,25,49,69,80,84,96,560,620,48029,38,14,20.858384792415777,3.4921999904327095,620.3886999865063,34.02896166899165
1779035501,20,,Aggregated,44.700000,0.000000,14,18,22,25,49,69,80,84,96,560,620,48072,38,14,20.85660077997618,3.4921999904327095,620.3886999865063,34.03111998668663
1779035502,20,,Aggregated,44.800000,0.000000,14,18,22,25,49,69,80,84,96,560,620,48116,38,14,20.858898966974948,3.4921999904327095,620.3886999865063,34.03098761326794
1779035503,20,,Aggregated,44.900000,0.000000,14,18,22,25,49,69,80,84,96,560,620,48159,38,14,20.856600523165813,3.4921999904327095,620.3886999865063,34.033410162171144
1779035504,20,,Aggregated,44.100000,0.000000,14,18,22,25,49,69,80,84,96,560,620,48207,38,14,20.85609299054794,3.4921999904327095,620.3886999865063,34.03304499346568
1779035505,20,,Aggregated,44.900000,0.000000,14,18,22,25,49,69,80,84,96,560,620,48247,38,14,20.855991570364225,3.4921999904327095,620.3886999865063,34.036002238481146
1779035506,20,,Aggregated,44.500000,0.000000,14,18,22,25,49,69,80,84,96,560,620,48298,38,14,20.856340492262362,3.4921999904327095,620.3886999865063,34.03780694852789
1779035507,20,,Aggregated,44.000000,0.000000,14,18,22,25,49,69,80,84,96,560,620,48337,38,14,20.85843105477901,3.4921999904327095,620.3886999865063,34.03885222500362
1779035508,20,,Aggregated,44.000000,0.000000,14,18,22,25,49,69,80,84,96,560,620,48382,38,14,20.85823737536374,3.4921999904327095,620.3886999865063,34.0374519449382
1779035509,20,,Aggregated,44.600000,0.000000,14,18,22,25,49,69,80,84,96,560,620,48423,38,14,20.85902156815868,3.4921999904327095,620.3886999865063,34.03700720731884
1779035510,20,,Aggregated,43.800000,0.000000,14,18,22,25,49,69,80,84,96,560,620,48465,38,14,20.861868731971832,3.4921999904327095,620.3886999865063,34.0341277210358
1779035511,20,,Aggregated,44.000000,0.000000,14,18,22,25,49,69,80,84,96,560,620,48508,38,14,20.861523631053213,3.4921999904327095,620.3886999865063,34.03185041642616
1779035512,20,,Aggregated,42.800000,0.000000,14,18,22,25,49,69,80,84,96,560,620,48555,38,14,20.862251887444742,3.4921999904327095,620.3886999865063,34.03299351251159
1779035513,20,,Aggregated,43.100000,0.000000,14,18,22,25,49,69,80,84,96,560,620,48598,38,14,20.866424013219962,3.4921999904327095,620.3886999865063,34.03030988929586
1779035514,20,,Aggregated,43.900000,0.000000,14,18,22,25,49,69,80,84,96,560,620,48640,38,14,20.86527208664273,3.4921999904327095,620.3886999865063,34.029934210526314
1779035515,20,,Aggregated,43.400000,0.000000,14,18,22,25,49,69,80,84,96,560,620,48681,38,14,20.86346749849506,3.4921999904327095,620.3886999865063,34.031162055011194
1779035516,20,,Aggregated,43.400000,0.000000,14,18,22,25,49,69,80,84,96,560,620,48721,38,14,20.862104334764435,3.4921999904327095,620.3886999865063,34.03236797274276
1779035517,20,,Aggregated,43.400000,0.000000,14,18,22,25,49,69,80,84,96,560,620,48770,38,14,20.85780913254504,3.4921999904327095,620.3886999865063,34.031515275784294
1779035518,20,,Aggregated,42.500000,0.000000,14,18,22,25,49,69,80,84,96,560,620,48823,38,14,20.856399399751844,3.4921999904327095,620.3886999865063,34.03025213526412
1779035519,20,,Aggregated,42.300000,0.000000,14,18,22,25,49,69,80,84,96,560,620,48861,38,14,20.853739569268722,3.4921999904327095,620.3886999865063,34.027547532797115
1779035520,20,,Aggregated,42.600000,0.000000,14,18,22,25,49,69,80,84,96,560,620,48912,38,14,20.852685490143564,3.4921999904327095,620.3886999865063,34.02663967942427
1779035521,20,,Aggregated,43.600000,0.000000,14,18,22,25,49,69,80,84,96,560,620,48960,38,14,20.852284411640998,3.4921999904327095,620.3886999865063,34.02536764705882
1779035522,20,,Aggregated,44.000000,0.000000,14,18,22,25,49,69,80,84,96,560,620,49002,38,14,20.84987071535827,3.4921999904327095,620.3886999865063,34.02769274723481
1779035523,20,,Aggregated,44.700000,0.000000,14,18,22,25,49,69,80,84,96,560,620,49050,38,14,20.847798880611172,3.4921999904327095,620.3886999865063,34.029765545361876
1779035524,20,,Aggregated,44.600000,0.000000,14,18,22,25,49,69,80,84,96,560,620,49091,38,14,20.84620670171494,3.4921999904327095,620.3886999865063,34.02833513271272
1779035525,20,,Aggregated,43.900000,0.000000,14,18,22,25,49,69,80,84,96,560,620,49132,38,14,20.844651479564053,3.4921999904327095,620.3886999865063,34.030224700805995
1779035526,20,,Aggregated,44.800000,0.000000,14,18,22,25,49,69,80,84,96,560,620,49175,38,14,20.844386924124723,3.4921999904327095,620.3886999865063,34.03107269954245
1779035527,20,,Aggregated,44.300000,0.000000,14,18,22,25,49,69,80,84,96,560,620,49220,38,14,20.841362535430243,3.4921999904327095,620.3886999865063,34.031572531491264
1779035528,20,,Aggregated,44.800000,0.000000,14,18,22,25,49,69,80,84,96,560,620,49260,38,14,20.84350659345561,3.4921999904327095,620.3886999865063,34.02919204222493
1779035529,20,,Aggregated,45.000000,0.000000,14,18,22,25,49,69,80,84,96,560,620,49305,38,14,20.83934429354995,3.4921999904327095,620.3886999865063,34.02861778724267
1779035530,20,,Aggregated,44.700000,0.000000,14,18,22,25,49,69,80,84,96,560,620,49349,38,14,20.83870117719498,3.4921999904327095,620.3886999865063,34.028389633021945
1779035531,20,,Aggregated,43.300000,0.000000,14,18,22,25,49,69,80,84,96,560,620,49395,38,14,20.837183809969616,3.4921999904327095,620.3886999865063,34.02915274825387
1779035532,20,,Aggregated,44.200000,0.000000,14,18,22,25,49,69,80,84,96,560,620,49438,38,14,20.835895432526733,3.4921999904327095,620.3886999865063,34.02910716452931
1779035533,20,,Aggregated,43.000000,0.000000,14,18,22,25,49,69,80,84,96,560,620,49474,38,14,20.835601273266025,3.4921999904327095,620.3886999865063,34.02845939281239
1779035534,20,,Aggregated,43.100000,0.000000,14,18,22,25,49,69,80,84,96,560,620,49517,38,14,20.836507290293078,3.4921999904327095,620.3886999865063,34.02952521356302
1779035535,20,,Aggregated,43.200000,0.000000,14,18,22,25,49,69,80,84,96,560,620,49565,38,14,20.835595837664876,3.4921999904327095,620.3886999865063,34.030243115101385
1779035536,20,,Aggregated,42.000000,0.000000,14,18,22,25,49,69,80,84,96,560,620,49606,38,14,20.832087332056357,3.4921999904327095,620.3886999865063,34.029492400112886
1779035537,20,,Aggregated,42.400000,0.000000,14,18,22,25,49,69,80,84,96,560,620,49651,38,14,20.832584276127577,3.4921999904327095,620.3886999865063,34.029606654448045
1779035538,20,,Aggregated,43.100000,0.000000,14,18,22,25,49,69,80,84,96,560,620,49700,38,14,20.833772464671267,3.4921999904327095,620.3886999865063,34.02983903420523
1779035539,20,,Aggregated,42.600000,0.000000,14,18,22,25,49,69,80,84,96,560,620,49745,38,14,20.83164343339359,3.4921999904327095,620.3886999865063,34.031842396220725
1779035540,20,,Aggregated,43.100000,0.000000,14,18,22,25,49,69,80,84,96,560,620,49788,38,14,20.832989670078547,3.4921999904327095,620.3886999865063,34.03169438418896
1779035541,20,,Aggregated,43.900000,0.000000,14,18,22,25,49,69,80,84,96,560,620,49837,38,14,20.83733785528567,3.4921999904327095,620.3886999865063,34.026406083833294
1779035543,20,,Aggregated,43.500000,0.000000,14,18,22,25,49,69,80,84,96,560,620,49878,38,14,20.83729464681359,3.4921999904327095,620.3886999865063,34.02885039496371
1779035544,20,,Aggregated,43.800000,0.000000,14,18,22,25,49,69,80,84,96,560,620,49918,38,14,20.838365028514833,3.4921999904327095,620.3886999865063,34.0265234985376
1779035545,20,,Aggregated,44.000000,0.000000,14,18,22,25,49,69,80,84,96,560,620,49967,38,14,20.83454172340274,3.4921999904327095,620.3886999865063,34.02573698641103
1779035546,20,,Aggregated,44.000000,0.000000,14,18,22,25,49,69,80,84,95,550,620,50012,38,14,20.831385641307723,3.4921999904327095,620.3886999865063,34.02893305606654
1779035547,20,,Aggregated,44.800000,0.000000,14,18,22,25,49,69,80,84,95,550,620,50061,38,14,20.834896204494196,3.4921999904327095,620.3886999865063,34.02632787998642
1779035548,20,,Aggregated,44.600000,0.000000,14,18,22,25,49,69,80,84,95,550,620,50106,38,14,20.834986466549747,3.4921999904327095,620.3886999865063,34.0249271544326
1779035549,20,,Aggregated,45.300000,0.000000,14,18,22,25,49,69,80,84,95,550,620,50149,38,14,20.832769395062705,3.4921999904327095,620.3886999865063,34.02801651079782
1779035550,20,,Aggregated,45.100000,0.000000,14,18,22,25,49,69,80,84,95,550,620,50193,38,14,20.828994756102556,3.4921999904327095,620.3886999865063,34.030581953658874
1779035551,20,,Aggregated,44.700000,0.000000,14,18,22,25,49,69,80,84,95,550,620,50250,38,14,20.829012967026397,3.4921999904327095,620.3886999865063,34.028716417910445
1779035552,20,,Aggregated,44.600000,0.000000,14,18,22,25,49,69,80,84,95,550,620,50298,38,14,20.82688684824653,3.4921999904327095,620.3886999865063,34.0290667620979
1779035553,20,,Aggregated,45.900000,0.000000,14,18,22,25,49,69,80,84,95,550,620,50343,38,14,20.83202912407255,3.4921999904327095,620.3886999865063,34.028683233021475
1779035554,20,,Aggregated,45.700000,0.000000,14,18,22,25,49,69,80,84,95,550,620,50390,38,14,20.833762168948873,3.4921999904327095,620.3886999865063,34.02367533240722
1779035555,20,,Aggregated,46.100000,0.000000,14,18,22,25,49,69,80,84,95,550,620,50440,38,14,20.832148231430242,3.4921999904327095,620.3886999865063,34.02585249801745
1779035556,20,,Aggregated,46.500000,0.000000,14,18,22,25,49,69,80,84,95,550,620,50481,38,14,20.83006014724357,3.4921999904327095,620.3886999865063,34.0229591331392
1779035557,20,,Aggregated,46.500000,0.000000,14,18,22,25,49,69,80,84,95,550,620,50526,38,14,20.82759447398972,3.4921999904327095,620.3886999865063,34.026164746863
1779035558,20,,Aggregated,46.500000,0.000000,14,18,22,25,49,69,80,84,95,550,620,50566,38,14,20.826737890928616,3.4921999904327095,620.3886999865063,34.02553098920223
1779035559,20,,Aggregated,45.700000,0.000000,14,18,22,25,49,69,80,84,95,550,620,50613,38,14,20.82483878633482,3.4921999904327095,620.3886999865063,34.02617904490941
1779035560,20,,Aggregated,45.700000,0.000000,14,18,22,25,49,69,80,84,95,550,620,50656,38,14,20.820014209428667,3.4921999904327095,620.3886999865063,34.027361023373345
1779035561,20,,Aggregated,46.400000,0.000000,14,18,22,25,49,69,80,84,95,550,620,50706,38,14,20.816078726245138,3.4921999904327095,620.3886999865063,34.025578826963276
1779035562,20,,Aggregated,46.100000,0.000000,14,18,22,25,49,69,80,84,95,550,620,50754,38,14,20.812716002540327,3.4921999904327095,620.3886999865063,34.02356464515112
1779035563,20,,Aggregated,45.100000,0.000000,14,18,22,25,49,69,80,84,95,550,620,50797,38,14,20.813600590447482,3.4921999904327095,620.3886999865063,34.02137921530799
1779035564,20,,Aggregated,45.400000,0.000000,14,18,22,25,49,69,80,84,95,550,620,50840,38,14,20.814215281134352,3.4921999904327095,620.3886999865063,34.01656176239182
1779035565,20,,Aggregated,45.000000,0.000000,14,18,22,25,49,69,80,84,95,550,620,50881,38,14,20.81128274390974,3.4921999904327095,620.3886999865063,34.018769285194864
1779035566,20,,Aggregated,44.700000,0.000000,14,18,22,25,49,69,80,84,95,550,620,50934,38,14,20.8099785878426,3.4921999904327095,620.3886999865063,34.01786625829505
1779035567,20,,Aggregated,44.500000,0.000000,14,18,22,25,49,69,80,84,95,550,620,50981,38,14,20.80692940885787,3.4921999904327095,620.3886999865063,34.019713226496144
1779035568,20,,Aggregated,44.400000,0.000000,14,18,22,25,49,69,80,84,95,550,620,51025,38,14,20.80274363925397,3.4921999904327095,620.3886999865063,34.024772170504654
1779035569,20,,Aggregated,45.700000,0.000000,14,18,22,25,49,69,80,84,95,550,620,51071,38,14,20.80249107699174,3.4921999904327095,620.3886999865063,34.02572888723542
1779035570,20,,Aggregated,45.100000,0.000000,14,18,22,25,49,69,80,84,95,550,620,51116,38,14,20.808871087192703,3.4921999904327095,620.3886999865063,34.0251193364113
1779035571,20,,Aggregated,45.000000,0.000000,14,18,22,25,49,69,80,84,95,550,620,51170,38,14,20.809107715318245,3.4921999904327095,620.3886999865063,34.0281610318546
1779035572,20,,Aggregated,45.600000,0.000000,14,18,22,25,49,69,80,84,95,550,620,51212,38,14,20.809536825210852,3.4921999904327095,620.3886999865063,34.029172850113255
1779035573,20,,Aggregated,46.000000,0.000000,14,18,22,25,49,69,80,84,95,550,620,51260,38,14,20.80670737988138,3.4921999904327095,620.3886999865063,34.03318376902068
1779035574,20,,Aggregated,45.300000,0.000000,14,18,22,25,49,69,80,84,95,550,620,51303,38,14,20.805719174175906,3.4921999904327095,620.3886999865063,34.03467633471727
1779035575,20,,Aggregated,46.100000,0.000000,14,18,22,25,49,69,80,84,95,550,620,51356,38,14,20.80230625424173,3.4921999904327095,620.3886999865063,34.036646156242696
1779035576,20,,Aggregated,46.100000,0.000000,14,18,22,25,49,69,80,84,95,550,620,51402,38,14,20.805697223703195,3.4921999904327095,620.3886999865063,34.03488191120968
1779035577,20,,Aggregated,46.400000,0.000000,14,18,22,25,49,69,80,84,95,550,620,51447,38,14,20.80226680452732,3.4921999904327095,620.3886999865063,34.03533733745408
1779035578,20,,Aggregated,46.900000,0.000000,14,18,22,25,49,69,80,84,95,550,620,51492,38,14,20.801311166636694,3.4921999904327095,620.3886999865063,34.03699603821953
1779035579,20,,Aggregated,46.000000,0.000000,14,18,22,25,49,69,80,84,95,550,620,51537,38,14,20.79957562707486,3.4921999904327095,620.3886999865063,34.03729359489299
1779035580,20,,Aggregated,46.900000,0.000000,14,18,22,25,49,69,80,84,95,550,620,51587,38,14,20.801497751226215,3.4921999904327095,620.3886999865063,34.03677283036424
1779035581,20,,Aggregated,46.700000,0.000000,14,18,22,25,49,69,80,84,95,550,620,51628,38,14,20.801653124125433,3.4921999904327095,620.3886999865063,34.037150383512824
1779035582,20,,Aggregated,46.400000,0.000000,14,18,22,25,49,69,80,84,95,550,620,51671,38,14,20.80350861590248,3.4921999904327095,620.3886999865063,34.039403146832846
1779035583,20,,Aggregated,46.000000,0.000000,14,18,22,25,49,69,80,84,95,550,620,51713,38,14,20.80227622052732,3.4921999904327095,620.3886999865063,34.04095681936844
1779035584,20,,Aggregated,46.000000,0.000000,14,18,22,25,49,69,80,84,95,550,620,51756,38,14,20.801879548109444,3.4921999904327095,620.3886999865063,34.04034314862045
1779035585,20,,Aggregated,45.300000,0.000000,14,18,22,25,49,69,80,84,95,550,620,51801,38,14,20.798440678601285,3.4921999904327095,620.3886999865063,34.04104167873207
1779035586,20,,Aggregated,45.200000,0.000000,14,18,22,25,49,69,80,84,95,550,620,51848,38,14,20.796186037884215,3.4921999904327095,620.3886999865063,34.04677133158463
1779035587,20,,Aggregated,44.900000,0.000000,14,18,22,25,49,69,80,84,95,550,620,51892,38,14,20.80024056101916,3.4921999904327095,620.3886999865063,34.046673861096124
1779035588,20,,Aggregated,44.300000,0.000000,14,18,22,25,49,69,80,84,95,550,620,51937,38,14,20.79918387262031,3.4921999904327095,620.3886999865063,34.04574773283016
1779035589,20,,Aggregated,44.900000,0.000000,14,18,22,25,49,69,80,84,95,550,620,51980,38,14,20.801342231476454,3.4921999904327095,620.3886999865063,34.04519045786841
1779035590,20,,Aggregated,43.900000,0.000000,14,18,22,25,49,69,80,84,95,550,620,52022,38,14,20.800265908502524,3.4921999904327095,620.3886999865063,34.04532697704817
1779035591,20,,Aggregated,43.700000,0.000000,14,18,22,25,49,69,80,84,95,550,620,52065,38,14,20.798353532930317,3.4921999904327095,620.3886999865063,34.044348410640545
1779035592,20,,Aggregated,43.300000,0.000000,14,18,22,25,49,69,80,84,95,550,620,52112,38,14,20.80075573748393,3.4921999904327095,620.3886999865063,34.04131486030089
1779035593,20,,Aggregated,43.100000,0.000000,14,18,22,25,49,69,80,84,95,550,620,52154,39,14,20.79912212279295,3.4921999904327095,620.3886999865063,34.04222111439199
1779035594,20,,Aggregated,43.500000,0.000000,14,18,22,25,49,69,80,84,95,550,620,52196,39,14,20.795631529086563,3.4921999904327095,620.3886999865063,34.044792704421795
1779035595,20,,Aggregated,43.600000,0.000000,14,18,22,25,49,69,80,84,95,550,620,52248,39,14,20.792687178310246,3.4921999904327095,620.3886999865063,34.04472898484153
1779035596,20,,Aggregated,43.900000,0.100000,14,18,22,25,49,69,80,84,95,550,620,52286,39,14,20.7907909955314,3.4921999904327095,620.3886999865063,34.04756531385075
1779035597,20,,Aggregated,44.400000,0.100000,14,18,22,25,49,69,80,84,95,550,620,52336,39,14,20.78837284454841,3.4921999904327095,620.3886999865063,34.04822684194436
1779035598,20,,Aggregated,44.000000,0.100000,14,18,22,25,49,69,80,84,95,550,620,52385,39,14,20.788222006154996,3.4921999904327095,620.3886999865063,34.05102605707741
1779035599,20,,Aggregated,43.400000,0.100000,14,18,22,25,49,69,80,84,95,550,620,52430,39,14,20.78610083716362,3.4921999904327095,620.3886999865063,34.05004768262445
1779035600,20,,Aggregated,44.700000,0.100000,14,18,22,25,49,69,80,84,95,550,620,52471,39,14,20.786158693228625,3.4921999904327095,620.3886999865063,34.05021821577633
1779035601,20,,Aggregated,44.600000,0.100000,14,18,22,25,49,69,80,84,95,550,620,52516,39,14,20.788839791542525,3.4921999904327095,620.3886999865063,34.04680478330413
1779035602,20,,Aggregated,45.400000,0.100000,14,18,22,25,49,69,80,84,95,550,620,52563,39,14,20.79251427796689,3.4921999904327095,620.3886999865063,34.04704830394003
1779035603,20,,Aggregated,45.200000,0.100000,14,18,22,25,49,69,80,84,95,550,620,52601,39,14,20.794695233790243,3.4921999904327095,620.3886999865063,34.04815497804224
1779035604,20,,Aggregated,45.000000,0.100000,14,18,22,25,49,69,80,84,95,550,620,52643,39,14,20.794339308030246,3.4921999904327095,620.3886999865063,34.04697680603309
1779035605,20,,Aggregated,44.400000,0.100000,14,18,22,25,49,69,80,84,95,550,620,52688,39,14,20.79255356613426,3.4921999904327095,620.3886999865063,34.04568402672335
1779035606,20,,Aggregated,44.300000,0.000000,14,18,22,25,49,69,80,84,95,550,620,52734,39,14,20.79267144143334,3.4921999904327095,620.3886999865063,34.04951264838624
1779035607,20,,Aggregated,43.600000,0.000000,14,18,22,25,49,69,80,84,95,550,620,52781,39,14,20.79272661549986,3.4921999904327095,620.3886999865063,34.04929804285633
1779035608,20,,Aggregated,44.500000,0.000000,14,18,22,25,49,69,80,84,95,550,620,52828,39,14,20.79253291611764,3.4921999904327095,620.3886999865063,34.04698266071023
1779035609,20,,Aggregated,44.600000,0.000000,14,18,22,25,49,69,80,84,95,550,620,52877,39,14,20.79525859055364,3.4921999904327095,620.3886999865063,34.04790362539478
1779035610,20,,Aggregated,43.900000,0.000000,14,18,22,25,49,69,80,84,95,550,620,52919,39,14,20.798639600003956,3.4921999904327095,620.3886999865063,34.04695855930762
1779035611,20,,Aggregated,44.300000,0.000000,14,18,22,25,49,69,80,84,95,550,620,52958,39,14,20.80289372507833,3.4921999904327095,620.3886999865063,34.044733562445714
1779035612,20,,Aggregated,44.100000,0.000000,14,18,22,25,49,69,80,84,95,550,620,53003,39,14,20.801545502949963,3.4921999904327095,620.3886999865063,34.04437484670679
1779035613,20,,Aggregated,43.900000,0.000000,14,18,22,25,49,69,80,84,95,550,620,53047,39,14,20.803474275507934,3.4921999904327095,620.3886999865063,34.04522404660018
1779035614,20,,Aggregated,43.700000,0.000000,14,18,22,25,49,69,80,84,95,550,620,53086,39,14,20.805283607597154,3.4921999904327095,620.3886999865063,34.044004068869384
1779035615,20,,Aggregated,44.500000,0.000000,14,18,22,25,49,69,80,84,95,550,620,53130,39,14,20.80647095224579,3.4921999904327095,620.3886999865063,34.04351590438547
1779035616,20,,Aggregated,44.600000,0.000000,14,18,22,25,49,69,80,84,95,550,620,53174,39,14,20.80544133209608,3.4921999904327095,620.3886999865063,34.045473351638016
1779035617,20,,Aggregated,43.700000,0.000000,14,18,22,25,49,69,80,84,95,550,620,53225,39,14,20.804126789907546,3.4921999904327095,620.3886999865063,34.0473461719117
1779035618,20,,Aggregated,43.400000,0.000000,14,18,22,25,49,69,80,84,95,550,620,53267,39,14,20.801940792469757,3.4921999904327095,620.3886999865063,34.048097321043045
1779035619,20,,Aggregated,43.200000,0.000000,14,18,22,25,49,69,80,84,95,550,620,53315,39,14,20.80285758778323,3.4921999904327095,620.3886999865063,34.04884178936509
1779035620,20,,Aggregated,43.700000,0.000000,14,18,22,25,49,69,80,84,95,550,620,53358,39,14,20.804838106611033,3.4921999904327095,620.3886999865063,34.047565500955805
1779035621,20,,Aggregated,43.500000,0.000000,14,18,22,25,49,69,80,84,95,550,620,53403,39,14,20.806547276229082,3.4921999904327095,620.3886999865063,34.04745051776118
1779035622,20,,Aggregated,42.900000,0.000000,14,18,22,25,49,69,80,84,95,550,620,53446,40,14,20.8047837853654,3.4921999904327095,620.3886999865063,34.048516259402014
1779035623,20,,Aggregated,44.000000,0.000000,14,18,22,25,49,69,80,84,95,550,620,53495,40,14,20.80284298145228,3.4921999904327095,620.3886999865063,34.05064024675203
1779035624,20,,Aggregated,44.500000,0.100000,14,18,22,25,49,69,80,84,95,550,620,53535,40,14,20.79929388610757,3.4921999904327095,620.3886999865063,34.054431680209206
1779035625,20,,Aggregated,43.900000,0.100000,14,18,22,25,49,69,80,84,95,550,620,53582,40,14,20.79627225547285,3.4921999904327095,620.3886999865063,34.05606360344892
1779035626,20,,Aggregated,44.000000,0.100000,14,18,22,25,49,69,80,84,95,550,620,53623,41,14,20.796528021423754,3.4921999904327095,620.3886999865063,34.05417451466722
1779035627,20,,Aggregated,44.900000,0.100000,14,18,22,25,49,69,80,84,95,550,620,53666,41,14,20.7951156391905,3.4921999904327095,620.3886999865063,34.052062758543585
1779035628,20,,Aggregated,44.900000,0.200000,14,18,22,25,49,69,80,84,95,550,620,53710,41,14,20.792322727474254,3.4921999904327095,620.3886999865063,34.05090299757959
1779035629,20,,Aggregated,44.500000,0.200000,14,18,22,25,49,69,80,84,95,550,620,53759,41,14,20.794806802444818,3.4921999904327095,620.3886999865063,34.04730370728622
1779035630,20,,Aggregated,43.900000,0.200000,14,18,22,25,49,69,80,84,95,550,620,53800,41,14,20.79632286788622,3.4921999904327095,620.3886999865063,34.04574349442379
1779035631,20,,Aggregated,44.300000,0.200000,14,18,22,25,49,69,80,84,95,550,620,53844,41,14,20.799003337278993,3.4921999904327095,620.3886999865063,34.04507466012926
1779035632,20,,Aggregated,44.600000,0.200000,14,18,22,25,49,69,80,84,95,550,620,53895,42,14,20.801306510670226,3.4921999904327095,620.3886999865063,34.04377029409036
1779035633,20,,Aggregated,44.000000,0.200000,14,18,22,25,49,69,80,84,95,550,620,53935,42,14,20.79986688407516,3.4921999904327095,620.3886999865063,34.0467599888755
1779035634,20,,Aggregated,43.900000,0.100000,14,18,22,25,49,69,80,84,95,550,620,53977,42,14,20.79977369420881,3.4921999904327095,620.3886999865063,34.05018804305538
1779035635,20,,Aggregated,44.400000,0.200000,14,18,22,25,49,69,80,84,95,550,620,54017,42,14,20.796049710135073,3.4921999904327095,620.3886999865063,34.05198363478164
1779035636,20,,Aggregated,43.900000,0.200000,14,18,22,25,49,69,80,84,95,550,620,54055,45,14,20.79586000170751,3.4921999904327095,620.3886999865063,34.05063361391176
1779035637,20,,Aggregated,43.500000,0.200000,14,18,22,25,49,69,80,84,95,550,620,54095,45,14,20.794690949113004,3.4921999904327095,620.3886999865063,34.050152509474074
1779035638,20,,Aggregated,42.900000,0.100000,14,18,22,25,49,69,80,84,95,550,620,54144,45,14,20.79579569466827,3.4921999904327095,620.3886999865063,34.04905437352246
1779035639,20,,Aggregated,42.800000,0.400000,14,18,22,25,49,69,80,84,95,550,620,54191,45,14,20.794179677289467,3.4921999904327095,620.3886999865063,34.04962078573933
1779035640,20,,Aggregated,42.700000,0.400000,14,18,22,25,49,69,80,84,95,550,620,54232,46,14,20.793104585705223,3.4921999904327095,620.3886999865063,34.051039976397696
1779035641,20,,Aggregated,42.900000,0.400000,14,18,22,25,49,69,80,84,95,550,620,54272,46,14,20.78962244236359,3.4921999904327095,620.3886999865063,34.053950471698116
1779035642,20,,Aggregated,42.400000,0.400000,14,18,22,25,49,69,80,84,95,550,620,54314,46,14,20.790862954155582,3.4921999904327095,620.3886999865063,34.05320911735464
1779035643,20,,Aggregated,42.200000,0.500000,14,18,22,25,49,69,80,84,95,550,620,54366,46,14,20.79541754574286,3.4921999904327095,620.3886999865063,34.05012323878895
1779035644,20,,Aggregated,41.500000,0.500000,14,18,22,25,49,69,80,84,95,550,620,54416,46,14,20.796720525062344,3.4921999904327095,620.3886999865063,34.04928697441929
1779035645,20,,Aggregated,41.600000,0.400000,14,18,22,25,49,69,80,84,95,550,620,54459,46,14,20.795288776731,3.4921999904327095,620.3886999865063,34.04878899722727
1779035646,20,,Aggregated,43.200000,0.400000,14,18,22,25,49,69,80,84,95,550,620,54505,46,14,20.796893749051552,3.4921999904327095,620.3886999865063,34.04575726997523
1779035647,20,,Aggregated,43.400000,0.400000,14,18,22,25,49,69,80,84,95,550,620,54544,46,14,20.793992655323148,3.4921999904327095,620.3886999865063,34.048676298034614
1779035648,20,,Aggregated,44.300000,0.400000,14,18,22,25,49,69,80,84,95,550,620,54591,46,14,20.796537850416026,3.4921999904327095,620.3886999865063,34.04770017035775
1779035649,20,,Aggregated,44.800000,0.100000,14,18,22,25,49,69,80,84,95,550,620,54646,46,14,20.7937165481875,3.4921999904327095,620.3886999865063,34.047633861581815
1779035650,20,,Aggregated,44.800000,0.100000,14,18,22,25,49,69,80,84,95,550,620,54688,46,14,20.791083901258656,3.4921999904327095,620.3886999865063,34.04726813926273
1779035651,20,,Aggregated,44.600000,0.100000,14,18,22,25,49,69,80,84,95,550,620,54729,46,14,20.790819154229695,3.4921999904327095,620.3886999865063,34.046849019715324
1779035652,20,,Aggregated,45.300000,0.100000,14,18,22,25,49,69,80,84,95,550,620,54774,46,14,20.790827302958544,3.4921999904327095,620.3886999865063,34.04430934384927
1779035653,20,,Aggregated,45.400000,0.000000,14,18,22,25,49,69,80,84,95,550,620,54821,46,14,20.794398978354916,3.4921999904327095,620.3886999865063,34.04210065485854
1779035654,20,,Aggregated,45.800000,0.000000,14,18,22,25,49,69,80,84,95,550,620,54866,46,14,20.793735183765598,3.4921999904327095,620.3886999865063,34.04354244887544
1779035655,20,,Aggregated,45.400000,0.000000,14,18,22,25,49,69,80,84,95,550,620,54913,46,14,20.787646036321654,3.4921999904327095,620.3886999865063,34.0477846775809
1779035656,20,,Aggregated,44.600000,0.000000,14,18,22,25,49,69,80,84,95,550,620,54956,46,14,20.788099433965154,3.4921999904327095,620.3886999865063,34.046491738845624
1779035657,20,,Aggregated,44.700000,0.000000,14,18,22,25,49,69,80,84,95,550,620,54999,46,14,20.78530364720935,3.4921999904327095,620.3886999865063,34.04689176166839
1779035658,20,,Aggregated,44.400000,0.000000,14,18,22,25,49,69,80,84,95,550,620,55048,46,14,20.78479131653749,3.4921999904327095,620.3886999865063,34.04675919197791
1779035659,20,,Aggregated,44.800000,0.000000,14,18,22,25,49,69,80,84,95,550,620,55093,46,14,20.784082039324254,3.4921999904327095,620.3886999865063,34.0471929283212
1779035660,20,,Aggregated,45.400000,0.000000,14,18,22,25,49,69,80,84,95,550,620,55144,46,14,20.78437756587521,3.4921999904327095,620.3886999865063,34.049071521833746
1779035661,20,,Aggregated,44.800000,0.000000,14,18,22,25,49,69,80,84,95,550,620,55185,46,14,20.784978829258005,3.4921999904327095,620.3886999865063,34.04907130560841
1779035662,20,,Aggregated,44.800000,0.000000,14,18,22,25,49,69,80,84,95,550,620,55224,46,14,20.784401649511825,3.4921999904327095,620.3886999865063,34.050141242937855
1779035663,20,,Aggregated,45.000000,0.000000,14,18,22,25,49,69,80,84,95,550,620,55273,46,14,20.7834601467762,3.4921999904327095,620.3886999865063,34.04807048649431
1779035664,20,,Aggregated,45.300000,0.000000,14,18,22,25,49,69,80,84,95,550,620,55311,46,14,20.781010466144732,3.4921999904327095,620.3886999865063,34.04809169966191
1779035665,20,,Aggregated,45.100000,0.000000,14,18,22,25,49,69,80,84,95,550,620,55360,46,14,20.78213443990514,3.4921999904327095,620.3886999865063,34.0483200867052
1779035666,20,,Aggregated,44.700000,0.000000,14,18,22,25,49,69,80,84,95,550,620,55404,46,14,20.779477434717236,3.4921999904327095,620.3886999865063,34.04909392823623
1779035667,20,,Aggregated,44.700000,0.000000,14,18,22,25,49,69,80,84,95,550,620,55450,46,14,20.78218172034656,3.4921999904327095,620.3886999865063,34.047790802524794
1779035668,20,,Aggregated,44.900000,0.000000,14,18,22,25,49,69,80,84,95,550,620,55494,46,14,20.785561658799956,3.4921999904327095,620.3886999865063,34.04598695354453
1779035669,20,,Aggregated,44.500000,0.000000,14,18,22,25,49,69,80,84,95,550,620,55535,46,14,20.785729084247127,3.4921999904327095,620.3886999865063,34.047051409021336
1779035670,20,,Aggregated,43.900000,0.000000,14,18,22,25,49,69,80,84,95,550,620,55581,47,14,20.785778192074957,3.4921999904327095,620.3886999865063,34.047678163401166
1779035671,20,,Aggregated,44.300000,0.000000,14,18,22,25,49,69,80,84,95,550,620,55629,47,14,20.78803302043407,3.4921999904327095,620.3886999865063,34.04637868737529
1779035672,20,,Aggregated,44.000000,0.000000,14,18,22,25,49,69,80,84,95,550,620,55671,47,14,20.788635003751537,3.4921999904327095,620.3886999865063,34.04594851897757
1779035673,20,,Aggregated,43.800000,0.100000,14,18,22,25,49,69,80,84,95,550,620,55717,47,14,20.790026720639293,3.4921999904327095,620.3886999865063,34.04302098102913
1779035674,20,,Aggregated,44.100000,0.100000,14,18,22,25,49,69,80,84,95,550,620,55758,47,14,20.79139533150575,3.4921999904327095,620.3886999865063,34.043581190143115
1779035675,20,,Aggregated,44.000000,0.100000,14,18,22,25,49,69,80,84,95,550,620,55799,47,14,20.790953603008916,3.4921999904327095,620.3886999865063,34.044248104804744
1779035676,20,,Aggregated,44.500000,0.100000,14,18,22,25,49,69,80,84,95,550,620,55841,47,14,20.78936698114925,3.4921999904327095,620.3886999865063,34.04514603964829
1779035677,20,,Aggregated,44.200000,0.100000,14,18,22,25,49,69,80,84,95,550,620,55888,47,14,20.78446878747356,3.4921999904327095,620.3886999865063,34.048346693386776
1779035678,20,,Aggregated,43.300000,0.100000,14,18,22,25,49,69,80,84,95,550,620,55934,47,14,20.786416921623417,3.4921999904327095,620.3886999865063,34.04710909285944
1779035679,20,,Aggregated,43.200000,0.100000,14,18,22,25,49,69,80,84,95,550,620,55978,48,14,20.786212272571845,3.4921999904327095,620.3886999865063,34.04739361892172
1779035681,20,,Aggregated,43.700000,0.100000,14,18,22,25,49,69,80,84,95,550,620,56023,48,14,20.78702110907583,3.4921999904327095,620.3886999865063,34.045052924691646
1779035682,20,,Aggregated,43.800000,0.200000,14,18,22,25,49,69,80,84,95,550,620,56071,48,14,20.792237211636174,3.4921999904327095,620.3886999865063,34.043284407269354
1779035683,20,,Aggregated,43.800000,0.200000,14,18,22,25,49,69,80,84,95,550,620,56115,48,14,20.788118039629133,3.4921999904327095,620.3886999865063,34.04734919362024
1779035684,20,,Aggregated,43.500000,0.100000,14,18,22,25,49,69,80,84,95,550,620,56160,48,14,20.78968245181246,3.4921999904327095,620.3886999865063,34.047970085470084
1779035685,20,,Aggregated,43.500000,0.100000,14,18,22,25,49,69,80,84,95,550,620,56209,48,14,20.786722385986366,3.4921999904327095,620.3886999865063,34.04815954740344
1779035686,20,,Aggregated,43.900000,0.100000,14,18,22,25,49,69,80,84,95,550,620,56251,48,14,20.785568857332812,3.4921999904327095,620.3886999865063,34.05068354340367
1779035687,20,,Aggregated,43.900000,0.100000,14,18,22,25,49,69,80,84,95,550,620,56296,48,14,20.78437969649129,3.4921999904327095,620.3886999865063,34.048902231064375
1779035688,20,,Aggregated,45.000000,0.100000,14,18,22,25,49,69,80,84,95,550,620,56345,48,14,20.787512453522154,3.4921999904327095,620.3886999865063,34.048007809033635
1779035689,20,,Aggregated,45.000000,0.100000,14,18,22,25,49,69,80,84,95,550,620,56386,48,14,20.787502468584478,3.4921999904327095,620.3886999865063,34.04731670982159
1779035690,20,,Aggregated,45.500000,0.100000,14,18,22,25,49,69,80,84,95,550,620,56433,48,14,20.78714661800521,3.4921999904327095,620.3886999865063,34.04692289972179
1779035691,20,,Aggregated,45.200000,0.100000,14,18,22,25,49,69,80,84,95,550,620,56478,48,14,20.78652579931539,3.4921999904327095,620.3886999865063,34.04695633698077
1779035692,20,,Aggregated,45.200000,0.100000,14,18,22,25,49,69,80,84,95,550,620,56519,48,14,20.785296505493893,3.4921999904327095,620.3886999865063,34.04801925016366
1779035693,20,,Aggregated,45.300000,0.000000,14,18,22,25,49,69,80,84,95,550,620,56567,48,14,20.789489633422892,3.4921999904327095,620.3886999865063,34.045892481482134
1779035694,20,,Aggregated,45.300000,0.000000,14,18,22,25,49,69,80,84,95,550,620,56614,48,14,20.787669009322872,3.4921999904327095,620.3886999865063,34.045412795421626
1779035695,20,,Aggregated,44.800000,0.000000,14,18,22,25,49,69,80,84,95,550,620,56665,48,14,20.786305728294213,3.4921999904327095,620.3886999865063,34.04531897997
1779035696,20,,Aggregated,45.500000,0.000000,14,18,22,25,49,69,80,84,95,550,620,56710,48,14,20.780754928471605,3.4921999904327095,620.3886999865063,34.04664080409099
1779035697,20,,Aggregated,45.200000,0.000000,14,18,22,25,49,69,80,84,95,550,620,56754,48,14,20.779796401904015,3.4921999904327095,620.3886999865063,34.04441977657962
1779035698,20,,Aggregated,46.000000,0.000000,14,18,22,25,49,69,80,84,95,550,620,56802,48,14,20.781252938167043,3.4921999904327095,620.3886999865063,34.04366043449174
1779035699,20,,Aggregated,45.600000,0.000000,14,18,22,25,49,69,80,84,95,550,620,56852,48,14,20.782559128857123,3.4921999904327095,620.3886999865063,34.04265461197495
1779035700,20,,Aggregated,45.400000,0.000000,14,18,22,25,49,69,80,84,95,550,620,56895,48,14,20.78510380338861,3.4921999904327095,620.3886999865063,34.04343088144828
1779035701,20,,Aggregated,46.300000,0.000000,14,18,22,25,49,69,80,84,95,550,620,56941,48,14,20.785092843361063,3.4921999904327095,620.3886999865063,34.04453732811155
1779035702,20,,Aggregated,45.600000,0.000000,14,18,22,25,49,69,80,84,95,550,620,56982,48,14,20.786155276999168,3.4921999904327095,620.3886999865063,34.041767575725665
1779035703,20,,Aggregated,45.800000,0.000000,14,18,22,25,49,69,80,84,95,550,620,57027,48,14,20.784399326527737,3.4921999904327095,620.3886999865063,34.04198011468252
1779035704,20,,Aggregated,46.000000,0.000000,14,18,22,25,49,69,80,84,95,550,620,57082,48,14,20.783699409510064,3.4921999904327095,620.3886999865063,34.043341158333625
1779035705,20,,Aggregated,46.000000,0.000000,14,18,22,25,49,69,80,84,95,550,620,57130,48,14,20.788606745911256,3.4921999904327095,620.3886999865063,34.040941711885175
1779035706,20,,Aggregated,46.500000,0.000000,14,18,22,25,49,69,80,84,95,550,620,57176,48,14,20.785725159047367,3.4921999904327095,620.3886999865063,34.04354974115013
1779035707,20,,Aggregated,46.600000,0.000000,14,18,22,25,49,69,80,84,95,550,620,57217,48,14,20.78806267531777,3.4921999904327095,620.3886999865063,34.0422951220791
1779035708,20,,Aggregated,46.400000,0.000000,14,18,22,25,49,69,80,84,95,550,620,57263,48,14,20.787722290023325,3.4921999904327095,620.3886999865063,34.041545151319355
1779035709,20,,Aggregated,46.100000,0.000000,14,18,22,25,49,69,80,84,95,550,620,57307,48,14,20.791228308824675,3.4921999904327095,620.3886999865063,34.0397159160312
1779035710,20,,Aggregated,45.800000,0.000000,14,18,22,25,49,69,80,84,95,550,620,57358,48,14,20.79036762428743,3.4921999904327095,620.3886999865063,34.03764078245406
1779035711,20,,Aggregated,45.100000,0.000000,14,18,22,25,49,69,80,84,95,550,620,57401,49,14,20.789430877401813,3.4921999904327095,620.3886999865063,34.03763000644588
1779035712,20,,Aggregated,45.800000,0.000000,14,18,22,25,49,69,80,84,95,550,620,57453,49,14,20.793562073235762,3.4921999904327095,620.3886999865063,34.03472403529842
1779035713,20,,Aggregated,46.000000,0.100000,14,18,22,25,49,69,80,84,95,550,620,57501,49,14,20.79221730915504,3.4921999904327095,620.3886999865063,34.03199944348794
1779035714,20,,Aggregated,46.400000,0.100000,14,18,22,25,49,69,80,84,95,550,620,57546,49,14,20.7935486340272,3.4921999904327095,620.3886999865063,34.03153998540298
1779035715,20,,Aggregated,46.500000,0.100000,14,18,22,25,49,69,80,84,95,550,620,57587,49,14,20.79289008793308,3.4921999904327095,620.3886999865063,34.03188219563443
1779035716,20,,Aggregated,45.900000,0.100000,14,18,22,25,49,69,80,84,95,550,620,57632,49,14,20.792891216575043,3.4921999904327095,620.3886999865063,34.031440866185456
1779035717,20,,Aggregated,45.200000,0.100000,14,18,22,25,49,69,80,84,95,550,620,57671,49,14,20.792585542020444,3.4921999904327095,620.3886999865063,34.03256402698063
1779035718,20,,Aggregated,45.000000,0.100000,14,18,22,25,49,69,80,84,95,550,620,57712,49,14,20.78991864419936,3.4921999904327095,620.3886999865063,34.03375381203216
1779035719,20,,Aggregated,45.000000,0.100000,14,18,22,25,49,69,80,84,95,550,620,57756,49,14,20.787286434207914,3.4921999904327095,620.3886999865063,34.033797354387424
1779035720,20,,Aggregated,45.000000,0.100000,14,18,22,25,49,69,80,84,95,550,620,57799,49,14,20.790071912905415,3.4921999904327095,620.3886999865063,34.03477568816069
1779035721,20,,Aggregated,44.600000,0.100000,14,18,22,25,49,69,80,84,95,550,620,57849,49,14,20.791067316532818,3.4921999904327095,620.3886999865063,34.03521236322149
1779035722,20,,Aggregated,44.600000,0.100000,14,18,22,25,49,69,80,84,95,550,620,57887,49,14,20.792464465148992,3.4921999904327095,620.3886999865063,34.03541382348369
1779035723,20,,Aggregated,44.400000,0.000000,14,18,22,25,49,69,80,84,95,550,620,57927,49,14,20.792549700384274,3.4921999904327095,620.3886999865063,34.03585547326808
1779035724,20,,Aggregated,43.800000,0.000000,14,18,22,25,49,69,80,84,95,550,620,57976,49,14,20.791075884743364,3.4921999904327095,620.3886999865063,34.03680833448323
1779035725,20,,Aggregated,43.000000,0.000000,14,18,22,25,49,69,80,84,95,550,620,58018,50,14,20.78779344158417,3.4921999904327095,620.3886999865063,34.036885104622705
1779035726,20,,Aggregated,42.300000,0.000000,14,18,22,25,49,69,80,84,95,550,620,58063,50,14,20.784224208083966,3.4921999904327095,620.3886999865063,34.03713208067099
1779035727,20,,Aggregated,42.800000,0.100000,14,18,22,25,49,69,80,84,95,550,620,58104,50,14,20.78250531278368,3.4921999904327095,620.3886999865063,34.04063403552251
1779035728,20,,Aggregated,42.500000,0.100000,14,18,22,25,49,69,80,84,95,550,620,58154,50,14,20.781376589649494,3.4921999904327095,620.3886999865063,34.04212951817588
1779035729,20,,Aggregated,43.100000,0.100000,14,18,22,25,49,69,80,84,95,550,620,58195,50,14,20.782474990886644,3.4921999904327095,620.3886999865063,34.041773348225796
1779035730,20,,Aggregated,43.100000,0.100000,14,18,22,25,49,69,80,84,95,550,620,58245,50,14,20.784155870797594,3.4921999904327095,620.3886999865063,34.04089621426732
1779035731,20,,Aggregated,43.400000,0.100000,14,18,22,25,49,69,80,84,95,550,620,58297,50,14,20.78514148746387,3.4921999904327095,620.3886999865063,34.0413914952742
1779035732,20,,Aggregated,44.100000,0.100000,14,18,22,25,49,69,80,84,95,550,620,58338,50,14,20.78702665663238,3.4921999904327095,620.3886999865063,34.038088381500906
1779035733,20,,Aggregated,44.200000,0.100000,14,18,22,25,49,69,80,84,95,550,620,58387,50,14,20.790545254848126,3.4921999904327095,620.3886999865063,34.03831332317125
1779035734,20,,Aggregated,44.000000,0.100000,14,18,22,25,49,69,80,84,95,550,620,58431,50,14,20.79364517969831,3.4921999904327095,620.3886999865063,34.036795536615834
1779035735,20,,Aggregated,45.000000,0.100000,14,18,22,25,49,69,80,84,95,550,620,58469,50,14,20.789040888249268,3.4921999904327095,620.3886999865063,34.03930287844841
1779035736,20,,Aggregated,45.200000,0.100000,14,18,22,25,49,69,80,84,95,550,620,58513,50,14,20.789212771432613,3.4921999904327095,620.3886999865063,34.041136157776904
1779035737,20,,Aggregated,45.100000,0.000000,14,18,22,25,49,69,80,84,95,550,620,58555,50,14,20.78992632046845,3.4921999904327095,620.3886999865063,34.040645546921695
1779035738,20,,Aggregated,44.800000,0.000000,14,18,22,25,49,69,80,84,95,550,620,58601,50,14,20.790879824493192,3.4921999904327095,620.3886999865063,34.038924250439415
1779035739,20,,Aggregated,44.600000,0.000000,14,18,22,25,49,69,80,84,95,550,620,58643,50,14,20.790361945925095,3.4921999904327095,620.3886999865063,34.037719761949425
1779035740,20,,Aggregated,44.800000,0.000000,14,18,22,25,49,69,80,84,95,550,620,58683,50,14,20.791443760457,3.4921999904327095,620.3886999865063,34.036262631426474
1779035741,20,,Aggregated,44.900000,0.000000,14,18,22,25,49,69,80,84,95,550,620,58726,51,14,20.790810392246556,3.4921999904327095,620.3886999865063,34.037955930933485
1779035742,20,,Aggregated,43.700000,0.000000,14,18,22,25,49,69,80,84,95,550,620,58772,51,14,20.790023097644287,3.4921999904327095,620.3886999865063,34.038623834479004
1779035743,20,,Aggregated,42.700000,0.000000,14,18,22,25,49,69,80,84,95,550,620,58814,51,14,20.793088837609634,3.4921999904327095,620.3886999865063,34.03643690277825
1779035744,20,,Aggregated,42.900000,0.100000,14,18,22,25,49,69,80,84,95,550,620,58862,51,14,20.791460038651078,3.4921999904327095,620.3886999865063,34.037477489721724
1779035745,20,,Aggregated,43.100000,0.100000,14,18,22,25,49,69,80,84,95,550,620,58903,51,14,20.790958630211396,3.4921999904327095,620.3886999865063,34.037451403154336
1779035746,20,,Aggregated,42.800000,0.100000,14,18,22,25,49,69,80,84,95,550,620,58943,51,14,20.786478445198902,3.4921999904327095,620.3886999865063,34.04068337207132
1779035747,20,,Aggregated,42.300000,0.100000,14,18,22,25,49,69,80,84,95,550,620,58993,51,14,20.785885165964615,3.4921999904327095,620.3886999865063,34.04129303476684
1779035748,20,,Aggregated,43.200000,0.100000,14,18,22,25,49,69,80,84,95,550,620,59043,51,14,20.78763405984885,3.4921999904327095,620.3886999865063,34.04088545636231
1779035749,20,,Aggregated,43.100000,0.100000,14,18,22,25,49,69,80,84,95,550,620,59087,51,14,20.786935664282225,3.4921999904327095,620.3886999865063,34.038231759947195
1779035750,20,,Aggregated,43.300000,0.100000,14,18,22,25,49,69,80,84,95,550,620,59131,51,14,20.78957264033385,3.4921999904327095,620.3886999865063,34.03747611236069
1779035751,20,,Aggregated,43.800000,0.100000,14,18,22,25,49,69,80,84,95,550,620,59176,51,14,20.79233366390968,3.4921999904327095,620.3886999865063,34.03587603082331
1779035752,20,,Aggregated,44.300000,0.100000,14,18,22,25,49,69,80,84,95,550,620,59224,51,14,20.793124278928726,3.4921999904327095,620.3886999865063,34.037113332432796
1779035753,20,,Aggregated,44.100000,0.100000,14,18,22,25,49,69,80,84,95,550,620,59267,51,14,20.793329864769255,3.4921999904327095,620.3886999865063,34.03926299627111
1779035754,20,,Aggregated,44.900000,0.000000,14,18,22,25,49,69,80,84,95,550,620,59309,51,14,20.797626518657395,3.4921999904327095,620.3886999865063,34.03869564484311
1779035755,20,,Aggregated,44.700000,0.000000,14,18,22,25,49,69,80,84,95,550,620,59358,51,14,20.793754595757893,3.4921999904327095,620.3886999865063,34.04088749620944
1779035756,20,,Aggregated,44.600000,0.000000,14,18,22,25,49,69,80,84,95,550,620,59401,51,14,20.795038139000035,3.4921999904327095,620.3886999865063,34.04203632935472
1779035757,20,,Aggregated,45.300000,0.000000,14,18,22,25,49,69,80,84,95,550,620,59452,51,14,20.797716246632447,3.4921999904327095,620.3886999865063,34.03835026576061
1779035758,20,,Aggregated,45.000000,0.000000,14,18,22,25,49,69,80,84,95,550,620,59490,51,14,20.794504034203346,3.4921999904327095,620.3886999865063,34.039788199697426
1779035759,20,,Aggregated,45.200000,0.000000,14,18,22,25,49,69,80,84,95,550,620,59538,52,14,20.792941171937308,3.4921999904327095,620.3886999865063,34.039907286102995
1779035760,20,,Aggregated,44.900000,0.000000,14,18,22,25,49,69,80,84,95,550,620,59580,52,14,20.79174291699793,3.4921999904327095,620.3886999865063,34.04187646861363
1779035761,20,,Aggregated,44.500000,0.000000,14,18,22,25,49,69,80,84,95,550,620,59623,52,14,20.791473124379163,3.4921999904327095,620.3886999865063,34.04120892943998
1779035762,20,,Aggregated,44.200000,0.100000,14,18,22,25,49,69,80,84,95,550,620,59669,52,14,20.79161560097734,3.4921999904327095,620.3886999865063,34.03879736546615
1779035763,20,,Aggregated,45.200000,0.100000,14,18,22,25,49,69,80,84,95,550,620,59716,52,14,20.792396044523514,3.4921999904327095,620.3886999865063,34.04050840645723
1779035764,20,,Aggregated,44.200000,0.100000,14,18,22,25,49,69,80,84,95,550,620,59762,53,14,20.790802325804716,3.4921999904327095,620.3886999865063,34.042936983367355
1779035765,20,,Aggregated,44.000000,0.100000,14,18,22,25,49,69,80,84,95,550,620,59807,53,14,20.788676840419047,3.4921999904327095,620.3886999865063,34.044560001337636
1779035766,20,,Aggregated,45.200000,0.100000,14,18,22,25,49,69,80,84,95,550,620,59842,53,14,20.788247152416563,3.4921999904327095,620.3886999865063,34.042311420072856
1779035767,20,,Aggregated,44.900000,0.200000,14,18,22,25,49,69,80,84,95,550,620,59891,53,14,20.789207014326074,3.4921999904327095,620.3886999865063,34.04085755789684
1779035768,20,,Aggregated,44.200000,0.200000,14,18,22,25,49,69,80,84,95,550,620,59941,53,14,20.78640961770453,3.4921999904327095,620.3886999865063,34.04345940174505
1779035769,20,,Aggregated,43.900000,0.200000,14,18,22,25,49,69,80,84,95,550,620,59990,53,14,20.78544845298702,3.4921999904327095,620.3886999865063,34.043723953992334
1779035770,20,,Aggregated,44.700000,0.200000,14,18,22,25,49,69,80,84,95,550,620,60034,53,14,20.788295102688554,3.4921999904327095,620.3886999865063,34.042609188126725
1779035771,20,,Aggregated,44.900000,0.200000,14,18,22,25,49,69,80,84,95,550,620,60078,53,14,20.78814153258626,3.4921999904327095,620.3886999865063,34.043526748560204
1779035772,20,,Aggregated,45.000000,0.100000,14,18,22,25,49,69,80,84,95,550,620,60120,53,14,20.791529700516243,3.4921999904327095,620.3886999865063,34.039654025282765
1779035773,20,,Aggregated,44.900000,0.100000,14,18,22,25,49,69,80,84,95,550,620,60169,53,14,20.790261169287227,3.4921999904327095,620.3886999865063,34.040519204241384
1779035774,20,,Aggregated,45.200000,0.100000,14,18,22,25,49,69,80,84,95,550,620,60210,53,14,20.79468428657966,3.4921999904327095,620.3886999865063,34.04042517854177
1779035775,20,,Aggregated,45.400000,0.100000,14,18,22,25,49,69,80,84,95,550,620,60258,53,14,20.792939780525344,3.4921999904327095,620.3886999865063,34.039231305386835
1779035776,20,,Aggregated,44.400000,0.100000,14,18,22,25,49,69,80,84,95,550,620,60306,53,14,20.794604889977403,3.4921999904327095,620.3886999865063,34.03780718336484
1779035777,20,,Aggregated,44.500000,0.000000,14,18,22,25,49,69,80,84,95,550,620,60355,54,14,20.790757469888216,3.4921999904327095,620.3886999865063,34.038952862231795
1779035778,20,,Aggregated,45.400000,0.000000,14,18,22,25,49,69,80,84,95,550,620,60400,54,14,20.792653006538117,3.4921999904327095,620.3886999865063,34.038576158940394
1779035779,20,,Aggregated,46.700000,0.000000,14,18,22,25,49,69,80,84,95,550,620,60452,54,14,20.79584279750788,3.4921999904327095,620.3886999865063,34.03801363064911
1779035780,20,,Aggregated,45.600000,0.100000,14,18,22,25,49,69,80,84,95,550,620,60493,54,14,20.79633290620414,3.4921999904327095,620.3886999865063,34.040070751987834
1779035781,20,,Aggregated,45.500000,0.100000,14,18,22,25,49,69,80,84,95,550,620,60533,54,14,20.79489729560706,3.4921999904327095,620.3886999865063,34.03916871788942
1779035782,20,,Aggregated,45.700000,0.100000,14,18,22,25,49,69,80,84,95,550,620,60580,54,14,20.795974600445216,3.4921999904327095,620.3886999865063,34.038279960382965
1779035783,20,,Aggregated,45.600000,0.100000,14,18,22,25,49,69,80,84,95,550,620,60626,54,14,20.799362535789612,3.4921999904327095,620.3886999865063,34.03712928446541
1779035784,20,,Aggregated,45.600000,0.100000,14,18,22,25,49,69,80,84,95,550,620,60669,54,14,20.79984904638059,3.4921999904327095,620.3886999865063,34.03837215052168
1779035785,20,,Aggregated,45.200000,0.100000,14,18,22,25,49,69,80,84,95,550,620,60715,54,14,20.79727054755423,3.4921999904327095,620.3886999865063,34.03699250597052
1779035786,20,,Aggregated,45.900000,0.100000,14,18,22,25,49,69,80,84,95,550,620,60762,54,14,20.796783086386306,3.4921999904327095,620.3886999865063,34.03903755636747
1779035787,20,,Aggregated,45.200000,0.100000,14,18,22,25,49,69,80,84,95,550,620,60802,54,14,20.79820021537295,3.4921999904327095,620.3886999865063,34.03615012664057
1779035788,20,,Aggregated,45.300000,0.100000,14,18,22,25,49,69,80,84,95,550,620,60850,54,14,20.797137097701786,3.4921999904327095,620.3886999865063,34.036614626129825
1779035789,20,,Aggregated,44.700000,0.100000,14,18,22,25,49,69,80,84,95,550,620,60899,54,14,20.799679211402896,3.4921999904327095,620.3886999865063,34.03551782459482
1779035790,20,,Aggregated,44.500000,0.000000,14,18,22,25,49,69,80,84,95,550,620,60946,55,14,20.798227921357466,3.4921999904327095,620.3886999865063,34.037984445246614
1779035791,20,,Aggregated,44.800000,0.000000,14,18,22,25,49,69,80,84,95,550,620,60994,55,14,20.795900657360928,3.4921999904327095,620.3886999865063,34.04002032986851
1779035792,20,,Aggregated,44.900000,0.000000,14,18,22,25,49,69,80,84,95,550,620,61039,55,14,20.7979260144316,3.4921999904327095,620.3886999865063,34.04062976130015
1779035793,20,,Aggregated,45.100000,0.100000,14,18,22,25,49,69,80,84,95,550,620,61087,55,14,20.79872805662324,3.4921999904327095,620.3886999865063,34.040368654541886
1779035794,20,,Aggregated,45.200000,0.100000,14,18,22,25,49,69,80,84,95,550,620,61128,55,14,20.79541562287346,3.4921999904327095,620.3886999865063,34.041666666666664
1779035795,20,,Aggregated,45.600000,0.100000,14,18,22,25,49,69,80,84,95,550,620,61167,55,14,20.794616176943567,3.4921999904327095,620.3886999865063,34.04056108686056
1779035796,20,,Aggregated,45.300000,0.100000,14,18,22,25,49,69,80,84,95,550,620,61218,55,14,20.79506956769291,3.4921999904327095,620.3886999865063,34.042814204972395
1779035797,20,,Aggregated,45.300000,0.100000,14,18,22,25,49,69,80,84,95,550,620,61266,55,14,20.79356438473857,3.4921999904327095,620.3886999865063,34.043482518852215
1779035798,20,,Aggregated,45.400000,0.100000,14,18,22,25,49,69,80,84,95,550,620,61303,55,14,20.792856258180244,3.4921999904327095,620.3886999865063,34.04419033326265
1779035799,20,,Aggregated,45.400000,0.100000,14,18,22,25,49,69,80,84,95,550,620,61362,55,14,20.790437210244203,3.4921999904327095,620.3886999865063,34.04486490010104
1779035800,20,,Aggregated,46.100000,0.100000,14,18,22,25,49,69,80,84,95,550,620,61414,55,14,20.787723238918282,3.4921999904327095,620.3886999865063,34.04595043475429
1779035801,20,,Aggregated,44.800000,0.100000,14,18,22,25,49,69,80,84,95,550,620,61455,55,14,20.78613694401849,3.4921999904327095,620.3886999865063,34.047693434220164
1779035802,20,,Aggregated,46.000000,0.100000,14,18,22,25,49,69,80,84,95,550,620,61496,55,14,20.789125146267498,3.4921999904327095,620.3886999865063,34.046572134772994
1779035803,20,,Aggregated,46.400000,0.000000,14,18,22,25,49,69,80,84,95,550,620,61535,55,14,20.79115172170367,3.4921999904327095,620.3886999865063,34.04278865686195
1779035804,20,,Aggregated,45.600000,0.000000,14,18,22,25,49,69,80,84,95,550,620,61578,55,14,20.789394884459895,3.4921999904327095,620.3886999865063,34.04483744194355
1779035805,20,,Aggregated,45.100000,0.000000,14,18,22,25,49,69,80,84,95,550,620,61631,55,14,20.7879180736176,3.4921999904327095,620.3886999865063,34.04570751732083
1779035806,20,,Aggregated,44.800000,0.000000,14,18,22,25,49,69,80,84,95,550,620,61677,55,14,20.783912495668417,3.4921999904327095,620.3886999865063,34.04658138366003
1779035807,20,,Aggregated,45.300000,0.000000,14,18,22,25,49,69,80,84,95,550,620,61723,55,14,20.781189822190367,3.4921999904327095,620.3886999865063,34.046190237026714
1779035808,20,,Aggregated,45.400000,0.000000,14,18,22,25,49,69,80,84,95,550,620,61770,55,14,20.78028500073192,3.4921999904327095,620.3886999865063,34.04851869839728
1779035809,20,,Aggregated,45.000000,0.000000,14,18,22,25,49,69,80,84,95,550,620,61817,55,14,20.77959423937457,3.4921999904327095,620.3886999865063,34.05045537635279
1779035810,20,,Aggregated,45.300000,0.000000,14,18,22,25,49,69,80,84,95,550,620,61868,55,14,20.783084722238975,3.4921999904327095,620.3886999865063,34.04925001616345
1779035811,20,,Aggregated,46.000000,0.000000,14,18,22,25,49,69,80,84,95,550,620,61912,55,14,20.779896228450145,3.4921999904327095,620.3886999865063,34.05007106861352
1779035812,20,,Aggregated,45.200000,0.000000,14,18,22,25,49,69,80,84,95,550,620,61950,55,14,20.781581688389863,3.4921999904327095,620.3886999865063,34.05062146892655
1779035813,20,,Aggregated,45.100000,0.000000,14,18,22,25,49,69,80,84,95,550,620,61998,55,14,20.780644654598127,3.4921999904327095,620.3886999865063,34.05224362076196
1779035814,20,,Aggregated,45.700000,0.000000,14,18,22,25,49,69,80,84,95,550,620,62040,55,14,20.780865504446886,3.4921999904327095,620.3886999865063,34.05377176015474
1779035816,20,,Aggregated,45.500000,0.000000,14,18,22,25,49,69,80,84,95,550,620,62087,56,14,20.77723862637601,3.4921999904327095,620.3886999865063,34.054455844218595
1779035817,20,,Aggregated,45.700000,0.000000,14,18,22,25,49,69,80,84,95,550,620,62133,56,14,20.776049224987013,3.4921999904327095,620.3886999865063,34.05575137205672
1779035818,20,,Aggregated,45.200000,0.100000,14,18,22,25,49,69,80,84,95,550,620,62183,56,14,20.772180785682913,3.4921999904327095,620.3886999865063,34.057395107987716
1779035819,20,,Aggregated,45.200000,0.100000,14,18,22,25,49,69,80,84,95,550,620,62232,56,14,20.77097453394257,3.4921999904327095,620.3886999865063,34.05887646227021
1779035820,20,,Aggregated,45.400000,0.100000,14,18,22,25,49,69,80,84,95,550,620,62275,56,14,20.77088572454853,3.4921999904327095,620.3886999865063,34.05845042151746
1779035821,20,,Aggregated,46.000000,0.100000,14,18,22,25,49,69,80,84,95,550,620,62322,56,14,20.76980967229147,3.4921999904327095,620.3886999865063,34.058229838580274
1779035822,20,,Aggregated,46.000000,0.100000,14,18,22,25,49,69,80,84,95,550,620,62360,56,14,20.771912373260946,3.4921999904327095,620.3886999865063,34.060102629890956
1779035823,20,,Aggregated,45.100000,0.100000,14,18,22,25,49,69,80,84,95,550,620,62407,56,14,20.77209801619442,3.4921999904327095,620.3886999865063,34.06141939205538
1779035824,20,,Aggregated,44.600000,0.100000,14,18,22,25,49,69,80,84,95,550,620,62448,56,14,20.77455742532478,3.4921999904327095,620.3886999865063,34.06209966692288
1779035825,20,,Aggregated,45.300000,0.100000,14,18,22,25,49,69,80,84,95,550,620,62492,56,14,20.77049338470203,3.4921999904327095,620.3886999865063,34.064248223772644
1779035826,20,,Aggregated,44.700000,0.100000,14,18,22,25,49,69,80,84,95,550,620,62538,56,14,20.76957937888711,3.4921999904327095,620.3886999865063,34.06351338386261
1779035827,20,,Aggregated,45.000000,0.100000,14,18,22,25,49,69,80,84,95,550,620,62581,56,14,20.769415712385143,3.4921999904327095,620.3886999865063,34.06386922548377
1779035828,20,,Aggregated,44.600000,0.000000,14,18,22,25,49,69,80,84,95,550,620,62629,56,14,20.771343837463714,3.4921999904327095,620.3886999865063,34.06108991042488
1779035829,20,,Aggregated,44.600000,0.000000,14,18,22,25,49,69,80,84,95,550,620,62680,56,14,20.771148934215848,3.4921999904327095,620.3886999865063,34.06000319081046
1779035830,20,,Aggregated,44.300000,0.000000,14,18,22,25,49,69,80,84,95,550,620,62722,56,14,20.776348970003866,3.4921999904327095,620.3886999865063,34.05744395905743
1779035831,20,,Aggregated,44.400000,0.000000,14,18,22,25,49,69,80,84,95,550,620,62768,56,14,20.77855114224513,3.4921999904327095,620.3886999865063,34.05904282436911
1779035832,20,,Aggregated,44.600000,0.000000,14,18,22,25,49,69,80,84,95,550,620,62813,56,14,20.777614347291767,3.4921999904327095,620.3886999865063,34.057774664480284
1779035833,20,,Aggregated,44.200000,0.000000,14,18,22,25,49,69,80,84,95,550,620,62857,56,14,20.774185408093658,3.4921999904327095,620.3886999865063,34.06137741222139
1779035834,20,,Aggregated,45.100000,0.000000,14,18,22,25,49,69,80,84,95,550,620,62899,56,14,20.773405276659382,3.4921999904327095,620.3886999865063,34.06105025517099
1779035835,20,,Aggregated,44.700000,0.000000,14,18,22,25,49,69,80,84,95,550,620,62946,56,14,20.77332535342548,3.4921999904327095,620.3886999865063,34.060686938010356
1779035836,20,,Aggregated,44.600000,0.000000,14,18,22,25,49,69,80,84,95,550,620,62992,56,14,20.77247062637204,3.4921999904327095,620.3886999865063,34.06162687325374
1779035837,20,,Aggregated,45.200000,0.000000,14,18,22,25,49,69,80,84,95,550,620,63035,56,14,20.772203705822818,3.4921999904327095,620.3886999865063,34.061156500356944
1779035838,20,,Aggregated,45.500000,0.000000,14,18,22,25,49,69,80,84,95,550,620,63078,56,14,20.77157417002012,3.4921999904327095,620.3886999865063,34.06146358476806
1779035839,20,,Aggregated,45.400000,0.000000,14,18,22,25,49,69,80,84,95,550,620,63120,56,14,20.771072927704306,3.4921999904327095,620.3886999865063,34.061897972116604
1779035840,20,,Aggregated,44.800000,0.000000,14,18,22,25,49,69,80,84,95,550,620,63165,56,14,20.773063101345357,3.4921999904327095,620.3886999865063,34.05826011240402
1779035841,20,,Aggregated,43.900000,0.000000,14,18,22,25,49,69,80,84,95,550,620,63211,56,14,20.773929379318872,3.4921999904327095,620.3886999865063,34.056904652671214
1779035842,20,,Aggregated,43.600000,0.000000,14,18,22,25,49,69,80,84,95,550,620,63257,56,14,20.770898494965323,3.4921999904327095,620.3886999865063,34.06282308677301
1779035843,20,,Aggregated,44.000000,0.000000,14,18,22,25,49,69,80,84,95,550,620,63300,56,14,20.76775804101335,3.4921999904327095,620.3886999865063,34.065450236966825
1779035844,20,,Aggregated,43.700000,0.000000,14,18,22,25,49,69,80,84,95,550,620,63339,56,14,20.768280269601522,3.4921999904327095,620.3886999865063,34.066672981891095
1779035845,20,,Aggregated,43.800000,0.000000,14,18,22,25,49,69,80,84,95,550,620,63383,56,14,20.767915846463318,3.4921999904327095,620.3886999865063,34.065916728460316
1779035846,20,,Aggregated,43.900000,0.000000,14,18,22,25,49,69,80,84,95,550,620,63427,56,14,20.766210329927738,3.4921999904327095,620.3886999865063,34.06459394264272
1779035847,20,,Aggregated,43.000000,0.000000,14,18,22,25,49,69,80,84,95,550,620,63463,56,14,20.765828709585506,3.4921999904327095,620.3886999865063,34.063927012590014
1779035848,20,,Aggregated,42.900000,0.000000,14,18,22,25,49,69,80,84,95,550,620,63513,56,14,20.76469640697884,3.4921999904327095,620.3886999865063,34.06523074016343
1779035849,20,,Aggregated,42.400000,0.000000,14,18,22,25,49,69,80,84,95,550,620,63558,56,14,20.76557458693779,3.4921999904327095,620.3886999865063,34.066569117970985
1779035850,20,,Aggregated,42.800000,0.000000,14,18,22,25,49,69,80,84,95,550,620,63600,56,14,20.76664477982302,3.4921999904327095,620.3886999865063,34.0650786163522
1779035851,20,,Aggregated,43.300000,0.000000,14,18,22,25,49,69,80,84,95,550,620,63641,56,14,20.77052673428427,3.4921999904327095,620.3886999865063,34.064141041152716
1779035852,20,,Aggregated,43.600000,0.000000,14,18,22,25,49,69,80,84,95,550,620,63682,56,14,20.769758898849627,3.4921999904327095,620.3886999865063,34.06268647341478
1779035853,20,,Aggregated,42.700000,0.000000,14,18,22,25,49,69,80,84,95,550,620,63731,56,14,20.768430128138814,3.4921999904327095,620.3886999865063,34.06412891685365
1779035854,20,,Aggregated,42.500000,0.000000,14,18,22,25,49,69,80,84,95,550,620,63776,56,14,20.76965525584314,3.4921999904327095,620.3886999865063,34.06391118916207
1779035855,20,,Aggregated,42.400000,0.000000,14,18,22,25,49,69,80,84,95,550,620,63814,56,14,20.770325989538954,3.4921999904327095,620.3886999865063,34.0623217475789
1779035856,20,,Aggregated,43.200000,0.000000,14,18,22,25,49,69,80,84,95,550,620,63861,57,14,20.770930954672377,3.4921999904327095,620.3886999865063,34.06080393354316
1779035857,20,,Aggregated,43.200000,0.000000,14,18,22,25,49,69,80,84,95,550,620,63905,57,14,20.770470312124402,3.4921999904327095,620.3886999865063,34.0597292856584
1779035858,20,,Aggregated,43.100000,0.100000,14,18,22,25,49,69,80,84,95,550,620,63953,57,14,20.768654231961722,3.4921999904327095,620.3886999865063,34.06038809750911
1779035859,20,,Aggregated,44.100000,0.100000,14,18,22,25,49,69,80,84,95,550,620,63995,57,14,20.76275679657676,3.4921999904327095,620.3886999865063,34.06434877724822
1779035860,20,,Aggregated,43.900000,0.100000,14,18,22,25,49,69,80,84,95,550,620,64041,57,14,20.761681708546803,3.4921999904327095,620.3886999865063,34.06656673068815
1779035861,20,,Aggregated,43.500000,0.100000,14,18,22,25,49,69,80,84,95,550,620,64082,57,14,20.763612458995077,3.4921999904327095,620.3886999865063,34.06605599076184
1779035862,20,,Aggregated,43.500000,0.100000,14,18,22,25,49,69,80,84,95,550,620,64128,57,14,20.76185068140811,3.4921999904327095,620.3886999865063,34.065665543912175
1779035863,20,,Aggregated,44.300000,0.100000,14,18,22,25,49,69,80,84,95,550,620,64170,57,14,20.75975095055591,3.4921999904327095,620.3886999865063,34.06541997818295
1779035864,20,,Aggregated,44.400000,0.100000,14,18,22,25,49,69,80,84,95,550,620,64216,57,14,20.759330629396523,3.4921999904327095,620.3886999865063,34.06630746231469
1779035865,20,,Aggregated,44.200000,0.100000,14,18,22,25,49,69,80,84,95,550,620,64259,57,14,20.75587293137955,3.4921999904327095,620.3886999865063,34.06708787874072
1779035866,20,,Aggregated,43.300000,0.100000,14,18,22,25,49,69,80,84,95,550,620,64304,58,14,20.75367392537636,3.4921999904327095,620.3886999865063,34.069342498133864
1779035867,20,,Aggregated,44.000000,0.100000,14,18,22,25,49,69,80,84,95,550,620,64353,58,14,20.75072890925894,3.4921999904327095,620.3886999865063,34.07269280375429
1779035868,20,,Aggregated,44.300000,0.100000,14,18,22,25,49,69,80,84,95,550,620,64409,58,14,20.748249407652317,3.4921999904327095,620.3886999865063,34.073607725628406
1779035869,20,,Aggregated,43.600000,0.100000,14,18,22,25,49,69,80,84,95,550,620,64454,58,14,20.746152294613484,3.4921999904327095,620.3886999865063,34.075712911533806
1779035870,20,,Aggregated,44.700000,0.100000,14,18,22,25,49,69,80,84,95,550,620,64494,58,14,20.746166385976895,3.4921999904327095,620.3886999865063,34.07574348001364
1779035871,20,,Aggregated,45.100000,0.100000,14,18,22,25,49,69,80,84,95,550,620,64541,58,14,20.747924110213095,3.4921999904327095,620.3886999865063,34.07537844161076
1779035872,20,,Aggregated,45.200000,0.100000,14,18,22,25,49,69,80,84,95,550,620,64589,58,14,20.74679270459877,3.4921999904327095,620.3886999865063,34.07340259177259
1779035873,20,,Aggregated,45.000000,0.100000,14,18,22,25,49,69,80,84,95,550,620,64633,58,14,20.747425516338463,3.4921999904327095,620.3886999865063,34.07324431791809
1779035874,20,,Aggregated,45.300000,0.100000,14,18,22,25,49,69,80,84,95,550,620,64678,58,14,20.745941791603123,3.4921999904327095,620.3886999865063,34.07453848294629
1779035875,20,,Aggregated,45.600000,0.100000,14,18,21,25,49,69,80,84,95,550,620,64715,58,14,20.743599783626554,3.4921999904327095,620.3886999865063,34.0759638414587
1779035876,20,,Aggregated,46.100000,0.100000,14,18,21,25,49,69,80,84,95,550,620,64767,58,14,20.740765726333823,3.4921999904327095,620.3886999865063,34.0763814905739
1779035877,20,,Aggregated,45.700000,0.100000,14,18,21,25,49,69,80,84,95,550,620,64809,58,14,20.739477805510163,3.4921999904327095,620.3886999865063,34.079217392646086
1779035878,20,,Aggregated,45.400000,0.000000,14,18,21,25,49,69,80,84,95,550,620,64859,58,14,20.737974601789503,3.4921999904327095,620.3886999865063,34.08211659137514
1779035879,20,,Aggregated,45.700000,0.000000,14,18,21,25,49,69,80,84,95,550,620,64907,58,14,20.737800090860663,3.4921999904327095,620.3886999865063,34.07959079914339
1779035880,20,,Aggregated,45.300000,0.000000,14,18,21,25,49,69,80,84,95,550,620,64947,58,14,20.735363567177277,3.4921999904327095,620.3886999865063,34.0797881349408
1779035881,20,,Aggregated,45.000000,0.000000,14,18,21,25,49,69,80,84,95,550,620,64991,58,14,20.73497133907401,3.4921999904327095,620.3886999865063,34.08110353741287
1779035882,20,,Aggregated,45.000000,0.000000,14,18,21,25,49,69,80,84,95,550,620,65041,59,14,20.73518806441477,3.4921999904327095,620.3886999865063,34.0815024369244
1779035883,20,,Aggregated,44.900000,0.000000,14,18,21,25,49,69,80,84,95,550,620,65084,59,14,20.731227701084812,3.4921999904327095,620.3886999865063,34.08223219224387
1779035884,20,,Aggregated,44.800000,0.000000,14,18,21,25,49,69,80,84,95,550,620,65121,59,14,20.72790009977676,3.4921999904327095,620.3886999865063,34.08131017644078
1779035885,20,,Aggregated,45.000000,0.100000,14,18,21,25,49,69,80,84,95,550,620,65170,59,14,20.726308476254008,3.4921999904327095,620.3886999865063,34.08385760319165
1779035886,20,,Aggregated,44.300000,0.100000,14,18,21,25,49,69,80,84,95,550,620,65204,59,14,20.724563885608365,3.4921999904327095,620.3886999865063,34.08298570639838
1779035887,20,,Aggregated,44.500000,0.100000,14,18,21,25,49,69,80,84,95,550,620,65251,59,14,20.723428906794666,3.4921999904327095,620.3886999865063,34.08577646319597
1779035888,20,,Aggregated,43.800000,0.100000,14,18,21,25,49,69,80,84,95,550,620,65295,59,14,20.72290207515437,3.4921999904327095,620.3886999865063,34.087372693161804
1779035889,20,,Aggregated,43.500000,0.100000,14,18,21,25,49,69,80,84,95,550,620,65335,59,14,20.725296482701033,3.4921999904327095,620.3886999865063,34.08445702915742
1779035890,20,,Aggregated,43.300000,0.100000,14,18,21,25,49,69,80,84,95,550,620,65384,59,14,20.725142118825726,3.4921999904327095,620.3886999865063,34.084959623149395
1779035891,20,,Aggregated,43.200000,0.100000,14,18,21,25,49,69,80,84,95,550,620,65427,59,14,20.721259171246217,3.4921999904327095,620.3886999865063,34.086309933208
1779035892,20,,Aggregated,42.700000,0.100000,14,18,21,25,49,69,80,84,95,550,620,65480,59,14,20.720805913212157,3.4921999904327095,620.3886999865063,34.08767562614539
1779035893,20,,Aggregated,42.900000,0.100000,14,18,21,25,49,69,80,84,95,550,620,65519,59,14,20.720311669849757,3.4921999904327095,620.3886999865063,34.08695187655489
1779035894,20,,Aggregated,43.300000,0.100000,14,18,21,25,49,69,80,84,95,550,620,65559,59,14,20.721808139187555,3.4921999904327095,620.3886999865063,34.08578532314404
1779035895,20,,Aggregated,43.200000,0.000000,14,18,21,25,49,69,80,84,95,550,620,65610,59,14,20.722515360423703,3.4921999904327095,620.3886999865063,34.086145404663924
1779035896,20,,Aggregated,43.700000,0.000000,14,18,21,25,49,69,80,84,95,550,620,65658,59,14,20.72484367323645,3.4921999904327095,620.3886999865063,34.084391848670386
1779035897,20,,Aggregated,43.800000,0.000000,14,18,21,25,49,69,80,84,95,550,620,65697,59,14,20.725830888743133,3.4921999904327095,620.3886999865063,34.08338280286771
1779035898,20,,Aggregated,44.600000,0.000000,14,18,21,25,49,69,80,84,95,550,620,65744,59,14,20.72907801621443,3.4921999904327095,620.3886999865063,34.081589194451205
1779035899,20,,Aggregated,45.300000,0.000000,14,18,21,25,49,69,80,84,95,550,620,65792,59,14,20.72860727136848,3.4921999904327095,620.3886999865063,34.08517752918288
1779035900,20,,Aggregated,44.500000,0.000000,14,18,21,25,49,69,80,84,95,550,620,65838,59,14,20.728483015854298,3.4921999904327095,620.3886999865063,34.084950940186516
1779035901,20,,Aggregated,44.600000,0.000000,14,18,21,25,49,69,80,84,95,550,620,65881,59,14,20.73170164535655,3.4921999904327095,620.3886999865063,34.08518389216921
1779035902,20,,Aggregated,45.500000,0.000000,14,18,21,25,49,69,80,84,95,550,620,65922,59,14,20.73423058156493,3.4921999904327095,620.3886999865063,34.08356845969479
1779035903,20,,Aggregated,45.400000,0.000000,14,18,21,25,49,69,80,84,95,550,620,65977,59,14,20.734537422101003,3.4921999904327095,620.3886999865063,34.081573881807294
1779035904,20,,Aggregated,44.900000,0.000000,14,18,21,25,49,69,80,84,95,550,620,66016,59,14,20.731705332012584,3.4921999904327095,620.3886999865063,34.08222249151721
1779035905,20,,Aggregated,45.100000,0.000000,14,18,21,25,49,69,80,84,95,550,620,66058,59,14,20.732280279420635,3.4921999904327095,620.3886999865063,34.080187108298766
1779035906,20,,Aggregated,45.100000,0.000000,14,18,21,25,49,69,80,84,95,550,620,66103,59,14,20.731738573104966,3.4921999904327095,620.3886999865063,34.082870671527765
1779035907,20,,Aggregated,44.800000,0.000000,14,18,21,25,49,69,80,84,95,550,620,66146,59,14,20.730195822847993,3.4921999904327095,620.3886999865063,34.08378435581895
1779035908,20,,Aggregated,44.500000,0.000000,14,18,21,25,49,69,80,84,95,550,620,66192,59,14,20.72654145210935,3.4921999904327095,620.3886999865063,34.08629441624365
1779035909,20,,Aggregated,44.000000,0.000000,14,18,21,25,49,69,80,84,95,550,620,66236,59,14,20.730803063253436,3.4921999904327095,620.3886999865063,34.086810797753486
1779035910,20,,Aggregated,45.000000,0.000000,14,18,21,25,49,69,80,84,95,550,620,66278,59,14,20.732152518145384,3.4921999904327095,620.3886999865063,34.08250098071758
1779035911,20,,Aggregated,44.600000,0.000000,14,18,21,25,49,69,80,84,95,550,620,66315,59,14,20.731603956835855,3.4921999904327095,620.3886999865063,34.08310337027822
1779035912,20,,Aggregated,44.000000,0.000000,14,18,21,25,49,69,80,84,95,550,620,66364,59,14,20.730692550141093,3.4921999904327095,620.3886999865063,34.0807817491411
1779035913,20,,Aggregated,43.800000,0.000000,14,18,21,25,49,69,80,84,95,550,620,66406,59,14,20.728092467507242,3.4921999904327095,620.3886999865063,34.08276360569828
1779035914,20,,Aggregated,43.300000,0.000000,14,18,21,25,49,69,80,84,95,550,620,66452,59,14,20.72679927311814,3.4921999904327095,620.3886999865063,34.0820441822669
1779035915,20,,Aggregated,42.700000,0.000000,14,18,21,25,49,69,80,84,95,550,620,66497,59,14,20.72565870034599,3.4921999904327095,620.3886999865063,34.08210896732184
1779035916,20,,Aggregated,42.600000,0.000000,14,18,21,25,49,69,80,84,95,550,620,66543,59,14,20.723449575417064,3.4921999904327095,620.3886999865063,34.08451677862435
1779035917,20,,Aggregated,43.400000,0.000000,14,18,21,25,49,69,80,84,95,550,620,66590,59,14,20.721359644045833,3.4921999904327095,620.3886999865063,34.083375882264605
1779035918,20,,Aggregated,43.700000,0.000000,14,18,21,25,49,68,80,84,95,550,620,66634,59,14,20.721605087444217,3.4921999904327095,620.3886999865063,34.08264549629318
1779035919,20,,Aggregated,43.900000,0.000000,14,18,21,25,49,68,80,84,95,550,620,66673,59,14,20.721102713192156,3.4921999904327095,620.3886999865063,34.08454696803803
1779035920,20,,Aggregated,43.700000,0.000000,14,18,21,25,49,68,80,84,95,550,620,66724,59,14,20.717808571082358,3.4921999904327095,620.3886999865063,34.08623583718003
1779035921,20,,Aggregated,43.400000,0.000000,14,18,21,25,49,68,80,84,95,550,620,66775,60,14,20.715879185279697,3.4921999904327095,620.3886999865063,34.08652938974167
1779035922,20,,Aggregated,43.800000,0.000000,14,18,21,25,49,68,80,84,95,550,620,66819,60,14,20.71656709314585,3.4921999904327095,620.3886999865063,34.08563432556608
1779035923,20,,Aggregated,44.400000,0.000000,14,18,21,25,49,68,80,84,95,550,620,66862,60,14,20.71687544639624,3.4921999904327095,620.3886999865063,34.08761329305136
1779035924,20,,Aggregated,45.100000,0.100000,14,18,21,25,49,68,80,84,95,550,620,66903,60,14,20.716688910769427,3.4921999904327095,620.3886999865063,34.08663288641765
1779035925,20,,Aggregated,45.000000,0.100000,14,18,21,25,49,68,80,84,95,550,620,66946,60,14,20.717132518707462,3.4921999904327095,620.3886999865063,34.08591999522003
1779035926,20,,Aggregated,45.900000,0.100000,14,18,21,25,49,68,80,84,95,550,620,66984,60,14,20.71835134954238,3.4921999904327095,620.3886999865063,34.08412456706079
1779035927,20,,Aggregated,44.300000,0.100000,14,18,21,25,49,68,80,84,95,550,620,67040,60,14,20.71700831589984,3.4921999904327095,620.3886999865063,34.08274164677804
1779035928,20,,Aggregated,44.000000,0.100000,14,18,21,25,49,68,80,84,95,550,620,67083,60,14,20.71649820219658,3.4921999904327095,620.3886999865063,34.08073580489841
1779035929,20,,Aggregated,44.300000,0.100000,14,18,21,25,49,68,80,84,95,550,620,67122,60,14,20.71696976845388,3.4921999904327095,620.3886999865063,34.08004827031376
1779035930,20,,Aggregated,44.500000,0.100000,14,18,21,25,49,68,80,84,95,550,620,67170,61,14,20.71520644481075,3.4921999904327095,620.3886999865063,34.0814500521066
1779035931,20,,Aggregated,44.800000,0.100000,14,18,21,25,49,68,80,84,95,550,620,67215,61,14,20.71600810679026,3.4921999904327095,620.3886999865063,34.07977386000149
1779035932,20,,Aggregated,44.100000,0.100000,14,18,21,25,49,68,80,84,95,550,620,67263,61,14,20.7180147911619,3.4921999904327095,620.3886999865063,34.08145637274579
1779035933,20,,Aggregated,44.000000,0.200000,14,18,21,25,49,68,80,84,95,550,620,67306,61,14,20.720527395745727,3.4921999904327095,620.3886999865063,34.081954060559234
1779035934,20,,Aggregated,44.300000,0.100000,14,18,22,25,49,68,80,84,95,550,620,67349,61,14,20.721633151166863,3.4921999904327095,620.3886999865063,34.08150083891372
1779035935,20,,Aggregated,44.700000,0.100000,14,18,21,25,49,68,80,84,95,550,620,67391,61,14,20.718224624914413,3.4921999904327095,620.3886999865063,34.08419521894615
1779035936,20,,Aggregated,43.900000,0.100000,14,18,21,25,49,68,80,84,95,550,620,67436,61,14,20.716863457169733,3.4921999904327095,620.3886999865063,34.08278960792455
1779035937,20,,Aggregated,44.700000,0.100000,14,18,21,25,49,68,80,84,95,550,620,67481,61,14,20.714852336177334,3.4921999904327095,620.3886999865063,34.083460529630564
1779035938,20,,Aggregated,44.300000,0.100000,14,18,21,25,49,68,80,84,95,550,620,67524,61,14,20.71465438210489,3.4921999904327095,620.3886999865063,34.08404419169481
1779035939,20,,Aggregated,43.800000,0.100000,14,18,21,25,49,68,80,84,95,550,620,67570,61,14,20.715992387117783,3.4921999904327095,620.3886999865063,34.0834097972473
1779035940,20,,Aggregated,43.500000,0.100000,14,18,21,25,49,68,80,84,95,550,620,67612,61,14,20.71416411727739,3.4921999904327095,620.3886999865063,34.08409749748565
1779035941,20,,Aggregated,44.000000,0.100000,14,18,21,25,49,68,80,84,95,550,620,67656,61,14,20.713676809112133,3.4921999904327095,620.3886999865063,34.08544696700958
1779035942,20,,Aggregated,44.400000,0.100000,14,18,21,25,49,68,80,84,95,550,620,67704,61,14,20.711942712356116,3.4921999904327095,620.3886999865063,34.08724742998937
1779035943,20,,Aggregated,43.800000,0.000000,14,18,21,25,49,68,80,84,95,550,620,67748,61,14,20.71074980364162,3.4921999904327095,620.3886999865063,34.08760406211253
1779035944,20,,Aggregated,43.600000,0.000000,14,18,21,25,49,68,80,84,95,550,620,67796,61,14,20.709816245753395,3.4921999904327095,620.3886999865063,34.087070033630305
1779035945,20,,Aggregated,43.600000,0.000000,14,18,21,25,49,68,80,84,95,550,620,67838,61,14,20.708349481079875,3.4921999904327095,620.3886999865063,34.08856393171968
1779035946,20,,Aggregated,43.900000,0.000000,14,18,21,25,49,68,80,84,95,550,620,67877,61,14,20.71236790808811,3.4921999904327095,620.3886999865063,34.08718711787498
1779035947,20,,Aggregated,44.200000,0.000000,14,18,21,25,49,68,80,84,95,550,620,67921,61,14,20.71361496440306,3.4921999904327095,620.3886999865063,34.08679200836266
1779035948,20,,Aggregated,44.600000,0.000000,14,18,21,25,49,68,80,84,95,550,620,67967,61,14,20.713474024118568,3.4921999904327095,620.3886999865063,34.0858063471979
1779035949,20,,Aggregated,44.000000,0.000000,14,18,21,25,49,68,80,84,95,550,620,68010,61,14,20.71548389497827,3.4921999904327095,620.3886999865063,34.0854286134392
1779035950,20,,Aggregated,43.900000,0.000000,14,18,21,25,49,68,80,84,95,550,620,68052,61,14,20.715989994377985,3.4921999904327095,620.3886999865063,34.084068065596895
1779035951,20,,Aggregated,44.000000,0.000000,14,18,21,25,49,68,80,84,95,550,620,68091,61,14,20.716620355075158,3.4921999904327095,620.3886999865063,34.08447518761657
1779035952,20,,Aggregated,43.700000,0.000000,14,18,21,25,49,68,80,84,95,550,620,68136,61,14,20.717964573754344,3.4921999904327095,620.3886999865063,34.081983092638254
1779035953,20,,Aggregated,43.800000,0.000000,14,18,21,25,49,68,80,84,95,550,620,68177,61,14,20.71817188490631,3.4921999904327095,620.3886999865063,34.08194845769101
1779035954,20,,Aggregated,42.900000,0.000000,14,18,21,25,49,68,80,84,95,550,620,68219,61,14,20.720634119487123,3.4921999904327095,620.3886999865063,34.08163414884417
1779035956,20,,Aggregated,42.900000,0.000000,14,18,21,25,49,68,80,84,95,550,620,68266,61,14,20.717065361931642,3.4921999904327095,620.3886999865063,34.08244221134972
1779035957,20,,Aggregated,42.500000,0.000000,14,18,21,25,49,68,80,84,95,550,620,68310,61,14,20.717958137864557,3.4921999904327095,620.3886999865063,34.08143756404626
1779035958,20,,Aggregated,42.600000,0.000000,14,18,21,25,49,68,80,84,95,550,620,68362,61,14,20.71509904767709,3.4921999904327095,620.3886999865063,34.080483309440915
1779035959,20,,Aggregated,43.100000,0.000000,14,18,21,25,49,68,80,84,95,550,620,68404,61,14,20.71132403364303,3.4921999904327095,620.3886999865063,34.082202795158175
1779035960,20,,Aggregated,43.100000,0.000000,14,18,21,25,49,68,80,84,95,550,620,68443,61,14,20.710675209991575,3.4921999904327095,620.3886999865063,34.08480049091945
1779035961,20,,Aggregated,43.200000,0.000000,14,18,21,25,49,68,80,84,95,550,620,68489,61,14,20.70914302292803,3.4921999904327095,620.3886999865063,34.08518156200266
1779035962,20,,Aggregated,43.300000,0.000000,14,18,21,25,49,68,80,84,95,550,620,68535,61,14,20.71003696793314,3.4921999904327095,620.3886999865063,34.08646676880426
1779035963,20,,Aggregated,43.500000,0.000000,14,18,21,25,49,68,80,84,95,550,620,68573,61,14,20.708190544343537,3.4921999904327095,620.3886999865063,34.08856255377481
1779035964,20,,Aggregated,44.100000,0.000000,14,18,21,25,49,68,80,84,95,550,620,68617,61,14,20.706066496601384,3.4921999904327095,620.3886999865063,34.090094291502105
1779035965,20,,Aggregated,43.600000,0.000000,14,18,21,25,49,68,80,84,95,550,620,68661,61,14,20.70412691917405,3.4921999904327095,620.3886999865063,34.09099780078939
1779035966,20,,Aggregated,43.600000,0.000000,14,18,21,25,49,68,80,84,95,550,620,68704,61,14,20.70392082117326,3.4921999904327095,620.3886999865063,34.09174138332557
1779035967,20,,Aggregated,43.500000,0.000000,14,18,21,25,49,68,80,84,95,550,620,68758,61,14,20.70008668951742,3.4921999904327095,620.3886999865063,34.0928328339975
1779035968,20,,Aggregated,43.400000,0.000000,14,18,21,25,49,68,80,84,95,550,620,68800,61,14,20.697733619154587,3.4921999904327095,620.3886999865063,34.09396802325581
1779035969,20,,Aggregated,44.400000,0.000000,14,18,21,25,49,68,80,84,95,550,620,68852,61,14,20.697489953784437,3.4921999904327095,620.3886999865063,34.09216870969616
1779035970,20,,Aggregated,43.500000,0.000000,14,18,21,25,49,68,80,84,95,550,620,68890,61,14,20.699931381884795,3.4921999904327095,620.3886999865063,34.09195819422268
1779035971,20,,Aggregated,44.700000,0.000000,14,18,21,25,49,68,80,84,95,550,620,68942,61,14,20.69783654663585,3.4921999904327095,620.3886999865063,34.09258507150938
1779035972,20,,Aggregated,44.400000,0.000000,14,18,21,25,49,68,80,84,95,550,620,68982,61,14,20.69938132988845,3.4921999904327095,620.3886999865063,34.09147313792004
1779035973,20,,Aggregated,44.700000,0.000000,14,18,21,25,49,68,80,84,95,550,620,69021,61,14,20.70044108312506,3.4921999904327095,620.3886999865063,34.089595920082296
1779035974,20,,Aggregated,44.600000,0.000000,14,18,21,25,49,68,80,84,95,550,620,69060,61,14,20.702057816370388,3.4921999904327095,620.3886999865063,34.089820445989
1779035975,20,,Aggregated,44.300000,0.000000,14,18,21,25,49,68,80,84,95,550,620,69106,61,14,20.70270954473544,3.4921999904327095,620.3886999865063,34.08991983329957
1779035976,20,,Aggregated,44.000000,0.000000,14,18,21,25,49,68,80,84,95,550,620,69158,61,14,20.70025146040171,3.4921999904327095,620.3886999865063,34.092483877497905
1779035977,20,,Aggregated,44.400000,0.000000,14,18,21,25,49,68,80,84,95,550,620,69200,61,14,20.70230763870634,3.4921999904327095,620.3886999865063,34.09261560693642
1779035978,20,,Aggregated,44.900000,0.000000,14,18,21,25,49,68,80,84,95,550,620,69249,61,14,20.698504989222887,3.4921999904327095,620.3886999865063,34.094196306083845
1779035979,20,,Aggregated,44.000000,0.000000,14,18,21,25,49,68,80,84,95,550,620,69297,61,14,20.69733713001362,3.4921999904327095,620.3886999865063,34.09084087334228
1779035980,20,,Aggregated,44.600000,0.000000,14,18,21,25,49,68,80,84,95,550,620,69343,61,14,20.698714246549724,3.4921999904327095,620.3886999865063,34.09053545419148
1779035981,20,,Aggregated,44.100000,0.000000,14,18,21,25,49,68,80,84,95,550,620,69389,61,14,20.702051817989037,3.4921999904327095,620.3886999865063,34.09155629854876
1779035982,20,,Aggregated,44.700000,0.000000,14,18,21,25,49,68,80,84,95,550,620,69434,61,14,20.70416638964256,3.4921999904327095,620.3886999865063,34.0894230492266
1779035983,20,,Aggregated,44.500000,0.000000,14,18,21,25,49,68,80,84,95,550,620,69478,61,14,20.70156769910462,3.4921999904327095,620.3886999865063,34.08974063732404
1779035984,20,,Aggregated,44.700000,0.000000,14,18,21,25,49,68,80,84,95,550,620,69538,61,14,20.699650815362972,3.4921999904327095,620.3886999865063,34.088268284966496
1779035985,20,,Aggregated,45.500000,0.000000,14,18,21,25,49,68,80,84,95,550,620,69584,61,14,20.696803180310884,3.4921999904327095,620.3886999865063,34.09125661071511
1779035986,20,,Aggregated,47.200000,0.000000,14,18,21,25,49,68,80,84,95,550,620,69627,61,14,20.69662041447617,3.4921999904327095,620.3886999865063,34.09246413029428
1779035987,20,,Aggregated,47.700000,0.000000,14,18,21,25,49,68,80,84,95,550,620,69672,61,14,20.693687003368666,3.4921999904327095,620.3886999865063,34.09368182340108
1779035988,20,,Aggregated,47.100000,0.000000,14,18,21,25,49,68,80,84,95,550,620,69712,61,14,20.692049856533835,3.4921999904327095,620.3886999865063,34.095076887766815
1779035989,20,,Aggregated,47.000000,0.000000,14,18,21,25,49,68,80,84,95,550,620,69760,61,14,20.69517417859653,3.4921999904327095,620.3886999865063,34.09307626146789
1779035990,20,,Aggregated,46.100000,0.000000,14,18,21,25,49,68,80,84,95,550,620,69801,61,14,20.694107789269474,3.4921999904327095,620.3886999865063,34.09421068466068
1779035991,20,,Aggregated,45.900000,0.000000,14,18,21,25,49,68,80,84,95,550,620,69841,61,14,20.695787739274984,3.4921999904327095,620.3886999865063,34.09352672498962
1779035992,20,,Aggregated,45.900000,0.000000,14,18,21,25,49,68,80,84,95,550,620,69893,61,14,20.693560302159273,3.4921999904327095,620.3886999865063,34.09475913181578
1779035993,20,,Aggregated,44.900000,0.000000,14,18,21,25,49,68,80,84,95,550,620,69932,61,14,20.689728504819495,3.4921999904327095,620.3886999865063,34.09472058571183
1779035994,20,,Aggregated,45.200000,0.000000,14,18,21,25,49,68,80,84,95,550,620,69972,61,14,20.68757736665097,3.4921999904327095,620.3886999865063,34.09482364374321
1779035995,20,,Aggregated,45.300000,0.000000,14,18,21,25,49,68,80,84,95,550,620,70018,61,14,20.684331480464508,3.4921999904327095,620.3886999865063,34.09530406466909
1779035996,20,,Aggregated,43.400000,0.000000,14,18,21,25,49,68,80,84,95,550,620,70062,61,14,20.684827287245604,3.4921999904327095,620.3886999865063,34.095815135166
1779035997,20,,Aggregated,42.900000,0.000000,14,18,21,25,49,68,80,84,95,550,620,70104,62,14,20.684036127737613,3.4921999904327095,620.3886999865063,34.096542280041085
1779035998,20,,Aggregated,42.800000,0.000000,14,18,21,25,49,68,80,84,95,550,620,70147,62,14,20.687007123593443,3.4921999904327095,620.3886999865063,34.0953996607125
1779035999,20,,Aggregated,42.900000,0.000000,14,18,21,25,49,68,80,84,95,550,620,70192,62,14,20.686158613497494,3.4921999904327095,620.3886999865063,34.09452644175975
1779036000,20,,Aggregated,43.400000,0.100000,14,18,21,25,49,68,80,84,95,550,620,70238,62,14,20.688127341304572,3.4921999904327095,620.3886999865063,34.09519063754663
1779036001,20,,Aggregated,43.500000,0.100000,14,18,21,25,49,68,80,84,95,550,620,70285,62,14,20.686870280974002,3.4921999904327095,620.3886999865063,34.09662090061891
1779036002,20,,Aggregated,43.100000,0.100000,14,18,21,25,49,68,80,84,95,550,620,70330,62,14,20.687416234865186,3.4921999904327095,620.3886999865063,34.098549694298306
1779036003,20,,Aggregated,44.300000,0.100000,14,18,21,25,49,68,80,84,95,550,620,70369,62,14,20.68923411442375,3.4921999904327095,620.3886999865063,34.09791243303159
1779036004,20,,Aggregated,43.700000,0.100000,14,18,21,25,49,68,80,84,95,550,620,70415,62,14,20.689331768770668,3.4921999904327095,620.3886999865063,34.09766385003196
1779036005,20,,Aggregated,43.200000,0.100000,14,18,21,25,49,68,80,84,95,550,620,70456,62,14,20.68516258371154,3.4921999904327095,620.3886999865063,34.097905075508116
1779036006,20,,Aggregated,44.100000,0.100000,14,18,21,25,49,68,80,84,95,550,620,70496,62,14,20.683452747644065,3.4921999904327095,620.3886999865063,34.09794881979119
1779036007,20,,Aggregated,44.000000,0.100000,14,18,21,25,49,68,80,84,95,550,620,70546,62,14,20.68111672381371,3.4921999904327095,620.3886999865063,34.09895670909761
1779036008,20,,Aggregated,43.600000,0.100000,14,18,21,25,49,68,80,84,95,550,620,70589,62,14,20.680333268611523,3.4921999904327095,620.3886999865063,34.098046437830256
1779036009,20,,Aggregated,43.100000,0.100000,14,18,21,25,49,68,80,84,95,550,620,70629,62,14,20.68129327468635,3.4921999904327095,620.3886999865063,34.099888147927906
1779036010,20,,Aggregated,43.800000,0.000000,14,18,21,25,49,68,80,84,95,550,620,70675,62,14,20.680810242628915,3.4921999904327095,620.3886999865063,34.10029006013442
1779036011,20,,Aggregated,42.900000,0.000000,14,18,21,25,49,68,80,84,95,550,620,70724,62,14,20.687230101487902,3.4921999904327095,620.3886999865063,34.097986539222894
1779036012,20,,Aggregated,43.200000,0.000000,14,18,21,25,49,68,80,84,95,550,620,70768,62,14,20.689398766356717,3.4921999904327095,620.3886999865063,34.09904193985982
1779036013,20,,Aggregated,43.300000,0.000000,14,18,21,25,49,68,80,84,95,550,620,70818,62,14,20.68916319011275,3.4921999904327095,620.3886999865063,34.0994521166935
1779036014,20,,Aggregated,43.900000,0.000000,14,18,21,25,49,68,80,84,95,550,620,70859,62,14,20.690162644088314,3.4921999904327095,620.3886999865063,34.100297774453495
1779036015,20,,Aggregated,43.800000,0.000000,14,18,21,25,49,68,80,84,95,550,620,70902,62,14,20.688835776104273,3.4921999904327095,620.3886999865063,34.1007446898536
1779036016,20,,Aggregated,44.500000,0.000000,14,18,21,25,49,68,80,84,95,550,620,70949,62,14,20.68955210781282,3.4921999904327095,620.3886999865063,34.10100212828934
1779036017,20,,Aggregated,44.200000,0.000000,14,18,21,25,49,68,80,84,95,550,620,71002,62,14,20.688742294541598,3.4921999904327095,620.3886999865063,34.100011267288245
1779036018,20,,Aggregated,44.700000,0.000000,14,18,21,25,49,68,80,84,95,550,620,71042,62,14,20.691937058318256,3.4921999904327095,620.3886999865063,34.098857014160636
1779036019,20,,Aggregated,45.700000,0.000000,14,18,21,25,49,68,80,84,95,550,620,71089,62,14,20.692646631646337,3.4921999904327095,620.3886999865063,34.097117697534074
1779036020,20,,Aggregated,45.100000,0.000000,14,18,21,25,49,68,80,84,95,550,620,71134,62,14,20.696457020511478,3.4921999904327095,620.3886999865063,34.09619872353586
1779036021,20,,Aggregated,45.900000,0.000000,14,18,21,25,49,68,80,84,95,550,620,71178,62,14,20.695064932943477,3.4921999904327095,620.3886999865063,34.096954115035544
1779036022,20,,Aggregated,45.900000,0.000000,14,18,21,25,49,68,80,84,95,550,620,71223,62,14,20.69751810786953,3.4921999904327095,620.3886999865063,34.09686477682771
1779036023,20,,Aggregated,45.700000,0.000000,14,18,21,25,49,68,80,84,95,550,620,71266,62,14,20.697721714375806,3.4921999904327095,620.3886999865063,34.09757808772767
1779036024,20,,Aggregated,44.900000,0.000000,14,18,21,25,49,68,80,84,95,550,620,71313,62,14,20.695170179302295,3.4921999904327095,620.3886999865063,34.09839720668041
1779036025,20,,Aggregated,45.400000,0.000000,14,18,21,25,49,68,80,84,95,550,620,71354,62,14,20.695655304490813,3.4921999904327095,620.3886999865063,34.099209574796085
1779036026,20,,Aggregated,45.100000,0.000000,14,18,21,25,49,68,80,84,95,550,620,71399,62,14,20.69749454749502,3.4921999904327095,620.3886999865063,34.09685009593972
1779036027,20,,Aggregated,45.300000,0.000000,14,18,21,25,49,68,80,84,95,550,620,71444,62,14,20.697900342876604,3.4921999904327095,620.3886999865063,34.09513745031073
1779036028,20,,Aggregated,44.600000,0.000000,14,18,21,25,49,68,80,84,95,550,620,71489,62,14,20.69884501806315,3.4921999904327095,620.3886999865063,34.09528738687071
1779036029,20,,Aggregated,44.200000,0.000000,14,18,21,25,49,68,80,84,95,550,620,71531,62,14,20.698573651930587,3.4921999904327095,620.3886999865063,34.09622401476283
1779036030,20,,Aggregated,44.200000,0.000000,14,18,21,25,49,68,80,84,95,550,620,71582,62,14,20.697359906071927,3.4921999904327095,620.3886999865063,34.09758039730659
1779036031,20,,Aggregated,43.700000,0.000000,14,18,21,25,49,68,80,84,95,550,620,71619,62,14,20.700150029969148,3.4921999904327095,620.3886999865063,34.097013362375904
1779036032,20,,Aggregated,44.300000,0.000000,14,18,21,25,49,68,80,84,95,550,620,71664,62,14,20.702695501174944,3.4921999904327095,620.3886999865063,34.0963803304309
1779036033,20,,Aggregated,43.600000,0.000000,14,18,21,25,49,68,80,84,95,550,620,71711,62,14,20.704271743470773,3.4921999904327095,620.3886999865063,34.09603826470137
1779036034,20,,Aggregated,43.600000,0.000000,14,18,21,25,49,68,80,84,95,550,620,71751,62,14,20.704997071760136,3.4921999904327095,620.3886999865063,34.09436802274533
1779036035,20,,Aggregated,44.400000,0.000000,14,18,21,25,49,68,80,84,95,550,620,71789,62,14,20.70505698081712,3.4921999904327095,620.3886999865063,34.09409519564279
1779036036,20,,Aggregated,43.700000,0.000000,14,18,21,25,49,68,80,84,95,550,620,71836,62,14,20.70705784837578,3.4921999904327095,620.3886999865063,34.092794699036695
1779036037,20,,Aggregated,43.200000,0.000000,14,18,21,25,49,68,80,84,95,550,620,71882,62,14,20.705776208174075,3.4921999904327095,620.3886999865063,34.09210929022565
1779036038,20,,Aggregated,43.200000,0.000000,14,18,21,25,49,68,80,84,95,550,620,71932,62,14,20.70649363838128,3.4921999904327095,620.3886999865063,34.09331034866263
1779036039,20,,Aggregated,43.400000,0.000000,14,18,21,25,49,68,80,84,95,550,620,71977,62,14,20.70528098136904,3.4921999904327095,620.3886999865063,34.09518318351696
1779036040,20,,Aggregated,43.500000,0.000000,14,18,21,25,49,68,80,84,95,550,620,72018,62,14,20.704635382765094,3.4921999904327095,620.3886999865063,34.095962120580964
1779036041,20,,Aggregated,44.000000,0.000000,14,18,21,25,49,68,80,84,95,550,620,72059,62,14,20.70292309213618,3.4921999904327095,620.3886999865063,34.09630996822049
1779036042,20,,Aggregated,43.600000,0.000000,14,18,21,25,49,68,80,84,95,550,620,72108,62,14,20.705993233708085,3.4921999904327095,620.3886999865063,34.09463582404172
1779036043,20,,Aggregated,43.800000,0.000000,14,18,21,25,49,68,80,84,95,550,620,72160,62,14,20.70268972971571,3.4921999904327095,620.3886999865063,34.09779656319291
1779036044,20,,Aggregated,44.200000,0.000000,14,18,21,25,49,68,80,84,95,550,620,72204,62,14,20.704248357378358,3.4921999904327095,620.3886999865063,34.09696138718076
1779036045,20,,Aggregated,43.900000,0.000000,14,18,21,25,49,68,80,84,95,550,620,72243,62,14,20.704429107262293,3.4921999904327095,620.3886999865063,34.09540024639065
1779036046,20,,Aggregated,44.200000,0.000000,14,18,21,25,49,68,80,84,95,550,620,72289,62,14,20.70704609271479,3.4921999904327095,620.3886999865063,34.09529803981242
1779036047,20,,Aggregated,44.800000,0.000000,14,18,21,25,49,68,80,84,95,550,620,72335,62,14,20.704750015847022,3.4921999904327095,620.3886999865063,34.09609456003318
1779036048,20,,Aggregated,45.400000,0.000000,14,18,21,25,49,68,80,84,95,550,620,72386,62,14,20.708028143511306,3.4921999904327095,620.3886999865063,34.095653855717956
1779036049,20,,Aggregated,44.800000,0.000000,14,18,21,25,49,68,80,84,95,550,620,72433,62,14,20.707626489254555,3.4921999904327095,620.3886999865063,34.09690334516036
1779036050,20,,Aggregated,44.900000,0.000000,14,18,21,25,49,68,80,84,95,550,620,72474,62,14,20.703538261945393,3.4921999904327095,620.3886999865063,34.099235587934984
1779036051,20,,Aggregated,45.300000,0.000000,14,18,21,25,49,68,80,84,95,550,620,72516,62,14,20.704554742353274,3.4921999904327095,620.3886999865063,34.09819901814772
1779036052,20,,Aggregated,45.500000,0.000000,14,18,21,25,49,68,80,84,95,550,620,72555,62,14,20.705725091262618,3.4921999904327095,620.3886999865063,34.09767762387155
1779036053,20,,Aggregated,45.600000,0.000000,14,18,21,25,49,68,80,84,95,550,620,72602,62,14,20.70790252191949,3.4921999904327095,620.3886999865063,34.09822043469877
1779036054,20,,Aggregated,44.800000,0.000000,14,18,21,25,49,68,80,84,95,550,620,72644,62,14,20.704445721545156,3.4921999904327095,620.3886999865063,34.10037993502561
1779036055,20,,Aggregated,44.000000,0.000000,14,18,21,25,49,68,80,84,95,550,620,72692,62,14,20.703307812359583,3.4921999904327095,620.3886999865063,34.10064381224894
1779036056,20,,Aggregated,44.200000,0.000000,14,18,21,25,49,68,80,84,95,550,620,72738,62,14,20.703295992416052,3.4921999904327095,620.3886999865063,34.10058016442575
1779036057,20,,Aggregated,43.700000,0.000000,14,18,21,25,49,68,80,84,95,550,620,72783,62,14,20.702002326041224,3.4921999904327095,620.3886999865063,34.100627893876315
1779036058,20,,Aggregated,44.100000,0.000000,14,18,21,25,49,68,80,84,95,550,620,72824,62,14,20.700917259366467,3.4921999904327095,620.3886999865063,34.10408656486872
1779036059,20,,Aggregated,44.400000,0.000000,14,18,21,25,49,68,80,84,95,550,620,72867,62,14,20.702339935718864,3.4921999904327095,620.3886999865063,34.104093759863865
1779036060,20,,Aggregated,44.600000,0.000000,14,18,21,25,49,68,80,84,95,550,620,72912,62,14,20.70278418499061,3.4921999904327095,620.3886999865063,34.10438610928242
1779036061,20,,Aggregated,43.500000,0.000000,14,18,21,25,49,68,80,84,95,550,620,72958,62,14,20.701716468326627,3.4921999904327095,620.3886999865063,34.10367608761205
1779036062,20,,Aggregated,42.800000,0.000000,14,18,21,25,49,68,80,84,95,550,620,73005,62,14,20.703432796335193,3.4921999904327095,620.3886999865063,34.1023765495514
1779036063,20,,Aggregated,43.300000,0.000000,14,18,21,25,49,68,80,84,95,550,620,73046,62,14,20.702970654058912,3.4921999904327095,620.3886999865063,34.10445472715823
1779036064,20,,Aggregated,44.100000,0.000000,14,18,21,25,49,69,80,84,95,550,620,73085,62,14,20.706647852456225,3.4921999904327095,620.3886999865063,34.10372853526715
1779036065,20,,Aggregated,44.500000,0.000000,14,18,21,25,49,69,80,84,95,550,620,73135,62,14,20.70285236339619,3.4921999904327095,620.3886999865063,34.10475148697614
1779036066,20,,Aggregated,43.500000,0.000000,14,18,21,25,49,69,80,84,95,550,620,73180,62,14,20.705754145901835,3.4921999904327095,620.3886999865063,34.103716862530746
1779036067,20,,Aggregated,44.200000,0.000000,14,18,21,25,49,69,80,84,95,550,620,73233,62,14,20.708052279670603,3.4921999904327095,620.3886999865063,34.103819316428385
1779036068,20,,Aggregated,43.600000,0.000000,14,18,21,25,49,69,80,84,95,550,620,73275,62,14,20.708071821185253,3.4921999904327095,620.3886999865063,34.10366427840327
1779036069,20,,Aggregated,44.100000,0.000000,14,18,21,25,49,69,80,84,95,550,620,73323,62,14,20.707672231051486,3.4921999904327095,620.3886999865063,34.103187267296754
1779036070,20,,Aggregated,44.100000,0.000000,14,18,21,25,49,69,80,84,95,550,620,73371,62,14,20.7077128061127,3.4921999904327095,620.3886999865063,34.103760341279255
1779036071,20,,Aggregated,44.800000,0.000000,14,18,21,25,49,69,80,84,95,550,620,73420,62,14,20.70877923722635,3.4921999904327095,620.3886999865063,34.10363661127758
1779036072,20,,Aggregated,45.200000,0.000000,14,18,21,25,49,69,80,84,95,550,620,73465,62,14,20.70639067987677,3.4921999904327095,620.3886999865063,34.10404954740353
1779036073,20,,Aggregated,45.100000,0.000000,14,18,21,25,49,69,80,84,95,550,620,73512,62,14,20.70760980380269,3.4921999904327095,620.3886999865063,34.102894765480464
1779036074,20,,Aggregated,45.400000,0.000000,14,18,21,25,49,69,80,84,95,550,620,73557,62,14,20.711865855011133,3.4921999904327095,620.3886999865063,34.100602254034285
1779036075,20,,Aggregated,45.800000,0.000000,14,18,21,25,49,69,80,84,95,550,620,73598,62,14,20.711186862372323,3.4921999904327095,620.3886999865063,34.10042392456317
1779036076,20,,Aggregated,46.700000,0.000000,14,18,21,25,49,69,80,84,95,550,620,73644,62,14,20.712107705946654,3.4921999904327095,620.3886999865063,34.0981206887187
1779036077,20,,Aggregated,46.300000,0.000000,14,18,21,25,49,69,80,84,95,550,620,73683,62,14,20.712611694648952,3.4921999904327095,620.3886999865063,34.098000895729
1779036078,20,,Aggregated,46.300000,0.000000,14,18,21,25,49,68,80,84,95,550,620,73725,62,14,20.710385074224273,3.4921999904327095,620.3886999865063,34.099776195320445
1779036079,20,,Aggregated,46.200000,0.000000,14,18,21,25,49,69,80,84,95,550,620,73771,62,14,20.713094802801997,3.4921999904327095,620.3886999865063,34.09900909571512
1779036080,20,,Aggregated,45.100000,0.000000,14,18,21,25,49,69,80,84,95,550,620,73816,62,14,20.711666472004623,3.4921999904327095,620.3886999865063,34.097323073588385
1779036081,20,,Aggregated,44.500000,0.000000,14,18,21,25,49,69,80,84,95,550,620,73861,62,14,20.712888360537534,3.4921999904327095,620.3886999865063,34.09470491869864
1779036082,20,,Aggregated,44.700000,0.000000,14,18,21,25,49,68,80,84,95,550,620,73905,62,14,20.710068730096726,3.4921999904327095,620.3886999865063,34.09804478722685
1779036083,20,,Aggregated,44.300000,0.000000,14,18,21,25,49,68,80,84,95,550,620,73957,62,14,20.709762786451837,3.4921999904327095,620.3886999865063,34.09744851738172
1779036084,20,,Aggregated,43.900000,0.000000,14,18,21,25,49,68,80,84,95,550,620,73997,62,14,20.70940522450594,3.4921999904327095,620.3886999865063,34.09920672459695
1779036085,20,,Aggregated,43.500000,0.000000,14,18,21,25,49,68,80,84,95,550,620,74040,62,14,20.707031258748003,3.4921999904327095,620.3886999865063,34.098203673689895
1779036086,20,,Aggregated,43.900000,0.000000,14,18,21,25,49,68,80,84,95,550,620,74087,62,14,20.704368697580623,3.4921999904327095,620.3886999865063,34.09854630367001
1779036087,20,,Aggregated,44.000000,0.000000,14,18,21,25,49,68,80,84,95,550,620,74129,62,14,20.705649838764472,3.4921999904327095,620.3886999865063,34.09905704919802
1779036088,20,,Aggregated,43.800000,0.000000,14,18,21,25,49,68,80,84,95,550,620,74169,62,14,20.707616775172845,3.4921999904327095,620.3886999865063,34.09796545726651
1779036089,20,,Aggregated,43.600000,0.000000,14,18,21,25,49,68,80,84,95,550,620,74211,62,14,20.710384527870133,3.4921999904327095,620.3886999865063,34.09706108258884
1779036090,20,,Aggregated,44.200000,0.000000,14,18,21,25,49,68,80,84,95,550,620,74259,62,14,20.713840215970304,3.4921999904327095,620.3886999865063,34.0947225252158
1779036091,20,,Aggregated,44.000000,0.000000,14,18,21,25,49,69,80,84,95,550,620,74300,62,14,20.7146299299842,3.4921999904327095,620.3886999865063,34.0949932705249
1779036093,20,,Aggregated,43.500000,0.000000,14,18,21,25,49,69,80,84,95,550,620,74347,62,14,20.71906163662023,3.4921999904327095,620.3886999865063,34.093346066418285
1779036094,20,,Aggregated,44.000000,0.000000,14,18,21,25,49,68,80,84,95,550,620,74392,62,14,20.71790636355686,3.4921999904327095,620.3886999865063,34.094190235509195
1779036095,20,,Aggregated,43.900000,0.000000,14,18,21,25,49,68,80,84,95,550,620,74431,62,14,20.716866282835472,3.4921999904327095,620.3886999865063,34.094785774744395
1779036096,20,,Aggregated,43.400000,0.000000,14,18,21,25,49,68,80,84,95,550,620,74475,62,14,20.713616241665775,3.4921999904327095,620.3886999865063,34.097173548170524
1779036097,20,,Aggregated,42.900000,0.000000,14,18,21,25,49,68,80,84,95,550,620,74524,62,14,20.714640531882107,3.4921999904327095,620.3886999865063,34.097163329933984
1779036098,20,,Aggregated,43.200000,0.000000,14,18,21,25,49,68,80,84,95,550,620,74567,62,14,20.714498822505536,3.4921999904327095,620.3886999865063,34.09606126034305
1779036099,20,,Aggregated,43.200000,0.000000,14,18,21,25,49,68,80,84,95,550,620,74612,62,14,20.71334186722856,3.4921999904327095,620.3886999865063,34.09569506245644
1779036100,20,,Aggregated,43.200000,0.000000,14,18,21,25,49,68,80,84,95,550,620,74663,62,14,20.713931130516666,3.4921999904327095,620.3886999865063,34.09670117728996
1779036101,20,,Aggregated,43.200000,0.000000,14,18,21,25,49,68,80,84,95,550,620,74708,62,14,20.71488429080937,3.4921999904327095,620.3886999865063,34.09740590030519
1779036102,20,,Aggregated,44.900000,0.000000,14,18,21,25,49,68,80,84,95,550,620,74749,62,14,20.713329390334007,3.4921999904327095,620.3886999865063,34.09927892011933
1779036103,20,,Aggregated,44.900000,0.000000,14,18,21,25,49,68,80,84,95,550,620,74793,62,14,20.711191007153115,3.4921999904327095,620.3886999865063,34.10051742810156
1779036104,20,,Aggregated,44.800000,0.000000,14,18,21,25,49,68,80,84,95,550,620,74830,62,14,20.70901192700809,3.4921999904327095,620.3886999865063,34.100360817853804
1779036105,20,,Aggregated,44.400000,0.000000,14,18,21,25,49,68,80,84,95,550,620,74878,62,14,20.710093476028185,3.4921999904327095,620.3886999865063,34.09912123721253
1779036106,20,,Aggregated,43.600000,0.000000,14,18,21,25,49,68,80,84,95,550,620,74922,62,14,20.70907411972394,3.4921999904327095,620.3886999865063,34.097754998531805
1779036107,20,,Aggregated,44.200000,0.000000,14,18,21,25,49,68,80,84,95,550,620,74968,62,14,20.707742382054395,3.4921999904327095,620.3886999865063,34.096534521395796
1779036108,20,,Aggregated,44.400000,0.000000,14,18,21,25,49,68,80,84,95,550,620,75002,62,14,20.705672998027143,3.4921999904327095,620.3886999865063,34.095250793312175
1779036109,20,,Aggregated,43.600000,0.000000,14,18,21,25,49,68,80,84,95,550,620,75045,62,14,20.707804205450085,3.4921999904327095,620.3886999865063,34.09558265040975
1779036110,20,,Aggregated,43.600000,0.000000,14,18,21,25,49,68,80,84,95,550,620,75087,62,14,20.7059925566102,3.4921999904327095,620.3886999865063,34.096235034027195
1779036111,20,,Aggregated,42.600000,0.000000,14,18,21,25,49,68,80,84,95,550,620,75128,62,14,20.707801461481218,3.4921999904327095,620.3886999865063,34.09607603024172
1779036112,20,,Aggregated,42.300000,0.000000,14,18,21,25,49,68,80,84,95,550,620,75175,62,14,20.70706414097829,3.4921999904327095,620.3886999865063,34.09666777519122
1779036113,20,,Aggregated,41.500000,0.000000,14,18,21,25,49,68,80,84,95,550,620,75220,62,14,20.70587416774648,3.4921999904327095,620.3886999865063,34.09750066471683
1779036114,20,,Aggregated,42.300000,0.000000,14,18,21,25,49,68,80,84,95,550,620,75265,62,14,20.707460313534334,3.4921999904327095,620.3886999865063,34.0978409619345
1779036115,20,,Aggregated,42.100000,0.000000,14,18,21,25,49,68,80,84,95,550,620,75305,62,14,20.70968304094309,3.4921999904327095,620.3886999865063,34.096567293008434
1779036116,20,,Aggregated,42.800000,0.000000,14,18,21,25,49,68,80,84,95,550,620,75352,62,14,20.706615160821908,3.4921999904327095,620.3886999865063,34.09853753052341
1779036117,20,,Aggregated,42.800000,0.000000,14,18,21,25,49,68,80,84,95,550,620,75395,62,14,20.70501520523331,3.4921999904327095,620.3886999865063,34.09714172027323
1779036118,20,,Aggregated,42.900000,0.000000,14,18,21,25,49,68,80,84,95,550,620,75442,62,14,20.703115615949816,3.4921999904327095,620.3886999865063,34.0989766973304
1779036119,20,,Aggregated,43.000000,0.000000,14,18,21,25,49,68,80,84,95,550,620,75485,62,14,20.70145994036594,3.4921999904327095,620.3886999865063,34.099900642511756
1779036120,20,,Aggregated,43.500000,0.000000,14,18,21,25,49,68,80,84,95,550,620,75530,62,14,20.700115280001427,3.4921999904327095,620.3886999865063,34.10144313517807
1779036121,20,,Aggregated,43.700000,0.000000,14,18,21,25,49,68,80,84,95,550,620,75579,62,14,20.699163186844423,3.4921999904327095,620.3886999865063,34.1010201246378
1779036122,20,,Aggregated,44.000000,0.000000,14,18,21,25,49,68,80,84,95,550,620,75625,62,14,20.697234597006304,3.4921999904327095,620.3886999865063,34.10300826446281
1779036123,20,,Aggregated,44.600000,0.000000,14,18,21,25,49,68,80,84,95,550,620,75666,62,14,20.696277614762412,3.4921999904327095,620.3886999865063,34.10213305844104
1779036124,20,,Aggregated,44.800000,0.000000,14,18,21,25,49,68,80,84,95,550,620,75709,62,14,20.695898511388545,3.4921999904327095,620.3886999865063,34.102088258991664
1779036125,20,,Aggregated,44.200000,0.000000,14,18,21,25,49,68,80,84,95,550,620,75746,62,14,20.695902153228374,3.4921999904327095,620.3886999865063,34.10194597734534
1779036126,20,,Aggregated,44.600000,0.000000,14,18,21,25,49,68,80,84,95,550,620,75787,62,14,20.695829794010578,3.4921999904327095,620.3886999865063,34.102999195112616
1779036127,20,,Aggregated,43.500000,0.000000,14,18,21,25,49,68,80,84,95,550,620,75834,62,14,20.698386255490426,3.4921999904327095,620.3886999865063,34.10170899596487
1779036128,20,,Aggregated,43.800000,0.000000,14,18,21,25,49,68,80,84,95,550,620,75867,62,14,20.697554451855556,3.4921999904327095,620.3886999865063,34.10273241330223
1779036129,20,,Aggregated,43.300000,0.000000,14,18,21,25,49,68,80,84,95,550,620,75913,62,14,20.70181405950279,3.4921999904327095,620.3886999865063,34.099561339954946
1779036130,20,,Aggregated,43.000000,0.000000,14,18,21,25,49,68,80,84,95,550,620,75960,62,14,20.701946449433283,3.4921999904327095,620.3886999865063,34.09965771458663
1779036131,20,,Aggregated,42.600000,0.000000,14,18,21,25,49,68,80,84,95,550,620,76007,62,14,20.702031205003415,3.4921999904327095,620.3886999865063,34.09959608983383
1779036132,20,,Aggregated,42.400000,0.000000,14,18,21,25,49,68,80,84,95,550,620,76050,62,14,20.705196894132023,3.4921999904327095,620.3886999865063,34.09763313609467
1779036133,20,,Aggregated,42.700000,0.000000,14,18,21,25,49,68,80,84,95,550,620,76098,63,14,20.707545298149597,3.4921999904327095,620.3886999865063,34.09634944413782
1779036134,20,,Aggregated,41.700000,0.000000,14,18,21,25,49,68,80,84,95,550,620,76141,63,14,20.708584230553694,3.4921999904327095,620.3886999865063,34.09762151797323
1779036135,20,,Aggregated,42.900000,0.100000,14,18,21,25,49,68,80,84,95,550,620,76189,63,14,20.70536347502094,3.4921999904327095,620.3886999865063,34.0990431689614
1779036136,20,,Aggregated,42.600000,0.100000,14,18,21,25,49,68,80,84,95,550,620,76237,63,14,20.703622844528493,3.4921999904327095,620.3886999865063,34.099282500623055
1779036137,20,,Aggregated,43.800000,0.100000,14,18,21,25,49,68,80,84,95,550,620,76278,63,14,20.70725487294015,3.4921999904327095,620.3886999865063,34.09710532525761
1779036138,20,,Aggregated,44.200000,0.100000,14,18,21,25,49,68,80,84,95,550,620,76330,63,14,20.70523273153371,3.4921999904327095,620.3886999865063,34.09660683872658
1779036139,20,,Aggregated,44.000000,0.100000,14,18,21,25,49,68,80,84,95,550,620,76374,63,14,20.704290766462485,3.4921999904327095,620.3886999865063,34.09631550003928
1779036140,20,,Aggregated,45.100000,0.100000,14,18,21,25,49,68,80,84,95,550,620,76422,63,14,20.70492843419304,3.4921999904327095,620.3886999865063,34.09532595325953
1779036141,20,,Aggregated,45.700000,0.100000,14,18,21,25,49,68,80,84,95,550,620,76460,63,14,20.705726993172135,3.4921999904327095,620.3886999865063,34.093839916296105
1779036142,20,,Aggregated,45.800000,0.100000,14,18,21,25,49,68,80,84,95,550,620,76508,63,14,20.706904751108933,3.4921999904327095,620.3886999865063,34.09218643801955
1779036143,20,,Aggregated,45.300000,0.100000,14,18,21,25,49,68,80,84,95,550,620,76556,63,14,20.70646485706662,3.4921999904327095,620.3886999865063,34.09378755420868
1779036144,20,,Aggregated,45.500000,0.100000,14,18,21,25,49,68,80,84,95,550,620,76600,63,14,20.706019005190317,3.4921999904327095,620.3886999865063,34.0941906005222
1779036145,20,,Aggregated,45.600000,0.000000,14,18,21,25,49,68,80,84,95,550,620,76646,63,14,20.702617232439206,3.4921999904327095,620.3886999865063,34.09611721420557
1779036146,20,,Aggregated,45.100000,0.000000,14,18,21,25,49,68,80,84,95,550,620,76688,63,14,20.70331718909692,3.4921999904327095,620.3886999865063,34.0940955560192
1779036147,20,,Aggregated,45.500000,0.000000,14,18,21,25,49,68,80,84,95,550,620,76736,63,14,20.70472744601665,3.4921999904327095,620.3886999865063,34.092290450375316
1779036148,20,,Aggregated,44.800000,0.000000,14,18,21,25,49,68,80,84,95,550,620,76781,63,14,20.705660860074463,3.4921999904327095,620.3886999865063,34.09222333650252
1779036149,20,,Aggregated,45.300000,0.000000,14,18,21,25,49,68,80,84,95,550,620,76826,63,14,20.70579201438544,3.4921999904327095,620.3886999865063,34.093470960351965
1779036150,20,,Aggregated,44.900000,0.000000,14,18,21,25,49,68,80,84,95,550,620,76873,63,14,20.70696056739472,3.4921999904327095,620.3886999865063,34.09303656680499
1779036151,20,,Aggregated,45.100000,0.000000,14,18,21,25,49,68,80,84,95,550,620,76915,63,14,20.70832908921695,3.4921999904327095,620.3886999865063,34.093518819476046
1779036152,20,,Aggregated,44.700000,0.000000,14,18,21,25,49,68,80,84,95,550,620,76963,63,14,20.708877226683235,3.4921999904327095,620.3886999865063,34.0943050556761
1779036153,20,,Aggregated,44.500000,0.000000,14,18,21,25,49,68,80,84,95,550,620,77008,63,14,20.708383440645427,3.4921999904327095,620.3886999865063,34.094691460627466
1779036154,20,,Aggregated,45.000000,0.000000,14,18,21,25,49,68,80,84,95,550,620,77047,63,14,20.704327370272264,3.4921999904327095,620.3886999865063,34.09627889470064
1779036155,20,,Aggregated,44.900000,0.000000,14,18,21,25,49,68,80,84,95,550,620,77095,63,14,20.705255134541353,3.4921999904327095,620.3886999865063,34.09496076269538
1779036156,20,,Aggregated,45.200000,0.000000,14,18,21,25,49,68,80,84,95,550,620,77143,63,14,20.704077414642956,3.4921999904327095,620.3886999865063,34.096962783402255
1779036157,20,,Aggregated,44.700000,0.000000,14,18,21,25,49,68,80,84,95,550,620,77188,63,14,20.701998021683675,3.4921999904327095,620.3886999865063,34.09735969321656
1779036158,20,,Aggregated,44.600000,0.000000,14,18,21,25,49,68,80,84,95,550,620,77232,63,14,20.70044451131165,3.4921999904327095,620.3886999865063,34.10030816241972
1779036159,20,,Aggregated,45.000000,0.000000,14,18,21,25,49,68,80,84,95,550,620,77281,63,14,20.700650316351727,3.4921999904327095,620.3886999865063,34.102573724460086
1779036160,20,,Aggregated,44.900000,0.000000,14,18,21,25,49,68,80,84,95,550,620,77320,63,14,20.702435433236687,3.4921999904327095,620.3886999865063,34.10209518882566
1779036161,20,,Aggregated,45.000000,0.000000,14,18,21,25,49,68,80,84,95,550,620,77362,63,14,20.700671728986435,3.4921999904327095,620.3886999865063,34.103642615237455
1779036162,20,,Aggregated,45.100000,0.000000,14,18,21,25,49,68,80,84,95,550,620,77411,63,14,20.698307195329253,3.4921999904327095,620.3886999865063,34.104287504359846
1779036163,20,,Aggregated,44.800000,0.000000,14,18,21,25,49,68,80,84,95,550,620,77454,63,14,20.70197325119034,3.4921999904327095,620.3886999865063,34.103015983680635
1779036164,20,,Aggregated,44.600000,0.000000,14,18,21,25,49,68,80,84,95,550,620,77500,63,14,20.704819974164298,3.4921999904327095,620.3886999865063,34.10252903225806
1779036165,20,,Aggregated,44.200000,0.000000,14,18,21,25,49,69,80,84,95,550,620,77537,63,14,20.706579302753976,3.4921999904327095,620.3886999865063,34.101848149915526
1779036166,20,,Aggregated,44.300000,0.000000,14,18,21,25,49,69,80,84,95,550,620,77583,63,14,20.70616930123655,3.4921999904327095,620.3886999865063,34.10325715685137
1779036167,20,,Aggregated,44.100000,0.000000,14,18,21,25,49,69,80,84,95,550,620,77620,63,14,20.706159773226492,3.4921999904327095,620.3886999865063,34.10345271837156
1779036168,20,,Aggregated,44.000000,0.000000,14,18,21,25,49,69,80,84,95,550,620,77664,63,14,20.706545011817024,3.4921999904327095,620.3886999865063,34.10352286773795
1779036169,20,,Aggregated,43.400000,0.000000,14,18,21,25,49,69,80,84,95,550,620,77709,63,14,20.705929966898548,3.4921999904327095,620.3886999865063,34.10527738099834
1779036170,20,,Aggregated,42.300000,0.000000,14,18,21,25,49,69,80,84,95,550,620,77753,63,14,20.70785352845453,3.4921999904327095,620.3886999865063,34.10649106786877
1779036171,20,,Aggregated,42.400000,0.000000,14,18,21,25,49,69,80,84,95,550,620,77795,63,14,20.710079544933006,3.4921999904327095,620.3886999865063,34.10573944340896
1779036172,20,,Aggregated,42.900000,0.000000,14,18,21,25,49,69,80,84,95,550,620,77844,63,14,20.712425521531742,3.4921999904327095,620.3886999865063,34.10693181234264
1779036173,20,,Aggregated,43.100000,0.000000,14,18,21,25,49,69,80,84,95,550,620,77887,63,14,20.71080268463612,3.4921999904327095,620.3886999865063,34.10836211434514
1779036174,20,,Aggregated,42.700000,0.000000,14,18,21,25,49,69,80,84,95,550,620,77933,63,14,20.71309771853265,3.4921999904327095,620.3886999865063,34.10976094850705
1779036175,20,,Aggregated,43.300000,0.000000,14,18,21,25,49,69,80,84,95,550,620,77973,63,14,20.711253701904248,3.4921999904327095,620.3886999865063,34.1099354904903
1779036176,20,,Aggregated,43.200000,0.000000,14,18,21,25,49,69,80,84,95,550,620,78017,63,14,20.71221189994951,3.4921999904327095,620.3886999865063,34.10921978543138
1779036177,20,,Aggregated,43.500000,0.000000,14,18,21,25,49,69,80,84,95,550,620,78065,63,14,20.710279878286556,3.4921999904327095,620.3886999865063,34.11075385896368
1779036178,20,,Aggregated,43.100000,0.000000,14,18,21,25,49,69,80,84,95,550,620,78104,63,14,20.71012663241916,3.4921999904327095,620.3886999865063,34.1106601454471
1779036179,20,,Aggregated,43.600000,0.000000,14,18,21,25,49,69,80,84,95,550,620,78144,63,14,20.70959031529505,3.4921999904327095,620.3886999865063,34.11151208026208
1779036180,20,,Aggregated,44.100000,0.000000,14,18,21,25,49,69,80,84,95,550,620,78187,63,14,20.70965571640557,3.4921999904327095,620.3886999865063,34.11178328878202
1779036181,20,,Aggregated,43.700000,0.000000,14,18,21,25,49,69,80,84,95,550,620,78232,63,14,20.710532376758668,3.4921999904327095,620.3886999865063,34.112179159423256
1779036182,20,,Aggregated,42.800000,0.000000,14,18,21,25,49,69,80,84,95,550,620,78274,63,14,20.71034038503834,3.4921999904327095,620.3886999865063,34.110943608350155
1779036183,20,,Aggregated,42.800000,0.000000,14,18,21,25,49,69,80,84,95,550,620,78312,63,14,20.710953131045855,3.4921999904327095,620.3886999865063,34.110711002145266
1779036184,20,,Aggregated,43.100000,0.000000,14,18,21,25,49,69,80,84,95,550,620,78360,63,14,20.709872244746393,3.4921999904327095,620.3886999865063,34.11131955079122
1779036185,20,,Aggregated,42.600000,0.000000,14,18,21,25,49,69,80,84,95,550,620,78408,63,14,20.7095555708348,3.4921999904327095,620.3886999865063,34.11250127538006
1779036186,20,,Aggregated,42.500000,0.000000,14,18,21,25,49,69,80,84,95,550,620,78449,63,14,20.70900323647491,3.4921999904327095,620.3886999865063,34.11194534028477
1779036187,20,,Aggregated,42.500000,0.000000,14,18,21,25,49,69,80,84,95,550,620,78495,63,14,20.712621649763562,3.4921999904327095,620.3886999865063,34.11125549398051
1779036188,20,,Aggregated,43.200000,0.000000,14,18,21,25,49,69,80,84,95,550,620,78549,63,14,20.71307436119935,3.4921999904327095,620.3886999865063,34.1103133076169
1779036189,20,,Aggregated,42.900000,0.000000,14,18,21,25,49,69,80,84,95,550,620,78593,63,14,20.711606317329256,3.4921999904327095,620.3886999865063,34.11092590943214
1779036190,20,,Aggregated,43.800000,0.000000,14,18,21,25,49,69,80,84,95,550,620,78641,63,14,20.712088340661282,3.4921999904327095,620.3886999865063,34.11141770832009
1779036191,20,,Aggregated,44.000000,0.000000,14,18,21,25,49,69,80,84,95,550,620,78691,63,14,20.711616474539102,3.4921999904327095,620.3886999865063,34.112693954836004
1779036192,20,,Aggregated,45.100000,0.000000,14,18,21,25,49,69,80,84,95,550,620,78727,63,14,20.70965791530323,3.4921999904327095,620.3886999865063,34.11302348622455
1779036193,20,,Aggregated,45.300000,0.000000,14,18,21,25,49,69,80,84,95,550,620,78778,63,14,20.710389677302587,3.4921999904327095,620.3886999865063,34.1117951712407
1779036194,20,,Aggregated,45.300000,0.000000,14,18,21,25,49,69,80,84,95,550,620,78817,63,14,20.709546925138397,3.4921999904327095,620.3886999865063,34.11302130251088
1779036195,20,,Aggregated,45.500000,0.000000,14,18,21,25,49,69,80,84,95,550,620,78863,63,14,20.70700557040185,3.4921999904327095,620.3886999865063,34.112765175050406
1779036196,20,,Aggregated,45.500000,0.000000,14,18,21,25,49,69,80,84,95,550,620,78913,63,14,20.70529566862997,3.4921999904327095,620.3886999865063,34.11538022885963
1779036197,20,,Aggregated,45.100000,0.000000,14,18,21,25,49,69,80,84,95,550,620,78958,63,14,20.70610597657585,3.4921999904327095,620.3886999865063,34.112933458294286
1779036198,20,,Aggregated,45.500000,0.000000,14,18,21,25,49,69,80,84,95,550,620,79009,63,14,20.70508057308144,3.4921999904327095,620.3886999865063,34.11353136984394
1779036199,20,,Aggregated,46.200000,0.000000,14,18,21,25,49,69,80,84,95,550,620,79058,63,14,20.70670087908325,3.4921999904327095,620.3886999865063,34.112069619772825
1779036200,20,,Aggregated,45.300000,0.000000,14,18,21,25,49,69,80,84,95,550,620,79097,63,14,20.707176071136328,3.4921999904327095,620.3886999865063,34.11277292438398
1779036201,20,,Aggregated,45.600000,0.000000,14,18,21,25,49,69,80,84,95,550,620,79144,64,14,20.70624131202434,3.4921999904327095,620.3886999865063,34.11184676033559
1779036202,20,,Aggregated,45.300000,0.000000,14,18,21,25,49,69,80,84,95,550,620,79187,64,14,20.706644959385276,3.4921999904327095,620.3886999865063,34.11013171353884
1779036203,20,,Aggregated,45.300000,0.100000,14,18,21,25,49,69,80,84,95,550,620,79229,64,14,20.70985809613428,3.4921999904327095,620.3886999865063,34.110010223529265
1779036204,20,,Aggregated,45.400000,0.100000,14,18,21,25,49,69,80,84,95,550,620,79274,64,14,20.711894540436294,3.4921999904327095,620.3886999865063,34.11017483664253
1779036205,20,,Aggregated,45.000000,0.100000,14,18,21,25,49,69,80,84,95,550,620,79317,64,14,20.709449469830762,3.4921999904327095,620.3886999865063,34.111338048589836
1779036206,20,,Aggregated,45.200000,0.100000,14,18,21,25,49,69,80,84,95,550,620,79360,64,14,20.70672356726831,3.4921999904327095,620.3886999865063,34.11331905241936
1779036207,20,,Aggregated,45.500000,0.100000,14,18,21,25,49,69,80,84,95,550,620,79406,64,14,20.70477547790105,3.4921999904327095,620.3886999865063,34.11348008966577
1779036208,20,,Aggregated,44.700000,0.100000,14,18,21,25,49,69,80,84,95,550,620,79455,64,14,20.708286674193836,3.4921999904327095,620.3886999865063,34.110679000692215
1779036209,20,,Aggregated,44.500000,0.100000,14,18,21,25,49,69,80,84,95,550,620,79495,64,14,20.71125899739758,3.4921999904327095,620.3886999865063,34.10998175985911
1779036210,20,,Aggregated,44.500000,0.100000,14,18,21,25,49,69,80,84,95,550,620,79541,64,14,20.710688988045906,3.4921999904327095,620.3886999865063,34.11078563256685
1779036211,20,,Aggregated,44.400000,0.100000,14,18,21,25,49,69,80,84,95,550,620,79593,64,14,20.71168344575756,3.4921999904327095,620.3886999865063,34.11152990840903
1779036212,20,,Aggregated,43.600000,0.100000,14,18,21,25,49,69,80,84,95,550,620,79633,64,14,20.71147170517551,3.4921999904327095,620.3886999865063,34.11181294187083
1779036213,20,,Aggregated,43.700000,0.000000,14,18,21,25,49,69,80,84,95,550,620,79675,64,14,20.71300788952758,3.4921999904327095,620.3886999865063,34.110411044869785
1779036214,20,,Aggregated,44.300000,0.000000,14,18,21,25,49,69,80,84,95,550,620,79723,64,14,20.71110058826333,3.4921999904327095,620.3886999865063,34.11139821632402
1779036215,20,,Aggregated,44.200000,0.000000,14,18,21,25,49,69,80,84,95,550,620,79774,64,14,20.710939552967965,3.4921999904327095,620.3886999865063,34.110361772005916
