Timestamp,User Count,Type,Name,Requests/s,Failures/s,50%,66%,75%,80%,90%,95%,98%,99%,99.9%,99.99%,100%,Total Request Count,Total Failure Count,Total Median Response Time,Total Average Response Time,Total Min Response Time,Total Max Response Time,Total Average Content Size
1779032616,0,,Aggregated,0.000000,0.000000,N/A,N/A,N/A,N/A,N/A,N/A,N/A,N/A,N/A,N/A,N/A,0,0,0,0.0,0,0,0
1779032617,10,,Aggregated,0.000000,0.000000,130,180,200,200,310,480,480,480,480,480,480,19,0,130,145.47319998842124,9.007300017401576,477.2668000077829,21.526315789473685
1779032618,20,,Aggregated,0.000000,0.000000,130,200,250,290,480,560,1100,1100,1100,1100,1100,50,0,130,190.91662799473852,5.599199968855828,1097.7181000052951,20.7
1779032619,40,,Aggregated,9.000000,0.000000,190,250,310,400,650,760,1100,1300,1300,1300,1300,84,0,180,259.46996666260975,5.141700035892427,1280.9387000161223,19.80952380952381
1779032620,50,,Aggregated,14.000000,0.000000,250,450,530,600,820,1000,1100,1300,1300,1300,1300,113,0,250,352.104928316157,5.141700035892427,1329.6721000224352,19.168141592920353
1779032621,60,,Aggregated,18.000000,0.000000,470,600,740,820,1000,1200,1300,1600,1700,1700,1700,153,1,470,479.72329803689206,5.141700035892427,1672.8972000419162,19.555555555555557
1779032622,70,,Aggregated,22.500000,0.000000,570,680,810,860,1100,1400,1700,1900,2000,2000,2000,196,3,570,570.7715132638423,5.141700035892427,1951.859000022523,19.4234693877551
1779032623,80,,Aggregated,24.400000,0.200000,640,780,860,950,1200,1400,1700,1900,2000,2000,2000,235,3,640,632.1204906354282,5.141700035892427,1951.859000022523,19.19148936170213
1779032624,90,,Aggregated,26.166667,0.166667,700,860,1000,1100,1300,1600,1700,1900,2000,2000,2000,271,6,700,714.4816778574441,5.141700035892427,1951.859000022523,19.232472324723247
1779032625,100,,Aggregated,29.714286,0.428571,770,1000,1200,1200,1600,1800,2000,2100,2200,2200,2200,307,7,770,824.1507087931634,5.141700035892427,2203.120400023181,19.04885993485342
1779032626,110,,Aggregated,30.750000,0.500000,860,1200,1300,1500,1800,2000,2200,2300,2600,2600,2600,347,7,860,933.4768435147172,5.141700035892427,2584.74160003243,19.24207492795389
1779032627,120,,Aggregated,31.444444,0.666667,1000,1300,1600,1700,1900,2200,2500,2700,2800,2800,2800,398,12,1000,1052.5295944710674,5.141700035892427,2835.0288000074215,19.44221105527638
1779032628,120,,Aggregated,31.800000,0.700000,1100,1500,1600,1700,2000,2200,2600,2700,2800,2800,2800,446,15,1100,1129.6044860977206,5.141700035892427,2835.0288000074215,19.484304932735427
1779032629,120,,Aggregated,35.300000,0.700000,1200,1600,1700,1800,2100,2300,2600,2700,2800,2800,2800,493,18,1200,1203.4450326557412,5.141700035892427,2835.0288000074215,19.450304259634887
1779032630,120,,Aggregated,37.900000,1.200000,1400,1700,1800,1900,2100,2300,2600,2700,2900,2900,2900,540,20,1400,1278.3378653687478,5.141700035892427,2913.2993999519385,19.538888888888888
1779032631,120,,Aggregated,40.300000,1.500000,1500,1700,1900,2000,2200,2600,2800,3100,3300,3300,3300,582,20,1500,1358.1324084175837,5.141700035892427,3287.346899975091,19.484536082474225
1779032632,120,,Aggregated,40.800000,1.800000,1600,1800,2000,2100,2400,2700,2900,3100,3300,3300,3300,621,20,1600,1428.1117326875994,5.141700035892427,3287.346899975091,19.30112721417069
1779032633,120,,Aggregated,42.100000,1.900000,1600,1900,2100,2200,2400,2700,2900,3100,3300,3300,3300,658,20,1600,1485.894947263234,5.141700035892427,3287.346899975091,19.27659574468085
1779032634,120,,Aggregated,43.000000,1.900000,1700,2000,2200,2300,2500,2800,3100,3200,3500,3500,3500,701,23,1700,1555.0001553485147,5.141700035892427,3461.4181999932043,19.293865905848786
1779032635,120,,Aggregated,41.900000,1.700000,1700,2100,2300,2300,2600,2900,3200,3300,3500,3500,3500,742,24,1700,1613.0562119933995,5.141700035892427,3517.2280999831855,19.330188679245282
1779032636,120,,Aggregated,41.600000,1.600000,1700,2200,2300,2400,2700,2900,3200,3300,3500,3500,3500,787,26,1700,1665.0819119428115,5.141700035892427,3517.2280999831855,19.273189326556544
1779032637,120,,Aggregated,42.300000,1.700000,1800,2200,2300,2400,2700,3000,3200,3300,3500,3500,3500,832,26,1800,1699.2294389410745,5.141700035892427,3517.2280999831855,19.276442307692307
1779032638,120,,Aggregated,42.900000,1.700000,1900,2200,2300,2400,2700,3000,3200,3300,3500,3500,3500,878,26,1900,1728.0885851926091,5.141700035892427,3517.2280999831855,19.315489749430522
1779032639,120,,Aggregated,43.200000,1.900000,1900,2200,2300,2400,2700,3000,3200,3300,3500,3500,3500,927,28,1900,1749.638199890982,5.141700035892427,3517.2280999831855,19.2470334412082
1779032640,120,,Aggregated,42.700000,1.400000,1900,2200,2300,2400,2700,3000,3200,3300,3500,3500,3500,984,29,1900,1771.982879470182,5.141700035892427,3517.2280999831855,19.301829268292682
1779032641,120,,Aggregated,42.800000,1.100000,1900,2200,2300,2400,2700,3000,3200,3300,3500,3500,3500,1043,31,1900,1771.9258493755556,5.141700035892427,3517.2280999831855,19.34228187919463
1779032642,120,,Aggregated,43.700000,1.000000,1900,2100,2300,2400,2700,3000,3200,3300,3500,3500,3500,1085,33,1900,1773.9674404597185,5.141700035892427,3517.2280999831855,19.32995391705069
1779032643,120,,Aggregated,44.600000,0.900000,1900,2100,2300,2400,2700,3000,3200,3300,3500,3500,3500,1124,36,1900,1785.8566612979746,5.141700035892427,3517.2280999831855,19.344306049822062
1779032644,120,,Aggregated,46.100000,1.100000,1900,2200,2300,2400,2700,3000,3200,3300,3500,3500,3500,1158,36,1900,1806.230319774316,5.141700035892427,3517.2280999831855,19.2720207253886
1779032645,120,,Aggregated,46.200000,1.300000,2000,2200,2300,2400,2700,3000,3200,3300,3500,3500,3500,1202,38,2000,1832.9159066544191,5.141700035892427,3517.2280999831855,19.222961730449253
1779032646,120,,Aggregated,46.800000,1.600000,2000,2200,2400,2400,2800,3000,3300,3400,3600,3700,3700,1244,38,2000,1861.367742844359,5.141700035892427,3725.0304000335746,19.215434083601288
1779032647,120,,Aggregated,45.700000,1.300000,2000,2200,2400,2400,2800,3000,3300,3400,3600,3700,3700,1292,38,2000,1879.6481654788086,5.141700035892427,3725.0304000335746,19.179566563467493
1779032648,120,,Aggregated,46.000000,1.400000,2000,2200,2400,2500,2800,3000,3300,3300,3600,3700,3700,1336,38,2000,1892.8576413910885,5.141700035892427,3725.0304000335746,19.13622754491018
1779032649,120,,Aggregated,45.500000,1.200000,2000,2300,2400,2500,2800,3000,3200,3300,3600,3700,3700,1379,38,2000,1902.6500406805724,5.141700035892427,3725.0304000335746,19.09354604786077
1779032650,120,,Aggregated,46.000000,1.200000,2000,2200,2400,2500,2800,3000,3200,3300,3600,3700,3700,1422,38,2000,1913.272910125445,5.141700035892427,3725.0304000335746,19.071729957805907
1779032651,120,,Aggregated,45.500000,1.200000,2000,2300,2400,2500,2800,3000,3200,3300,3600,3700,3700,1461,39,2000,1927.0179927436582,5.141700035892427,3725.0304000335746,19.059548254620122
1779032652,120,,Aggregated,44.600000,1.000000,2100,2300,2400,2500,2800,3100,3300,3300,3600,3700,3700,1501,41,2100,1948.1612660216406,5.141700035892427,3725.0304000335746,19.01665556295803
1779032653,120,,Aggregated,43.600000,0.900000,2100,2300,2400,2500,2800,3100,3300,3300,3600,3700,3700,1542,43,2100,1963.5949898822594,5.141700035892427,3725.0304000335746,19.088197146562905
1779032654,120,,Aggregated,41.600000,0.800000,2100,2300,2400,2500,2900,3100,3300,3400,3600,3700,3700,1586,43,2100,1979.4511077543139,5.141700035892427,3725.0304000335746,19.078814627994955
1779032655,120,,Aggregated,41.800000,0.800000,2100,2300,2400,2500,2900,3100,3300,3400,3600,3700,3700,1632,44,2100,1989.3190466287956,5.141700035892427,3725.0304000335746,19.07598039215686
1779032656,120,,Aggregated,41.200000,0.700000,2100,2300,2400,2500,2900,3100,3300,3400,3600,3700,3700,1668,45,2100,1998.0339431643251,5.141700035892427,3725.0304000335746,19.08093525179856
1779032657,120,,Aggregated,42.600000,0.700000,2100,2300,2400,2500,2900,3100,3300,3400,3600,3700,3700,1711,46,2100,2010.5388370533199,5.141700035892427,3725.0304000335746,19.077147866744593
1779032659,120,,Aggregated,42.500000,0.600000,2100,2300,2400,2500,2900,3100,3300,3400,3600,3700,3700,1760,49,2100,2023.4666746013813,5.141700035892427,3725.0304000335746,19.09659090909091
1779032660,120,,Aggregated,41.900000,0.700000,2100,2300,2400,2500,2900,3100,3300,3400,3600,3700,3700,1800,49,2100,2031.9321275546745,5.141700035892427,3725.0304000335746,19.075555555555557
1779032661,120,,Aggregated,41.700000,0.800000,2100,2300,2400,2600,2900,3100,3300,3400,3600,3700,3700,1842,50,2100,2039.2097067310353,5.141700035892427,3725.0304000335746,19.066232356134638
1779032662,120,,Aggregated,42.000000,1.100000,2200,2300,2500,2600,2900,3100,3300,3400,3600,3700,3700,1880,51,2100,2048.4405852119844,5.141700035892427,3725.0304000335746,19.020744680851063
1779032663,120,,Aggregated,41.700000,1.200000,2200,2300,2500,2600,2900,3100,3300,3400,3600,3700,3700,1928,55,2200,2059.238160113225,5.141700035892427,3725.0304000335746,19.068464730290458
1779032664,120,,Aggregated,41.700000,1.200000,2200,2300,2500,2600,2900,3100,3300,3400,3600,3700,3700,1968,56,2200,2065.7662127024837,5.141700035892427,3725.0304000335746,19.097560975609756
1779032665,120,,Aggregated,41.600000,1.200000,2200,2300,2500,2600,2900,3100,3300,3400,3600,3700,3700,1996,56,2200,2073.5999814121,5.141700035892427,3725.0304000335746,19.049599198396795
1779032666,120,,Aggregated,42.600000,1.300000,2200,2400,2500,2600,2900,3200,3300,3400,3600,3700,3700,2036,57,2200,2086.9528650778934,5.141700035892427,3725.0304000335746,19.01277013752456
1779032667,120,,Aggregated,40.700000,1.300000,2200,2400,2500,2600,2900,3200,3300,3400,3600,3700,3700,2068,59,2200,2099.2289554151876,5.141700035892427,3725.0304000335746,19.003868471953577
1779032668,120,,Aggregated,40.200000,1.300000,2200,2400,2500,2700,2900,3200,3300,3400,3800,3900,3900,2114,60,2200,2116.5545941809064,5.141700035892427,3869.609799992759,19.000946073793756
1779032669,120,,Aggregated,39.900000,1.400000,2200,2400,2500,2700,3000,3200,3300,3500,3800,3900,3900,2159,61,2200,2126.5597461318466,5.141700035892427,3869.609799992759,18.995831403427513
1779032670,120,,Aggregated,39.900000,1.400000,2200,2400,2500,2700,3000,3200,3300,3500,3800,3900,3900,2206,64,2200,2129.6222672251256,5.141700035892427,3869.609799992759,19.008612873980056
1779032671,120,,Aggregated,39.500000,1.200000,2200,2400,2500,2700,3000,3200,3300,3500,3800,3900,3900,2258,68,2200,2130.905883170272,5.141700035892427,3869.609799992759,19.014171833480958
1779032672,120,,Aggregated,40.200000,1.500000,2200,2400,2500,2700,3000,3200,3300,3500,3800,3900,3900,2300,68,2200,2129.38531452117,5.141700035892427,3869.609799992759,19.029565217391305
1779032673,120,,Aggregated,41.100000,1.800000,2200,2400,2500,2700,2900,3200,3300,3400,3800,3900,3900,2354,68,2200,2127.7615519536466,5.141700035892427,3869.609799992759,19.01911639762107
1779032674,120,,Aggregated,41.400000,1.700000,2200,2400,2500,2600,2900,3200,3300,3400,3800,3900,3900,2404,70,2200,2124.742061896507,5.141700035892427,3869.609799992759,19.031198003327788
1779032675,120,,Aggregated,43.200000,1.300000,2200,2400,2500,2600,2900,3200,3300,3400,3800,3900,3900,2447,71,2200,2124.4031510826185,5.141700035892427,3869.609799992759,19.009399264405396
1779032676,120,,Aggregated,43.500000,1.400000,2200,2400,2500,2600,2900,3200,3300,3400,3800,3900,3900,2483,71,2200,2126.396563108821,5.141700035892427,3869.609799992759,18.97301651228353
1779032677,120,,Aggregated,44.800000,1.500000,2200,2400,2500,2600,2900,3200,3300,3400,3800,3900,3900,2522,71,2200,2131.972414630941,5.141700035892427,3869.609799992759,18.963521015067407
1779032678,120,,Aggregated,44.500000,1.400000,2200,2400,2500,2600,2900,3200,3300,3400,3800,3900,3900,2565,72,2200,2141.037664872995,5.141700035892427,3869.609799992759,18.965302144249513
1779032679,120,,Aggregated,45.200000,1.200000,2200,2400,2500,2700,2900,3200,3300,3400,3800,3900,3900,2614,73,2200,2145.586627084646,5.141700035892427,3869.609799992759,18.98469778117827
1779032680,120,,Aggregated,44.700000,1.200000,2200,2400,2500,2700,2900,3200,3300,3400,3800,3900,3900,2671,75,2200,2145.6612709469077,5.141700035892427,3869.609799992759,18.967053538000748
1779032681,120,,Aggregated,45.400000,1.200000,2200,2400,2500,2600,2900,3200,3300,3400,3800,3900,3900,2715,75,2200,2141.9920189684553,5.141700035892427,3869.609799992759,18.987108655616943
1779032682,120,,Aggregated,46.600000,1.100000,2200,2400,2500,2600,2900,3200,3300,3400,3800,3900,3900,2753,76,2200,2141.9704596801807,5.141700035892427,3869.609799992759,18.968034871049763
1779032683,120,,Aggregated,45.600000,0.700000,2200,2400,2500,2600,2900,3200,3300,3400,3800,3900,3900,2785,76,2200,2146.383401472121,5.141700035892427,3869.609799992759,18.93967684021544
1779032684,120,,Aggregated,45.300000,0.800000,2200,2400,2600,2700,2900,3200,3300,3400,3800,3900,3900,2826,77,2200,2155.4237761499653,5.141700035892427,3869.609799992759,18.93949044585987
1779032685,120,,Aggregated,42.900000,0.800000,2200,2400,2600,2700,2900,3200,3300,3500,3800,3900,3900,2870,78,2200,2163.589244459891,5.141700035892427,3869.609799992759,18.95609756097561
1779032686,120,,Aggregated,41.400000,0.700000,2200,2400,2600,2700,3000,3200,3400,3500,3800,4000,4000,2921,80,2200,2169.148489558358,5.141700035892427,3999.8682999867015,18.933242040397126
1779032687,120,,Aggregated,41.500000,0.600000,2200,2400,2600,2700,3000,3200,3400,3500,3800,4000,4000,2964,80,2200,2167.331307928436,5.141700035892427,3999.8682999867015,18.941970310391362
1779032688,120,,Aggregated,42.900000,0.800000,2200,2400,2600,2700,2900,3200,3300,3500,3800,4000,4000,3011,80,2200,2166.2945363666154,5.141700035892427,3999.8682999867015,18.934905347060777
1779032689,120,,Aggregated,44.100000,0.900000,2200,2400,2600,2700,2900,3200,3300,3500,3800,4000,4000,3057,80,2200,2166.8217695453304,5.141700035892427,3999.8682999867015,18.923454367026498
1779032690,120,,Aggregated,44.500000,0.800000,2200,2400,2600,2700,2900,3200,3300,3500,3800,4000,4000,3099,80,2200,2167.6637258792694,5.141700035892427,3999.8682999867015,18.937076476282673
1779032691,120,,Aggregated,43.300000,0.700000,2200,2400,2600,2700,2900,3200,3300,3500,3800,4000,4000,3142,80,2200,2170.4099851050255,5.141700035892427,3999.8682999867015,18.93634627625716
1779032692,120,,Aggregated,42.300000,0.500000,2200,2400,2600,2700,2900,3200,3300,3500,3800,4000,4000,3182,80,2200,2173.9191839408777,5.141700035892427,3999.8682999867015,18.919861722187303
1779032693,120,,Aggregated,42.000000,0.500000,2200,2400,2600,2700,2900,3200,3300,3500,3800,4000,4000,3212,80,2200,2177.4920797010664,5.141700035892427,3999.8682999867015,18.90722291407223
1779032694,120,,Aggregated,42.000000,0.400000,2200,2400,2600,2700,3000,3200,3300,3500,3800,4000,4000,3259,81,2200,2185.631239367893,5.141700035892427,3999.8682999867015,18.891377723227983
1779032695,120,,Aggregated,42.800000,0.400000,2200,2400,2600,2700,3000,3200,3400,3500,3800,4000,4000,3299,81,2200,2190.955743194895,5.141700035892427,3999.8682999867015,18.87935738102455
1779032696,120,,Aggregated,43.100000,0.400000,2200,2400,2600,2700,3000,3200,3400,3500,3800,4000,4000,3331,82,2200,2194.839006604625,5.141700035892427,3999.8682999867015,18.879315520864605
1779032697,120,,Aggregated,42.800000,0.400000,2200,2400,2600,2700,3000,3200,3400,3500,3800,4000,4000,3366,83,2200,2200.479632442034,5.141700035892427,3999.8682999867015,18.890374331550802
1779032698,120,,Aggregated,42.000000,0.300000,2200,2400,2600,2700,3000,3200,3400,3500,3800,4000,4000,3408,85,2200,2207.6766512910513,5.141700035892427,3999.8682999867015,18.88086854460094
1779032699,120,,Aggregated,40.000000,0.300000,2300,2500,2600,2700,3000,3200,3400,3500,3800,4000,4000,3457,87,2300,2213.881494677403,5.141700035892427,3999.8682999867015,18.91061614116286
1779032700,120,,Aggregated,39.900000,0.500000,2300,2500,2600,2700,3000,3200,3400,3500,3800,4000,4000,3495,88,2300,2216.8007555936824,5.141700035892427,3999.8682999867015,18.88698140200286
1779032701,120,,Aggregated,40.600000,0.600000,2300,2500,2600,2700,3000,3200,3400,3500,3800,4000,4000,3548,90,2300,2217.269248985283,5.141700035892427,3999.8682999867015,18.88444193912063
1779032702,120,,Aggregated,39.100000,0.800000,2200,2400,2600,2700,3000,3200,3400,3500,3800,4000,4000,3604,91,2200,2214.3188413429043,5.141700035892427,3999.8682999867015,18.87624861265261
1779032703,120,,Aggregated,40.600000,1.000000,2200,2400,2600,2700,3000,3200,3400,3500,3800,4000,4000,3643,91,2200,2213.1933011528736,5.141700035892427,3999.8682999867015,18.872906944825694
1779032704,120,,Aggregated,42.200000,1.100000,2200,2400,2600,2700,3000,3200,3400,3500,3800,4000,4000,3682,92,2200,2213.2317732482647,5.141700035892427,3999.8682999867015,18.872623574144487
1779032705,120,,Aggregated,41.900000,1.100000,2200,2400,2600,2700,3000,3200,3400,3500,3800,4000,4000,3724,92,2200,2216.524776960289,5.141700035892427,3999.8682999867015,18.87486573576799
1779032706,120,,Aggregated,42.100000,1.000000,2300,2400,2600,2700,3000,3200,3400,3500,3800,4000,4000,3762,92,2300,2219.2940961456807,5.141700035892427,3999.8682999867015,18.884370015948964
1779032707,120,,Aggregated,42.500000,1.100000,2300,2400,2600,2700,3000,3200,3400,3500,3800,4000,4000,3797,92,2300,2222.7825293126607,5.141700035892427,3999.8682999867015,18.87516460363445
1779032708,120,,Aggregated,42.600000,1.000000,2300,2500,2600,2700,3000,3200,3400,3500,3800,4000,4000,3833,93,2300,2228.2125327942713,5.141700035892427,3999.8682999867015,18.85677015392643
1779032709,120,,Aggregated,42.500000,0.900000,2300,2500,2600,2700,3000,3200,3400,3500,3800,4000,4000,3880,97,2300,2235.8652608248453,5.141700035892427,3999.8682999867015,18.86365979381443
1779032710,120,,Aggregated,41.900000,0.800000,2300,2500,2600,2700,3000,3200,3400,3500,3800,4000,4000,3919,97,2300,2239.7154347283135,5.141700035892427,3999.8682999867015,18.85736157182955
1779032711,120,,Aggregated,41.900000,0.900000,2300,2500,2600,2700,3000,3200,3400,3500,3800,4000,4000,3968,98,2300,2241.212344329684,5.141700035892427,3999.8682999867015,18.87626008064516
1779032712,120,,Aggregated,42.000000,0.900000,2300,2500,2600,2700,3000,3200,3400,3500,3800,4000,4000,4009,101,2300,2241.8492367424265,5.141700035892427,3999.8682999867015,18.87054128211524
1779032713,120,,Aggregated,41.200000,0.800000,2300,2500,2600,2700,3000,3200,3400,3500,3800,4000,4000,4048,101,2300,2242.7513856226547,5.141700035892427,3999.8682999867015,18.86240118577075
1779032714,120,,Aggregated,40.600000,0.900000,2300,2500,2600,2700,3000,3200,3400,3500,3800,4000,4000,4081,101,2300,2245.120180789152,5.141700035892427,3999.8682999867015,18.850771869639793
1779032715,120,,Aggregated,41.000000,1.000000,2300,2500,2600,2700,3000,3200,3400,3500,3800,4000,4000,4126,102,2300,2250.4248031023476,5.141700035892427,3999.8682999867015,18.850460494425594
1779032716,120,,Aggregated,39.900000,1.000000,2300,2500,2600,2700,3000,3200,3400,3500,3800,4000,4000,4160,102,2300,2254.765354158803,5.141700035892427,3999.8682999867015,18.851201923076925
1779032717,120,,Aggregated,39.900000,0.900000,2300,2500,2600,2700,3000,3200,3400,3500,3800,4000,4000,4200,104,2300,2258.0713040239025,5.141700035892427,3999.8682999867015,18.866666666666667
1779032718,120,,Aggregated,39.500000,1.000000,2300,2500,2600,2700,3000,3200,3400,3500,3800,4000,4000,4240,105,2300,2260.8777045519782,5.141700035892427,3999.8682999867015,18.872877358490566
1779032719,120,,Aggregated,40.400000,1.200000,2300,2500,2600,2700,3000,3200,3400,3500,3800,4000,4000,4285,107,2300,2264.0725891483025,5.141700035892427,3999.8682999867015,18.87747957992999
1779032720,120,,Aggregated,40.500000,1.100000,2300,2500,2600,2700,3000,3200,3400,3500,3800,4000,4000,4332,109,2300,2265.483390074003,5.141700035892427,3999.8682999867015,18.87903970452447
1779032721,120,,Aggregated,39.700000,1.100000,2300,2500,2600,2700,3000,3200,3400,3500,3800,4000,4000,4363,111,2300,2265.8382237223036,5.141700035892427,3999.8682999867015,18.883107953243183
1779032722,120,,Aggregated,41.100000,1.100000,2300,2500,2600,2700,3000,3200,3400,3500,3800,4000,4000,4406,112,2300,2268.2323004540335,5.141700035892427,3999.8682999867015,18.871538810712664
1779032723,120,,Aggregated,40.600000,1.200000,2300,2500,2600,2700,3000,3200,3400,3500,3800,4000,4000,4441,115,2300,2270.8283444045255,5.141700035892427,3999.8682999867015,18.882233731141636
1779032724,120,,Aggregated,39.200000,1.200000,2300,2500,2600,2700,3000,3200,3400,3500,3800,4000,4000,4491,117,2300,2274.9319739480006,5.141700035892427,3999.8682999867015,18.88599421064351
1779032725,120,,Aggregated,39.400000,1.400000,2300,2500,2600,2700,3000,3200,3400,3500,3800,4000,4000,4539,120,2300,2275.898119013111,5.141700035892427,3999.8682999867015,18.893368583388412
1779032726,120,,Aggregated,40.700000,1.500000,2300,2500,2600,2700,3000,3200,3400,3500,3800,4000,4000,4585,122,2300,2274.159470643458,5.141700035892427,3999.8682999867015,18.89225736095965
1779032727,120,,Aggregated,40.600000,1.800000,2300,2500,2600,2700,3000,3200,3400,3500,3800,4000,4000,4623,123,2300,2273.3142508544884,5.141700035892427,3999.8682999867015,18.893359290504
1779032728,120,,Aggregated,42.000000,1.900000,2300,2500,2600,2700,3000,3200,3400,3500,3800,4000,4000,4665,123,2300,2273.7010720043404,5.141700035892427,3999.8682999867015,18.891961414790998
1779032729,120,,Aggregated,42.300000,1.800000,2300,2500,2600,2700,3000,3200,3400,3500,3800,4000,4000,4699,125,2300,2276.3799342201205,5.141700035892427,3999.8682999867015,18.88210257501596
1779032730,120,,Aggregated,42.600000,1.900000,2300,2500,2600,2700,3000,3200,3400,3500,3800,4000,4000,4736,126,2300,2280.2352968750606,5.141700035892427,3999.8682999867015,18.87056587837838
1779032731,120,,Aggregated,42.000000,1.800000,2300,2500,2600,2700,3000,3200,3400,3500,3800,4000,4000,4772,126,2300,2284.8384735960326,5.141700035892427,3999.8682999867015,18.858549874266554
1779032732,120,,Aggregated,40.500000,1.800000,2300,2500,2600,2700,3000,3300,3400,3500,3800,4000,4000,4807,126,2300,2290.286240295443,5.141700035892427,4015.150299994275,18.853130850842522
1779032733,120,,Aggregated,40.100000,1.600000,2300,2500,2700,2700,3000,3300,3400,3600,3900,4100,4100,4856,127,2300,2295.8378890651193,5.141700035892427,4091.404100006912,18.857289950576607
1779032734,120,,Aggregated,40.500000,1.400000,2300,2500,2700,2800,3000,3300,3400,3600,3900,4100,4100,4901,127,2300,2297.756354886783,5.141700035892427,4091.404100006912,18.86900632523975
1779032735,120,,Aggregated,39.900000,1.200000,2300,2500,2700,2800,3000,3300,3400,3600,3900,4100,4100,4927,127,2300,2299.7076710168744,5.141700035892427,4091.404100006912,18.8591434950274
1779032736,120,,Aggregated,39.400000,1.100000,2300,2500,2700,2800,3000,3300,3400,3600,3900,4100,4100,4976,129,2300,2303.484180285408,5.141700035892427,4091.404100006912,18.858520900321544
1779032737,120,,Aggregated,39.400000,0.800000,2300,2500,2700,2800,3000,3300,3400,3600,3900,4100,4100,5029,130,2300,2304.1210837543103,5.141700035892427,4091.404100006912,18.882083913302843
1779032738,120,,Aggregated,37.400000,0.800000,2300,2500,2700,2800,3000,3300,3400,3600,3900,4100,4100,5068,130,2300,2303.542673697801,5.141700035892427,4091.404100006912,18.881807419100237
1779032739,120,,Aggregated,38.600000,0.800000,2300,2500,2700,2700,3000,3300,3400,3600,3900,4100,4100,5103,130,2300,2302.4027925143087,5.141700035892427,4091.404100006912,18.886929257299627
1779032740,120,,Aggregated,39.000000,0.700000,2300,2500,2700,2800,3000,3300,3400,3600,3900,4100,4100,5144,132,2300,2304.003807717809,5.141700035892427,4091.404100006912,18.88549766718507
1779032741,120,,Aggregated,40.200000,0.600000,2300,2500,2700,2800,3000,3300,3400,3600,3900,4100,4100,5179,132,2300,2307.006328596343,5.141700035892427,4091.404100006912,18.875072407800733
1779032742,120,,Aggregated,40.500000,0.600000,2300,2500,2700,2800,3000,3300,3400,3600,3900,4100,4100,5223,134,2300,2310.269210377258,5.141700035892427,4091.404100006912,18.888186865785947
1779032743,120,,Aggregated,40.600000,0.600000,2300,2500,2700,2800,3000,3300,3400,3600,3900,4100,4100,5269,134,2300,2312.0301932055986,5.141700035892427,4091.404100006912,18.880812298348832
1779032744,120,,Aggregated,40.700000,0.800000,2300,2500,2700,2800,3000,3300,3400,3600,3900,4100,4100,5313,134,2300,2311.475548786063,5.141700035892427,4091.404100006912,18.877093920572182
1779032745,120,,Aggregated,41.900000,0.700000,2300,2500,2700,2800,3000,3300,3400,3600,3900,4100,4100,5357,134,2300,2311.8602093709633,5.141700035892427,4091.404100006912,18.879596789247714
1779032746,120,,Aggregated,42.000000,0.700000,2300,2500,2700,2800,3000,3300,3400,3600,3900,4100,4100,5392,134,2300,2312.322855174341,5.141700035892427,4091.404100006912,18.867952522255194
1779032747,120,,Aggregated,42.000000,0.700000,2300,2500,2700,2800,3000,3300,3400,3600,3900,4100,4100,5433,135,2300,2313.774451702539,5.141700035892427,4091.404100006912,18.863611264494754
1779032748,120,,Aggregated,42.900000,0.500000,2300,2500,2700,2800,3000,3300,3400,3600,3900,4100,4100,5473,135,2300,2316.016097843929,5.141700035892427,4091.404100006912,18.86296363968573
1779032749,120,,Aggregated,41.100000,0.500000,2300,2500,2700,2800,3000,3300,3400,3600,3900,4100,4100,5516,136,2300,2317.9925436910607,5.141700035892427,4091.404100006912,18.857324147933284
1779032750,120,,Aggregated,40.900000,0.500000,2300,2500,2700,2800,3000,3300,3400,3600,3900,4100,4100,5554,136,2300,2318.5641984875515,5.141700035892427,4091.404100006912,18.846236946344977
1779032751,120,,Aggregated,41.000000,0.600000,2300,2500,2700,2800,3000,3300,3400,3600,3900,4100,4100,5603,136,2300,2320.1378089416257,5.141700035892427,4091.404100006912,18.854185257897555
1779032752,120,,Aggregated,41.000000,0.400000,2300,2500,2700,2800,3000,3300,3400,3600,3900,4100,4100,5637,138,2300,2320.7962051445566,5.141700035892427,4091.404100006912,18.85258116019159
1779032753,120,,Aggregated,41.200000,0.400000,2300,2500,2700,2800,3000,3300,3400,3600,3900,4100,4100,5680,139,2300,2323.312609436627,5.141700035892427,4091.404100006912,18.84630281690141
1779032754,120,,Aggregated,41.700000,0.200000,2300,2500,2700,2800,3000,3300,3400,3600,3900,4100,4100,5715,139,2300,2324.5426565004336,5.141700035892427,4091.404100006912,18.847069116360455
1779032755,120,,Aggregated,40.900000,0.400000,2300,2500,2700,2800,3000,3300,3400,3600,3900,4100,4100,5754,139,2300,2326.8762209592896,5.141700035892427,4091.404100006912,18.846367744177964
1779032756,120,,Aggregated,40.800000,0.500000,2300,2500,2700,2800,3000,3300,3400,3600,3900,4100,4100,5798,140,2300,2328.460472335266,5.141700035892427,4091.404100006912,18.84304932735426
1779032757,120,,Aggregated,39.800000,0.500000,2300,2500,2700,2800,3100,3300,3400,3500,3900,4100,4100,5842,140,2300,2330.9911985450217,5.141700035892427,4091.404100006912,18.834645669291337
1779032758,120,,Aggregated,40.600000,0.600000,2300,2500,2700,2800,3000,3300,3400,3500,3900,4100,4100,5876,144,2300,2330.663550782873,5.141700035892427,4091.404100006912,18.848876786929885
1779032759,120,,Aggregated,40.700000,0.500000,2300,2500,2700,2800,3100,3300,3400,3600,3900,4100,4100,5931,146,2300,2332.6750186309664,5.141700035892427,4091.404100006912,18.85162704434328
1779032760,120,,Aggregated,40.500000,0.700000,2300,2500,2700,2800,3100,3300,3400,3600,3900,4100,4100,5982,149,2300,2331.2124314443395,5.141700035892427,4091.404100006912,18.862253426947508
1779032761,120,,Aggregated,39.700000,1.000000,2300,2500,2700,2800,3000,3300,3400,3600,3800,4100,4100,6026,149,2300,2329.3319502157556,5.141700035892427,4091.404100006912,18.853966146697644
1779032762,120,,Aggregated,41.600000,1.100000,2300,2500,2700,2800,3000,3300,3400,3600,3800,4100,4100,6065,152,2300,2328.0097105523837,5.141700035892427,4091.404100006912,18.863643858202803
1779032763,120,,Aggregated,42.400000,1.300000,2300,2500,2700,2800,3000,3300,3400,3600,3800,4100,4100,6099,153,2300,2328.889153238248,5.141700035892427,4091.404100006912,18.855386128873587
1779032764,120,,Aggregated,42.700000,1.300000,2300,2500,2700,2800,3000,3300,3400,3500,3800,4100,4100,6142,154,2300,2329.76060301203,5.141700035892427,4091.404100006912,18.864213611201563
1779032765,120,,Aggregated,41.800000,1.500000,2300,2500,2700,2800,3000,3300,3400,3500,3800,4100,4100,6194,156,2300,2330.9402035840317,5.141700035892427,4091.404100006912,18.87939941879238
1779032766,120,,Aggregated,42.100000,1.500000,2300,2500,2700,2800,3000,3300,3400,3500,3800,4100,4100,6233,157,2300,2331.5385421786596,5.141700035892427,4091.404100006912,18.874699181774428
1779032767,120,,Aggregated,42.900000,1.500000,2300,2500,2700,2800,3000,3300,3400,3500,3800,4100,4100,6279,157,2300,2330.2326643413735,5.141700035892427,4091.404100006912,18.873706004140786
1779032768,120,,Aggregated,42.600000,1.600000,2300,2500,2700,2800,3000,3300,3400,3500,3800,4100,4100,6317,157,2300,2331.4791318346684,5.141700035892427,4091.404100006912,18.86290960899161
1779032769,120,,Aggregated,43.500000,1.700000,2300,2500,2700,2800,3000,3300,3400,3500,3800,4100,4100,6351,158,2300,2333.0670805384248,5.141700035892427,4091.404100006912,18.861754054479608
1779032770,120,,Aggregated,43.400000,1.500000,2300,2500,2700,2800,3000,3300,3400,3500,3800,4100,4100,6382,160,2300,2335.1145877466797,5.141700035892427,4091.404100006912,18.859918520839862
1779032771,120,,Aggregated,43.200000,1.200000,2300,2500,2700,2800,3000,3300,3400,3500,3800,4100,4100,6423,160,2300,2339.0140278840267,5.141700035892427,4091.404100006912,18.867507395298148
1779032772,120,,Aggregated,41.000000,1.100000,2300,2500,2700,2800,3100,3300,3400,3600,3900,4100,4100,6456,161,2300,2342.686106319537,5.141700035892427,4091.404100006912,18.86136926889715
1779032773,120,,Aggregated,39.900000,1.100000,2300,2500,2700,2800,3100,3300,3400,3600,3900,4100,4100,6496,161,2300,2345.9393688114196,5.141700035892427,4091.404100006912,18.861607142857142
1779032774,120,,Aggregated,39.100000,1.200000,2400,2500,2700,2800,3100,3300,3400,3600,3900,4100,4100,6525,161,2400,2349.38489376232,5.141700035892427,4091.404100006912,18.848429118773947
1779032775,120,,Aggregated,39.400000,0.800000,2400,2500,2700,2800,3100,3300,3500,3600,3900,4100,4100,6570,163,2400,2353.0482781733635,5.141700035892427,4091.404100006912,18.86910197869102
1779032776,120,,Aggregated,38.200000,0.700000,2400,2500,2700,2800,3100,3300,3500,3600,3900,4100,4100,6602,164,2400,2355.3962103602903,5.141700035892427,4091.404100006912,18.870796728264164
1779032777,120,,Aggregated,38.100000,0.700000,2400,2500,2700,2800,3100,3300,3500,3600,3900,4100,4100,6647,169,2400,2357.5264827439,5.141700035892427,4091.404100006912,18.876636076425456
1779032778,120,,Aggregated,37.700000,0.700000,2400,2500,2700,2800,3100,3300,3500,3600,3900,4100,4100,6704,171,2400,2358.217371285591,5.141700035892427,4091.404100006912,18.88752983293556
1779032779,120,,Aggregated,36.300000,0.800000,2400,2500,2700,2800,3100,3300,3500,3600,3900,4100,4100,6735,171,2400,2357.8279005640006,5.141700035892427,4091.404100006912,18.875129918337045
1779032780,120,,Aggregated,37.600000,1.400000,2400,2500,2700,2800,3100,3300,3500,3600,3900,4100,4100,6761,171,2400,2358.7353953703005,5.141700035892427,4091.404100006912,18.867475225558348
1779032781,120,,Aggregated,38.800000,1.300000,2400,2600,2700,2800,3100,3300,3500,3600,3900,4100,4100,6792,171,2400,2361.1710816546656,5.141700035892427,4091.404100006912,18.862926972909307
1779032782,120,,Aggregated,38.100000,1.300000,2400,2600,2700,2800,3100,3300,3500,3600,3900,4100,4100,6829,171,2400,2366.626355425188,5.141700035892427,4091.404100006912,18.860155220383657
1779032783,120,,Aggregated,37.400000,1.100000,2400,2600,2700,2800,3100,3300,3500,3600,4000,4200,4200,6867,171,2400,2370.5196289061237,5.141700035892427,4186.056699953042,18.865152177078784
1779032784,120,,Aggregated,36.500000,1.000000,2400,2600,2700,2800,3100,3300,3500,3600,4100,4500,4500,6903,172,2400,2374.540372229255,5.141700035892427,4536.756900022738,18.864406779661017
1779032785,120,,Aggregated,37.100000,1.000000,2400,2600,2700,2800,3100,3300,3500,3600,4100,4500,4500,6953,176,2400,2376.836481216539,5.141700035892427,4536.756900022738,18.864518912699555
1779032786,120,,Aggregated,37.400000,1.000000,2400,2600,2700,2800,3100,3300,3500,3600,4100,4500,4500,6999,178,2400,2376.6290625373003,5.141700035892427,4536.756900022738,18.863694813544793
1779032787,120,,Aggregated,37.000000,1.100000,2400,2600,2700,2800,3100,3300,3500,3600,4100,4500,4500,7048,179,2400,2375.597181980504,5.141700035892427,4536.756900022738,18.868757094211123
1779032788,120,,Aggregated,38.100000,1.300000,2400,2600,2700,2800,3100,3300,3500,3600,4100,4500,4500,7084,180,2400,2375.09343330019,5.141700035892427,4536.756900022738,18.866177300959908
1779032789,120,,Aggregated,39.600000,1.400000,2400,2600,2700,2800,3100,3300,3500,3600,4100,4500,4500,7115,180,2400,2376.220038875407,5.141700035892427,4536.756900022738,18.860295151089247
1779032790,120,,Aggregated,38.900000,0.800000,2400,2600,2700,2800,3100,3300,3500,3600,4100,4500,4500,7159,181,2400,2378.5262725797425,5.141700035892427,4536.756900022738,18.872887274759044
1779032791,120,,Aggregated,37.300000,0.900000,2400,2600,2700,2800,3100,3300,3500,3600,4100,4500,4500,7204,182,2400,2380.4158242085527,5.141700035892427,4536.756900022738,18.87951138256524
1779032792,120,,Aggregated,38.000000,0.900000,2400,2600,2700,2800,3100,3300,3500,3600,4100,4500,4500,7246,184,2400,2381.1791279186104,5.141700035892427,4536.756900022738,18.88766215843224
1779032793,120,,Aggregated,39.400000,1.100000,2400,2600,2700,2800,3100,3300,3500,3600,4100,4500,4500,7278,185,2400,2381.509421640329,5.141700035892427,4536.756900022738,18.885820280296784
1779032794,120,,Aggregated,41.200000,1.100000,2400,2600,2700,2800,3100,3300,3500,3600,4100,4500,4500,7316,186,2400,2383.0094828592783,5.141700035892427,4536.756900022738,18.886686714051393
1779032795,120,,Aggregated,41.100000,1.300000,2400,2600,2700,2800,3100,3300,3500,3600,4100,4500,4500,7355,188,2400,2385.1654793199973,5.141700035892427,4536.756900022738,18.899388171312033
1779032796,120,,Aggregated,40.700000,1.400000,2400,2600,2700,2800,3100,3300,3500,3700,4100,4500,4500,7395,188,2400,2387.177754414959,5.141700035892427,4536.756900022738,18.89628127112914
1779032797,120,,Aggregated,40.800000,1.400000,2400,2600,2700,2800,3100,3300,3500,3600,4100,4500,4500,7436,189,2400,2388.4181528777044,5.141700035892427,4536.756900022738,18.888515330823022
1779032798,120,,Aggregated,39.800000,1.200000,2400,2600,2700,2800,3100,3300,3500,3600,4100,4500,4500,7467,190,2400,2389.422688415549,5.141700035892427,4536.756900022738,18.886969331726263
1779032799,120,,Aggregated,39.300000,0.900000,2400,2600,2700,2800,3100,3300,3500,3600,4100,4500,4500,7513,191,2400,2391.1875625714097,5.141700035892427,4536.756900022738,18.877279382403835
1779032800,120,,Aggregated,38.500000,1.100000,2400,2600,2700,2800,3100,3300,3500,3600,4100,4500,4500,7556,193,2400,2392.2956872549935,5.141700035892427,4536.756900022738,18.883271572260455
1779032801,120,,Aggregated,38.600000,1.000000,2400,2600,2700,2800,3100,3300,3500,3600,4100,4500,4500,7595,193,2400,2392.593597037375,5.141700035892427,4536.756900022738,18.886109282422648
1779032802,120,,Aggregated,39.900000,1.100000,2400,2600,2700,2800,3100,3300,3500,3600,4100,4500,4500,7631,194,2400,2393.0165139167507,5.141700035892427,4536.756900022738,18.88559821779583
1779032803,120,,Aggregated,39.700000,1.100000,2400,2600,2700,2800,3100,3300,3500,3600,4100,4500,4500,7672,199,2400,2393.9558235530294,5.141700035892427,4536.756900022738,18.89715849843587
1779032804,120,,Aggregated,38.500000,1.100000,2400,2600,2700,2800,3100,3300,3500,3600,4100,4500,4500,7722,201,2400,2395.145161072131,5.141700035892427,4536.756900022738,18.8996373996374
1779032805,120,,Aggregated,38.400000,1.000000,2400,2600,2700,2800,3100,3300,3500,3600,4100,4500,4500,7757,201,2400,2395.127630668936,5.141700035892427,4536.756900022738,18.902152894160114
1779032806,120,,Aggregated,39.500000,1.400000,2400,2600,2700,2800,3100,3300,3500,3600,4100,4500,4500,7787,202,2400,2395.4656907922404,5.141700035892427,4536.756900022738,18.894439450365994
1779032807,120,,Aggregated,40.700000,1.500000,2400,2600,2700,2800,3100,3300,3500,3600,4100,4500,4500,7829,202,2400,2397.670325188268,5.141700035892427,4536.756900022738,18.89040745944565
1779032808,120,,Aggregated,39.800000,1.300000,2400,2600,2700,2800,3100,3300,3500,3600,4100,4500,4500,7875,204,2400,2399.554058526838,5.141700035892427,4536.756900022738,18.886857142857142
1779032809,120,,Aggregated,38.600000,1.400000,2400,2600,2700,2800,3100,3300,3500,3600,4100,4500,4500,7916,207,2400,2399.627717230787,5.141700035892427,4536.756900022738,18.892369883779686
1779032810,120,,Aggregated,39.400000,1.200000,2400,2600,2700,2800,3100,3300,3500,3600,4100,4500,4500,7956,208,2400,2399.292927827899,5.141700035892427,4536.756900022738,18.887254901960784
1779032811,120,,Aggregated,40.400000,1.400000,2400,2600,2700,2800,3100,3300,3500,3600,4100,4500,4500,8008,210,2400,2399.5057995503225,5.141700035892427,4536.756900022738,18.876873126873125
1779032812,120,,Aggregated,40.000000,1.600000,2400,2600,2700,2800,3100,3300,3500,3600,4100,4500,4500,8043,211,2400,2399.0274596790796,5.141700035892427,4536.756900022738,18.885241825189606
1779032813,120,,Aggregated,39.600000,1.500000,2400,2600,2700,2800,3100,3300,3500,3600,4100,4500,4500,8091,214,2400,2399.6441171670403,5.141700035892427,4536.756900022738,18.883945124212087
1779032814,120,,Aggregated,41.400000,1.700000,2400,2600,2700,2800,3100,3300,3500,3600,4100,4500,4500,8135,214,2400,2399.752276975844,5.141700035892427,4536.756900022738,18.898709280885065
1779032815,120,,Aggregated,41.100000,1.700000,2400,2600,2700,2800,3100,3300,3500,3600,4100,4500,4500,8183,214,2400,2398.632600366411,5.141700035892427,4536.756900022738,18.90333618477331
1779032817,120,,Aggregated,41.500000,1.500000,2400,2600,2700,2800,3100,3300,3500,3600,4100,4500,4500,8223,216,2400,2397.2933027846675,5.141700035892427,4536.756900022738,18.905144107989784
1779032818,120,,Aggregated,41.100000,1.300000,2400,2600,2700,2800,3100,3300,3500,3600,4100,4500,4500,8266,217,2400,2396.4938820225693,5.141700035892427,4536.756900022738,18.900798451488022
1779032819,120,,Aggregated,43.400000,1.400000,2400,2600,2700,2800,3100,3300,3500,3600,4100,4500,4500,8317,218,2400,2396.4066439219137,5.141700035892427,4536.756900022738,18.90224840687748
1779032820,120,,Aggregated,43.300000,1.500000,2400,2600,2700,2800,3100,3300,3500,3600,4100,4500,4500,8354,220,2400,2395.9494712950236,5.141700035892427,4536.756900022738,18.895379458941825
1779032821,120,,Aggregated,43.300000,1.500000,2400,2600,2700,2800,3100,3300,3500,3600,4100,4500,4500,8399,221,2400,2395.616334646836,5.141700035892427,4536.756900022738,18.884986307893797
1779032822,120,,Aggregated,43.900000,1.400000,2400,2600,2700,2800,3100,3300,3500,3600,4100,4500,4500,8439,222,2400,2395.672834056021,5.141700035892427,4536.756900022738,18.88233202986136
1779032823,120,,Aggregated,43.200000,1.300000,2400,2600,2700,2800,3100,3300,3500,3600,4100,4500,4500,8486,224,2400,2394.6907526394816,5.141700035892427,4536.756900022738,18.890407730379447
1779032824,120,,Aggregated,42.900000,1.200000,2400,2600,2700,2800,3100,3300,3500,3600,4100,4500,4500,8531,225,2400,2394.8134927673927,5.141700035892427,4536.756900022738,18.900128941507443
1779032825,120,,Aggregated,44.100000,1.300000,2400,2600,2700,2800,3100,3300,3500,3600,4100,4500,4500,8568,226,2400,2394.7077090801276,5.141700035892427,4536.756900022738,18.903361344537814
1779032826,120,,Aggregated,43.900000,1.100000,2400,2600,2700,2800,3100,3300,3500,3600,4100,4500,4500,8606,227,2400,2395.083937926847,5.141700035892427,4536.756900022738,18.906693004880317
1779032827,120,,Aggregated,43.000000,1.200000,2400,2600,2700,2800,3100,3300,3500,3600,4100,4500,4500,8646,227,2400,2396.1962571129293,5.141700035892427,4536.756900022738,18.910478834142957
1779032828,120,,Aggregated,42.100000,1.300000,2400,2600,2700,2800,3100,3300,3500,3600,4100,4500,4500,8688,228,2400,2397.344490020576,5.141700035892427,4536.756900022738,18.906422651933703
1779032829,120,,Aggregated,42.100000,1.100000,2400,2600,2700,2800,3100,3300,3500,3600,4100,4500,4500,8735,233,2400,2397.4778798052816,5.141700035892427,4536.756900022738,18.911734401831712
1779032830,120,,Aggregated,41.800000,1.100000,2400,2600,2700,2800,3100,3300,3500,3600,4100,4500,4500,8777,233,2400,2397.3585049788226,5.141700035892427,4536.756900022738,18.913182180699554
1779032831,120,,Aggregated,41.900000,1.500000,2400,2600,2700,2800,3100,3300,3500,3600,4100,4500,4500,8824,236,2400,2396.980113100537,5.141700035892427,4536.756900022738,18.918291024478695
1779032832,120,,Aggregated,42.500000,1.300000,2400,2600,2700,2800,3100,3300,3500,3600,4100,4500,4500,8864,237,2400,2397.014086868113,5.141700035892427,4536.756900022738,18.919562274368232
1779032833,120,,Aggregated,42.000000,1.500000,2400,2600,2700,2800,3100,3300,3500,3600,4100,4500,4500,8905,239,2400,2396.8378451767594,5.141700035892427,4536.756900022738,18.921055586749016
1779032834,120,,Aggregated,42.400000,1.500000,2400,2600,2700,2800,3100,3300,3500,3600,4100,4500,4500,8942,241,2400,2397.489809416125,5.141700035892427,4536.756900022738,18.916685305300827
1779032835,120,,Aggregated,41.300000,1.500000,2400,2600,2700,2800,3100,3300,3500,3600,4100,4500,4500,8980,242,2400,2398.4901635856513,5.141700035892427,4536.756900022738,18.91837416481069
1779032836,120,,Aggregated,41.000000,1.600000,2400,2600,2700,2800,3100,3300,3500,3600,4100,4500,4500,9016,242,2400,2399.7553340504633,5.141700035892427,4536.756900022738,18.915816326530614
1779032837,120,,Aggregated,41.200000,1.600000,2400,2600,2700,2800,3100,3300,3500,3600,4100,4500,4500,9053,242,2400,2401.1038521815035,5.141700035892427,4536.756900022738,18.90809676350381
1779032838,120,,Aggregated,41.000000,1.500000,2400,2600,2700,2800,3100,3300,3500,3600,4100,4500,4500,9104,243,2400,2402.2984208698804,5.141700035892427,4536.756900022738,18.905755711775043
1779032839,120,,Aggregated,40.600000,1.500000,2400,2600,2700,2800,3100,3300,3500,3600,4100,4500,4500,9150,244,2400,2402.467194732154,5.141700035892427,4536.756900022738,18.901092896174863
1779032840,120,,Aggregated,41.300000,1.500000,2400,2600,2700,2800,3100,3300,3500,3600,4100,4500,4500,9204,246,2400,2400.9367047804158,5.141700035892427,4536.756900022738,18.905801825293352
1779032841,120,,Aggregated,40.800000,1.100000,2400,2600,2700,2800,3100,3300,3500,3600,4100,4500,4500,9254,247,2400,2399.161184060848,5.141700035892427,4536.756900022738,18.89993516317268
1779032842,120,,Aggregated,42.000000,1.300000,2400,2600,2700,2800,3100,3300,3500,3600,4100,4500,4500,9286,248,2400,2398.1250437108533,5.141700035892427,4536.756900022738,18.894572474693085
1779032843,120,,Aggregated,42.700000,1.100000,2400,2600,2700,2800,3100,3300,3500,3600,4100,4500,4500,9321,248,2400,2398.3650752278727,5.141700035892427,4536.756900022738,18.8859564424418
1779032844,120,,Aggregated,41.700000,1.100000,2400,2600,2700,2800,3100,3300,3500,3600,4100,4500,4500,9352,249,2400,2399.7429936055305,5.141700035892427,4536.756900022738,18.882378100940976
1779032845,120,,Aggregated,41.700000,0.900000,2400,2600,2700,2800,3100,3300,3500,3600,4100,4500,4500,9396,253,2400,2402.48199016591,5.141700035892427,4536.756900022738,18.884631758194978
1779032846,120,,Aggregated,40.700000,0.800000,2400,2600,2700,2800,3100,3300,3500,3600,4100,4500,4500,9433,255,2400,2404.071288762732,5.141700035892427,4536.756900022738,18.88741651648468
1779032847,120,,Aggregated,40.700000,1.100000,2400,2600,2700,2800,3100,3300,3500,3600,4100,4500,4500,9473,255,2400,2405.1846029239587,5.141700035892427,4536.756900022738,18.887680776945
1779032848,120,,Aggregated,40.900000,1.200000,2400,2600,2700,2800,3100,3300,3500,3600,4100,4500,4500,9525,255,2400,2404.9931345405344,5.141700035892427,4536.756900022738,18.891128608923886
1779032849,120,,Aggregated,41.400000,1.300000,2400,2600,2700,2800,3100,3300,3500,3600,4100,4500,4500,9569,256,2400,2404.514669536896,5.141700035892427,4536.756900022738,18.885045459295643
1779032850,120,,Aggregated,42.100000,1.200000,2400,2600,2700,2800,3100,3300,3500,3600,4100,4500,4500,9620,258,2400,2403.2105370165064,5.141700035892427,4536.756900022738,18.88991683991684
1779032851,120,,Aggregated,41.900000,1.200000,2400,2600,2700,2800,3100,3300,3500,3600,4100,4500,4500,9659,262,2400,2402.32155984043,5.141700035892427,4536.756900022738,18.896366083445493
1779032852,120,,Aggregated,41.600000,1.100000,2400,2600,2700,2800,3100,3300,3500,3600,4100,4500,4500,9701,265,2400,2401.9006208327482,5.141700035892427,4536.756900022738,18.905164416039582
1779032853,120,,Aggregated,40.400000,1.400000,2400,2600,2700,2800,3100,3300,3500,3600,4100,4500,4500,9742,267,2400,2401.997920652677,5.141700035892427,4536.756900022738,18.908129747485116
1779032854,120,,Aggregated,40.800000,1.700000,2400,2600,2700,2800,3100,3300,3500,3600,4100,4500,4500,9780,268,2400,2402.2188293454265,5.141700035892427,4536.756900022738,18.90766871165644
1779032855,120,,Aggregated,41.400000,1.800000,2400,2600,2700,2800,3100,3300,3500,3600,4100,4500,4500,9815,270,2400,2402.8721082117995,5.141700035892427,4536.756900022738,18.909424350483953
1779032856,120,,Aggregated,42.200000,1.900000,2400,2600,2700,2800,3100,3300,3500,3600,4100,4500,4500,9847,271,2400,2404.087912318339,5.141700035892427,4536.756900022738,18.91164821773129
1779032857,120,,Aggregated,42.500000,1.600000,2400,2600,2700,2800,3100,3300,3500,3600,4100,4500,4500,9891,271,2400,2405.8471934181325,5.141700035892427,4536.756900022738,18.908300475179455
1779032858,120,,Aggregated,41.800000,1.700000,2400,2600,2700,2800,3100,3300,3500,3600,4100,4500,4500,9935,272,2400,2406.974161378809,5.141700035892427,4536.756900022738,18.912732762959234
1779032859,120,,Aggregated,41.500000,1.600000,2400,2600,2700,2800,3100,3300,3500,3600,4100,4500,4500,9968,274,2400,2407.6590442915963,5.141700035892427,4536.756900022738,18.90840690208668
1779032860,120,,Aggregated,40.800000,1.700000,2400,2600,2700,2800,3100,3300,3500,3600,4000,4500,4500,10017,276,2400,2408.0850211039747,5.141700035892427,4536.756900022738,18.91464510332435
1779032861,120,,Aggregated,40.300000,1.700000,2400,2600,2700,2800,3100,3300,3500,3600,4000,4500,4500,10067,277,2400,2407.953540289892,5.141700035892427,4536.756900022738,18.912883679348365
1779032862,120,,Aggregated,39.700000,1.900000,2400,2600,2700,2800,3100,3300,3500,3600,4000,4500,4500,10113,277,2400,2406.7731261444164,5.141700035892427,4536.756900022738,18.918224068031247
1779032863,120,,Aggregated,40.600000,1.600000,2400,2600,2700,2800,3100,3300,3500,3600,4000,4500,4500,10152,277,2400,2405.772813780359,5.141700035892427,4536.756900022738,18.92336485421592
1779032864,120,,Aggregated,41.800000,1.200000,2400,2600,2700,2800,3100,3300,3500,3600,4000,4500,4500,10196,281,2400,2405.398180364658,5.141700035892427,4536.756900022738,18.92261671243625
1779032865,120,,Aggregated,41.200000,1.100000,2400,2600,2700,2800,3100,3300,3500,3600,4000,4500,4500,10242,283,2400,2405.118388673901,5.141700035892427,4536.756900022738,18.924624096856082
1779032866,120,,Aggregated,41.400000,1.100000,2400,2600,2700,2800,3100,3300,3500,3600,4000,4500,4500,10276,283,2400,2405.184434303049,5.141700035892427,4536.756900022738,18.92623588945115
1779032867,120,,Aggregated,42.000000,1.200000,2400,2600,2700,2800,3100,3300,3500,3600,4000,4500,4500,10311,283,2400,2405.818039772866,5.141700035892427,4536.756900022738,18.91989137813985
1779032868,120,,Aggregated,42.600000,1.200000,2400,2600,2700,2800,3100,3300,3500,3600,4000,4500,4500,10354,285,2400,2407.372546677407,5.141700035892427,4536.756900022738,18.922735174811667
1779032869,120,,Aggregated,42.800000,1.200000,2400,2600,2700,2800,3100,3300,3500,3600,4000,4500,4500,10387,287,2400,2408.634596668689,5.141700035892427,4536.756900022738,18.922210455376913
1779032870,120,,Aggregated,41.600000,1.300000,2400,2600,2700,2800,3100,3300,3500,3600,4000,4500,4500,10429,289,2400,2409.9513680216355,5.141700035892427,4536.756900022738,18.923866142487295
1779032871,120,,Aggregated,41.500000,1.300000,2400,2600,2700,2800,3100,3300,3500,3600,4000,4500,4500,10466,289,2400,2411.1143624782853,5.141700035892427,4536.756900022738,18.924708580164342
1779032872,120,,Aggregated,41.000000,1.100000,2400,2600,2700,2800,3100,3300,3500,3600,4000,4500,4500,10498,289,2400,2412.5000709847395,5.141700035892427,4536.756900022738,18.923413983615927
1779032873,120,,Aggregated,40.200000,1.200000,2400,2600,2700,2800,3100,3300,3500,3600,4000,4500,4500,10535,291,2400,2413.951110089973,5.141700035892427,4536.756900022738,18.92985287138111
1779032874,120,,Aggregated,38.300000,1.200000,2400,2600,2700,2800,3100,3300,3500,3600,4000,4500,4500,10584,293,2400,2415.5113929609156,5.141700035892427,4536.756900022738,18.937830687830687
1779032875,120,,Aggregated,38.400000,1.400000,2400,2600,2700,2800,3100,3300,3500,3600,4000,4500,4500,10622,294,2400,2416.4244041798606,5.141700035892427,4536.756900022738,18.934099039728864
1779032876,120,,Aggregated,38.900000,1.300000,2400,2600,2700,2800,3100,3300,3500,3600,4000,4500,4500,10668,294,2400,2415.5339381607255,5.141700035892427,4536.756900022738,18.934758155230597
1779032877,120,,Aggregated,38.000000,1.200000,2400,2600,2700,2800,3100,3300,3500,3600,4000,4500,4500,10705,294,2400,2416.4620991124402,5.141700035892427,4536.756900022738,18.92470808033629
1779032878,120,,Aggregated,39.000000,1.100000,2400,2600,2700,2800,3100,3300,3500,3600,4000,4500,4500,10748,295,2400,2416.334427837624,5.141700035892427,4536.756900022738,18.92417193896539
1779032879,120,,Aggregated,38.100000,1.100000,2400,2600,2700,2800,3100,3300,3500,3600,4000,4500,4500,10789,297,2400,2416.242460023988,5.141700035892427,4536.756900022738,18.9314116229493
1779032880,120,,Aggregated,39.000000,1.000000,2400,2600,2700,2800,3100,3300,3500,3600,4000,4500,4500,10828,298,2400,2416.570277788954,5.141700035892427,4536.756900022738,18.924547469523457
1779032881,120,,Aggregated,40.100000,1.000000,2400,2600,2700,2800,3100,3300,3500,3600,4000,4500,4500,10874,300,2400,2416.125175004477,5.141700035892427,4536.756900022738,18.927073753908406
1779032882,120,,Aggregated,39.600000,1.100000,2400,2600,2700,2800,3100,3300,3500,3600,4000,4500,4500,10911,300,2400,2417.1693369534014,5.141700035892427,4536.756900022738,18.92493813582623
1779032883,120,,Aggregated,40.400000,1.100000,2400,2600,2700,2800,3100,3300,3500,3600,4000,4500,4500,10951,301,2400,2417.3780628891063,5.141700035892427,4536.756900022738,18.929960734179527
1779032884,120,,Aggregated,40.000000,1.100000,2400,2600,2700,2800,3100,3300,3500,3600,4000,4500,4500,10983,302,2400,2418.17738897374,5.141700035892427,4536.756900022738,18.92643175817172
1779032885,120,,Aggregated,41.500000,1.000000,2400,2600,2700,2800,3100,3300,3500,3600,4000,4500,4500,11020,302,2400,2419.110471669557,5.141700035892427,4536.756900022738,18.922776769509984
1779032886,120,,Aggregated,40.200000,1.000000,2400,2600,2700,2800,3100,3300,3500,3600,4000,4500,4500,11049,303,2400,2420.82446563476,5.141700035892427,4536.756900022738,18.922888949226174
1779032887,120,,Aggregated,40.200000,0.900000,2400,2600,2700,2800,3100,3300,3500,3600,4000,4500,4500,11090,303,2400,2423.6065169700996,5.141700035892427,4536.756900022738,18.920739404869252
1779032888,120,,Aggregated,38.400000,0.800000,2400,2600,2700,2800,3100,3300,3500,3600,4000,4500,4500,11128,304,2400,2425.291379942365,5.141700035892427,4536.756900022738,18.929816678648454
1779032889,120,,Aggregated,38.500000,0.900000,2400,2600,2700,2800,3100,3300,3500,3700,4000,4500,4500,11172,304,2400,2426.4622198889133,5.141700035892427,4536.756900022738,18.93027210884354
1779032890,120,,Aggregated,38.300000,0.800000,2400,2600,2700,2800,3100,3300,3500,3700,4000,4500,4500,11210,304,2400,2426.7578154414628,5.141700035892427,4536.756900022738,18.932649420160573
1779032891,120,,Aggregated,37.200000,0.800000,2400,2600,2700,2800,3100,3300,3500,3700,4000,4500,4500,11259,306,2400,2427.147470290358,5.141700035892427,4536.756900022738,18.92761346478373
1779032892,120,,Aggregated,38.000000,0.600000,2400,2600,2700,2800,3100,3300,3500,3700,4000,4500,4500,11293,307,2400,2427.158821066072,5.141700035892427,4536.756900022738,18.927122996546533
1779032893,120,,Aggregated,37.000000,0.500000,2400,2600,2700,2800,3100,3300,3500,3600,4000,4500,4500,11332,311,2400,2426.7646993998515,5.141700035892427,4536.756900022738,18.935227673843983
1779032894,120,,Aggregated,39.000000,0.700000,2400,2600,2700,2800,3100,3300,3500,3700,4000,4500,4500,11383,315,2400,2427.1559139417577,5.141700035892427,4536.756900022738,18.941140296934023
1779032895,120,,Aggregated,37.900000,0.800000,2400,2600,2700,2800,3100,3300,3500,3600,4000,4500,4500,11429,317,2400,2427.306038822231,5.141700035892427,4536.756900022738,18.937264852568028
1779032896,120,,Aggregated,38.800000,0.900000,2400,2600,2700,2800,3100,3300,3500,3600,4000,4500,4500,11474,318,2400,2426.5952902300105,5.141700035892427,4536.756900022738,18.932455987449888
1779032897,120,,Aggregated,39.400000,1.300000,2400,2600,2700,2800,3100,3300,3500,3600,4000,4500,4500,11511,319,2400,2426.145850638443,5.141700035892427,4536.756900022738,18.936408652593173
1779032898,120,,Aggregated,41.200000,1.600000,2400,2600,2700,2800,3100,3300,3500,3600,4000,4500,4500,11538,319,2400,2426.1804048447807,5.141700035892427,4536.756900022738,18.935257410296412
1779032899,120,,Aggregated,42.200000,1.600000,2400,2600,2700,2800,3100,3300,3500,3600,4000,4500,4500,11586,320,2400,2427.3341990936506,5.141700035892427,4536.756900022738,18.938891765924392
1779032900,120,,Aggregated,41.400000,1.600000,2400,2600,2700,2800,3100,3300,3500,3600,4000,4500,4500,11618,321,2400,2428.732142089778,5.141700035892427,4536.756900022738,18.93578929247719
1779032901,120,,Aggregated,41.400000,1.500000,2400,2600,2700,2800,3100,3300,3500,3600,4000,4500,4500,11673,321,2400,2430.389432459434,5.141700035892427,4536.756900022738,18.941060567120704
1779032902,120,,Aggregated,40.900000,1.700000,2400,2600,2700,2800,3100,3300,3500,3600,4000,4500,4500,11710,321,2400,2430.3630635609566,5.141700035892427,4536.756900022738,18.936720751494448
1779032903,120,,Aggregated,40.300000,1.600000,2400,2600,2700,2800,3100,3300,3500,3600,4000,4500,4500,11753,323,2400,2430.2186188036085,5.141700035892427,4536.756900022738,18.936356674891517
1779032904,120,,Aggregated,41.000000,1.400000,2400,2600,2700,2800,3100,3300,3500,3600,4000,4500,4500,11790,325,2400,2430.1047673790254,5.141700035892427,4536.756900022738,18.93384223918575
1779032905,120,,Aggregated,41.200000,1.300000,2400,2600,2700,2800,3100,3300,3500,3600,4000,4500,4500,11822,325,2400,2430.7421925307494,5.141700035892427,4536.756900022738,18.935882253425817
1779032906,120,,Aggregated,41.200000,1.400000,2400,2600,2700,2800,3100,3300,3500,3600,4000,4500,4500,11856,326,2400,2432.078563562611,5.141700035892427,4536.756900022738,18.93598178137652
1779032907,120,,Aggregated,40.500000,1.000000,2400,2600,2700,2800,3100,3300,3500,3600,4000,4500,4500,11887,328,2400,2433.6002544374815,5.141700035892427,4536.756900022738,18.93942962900648
1779032908,120,,Aggregated,38.400000,0.800000,2400,2600,2700,2800,3100,3300,3500,3600,4000,4500,4500,11922,330,2400,2435.9069759770405,5.141700035892427,4536.756900022738,18.938936420063747
1779032909,120,,Aggregated,37.500000,0.800000,2400,2600,2700,2900,3100,3300,3500,3700,4100,4500,4500,11952,330,2400,2437.79647515047,5.141700035892427,4536.756900022738,18.936746987951807
1779032910,120,,Aggregated,37.000000,0.900000,2400,2600,2800,2900,3100,3300,3500,3700,4100,4500,4500,11994,332,2400,2440.4017417124137,5.141700035892427,4536.756900022738,18.94405536101384
1779032911,120,,Aggregated,37.000000,1.100000,2400,2600,2800,2900,3100,3300,3500,3700,4100,4500,4500,12032,332,2400,2441.9870647355974,5.141700035892427,4536.756900022738,18.943317819148938
1779032912,120,,Aggregated,36.500000,0.900000,2400,2600,2800,2900,3100,3300,3500,3700,4100,4500,4500,12075,333,2400,2442.6563870060977,5.141700035892427,4536.756900022738,18.94178053830228
1779032913,120,,Aggregated,37.200000,1.100000,2400,2600,2800,2900,3100,3300,3500,3700,4100,4500,4500,12116,335,2400,2442.6376654340525,5.141700035892427,4536.756900022738,18.941729943875867
1779032914,120,,Aggregated,35.800000,1.100000,2400,2600,2800,2900,3100,3300,3500,3700,4100,4500,4500,12165,336,2400,2442.0507806657547,5.141700035892427,4536.756900022738,18.940567200986436
1779032915,120,,Aggregated,36.700000,1.200000,2400,2600,2800,2900,3100,3300,3500,3700,4100,4500,4500,12216,337,2400,2440.9566999835306,5.141700035892427,4536.756900022738,18.94638179436804
1779032916,120,,Aggregated,36.400000,1.100000,2400,2600,2800,2900,3100,3300,3500,3700,4100,4500,4500,12260,339,2400,2440.041627112464,5.141700035892427,4536.756900022738,18.944698205546494
1779032917,120,,Aggregated,37.500000,1.100000,2400,2600,2800,2900,3100,3300,3500,3700,4100,4500,4500,12292,341,2400,2439.5949163845426,5.141700035892427,4536.756900022738,18.941750732183532
1779032918,120,,Aggregated,40.100000,1.200000,2400,2600,2800,2900,3100,3300,3500,3700,4100,4500,4500,12344,343,2400,2439.467102098106,5.141700035892427,4536.756900022738,18.946046662346077
1779032919,120,,Aggregated,40.800000,1.400000,2400,2600,2800,2900,3100,3300,3500,3700,4100,4500,4500,12388,344,2400,2439.1347008959597,5.141700035892427,4536.756900022738,18.947045527930253
1779032920,120,,Aggregated,41.800000,1.500000,2400,2600,2700,2900,3100,3300,3500,3700,4100,4500,4500,12431,345,2400,2438.643614415535,5.141700035892427,4536.756900022738,18.948918027511866
1779032921,120,,Aggregated,42.800000,1.300000,2400,2600,2700,2900,3100,3300,3500,3700,4100,4500,4500,12478,346,2400,2438.363498757795,5.141700035892427,4536.756900022738,18.95464016669338
1779032922,120,,Aggregated,42.900000,1.400000,2400,2600,2700,2900,3100,3300,3500,3700,4100,4500,4500,12520,346,2400,2438.0858074121393,5.141700035892427,4536.756900022738,18.950079872204473
1779032923,120,,Aggregated,44.000000,1.300000,2400,2600,2700,2900,3100,3300,3500,3700,4100,4500,4500,12557,347,2400,2438.0407344190485,5.141700035892427,4536.756900022738,18.94847495420881
1779032924,120,,Aggregated,44.500000,1.400000,2400,2600,2700,2900,3100,3300,3500,3700,4100,4500,4500,12589,349,2400,2438.477280856306,5.141700035892427,4536.756900022738,18.951465565175948
1779032925,120,,Aggregated,42.800000,1.200000,2400,2600,2700,2900,3100,3300,3500,3700,4100,4500,4500,12635,352,2400,2438.948159382685,5.141700035892427,4536.756900022738,18.957815591610604
1779032926,120,,Aggregated,42.800000,1.200000,2400,2600,2700,2900,3100,3300,3500,3700,4100,4500,4500,12666,352,2400,2439.6847192641767,5.141700035892427,4536.756900022738,18.953892310121585
1779032927,120,,Aggregated,42.500000,1.500000,2400,2600,2700,2900,3100,3300,3500,3700,4100,4500,4500,12692,352,2400,2440.87189721086,5.141700035892427,4536.756900022738,18.94736842105263
1779032928,120,,Aggregated,40.900000,1.400000,2400,2600,2800,2900,3100,3300,3500,3700,4100,4500,4500,12734,352,2400,2442.7959451861448,5.141700035892427,4536.756900022738,18.94573582534946
1779032929,120,,Aggregated,39.300000,1.100000,2400,2600,2800,2900,3100,3300,3500,3700,4100,4500,4500,12779,353,2400,2445.1237143282274,5.141700035892427,4536.756900022738,18.946631191799046
1779032930,120,,Aggregated,39.200000,0.900000,2400,2600,2800,2900,3100,3300,3500,3700,4100,4500,4500,12821,354,2400,2445.414084361636,5.141700035892427,4536.756900022738,18.95008189688792
1779032931,120,,Aggregated,37.900000,0.900000,2400,2600,2800,2900,3100,3300,3500,3700,4100,4500,4500,12850,354,2400,2445.872892295757,5.141700035892427,4536.756900022738,18.94303501945525
1779032932,120,,Aggregated,39.000000,1.000000,2400,2600,2800,2900,3100,3300,3500,3700,4100,4500,4500,12888,356,2400,2446.7984482309357,5.141700035892427,4536.756900022738,18.939400993171944
1779032933,120,,Aggregated,38.500000,0.900000,2400,2600,2800,2900,3100,3300,3500,3700,4100,4500,4500,12937,358,2400,2447.654732658313,5.141700035892427,4536.756900022738,18.940558089201517
1779032934,120,,Aggregated,36.400000,0.800000,2400,2600,2800,2900,3100,3300,3500,3700,4100,4500,4500,12983,360,2400,2447.6888558345936,5.141700035892427,4536.756900022738,18.94962643456828
1779032935,120,,Aggregated,37.100000,1.000000,2400,2600,2800,2900,3100,3300,3500,3700,4100,4500,4500,13023,363,2400,2446.814846617553,5.141700035892427,4536.756900022738,18.951547262535513
1779032936,120,,Aggregated,38.400000,1.000000,2400,2600,2800,2900,3100,3300,3500,3700,4100,4500,4500,13065,364,2400,2446.590115147367,5.141700035892427,4536.756900022738,18.95683122847302
1779032937,120,,Aggregated,38.500000,1.000000,2400,2600,2800,2900,3100,3300,3500,3700,4100,4500,4500,13095,365,2400,2446.9593419549738,5.141700035892427,4536.756900022738,18.95761741122566
1779032938,120,,Aggregated,38.700000,1.100000,2400,2600,2800,2900,3100,3300,3500,3700,4100,4500,4500,13126,365,2400,2448.0524899588836,5.141700035892427,4536.756900022738,18.95482248971507
1779032939,120,,Aggregated,40.300000,1.300000,2400,2600,2800,2900,3100,3300,3500,3700,4100,4500,4500,13171,366,2400,2450.117008830043,5.141700035892427,4536.756900022738,18.952167641029536
1779032940,120,,Aggregated,39.500000,1.300000,2400,2600,2800,2900,3100,3300,3500,3700,4100,4500,4500,13215,368,2400,2451.4017010745633,5.141700035892427,4536.756900022738,18.94982973893303
1779032941,120,,Aggregated,39.100000,1.300000,2400,2600,2800,2900,3100,3300,3500,3700,4100,4500,4500,13249,369,2400,2451.682764170914,5.141700035892427,4536.756900022738,18.94716582383576
1779032942,120,,Aggregated,39.500000,1.300000,2400,2600,2800,2900,3100,3300,3500,3700,4100,4500,4500,13283,369,2400,2451.7405251825908,5.141700035892427,4536.756900022738,18.943009862229918
1779032943,120,,Aggregated,39.300000,1.500000,2400,2600,2800,2900,3100,3300,3500,3700,4100,4500,4500,13314,370,2400,2452.7076548896034,5.141700035892427,4536.756900022738,18.939762655850984
1779032944,120,,Aggregated,40.500000,1.500000,2400,2600,2800,2900,3100,3300,3600,3700,4100,4500,4500,13342,370,2400,2454.3203113101767,5.141700035892427,4536.756900022738,18.93434267725978
1779032945,120,,Aggregated,39.500000,1.400000,2400,2600,2800,2900,3200,3300,3600,3700,4100,4500,4500,13378,372,2400,2457.1883622440114,5.141700035892427,4536.756900022738,18.931080879055166
1779032946,120,,Aggregated,36.900000,1.200000,2400,2600,2800,2900,3200,3400,3600,3700,4100,4500,4500,13417,373,2400,2459.3040136916306,5.141700035892427,4536.756900022738,18.931430275024223
1779032947,120,,Aggregated,35.400000,0.900000,2400,2600,2800,2900,3200,3400,3600,3700,4200,4500,4500,13478,374,2400,2460.284368459722,5.141700035892427,4536.756900022738,18.93025671464609
1779032948,120,,Aggregated,34.900000,0.900000,2400,2600,2800,2900,3200,3400,3600,3700,4200,4500,4500,13513,375,2400,2459.5314572411803,5.141700035892427,4536.756900022738,18.932435432546438
1779032949,120,,Aggregated,36.200000,0.800000,2400,2600,2800,2900,3200,3400,3600,3700,4200,4500,4500,13554,376,2400,2459.1366148222046,5.141700035892427,4536.756900022738,18.93138556883577
1779032950,120,,Aggregated,38.000000,0.900000,2400,2600,2800,2900,3200,3400,3600,3700,4200,4500,4500,13602,376,2400,2458.347933899439,5.141700035892427,4536.756900022738,18.937509189825025
1779032951,120,,Aggregated,38.600000,1.000000,2400,2600,2800,2900,3200,3400,3600,3700,4200,4500,4500,13655,378,2400,2457.4127908971195,5.141700035892427,4536.756900022738,18.943024533138043
1779032952,120,,Aggregated,38.100000,0.900000,2400,2600,2800,2900,3200,3400,3600,3700,4200,4500,4500,13688,378,2400,2456.7550260008857,5.141700035892427,4536.756900022738,18.940239625949737
1779032953,120,,Aggregated,38.700000,0.700000,2400,2600,2800,2900,3200,3300,3600,3700,4200,4500,4500,13740,383,2400,2456.045374912664,5.141700035892427,4536.756900022738,18.941484716157206
1779032954,120,,Aggregated,40.300000,0.900000,2400,2600,2800,2900,3200,3300,3600,3700,4200,4500,4500,13781,383,2400,2456.268901980998,5.141700035892427,4536.756900022738,18.935853711631957
1779032955,120,,Aggregated,40.900000,0.900000,2400,2600,2800,2900,3200,3300,3600,3700,4200,4500,4500,13816,384,2400,2456.4864502605574,5.141700035892427,4536.756900022738,18.930153445280833
1779032956,120,,Aggregated,42.500000,1.300000,2400,2600,2800,2900,3200,3300,3600,3700,4200,4500,4500,13841,384,2400,2456.942124477977,5.141700035892427,4536.756900022738,18.927028393902173
1779032957,120,,Aggregated,43.900000,1.300000,2400,2600,2800,2900,3200,3300,3600,3700,4200,4500,4500,13872,384,2400,2458.3432269030895,5.141700035892427,4536.756900022738,18.92387543252595
1779032958,120,,Aggregated,43.600000,1.200000,2400,2600,2800,2900,3200,3400,3600,3700,4200,4500,4500,13914,387,2400,2460.382686610581,5.141700035892427,4536.756900022738,18.92209285611614
1779032959,120,,Aggregated,40.800000,1.100000,2400,2600,2800,2900,3200,3400,3600,3700,4200,4500,4500,13956,388,2400,2461.7752553095233,5.141700035892427,4536.756900022738,18.92397535110347
1779032960,120,,Aggregated,39.200000,1.000000,2400,2600,2800,2900,3200,3400,3600,3700,4200,4500,4500,14002,391,2400,2462.3618840736867,5.141700035892427,4536.756900022738,18.92601056991858
1779032961,120,,Aggregated,39.900000,1.200000,2400,2600,2800,2900,3200,3400,3600,3700,4200,4500,4500,14050,391,2400,2461.5379796512193,5.141700035892427,4536.756900022738,18.937081850533808
1779032962,120,,Aggregated,39.600000,1.200000,2400,2600,2800,2900,3200,3400,3600,3700,4200,4500,4500,14084,391,2400,2461.302717473709,5.141700035892427,4536.756900022738,18.93453564328316
1779032963,120,,Aggregated,39.500000,1.500000,2400,2600,2800,2900,3200,3400,3600,3700,4200,4500,4500,14134,392,2400,2460.918594000247,5.141700035892427,4536.756900022738,18.93490873072025
1779032964,120,,Aggregated,39.000000,1.300000,2400,2600,2800,2900,3200,3400,3600,3700,4200,4500,4500,14172,392,2400,2460.806861092261,5.141700035892427,4536.756900022738,18.931978549252047
1779032965,120,,Aggregated,38.500000,1.200000,2400,2600,2800,2900,3200,3400,3600,3700,4200,4500,4500,14221,393,2400,2460.366193861157,5.141700035892427,4536.756900022738,18.932001968919202
1779032966,120,,Aggregated,39.200000,0.900000,2400,2600,2800,2900,3200,3400,3600,3700,4200,4500,4500,14261,393,2400,2460.0084927844728,5.141700035892427,4536.756900022738,18.93029941799313
1779032967,120,,Aggregated,38.700000,0.900000,2400,2600,2800,2900,3200,3400,3600,3700,4200,4500,4500,14313,393,2400,2459.1506587088215,5.141700035892427,4536.756900022738,18.928107315028296
1779032968,120,,Aggregated,40.400000,0.900000,2400,2600,2800,2900,3200,3300,3600,3700,4200,4500,4500,14367,394,2400,2457.2487856476155,5.141700035892427,4536.756900022738,18.93192733347254
1779032969,120,,Aggregated,42.300000,0.900000,2400,2600,2800,2900,3200,3300,3600,3700,4200,4500,4500,14412,397,2400,2456.004439418478,5.141700035892427,4536.756900022738,18.931376630585625
1779032970,120,,Aggregated,44.100000,0.900000,2400,2600,2800,2900,3200,3300,3600,3700,4200,4500,4500,14454,398,2400,2455.28716911575,5.141700035892427,4536.756900022738,18.932475439324755
1779032971,120,,Aggregated,45.100000,0.700000,2400,2600,2800,2900,3200,3300,3600,3700,4200,4500,4500,14498,401,2400,2454.7722992067174,5.141700035892427,4536.756900022738,18.936611946475377
1779032972,120,,Aggregated,45.200000,0.900000,2400,2600,2800,2900,3200,3300,3600,3700,4200,4500,4500,14545,404,2400,2454.0134525471963,5.141700035892427,4536.756900022738,18.9436919903747
1779032973,120,,Aggregated,44.800000,0.700000,2400,2600,2800,2900,3200,3300,3600,3700,4200,4500,4500,14585,405,2400,2454.097611833992,5.141700035892427,4536.756900022738,18.947068906410696
1779032974,120,,Aggregated,44.600000,1.000000,2400,2600,2800,2900,3200,3300,3600,3700,4200,4500,4500,14628,406,2400,2453.716262728902,5.141700035892427,4536.756900022738,18.95494941208641
1779032975,120,,Aggregated,46.000000,1.300000,2400,2600,2800,2900,3200,3300,3600,3700,4200,4500,4500,14670,406,2400,2453.4694011587235,5.141700035892427,4536.756900022738,18.95439672801636
1779032976,120,,Aggregated,45.000000,1.300000,2400,2600,2800,2900,3100,3300,3600,3700,4200,4500,4500,14717,407,2400,2452.8629968130954,5.141700035892427,4536.756900022738,18.95793979751308
1779032977,120,,Aggregated,45.300000,1.400000,2400,2600,2800,2900,3100,3300,3600,3700,4200,4500,4500,14760,409,2400,2452.6568758806584,5.141700035892427,4536.756900022738,18.9579945799458
1779032979,120,,Aggregated,44.800000,1.300000,2400,2600,2800,2900,3100,3300,3600,3700,4200,4500,4500,14797,410,2400,2452.5505399945037,5.141700035892427,4536.756900022738,18.958234777319728
1779032980,120,,Aggregated,44.300000,1.600000,2400,2600,2800,2900,3100,3300,3600,3700,4200,4500,4500,14844,412,2400,2452.288735846037,5.141700035892427,4536.756900022738,18.959916464564806
1779032981,120,,Aggregated,42.700000,1.600000,2400,2600,2800,2900,3100,3300,3600,3700,4200,4500,4500,14886,413,2400,2452.3599899501955,5.141700035892427,4536.756900022738,18.954924089748758
1779032982,120,,Aggregated,43.100000,1.500000,2400,2600,2800,2900,3100,3300,3600,3700,4200,4500,4500,14922,415,2400,2452.1627731536273,5.141700035892427,4536.756900022738,18.95858464012867
1779032983,120,,Aggregated,43.000000,1.500000,2400,2600,2800,2900,3100,3300,3600,3700,4200,4500,4500,14959,415,2400,2453.157835704153,5.141700035892427,4536.756900022738,18.95714954208169
1779032984,120,,Aggregated,42.100000,1.400000,2400,2600,2800,2900,3100,3300,3600,3700,4100,4500,4500,15001,415,2400,2454.2444641489606,5.141700035892427,4536.756900022738,18.956336244250384
1779032985,120,,Aggregated,41.100000,1.100000,2400,2600,2800,2900,3200,3300,3600,3700,4100,4500,4500,15036,417,2400,2454.96569302997,5.141700035892427,4536.756900022738,18.957901037509977
1779032986,120,,Aggregated,40.800000,1.000000,2400,2600,2800,2900,3200,3300,3600,3700,4100,4500,4500,15066,417,2400,2455.450229987965,5.141700035892427,4536.756900022738,18.953869640249568
1779032987,120,,Aggregated,40.600000,1.100000,2400,2600,2800,2900,3200,3300,3600,3700,4100,4500,4500,15112,418,2400,2456.4173196267,5.141700035892427,4536.756900022738,18.952289571201693
1779032988,120,,Aggregated,39.300000,1.100000,2400,2600,2800,2900,3200,3300,3600,3700,4100,4500,4500,15162,422,2400,2456.676513461186,5.141700035892427,4536.756900022738,18.964516554544254
1779032989,120,,Aggregated,39.000000,1.100000,2400,2600,2800,2900,3200,3300,3600,3700,4100,4500,4500,15212,422,2400,2456.1893407834905,5.141700035892427,4536.756900022738,18.961477780699447
1779032990,120,,Aggregated,39.300000,1.300000,2400,2600,2800,2900,3200,3300,3600,3700,4100,4500,4500,15261,423,2400,2454.675428857761,5.141700035892427,4536.756900022738,18.969333595439355
1779032991,120,,Aggregated,39.300000,1.300000,2400,2600,2800,2900,3200,3300,3600,3700,4100,4500,4500,15303,426,2400,2453.5734730639942,5.141700035892427,4536.756900022738,18.968764294582762
1779032992,120,,Aggregated,41.500000,1.100000,2400,2600,2800,2900,3100,3300,3600,3700,4100,4500,4500,15357,428,2400,2452.6430944128756,5.141700035892427,4536.756900022738,18.97056716806668
1779032993,120,,Aggregated,41.800000,1.300000,2400,2600,2800,2900,3100,3300,3600,3700,4100,4500,4500,15396,428,2400,2451.861572278418,5.141700035892427,4536.756900022738,18.96927773447649
1779032994,120,,Aggregated,42.900000,1.300000,2400,2600,2800,2900,3100,3300,3600,3700,4100,4500,4500,15441,429,2400,2451.1522643221715,5.141700035892427,4536.756900022738,18.9676834401917
1779032995,120,,Aggregated,43.000000,1.300000,2400,2600,2800,2900,3100,3300,3600,3700,4100,4500,4500,15485,429,2400,2450.8556865998476,5.141700035892427,4536.756900022738,18.96867936712948
1779032996,120,,Aggregated,43.400000,1.400000,2400,2600,2800,2900,3100,3300,3600,3700,4100,4500,4500,15516,429,2400,2451.0961210362543,5.141700035892427,4536.756900022738,18.966808455787575
1779032997,120,,Aggregated,44.900000,1.200000,2400,2600,2800,2900,3100,3300,3600,3700,4100,4500,4500,15561,432,2400,2451.0165565451393,5.141700035892427,4536.756900022738,18.974937343358395
1779032998,120,,Aggregated,44.600000,1.200000,2400,2600,2800,2900,3100,3300,3600,3700,4100,4500,4500,15607,436,2400,2451.3602727749635,5.141700035892427,4536.756900022738,18.974306400973923
1779032999,120,,Aggregated,44.700000,1.400000,2400,2600,2800,2900,3100,3300,3600,3700,4100,4500,4500,15653,437,2400,2451.02053986448,5.141700035892427,4536.756900022738,18.977959496582123
1779033000,120,,Aggregated,44.900000,1.400000,2400,2600,2800,2900,3100,3300,3600,3700,4100,4500,4500,15706,441,2400,2449.873738055431,5.141700035892427,4536.756900022738,18.98452820578123
1779033001,120,,Aggregated,43.700000,1.500000,2400,2600,2800,2900,3100,3300,3600,3700,4100,4500,4500,15755,442,2400,2448.810878971669,5.141700035892427,4536.756900022738,18.984449381148842
1779033002,120,,Aggregated,43.900000,1.700000,2400,2600,2800,2900,3100,3300,3600,3700,4100,4500,4500,15792,444,2400,2447.8755166982505,5.141700035892427,4536.756900022738,18.98233282674772
1779033003,120,,Aggregated,44.600000,1.600000,2400,2600,2800,2900,3100,3300,3600,3700,4100,4500,4500,15832,446,2400,2447.5043178751225,5.141700035892427,4536.756900022738,18.979977261243054
1779033004,120,,Aggregated,43.800000,1.500000,2400,2600,2800,2900,3100,3300,3600,3700,4100,4500,4500,15870,446,2400,2447.8416490799677,5.141700035892427,4536.756900022738,18.98456206679269
1779033005,120,,Aggregated,43.700000,1.800000,2400,2600,2800,2900,3100,3300,3600,3700,4100,4500,4500,15911,447,2400,2448.2986681854595,5.141700035892427,4536.756900022738,18.984476148576455
1779033006,120,,Aggregated,43.800000,1.700000,2400,2600,2800,2900,3100,3300,3600,3700,4100,4500,4500,15949,449,2400,2448.7010013417093,5.141700035892427,4536.756900022738,18.98858862624616
1779033007,120,,Aggregated,42.100000,1.800000,2400,2600,2800,2900,3100,3300,3600,3700,4100,4500,4500,15980,451,2400,2449.105878491808,5.141700035892427,4536.756900022738,18.985919899874844
1779033008,120,,Aggregated,43.600000,1.900000,2400,2600,2800,2900,3100,3300,3600,3700,4100,4500,4500,16022,453,2400,2450.0849357632783,5.141700035892427,4536.756900022738,18.980589189863938
1779033009,120,,Aggregated,42.000000,1.900000,2400,2600,2800,2900,3100,3300,3600,3700,4100,4500,4500,16063,454,2400,2451.125842744143,5.141700035892427,4536.756900022738,18.977961775508934
1779033010,120,,Aggregated,41.700000,1.700000,2400,2600,2800,2900,3100,3300,3600,3700,4100,4500,4500,16111,456,2400,2451.3080734342307,5.141700035892427,4536.756900022738,18.983986096455837
1779033011,120,,Aggregated,41.100000,1.700000,2400,2600,2800,2900,3100,3300,3600,3700,4100,4500,4500,16139,456,2400,2451.5747685853385,5.141700035892427,4536.756900022738,18.98153541111593
1779033012,120,,Aggregated,40.800000,1.600000,2400,2600,2800,2900,3100,3300,3600,3700,4100,4500,4500,16192,458,2400,2451.570931966321,5.141700035892427,4536.756900022738,18.984560276679844
1779033013,120,,Aggregated,38.300000,1.400000,2400,2600,2800,2900,3100,3300,3600,3700,4100,4500,4500,16234,459,2400,2451.5759718183162,5.141700035892427,4536.756900022738,18.983368239497352
1779033014,120,,Aggregated,40.000000,1.500000,2400,2600,2800,2900,3100,3300,3600,3700,4100,4500,4500,16268,459,2400,2451.8318865809365,5.141700035892427,4536.756900022738,18.977378903368578
1779033015,120,,Aggregated,40.100000,1.300000,2400,2600,2800,2900,3100,3300,3600,3700,4100,4500,4500,16309,459,2400,2452.0939408056115,5.141700035892427,4536.756900022738,18.977803666687105
1779033016,120,,Aggregated,39.200000,1.300000,2400,2600,2800,2900,3100,3300,3600,3700,4100,4500,4500,16349,461,2400,2452.6586010703186,5.141700035892427,4536.756900022738,18.979020123554957
1779033017,120,,Aggregated,39.500000,1.200000,2400,2600,2800,2900,3100,3300,3600,3700,4100,4500,4500,16386,461,2400,2453.070691010552,5.141700035892427,4536.756900022738,18.977236665446114
1779033018,120,,Aggregated,39.200000,1.200000,2400,2600,2800,2900,3100,3300,3600,3700,4100,4500,4500,16433,461,2400,2453.071943741186,5.141700035892427,4536.756900022738,18.9851518286375
1779033019,120,,Aggregated,40.100000,1.000000,2400,2600,2800,2900,3100,3300,3600,3700,4100,4500,4500,16469,461,2400,2453.305072943051,5.141700035892427,4536.756900022738,18.98330196126055
1779033020,120,,Aggregated,40.100000,0.800000,2400,2600,2800,2900,3100,3300,3600,3700,4100,4500,4500,16507,461,2400,2453.56037999026,5.141700035892427,4536.756900022738,18.980129641970073
1779033021,120,,Aggregated,40.400000,0.700000,2400,2600,2800,2900,3100,3300,3600,3700,4100,4500,4500,16547,464,2400,2454.0326068108443,5.141700035892427,4536.756900022738,18.98712757599565
1779033022,120,,Aggregated,38.900000,0.500000,2400,2600,2800,2900,3100,3300,3600,3700,4100,4500,4500,16586,464,2400,2454.732980188069,5.141700035892427,4536.756900022738,18.986976968527674
1779033023,120,,Aggregated,40.800000,0.700000,2400,2600,2800,2900,3100,3300,3600,3700,4100,4500,4500,16625,464,2400,2455.297846339811,5.141700035892427,4536.756900022738,18.988390977443608
1779033024,120,,Aggregated,38.900000,0.600000,2400,2600,2800,2900,3100,3300,3600,3700,4100,4500,4500,16663,464,2400,2455.83131966629,5.141700035892427,4536.756900022738,18.986497029346456
1779033025,120,,Aggregated,38.400000,0.500000,2400,2600,2800,2900,3100,3300,3600,3700,4100,4500,4500,16705,465,2400,2456.402455294767,5.141700035892427,4536.756900022738,18.98593235558216
1779033026,120,,Aggregated,39.700000,0.500000,2400,2600,2800,2900,3100,3300,3600,3700,4100,4500,4500,16747,467,2400,2457.19684951329,5.141700035892427,4536.756900022738,18.984056846002268
1779033027,120,,Aggregated,39.200000,0.500000,2400,2600,2800,2900,3100,3300,3600,3700,4100,4500,4500,16782,469,2400,2457.4070928792107,5.141700035892427,4536.756900022738,18.983315457037303
1779033028,120,,Aggregated,38.800000,0.500000,2400,2600,2800,2900,3100,3300,3600,3700,4100,4500,4500,16822,469,2400,2457.5282410354803,5.141700035892427,4536.756900022738,18.979015574842467
1779033029,120,,Aggregated,39.100000,0.600000,2400,2600,2800,2900,3100,3300,3600,3700,4100,4500,4500,16870,470,2400,2457.464734979193,5.141700035892427,4536.756900022738,18.983461766449317
1779033030,120,,Aggregated,39.400000,0.800000,2400,2600,2800,2900,3100,3300,3600,3700,4100,4500,4500,16913,473,2400,2457.029704558561,5.141700035892427,4536.756900022738,18.982794300242418
1779033031,120,,Aggregated,39.400000,0.800000,2400,2600,2800,2900,3100,3300,3600,3700,4100,4500,4500,16954,475,2400,2456.6632515747815,5.141700035892427,4536.756900022738,18.985490149817153
1779033032,120,,Aggregated,40.500000,1.100000,2400,2600,2800,2900,3100,3300,3600,3700,4100,4500,4500,17000,477,2400,2456.623885411701,5.141700035892427,4536.756900022738,18.982117647058825
1779033033,120,,Aggregated,40.700000,1.200000,2400,2600,2800,2900,3100,3300,3600,3700,4100,4500,4500,17026,477,2400,2456.7467578585024,5.141700035892427,4536.756900022738,18.97991307412193
1779033034,120,,Aggregated,41.200000,1.300000,2400,2600,2800,2900,3100,3300,3600,3700,4100,4500,4500,17068,478,2400,2457.677239418718,5.141700035892427,4536.756900022738,18.97492383407546
1779033035,120,,Aggregated,41.100000,1.300000,2400,2600,2800,2900,3100,3300,3600,3700,4100,4500,4500,17104,478,2400,2458.513685915493,5.141700035892427,4536.756900022738,18.97415809167446
1779033036,120,,Aggregated,40.000000,1.400000,2400,2600,2800,2900,3100,3300,3600,3700,4100,4500,4500,17145,479,2400,2459.3733012072744,5.141700035892427,4536.756900022738,18.97591134441528
1779033037,120,,Aggregated,40.100000,1.400000,2400,2600,2800,2900,3200,3300,3600,3700,4100,4500,4500,17194,479,2400,2459.961670699005,5.141700035892427,4536.756900022738,18.975689193904852
1779033038,120,,Aggregated,40.500000,1.300000,2400,2600,2800,2900,3200,3300,3600,3700,4100,4500,4500,17226,479,2400,2459.897753854576,5.141700035892427,4536.756900022738,18.976837338906304
1779033039,120,,Aggregated,40.200000,1.200000,2400,2600,2800,2900,3100,3300,3600,3700,4100,4500,4500,17271,480,2400,2459.875397544958,5.141700035892427,4536.756900022738,18.97753459556482
1779033040,120,,Aggregated,40.100000,1.000000,2400,2600,2800,2900,3100,3300,3600,3700,4100,4500,4500,17313,482,2400,2459.9191225898867,5.141700035892427,4536.756900022738,18.978397735805466
1779033041,120,,Aggregated,40.000000,1.100000,2400,2600,2800,2900,3100,3300,3600,3700,4100,4500,4500,17348,482,2400,2460.2865413706822,5.141700035892427,4536.756900022738,18.979190684805165
1779033042,120,,Aggregated,40.200000,0.900000,2400,2600,2800,2900,3100,3300,3600,3700,4100,4500,4500,17382,482,2400,2460.774376602139,5.141700035892427,4536.756900022738,18.976872626855368
1779033043,120,,Aggregated,38.600000,0.700000,2400,2600,2800,2900,3200,3300,3600,3700,4100,4500,4500,17402,483,2400,2461.3787887943013,5.141700035892427,4536.756900022738,18.97661188369153
1779033044,120,,Aggregated,38.400000,0.500000,2400,2600,2800,2900,3200,3300,3600,3700,4100,4500,4500,17438,483,2400,2463.2790251289357,5.141700035892427,4536.756900022738,18.970982910884274
1779033045,120,,Aggregated,37.700000,0.500000,2400,2600,2800,2900,3200,3400,3600,3700,4100,4500,4500,17477,484,2400,2465.2757621902138,5.141700035892427,4536.756900022738,18.971219316816388
1779033046,120,,Aggregated,36.700000,0.500000,2400,2600,2800,2900,3200,3400,3600,3700,4100,4500,4500,17512,484,2400,2466.8854303333983,5.141700035892427,4536.756900022738,18.96642302421197
1779033047,120,,Aggregated,37.200000,0.600000,2400,2600,2800,2900,3200,3400,3600,3700,4100,4500,4500,17558,485,2400,2467.569445192999,5.141700035892427,4536.756900022738,18.967593119945324
1779033048,120,,Aggregated,36.800000,0.600000,2400,2600,2800,2900,3200,3400,3600,3700,4100,4500,4500,17608,486,2400,2467.6113676566633,5.141700035892427,4536.756900022738,18.968820990458884
1779033049,120,,Aggregated,37.000000,0.500000,2400,2600,2800,2900,3200,3400,3600,3700,4100,4500,4500,17658,488,2400,2466.9484381525817,5.141700035892427,4536.756900022738,18.970438328236494
1779033050,120,,Aggregated,36.900000,0.600000,2400,2600,2800,2900,3200,3400,3600,3700,4100,4500,4500,17693,489,2400,2466.5475836036035,5.141700035892427,4536.756900022738,18.966936076414402
1779033051,120,,Aggregated,37.900000,0.700000,2400,2600,2800,2900,3200,3400,3600,3700,4100,4500,4500,17737,490,2400,2466.1198367028505,5.141700035892427,4536.756900022738,18.96701809776174
1779033052,120,,Aggregated,37.700000,0.800000,2400,2600,2800,2900,3200,3400,3600,3700,4100,4500,4500,17778,491,2400,2466.181520002164,5.141700035892427,4536.756900022738,18.967375407807403
1779033053,120,,Aggregated,38.400000,0.800000,2400,2600,2800,2900,3200,3400,3600,3700,4100,4500,4500,17817,492,2400,2466.3724449401534,5.141700035892427,4536.756900022738,18.965426278273558
1779033054,120,,Aggregated,38.600000,0.900000,2400,2600,2800,2900,3200,3400,3600,3700,4100,4500,4500,17871,494,2400,2466.379693788754,5.141700035892427,4536.756900022738,18.963180571876222
1779033055,120,,Aggregated,39.900000,1.000000,2400,2600,2800,2900,3200,3400,3600,3700,4100,4500,4500,17911,494,2400,2466.216201540891,5.141700035892427,4536.756900022738,18.96119702975825
1779033056,120,,Aggregated,42.400000,1.000000,2400,2600,2800,2900,3200,3400,3600,3700,4100,4500,4500,17947,495,2400,2465.714755552395,5.141700035892427,4536.756900022738,18.959436117456956
1779033057,120,,Aggregated,42.600000,1.000000,2400,2600,2800,2900,3200,3400,3600,3700,4100,4500,4500,17987,495,2400,2465.79134587195,5.141700035892427,4536.756900022738,18.964641129704788
1779033058,120,,Aggregated,43.200000,1.100000,2400,2600,2800,2900,3200,3400,3600,3700,4100,4500,4500,18026,495,2400,2466.109634439074,5.141700035892427,4536.756900022738,18.964828580938644
1779033059,120,,Aggregated,43.400000,1.100000,2400,2600,2800,2900,3200,3400,3600,3700,4100,4500,4500,18064,496,2400,2466.8424200398017,5.141700035892427,4536.756900022738,18.96346324180691
1779033060,120,,Aggregated,42.600000,1.000000,2400,2600,2800,2900,3200,3400,3600,3700,4100,4500,4500,18104,498,2400,2467.580882362955,5.141700035892427,4536.756900022738,18.96685815289439
1779033061,120,,Aggregated,40.500000,0.800000,2400,2600,2800,2900,3200,3400,3600,3700,4100,4500,4500,18131,500,2400,2468.180005371958,5.141700035892427,4536.756900022738,18.963984336219735
1779033062,120,,Aggregated,40.200000,0.700000,2400,2600,2800,2900,3200,3400,3600,3700,4100,4500,4500,18175,500,2400,2469.1603851498808,5.141700035892427,4536.756900022738,18.966822558459423
1779033063,120,,Aggregated,40.300000,1.000000,2400,2600,2800,2900,3200,3400,3600,3700,4100,4500,4500,18212,500,2400,2469.962957533452,5.141700035892427,4536.756900022738,18.964419064353173
1779033064,120,,Aggregated,39.500000,0.900000,2400,2600,2800,2900,3200,3400,3600,3700,4100,4500,4500,18246,500,2400,2470.696232122064,5.141700035892427,4536.756900022738,18.963882494793378
1779033065,120,,Aggregated,39.300000,0.800000,2400,2600,2800,2900,3200,3400,3600,3700,4100,4500,4500,18287,501,2400,2471.611773571343,5.141700035892427,4536.756900022738,18.963690053043145
1779033066,120,,Aggregated,38.100000,0.700000,2400,2600,2800,2900,3200,3400,3600,3700,4100,4500,4500,18326,502,2400,2471.9825051620296,5.141700035892427,4536.756900022738,18.96496780530394
1779033067,120,,Aggregated,37.000000,0.700000,2400,2600,2800,2900,3200,3400,3600,3700,4100,4500,4500,18373,502,2400,2472.2410723507037,5.141700035892427,4536.756900022738,18.96124748271921
1779033068,120,,Aggregated,37.300000,0.700000,2400,2600,2800,2900,3200,3400,3600,3700,4100,4500,4500,18413,503,2400,2472.048828648205,5.141700035892427,4536.756900022738,18.956932601966002
1779033069,120,,Aggregated,37.800000,0.700000,2400,2600,2800,2900,3200,3400,3600,3700,4100,4500,4500,18463,503,2400,2471.6441881492437,5.141700035892427,4536.756900022738,18.954936900828685
1779033070,120,,Aggregated,38.200000,0.700000,2400,2600,2800,2900,3200,3400,3600,3700,4100,4500,4500,18505,504,2400,2471.234488673302,5.141700035892427,4536.756900022738,18.953417995136448
1779033071,120,,Aggregated,39.400000,0.800000,2400,2600,2800,2900,3200,3400,3600,3700,4100,4500,4500,18549,506,2400,2470.7966330799154,5.141700035892427,4536.756900022738,18.951587686667747
1779033072,120,,Aggregated,39.900000,0.800000,2400,2600,2800,2900,3200,3400,3600,3700,4100,4500,4500,18588,507,2400,2470.657428722807,5.141700035892427,4536.756900022738,18.952496234129544
1779033073,120,,Aggregated,40.500000,0.500000,2400,2600,2800,2900,3200,3400,3600,3700,4100,4500,4500,18619,509,2400,2470.8683737149945,5.141700035892427,4536.756900022738,18.950910360384555
1779033074,120,,Aggregated,41.100000,0.600000,2400,2600,2800,2900,3200,3400,3600,3700,4100,4500,4500,18658,512,2400,2471.4353355182484,5.141700035892427,4536.756900022738,18.95213849287169
1779033075,120,,Aggregated,41.400000,0.800000,2400,2600,2800,2900,3200,3400,3600,3700,4100,4500,4500,18688,512,2400,2472.173929243345,5.141700035892427,4536.756900022738,18.948683647260275
1779033076,120,,Aggregated,40.900000,1.000000,2400,2600,2800,2900,3200,3400,3600,3700,4100,4500,4500,18725,515,2400,2473.2618388678134,5.141700035892427,4536.756900022738,18.951989319092124
1779033077,120,,Aggregated,41.200000,1.100000,2400,2600,2800,2900,3200,3400,3600,3700,4100,4500,4500,18779,516,2400,2474.039343878797,5.141700035892427,4536.756900022738,18.959050002662547
1779033078,120,,Aggregated,40.200000,1.200000,2400,2600,2800,2900,3200,3400,3600,3700,4100,4500,4500,18815,517,2400,2474.1263216316784,5.141700035892427,4536.756900022738,18.95896890778634
1779033079,120,,Aggregated,40.400000,1.400000,2400,2600,2800,2900,3200,3400,3600,3700,4100,4500,4500,18855,519,2400,2474.0431646671914,5.141700035892427,4536.756900022738,18.96075311588438
1779033080,120,,Aggregated,40.200000,1.400000,2400,2600,2800,2900,3200,3400,3600,3700,4100,4500,4500,18891,521,2400,2474.1911635699385,5.141700035892427,4536.756900022738,18.95860462654174
1779033081,120,,Aggregated,39.500000,1.400000,2400,2600,2800,2900,3200,3400,3600,3700,4100,4500,4500,18937,521,2400,2474.6244409937945,5.141700035892427,4536.756900022738,18.95833553361145
1779033082,120,,Aggregated,38.800000,1.500000,2400,2600,2800,2900,3200,3400,3600,3700,4100,4500,4500,18992,522,2400,2474.00895350671,5.141700035892427,4536.756900022738,18.9606149957877
1779033083,120,,Aggregated,38.600000,1.600000,2400,2600,2800,2900,3200,3400,3600,3700,4100,4500,4500,19016,522,2400,2473.9309207877227,5.141700035892427,4536.756900022738,18.957614640302904
1779033084,120,,Aggregated,39.600000,1.500000,2400,2600,2800,2900,3200,3400,3600,3700,4100,4500,4500,19063,523,2400,2473.9137872685014,5.141700035892427,4536.756900022738,18.959240413366206
1779033085,120,,Aggregated,39.500000,1.400000,2400,2600,2800,2900,3200,3400,3600,3700,4100,4500,4500,19117,527,2400,2474.123246163055,5.141700035892427,4536.756900022738,18.96134330700424
1779033086,120,,Aggregated,40.300000,1.200000,2400,2600,2800,2900,3200,3400,3600,3700,4100,4500,4500,19155,527,2400,2473.636057770773,5.141700035892427,4536.756900022738,18.96324719394414
1779033087,120,,Aggregated,40.200000,1.100000,2400,2600,2800,2900,3200,3400,3600,3700,4100,4500,4500,19197,527,2400,2473.2140198103384,5.141700035892427,4536.756900022738,18.962285773818827
1779033088,120,,Aggregated,42.400000,1.300000,2400,2600,2800,2900,3200,3400,3600,3700,4100,4500,4500,19238,527,2400,2473.1663861367597,5.141700035892427,4536.756900022738,18.96091069757771
1779033089,120,,Aggregated,41.500000,1.100000,2400,2600,2800,2900,3200,3400,3600,3700,4100,4500,4500,19271,528,2400,2473.374306003793,5.141700035892427,4536.756900022738,18.964713818691298
1779033090,120,,Aggregated,41.800000,1.100000,2400,2600,2800,2900,3200,3400,3600,3700,4100,4500,4500,19309,528,2400,2473.8008031073264,5.141700035892427,4536.756900022738,18.964835051012482
1779033091,120,,Aggregated,42.100000,1.100000,2400,2600,2800,2900,3200,3400,3600,3700,4100,4500,4500,19350,531,2400,2474.5248777208944,5.141700035892427,4536.756900022738,18.96547803617571
1779033092,120,,Aggregated,41.700000,0.900000,2400,2600,2800,2900,3200,3400,3600,3700,4100,4500,4500,19390,533,2400,2475.127146993248,5.141700035892427,4536.756900022738,18.964981949458483
1779033093,120,,Aggregated,40.700000,0.800000,2400,2600,2800,2900,3200,3400,3600,3700,4100,4500,4500,19433,534,2400,2475.7229692687347,5.141700035892427,4536.756900022738,18.966500283023723
1779033094,120,,Aggregated,40.400000,1.100000,2400,2600,2800,2900,3200,3400,3600,3700,4100,4500,4500,19479,535,2400,2475.683261199191,5.141700035892427,4536.756900022738,18.968427537347914
1779033095,120,,Aggregated,40.100000,1.100000,2400,2600,2800,2900,3200,3400,3600,3700,4100,4500,4500,19537,537,2400,2474.7228915032483,5.141700035892427,4536.756900022738,18.972206582382146
1779033096,120,,Aggregated,40.500000,1.200000,2400,2600,2800,2900,3200,3400,3600,3700,4100,4500,4500,19577,537,2400,2473.894697966959,5.141700035892427,4536.756900022738,18.97042447770343
1779033097,120,,Aggregated,41.900000,1.200000,2400,2600,2800,2900,3200,3400,3600,3700,4100,4500,4500,19610,537,2400,2473.4038789341785,5.141700035892427,4536.756900022738,18.967414584395716
1779033098,120,,Aggregated,41.400000,1.000000,2400,2600,2800,2900,3200,3400,3600,3700,4100,4500,4500,19642,540,2400,2473.5539246104986,5.141700035892427,4536.756900022738,18.96609306587924
1779033099,120,,Aggregated,41.400000,1.000000,2400,2600,2800,2900,3200,3400,3600,3700,4100,4500,4500,19669,540,2400,2474.169410452958,5.141700035892427,4536.756900022738,18.966597183385023
1779033100,120,,Aggregated,40.800000,1.000000,2400,2600,2800,2900,3200,3400,3600,3700,4100,4500,4500,19722,542,2400,2475.3268391744828,5.141700035892427,4536.756900022738,18.96770104451881
1779033101,120,,Aggregated,39.900000,1.200000,2400,2600,2800,2900,3200,3400,3600,3700,4100,4500,4500,19758,542,2400,2475.9581319009562,5.141700035892427,4536.756900022738,18.96522927421804
1779033102,120,,Aggregated,39.900000,1.200000,2400,2600,2800,2900,3200,3400,3600,3700,4100,4500,4500,19798,544,2400,2476.0437875037514,5.141700035892427,4536.756900022738,18.969289827255277
1779033103,120,,Aggregated,41.600000,1.300000,2400,2600,2800,2900,3200,3400,3600,3700,4100,4500,4500,19842,545,2400,2476.2567337213527,5.141700035892427,4536.756900022738,18.977572825320028
1779033104,120,,Aggregated,40.600000,1.000000,2400,2600,2800,2900,3200,3400,3600,3700,4100,4500,4500,19893,546,2400,2476.1295086110295,5.141700035892427,4536.756900022738,18.979440004021516
1779033105,120,,Aggregated,40.500000,1.100000,2400,2600,2800,2900,3200,3400,3600,3700,4100,4500,4500,19934,546,2400,2475.6091344887773,5.141700035892427,4536.756900022738,18.978830139460218
1779033106,120,,Aggregated,41.300000,1.100000,2400,2600,2800,2900,3200,3400,3600,3700,4100,4500,4500,19977,549,2400,2475.5905302948026,5.141700035892427,4536.756900022738,18.97712369224608
1779033107,120,,Aggregated,40.700000,1.100000,2400,2600,2800,2900,3200,3400,3600,3700,4100,4500,4500,20019,552,2400,2475.3430582546307,5.141700035892427,4536.756900022738,18.97956940906139
1779033108,120,,Aggregated,39.600000,0.900000,2400,2600,2800,2900,3200,3400,3600,3700,4100,4500,4500,20051,553,2400,2475.5624527305126,5.141700035892427,4536.756900022738,18.98015061592938
1779033109,120,,Aggregated,40.000000,1.300000,2400,2600,2800,2900,3200,3400,3600,3700,4100,4500,4500,20088,553,2400,2475.9129077757575,5.141700035892427,4536.756900022738,18.979639585822383
1779033110,120,,Aggregated,40.800000,1.500000,2400,2600,2800,2900,3200,3400,3600,3700,4100,4500,4500,20132,553,2400,2476.308699806251,5.141700035892427,4536.756900022738,18.98460162924697
1779033111,120,,Aggregated,41.100000,1.300000,2400,2600,2800,2900,3200,3400,3600,3700,4100,4500,4500,20178,554,2400,2476.697308732269,5.141700035892427,4536.756900022738,18.986569531172563
1779033112,120,,Aggregated,41.300000,1.300000,2400,2600,2800,2900,3200,3400,3600,3700,4100,4500,4500,20217,554,2400,2476.6111301478804,5.141700035892427,4536.756900022738,18.98852450907652
1779033113,120,,Aggregated,40.500000,1.100000,2400,2600,2800,2900,3200,3400,3600,3700,4100,4500,4500,20258,556,2400,2476.3579706782384,5.141700035892427,4536.756900022738,18.987955375654064
1779033114,120,,Aggregated,41.400000,1.200000,2400,2600,2800,2900,3200,3400,3600,3700,4100,4500,4500,20302,557,2400,2476.1904722588883,5.141700035892427,4536.756900022738,18.990444291202838
1779033115,120,,Aggregated,42.200000,1.000000,2400,2600,2800,2900,3200,3400,3600,3700,4100,4500,4500,20337,557,2400,2476.325862624768,5.141700035892427,4536.756900022738,18.989280621527264
1779033116,120,,Aggregated,40.500000,1.100000,2400,2600,2800,2900,3200,3400,3600,3700,4100,4500,4500,20376,558,2400,2476.738475382809,5.141700035892427,4536.756900022738,18.988123282292893
1779033117,120,,Aggregated,40.900000,1.100000,2400,2600,2800,2900,3200,3400,3600,3700,4100,4500,4500,20419,561,2400,2477.06592192076,5.141700035892427,4536.756900022738,18.992653900778688
1779033118,120,,Aggregated,40.400000,1.100000,2400,2600,2800,2900,3200,3400,3600,3700,4100,4500,4500,20457,562,2400,2477.1917837463966,5.141700035892427,4536.756900022738,18.990027863323068
1779033119,120,,Aggregated,39.400000,0.800000,2400,2600,2800,2900,3200,3400,3600,3700,4100,4500,4500,20507,564,2400,2477.0157222314283,5.141700035892427,4536.756900022738,18.987662749305116
1779033120,120,,Aggregated,39.900000,1.000000,2400,2600,2800,2900,3200,3400,3600,3700,4100,4500,4500,20535,564,2400,2477.110764046742,5.141700035892427,4536.756900022738,18.985147309471635
1779033121,120,,Aggregated,40.400000,0.900000,2400,2600,2800,2900,3200,3400,3600,3700,4100,4500,4500,20578,566,2400,2477.5430487608123,5.141700035892427,4536.756900022738,18.98571289726893
1779033122,120,,Aggregated,41.600000,1.100000,2400,2600,2800,2900,3200,3400,3600,3700,4100,4500,4500,20627,568,2400,2477.903868449128,5.141700035892427,4536.756900022738,18.986328598438938
1779033123,120,,Aggregated,40.000000,1.100000,2400,2600,2800,2900,3200,3400,3600,3700,4100,4500,4500,20672,568,2400,2477.4450458542983,5.141700035892427,4536.756900022738,18.98766447368421
1779033124,120,,Aggregated,39.900000,1.300000,2400,2600,2800,2900,3200,3400,3600,3700,4100,4500,4500,20715,569,2400,2477.1990590924465,5.141700035892427,4536.756900022738,18.986821144098478
1779033125,120,,Aggregated,40.400000,1.400000,2400,2600,2800,2900,3200,3400,3600,3700,4100,4500,4500,20754,570,2400,2477.1279936301503,5.141700035892427,4536.756900022738,18.991037872217404
1779033126,120,,Aggregated,41.100000,1.200000,2400,2600,2800,2900,3200,3400,3600,3700,4100,4500,4500,20785,570,2400,2477.3255103872943,5.141700035892427,4536.756900022738,18.990377676208805
1779033127,120,,Aggregated,40.800000,1.200000,2400,2600,2800,2900,3200,3400,3600,3700,4100,4500,4500,20830,570,2400,2477.8784252904416,5.141700035892427,4536.756900022738,18.99193470955353
1779033128,120,,Aggregated,41.600000,1.300000,2400,2600,2800,2900,3200,3400,3600,3700,4100,4500,4500,20877,573,2400,2478.334691071518,5.141700035892427,4536.756900022738,18.99305455764717
1779033129,120,,Aggregated,40.900000,1.200000,2400,2600,2800,2900,3200,3400,3600,3700,4100,4500,4500,20916,575,2400,2478.2567723608695,5.141700035892427,4536.756900022738,18.994167144769555
1779033130,120,,Aggregated,40.600000,0.800000,2400,2600,2800,2900,3200,3400,3600,3700,4100,4500,4500,20966,578,2400,2478.011631918336,5.141700035892427,4536.756900022738,18.998235238004387
1779033131,120,,Aggregated,41.500000,1.100000,2400,2600,2800,2900,3200,3400,3600,3700,4100,4500,4500,20997,578,2400,2477.777529799486,5.141700035892427,4536.756900022738,18.99795208839358
1779033132,120,,Aggregated,40.400000,1.100000,2400,2600,2800,2900,3200,3400,3600,3700,4100,4500,4500,21043,580,2400,2477.713440987496,5.141700035892427,4536.756900022738,18.998241695575725
1779033133,120,,Aggregated,42.700000,1.400000,2400,2600,2800,2900,3200,3400,3600,3700,4100,4500,4500,21083,581,2400,2477.806259925052,5.141700035892427,4536.756900022738,18.997154105203244
1779033134,120,,Aggregated,42.000000,1.200000,2400,2600,2800,2900,3200,3400,3600,3700,4100,4500,4500,21109,581,2400,2478.0035027144822,5.141700035892427,4536.756900022738,18.99602065469705
1779033135,120,,Aggregated,41.400000,1.300000,2400,2600,2800,2900,3200,3400,3600,3700,4100,4500,4500,21147,581,2400,2478.4679635645575,5.141700035892427,4536.756900022738,18.99191374663073
1779033136,120,,Aggregated,41.000000,1.300000,2400,2600,2800,2900,3200,3400,3600,3700,4100,4500,4500,21195,583,2400,2479.1113919273225,5.141700035892427,4536.756900022738,18.991413069120075
1779033137,120,,Aggregated,39.500000,1.200000,2400,2600,2800,2900,3200,3400,3600,3700,4100,4500,4500,21228,583,2400,2479.632685641593,5.141700035892427,4536.756900022738,18.988599962313923
1779033138,120,,Aggregated,39.100000,1.100000,2400,2600,2800,2900,3200,3400,3600,3700,4100,4500,4500,21276,586,2400,2479.5102615059104,5.141700035892427,4536.756900022738,18.991492761797332
1779033139,120,,Aggregated,40.800000,1.300000,2400,2600,2800,2900,3200,3400,3600,3700,4100,4500,4500,21320,588,2400,2479.4895833677137,5.141700035892427,4536.756900022738,18.993621013133207
1779033140,120,,Aggregated,39.800000,1.300000,2400,2600,2800,2900,3200,3400,3600,3700,4100,4500,4500,21356,591,2400,2479.4087490634824,5.141700035892427,4536.756900022738,18.993538115752013
1779033142,120,,Aggregated,39.800000,1.300000,2400,2600,2800,2900,3200,3400,3600,3700,4100,4500,4500,21402,591,2400,2479.2453596159135,5.141700035892427,4536.756900022738,18.996916176058313
1779033143,120,,Aggregated,40.400000,1.300000,2400,2600,2800,2900,3200,3400,3600,3700,4100,4500,4500,21445,592,2400,2479.4036606574887,5.141700035892427,4536.756900022738,18.995756586616928
1779033144,120,,Aggregated,39.800000,1.200000,2400,2600,2800,2900,3200,3400,3600,3700,4100,4500,4500,21492,593,2400,2479.2474217150498,5.141700035892427,4536.756900022738,18.994695700725853
1779033145,120,,Aggregated,40.000000,1.100000,2400,2600,2800,2900,3200,3400,3600,3700,4100,4500,4500,21538,595,2400,2478.79841122667,5.141700035892427,4536.756900022738,18.995589191196956
1779033146,120,,Aggregated,40.700000,1.200000,2400,2600,2800,2900,3200,3400,3600,3700,4100,4500,4500,21577,595,2400,2478.065062719567,5.141700035892427,4536.756900022738,18.996524076563006
1779033147,120,,Aggregated,42.500000,1.400000,2400,2600,2800,2900,3200,3400,3600,3700,4100,4500,4500,21625,595,2400,2477.5748528924887,5.141700035892427,4536.756900022738,18.99500578034682
1779033148,120,,Aggregated,42.400000,1.400000,2400,2600,2800,2900,3200,3400,3600,3700,4100,4500,4500,21659,595,2400,2477.6211743109143,5.141700035892427,4536.756900022738,18.993074472505654
1779033149,120,,Aggregated,42.700000,1.200000,2400,2600,2800,2900,3200,3400,3600,3700,4100,4500,4500,21693,595,2400,2477.830938998748,5.141700035892427,4536.756900022738,18.992624348868297
1779033150,120,,Aggregated,42.500000,1.200000,2400,2600,2800,2900,3200,3400,3600,3700,4100,4500,4500,21733,600,2400,2478.290534900828,5.141700035892427,4536.756900022738,18.993696222334698
1779033151,120,,Aggregated,41.500000,0.900000,2400,2600,2800,2900,3200,3400,3600,3700,4100,4500,4500,21770,601,2400,2478.9112795957612,5.141700035892427,4536.756900022738,18.993385392742304
1779033152,120,,Aggregated,41.100000,1.200000,2400,2600,2800,2900,3200,3400,3600,3700,4100,4500,4500,21821,602,2400,2479.301304271104,5.141700035892427,4536.756900022738,18.991842720315294
1779033153,120,,Aggregated,40.900000,1.000000,2400,2600,2800,2900,3200,3400,3600,3700,4100,4500,4500,21867,606,2400,2479.18239009922,5.141700035892427,4536.756900022738,18.994786664837427
1779033154,120,,Aggregated,41.400000,1.100000,2400,2600,2800,2900,3200,3400,3600,3700,4100,4500,4500,21923,608,2400,2478.213822277959,5.141700035892427,4536.756900022738,18.999042101902113
1779033155,120,,Aggregated,41.800000,1.400000,2400,2600,2800,2900,3200,3400,3600,3700,4100,4500,4500,21964,610,2400,2477.2137857402918,5.141700035892427,4536.756900022738,18.999134948096884
1779033156,120,,Aggregated,42.800000,1.500000,2400,2600,2800,2900,3200,3400,3600,3700,4100,4500,4500,21999,611,2400,2476.682433651523,5.141700035892427,4536.756900022738,18.995181599163597
1779033157,120,,Aggregated,42.400000,1.500000,2400,2600,2800,2900,3200,3400,3600,3700,4100,4500,4500,22033,611,2400,2476.7640379703084,5.141700035892427,4536.756900022738,18.99169427676667
1779033158,120,,Aggregated,42.000000,1.600000,2400,2600,2800,2900,3200,3400,3600,3700,4100,4500,4500,22067,611,2400,2477.5928116689943,5.141700035892427,4536.756900022738,18.98853491639099
1779033159,120,,Aggregated,40.900000,1.600000,2400,2600,2800,2900,3200,3400,3600,3700,4100,4500,4500,22100,611,2400,2478.362736230764,5.141700035892427,4536.756900022738,18.986561085972852
1779033160,120,,Aggregated,40.800000,1.600000,2400,2600,2800,2900,3200,3400,3600,3700,4100,4500,4500,22154,614,2400,2479.181006743692,5.141700035892427,4536.756900022738,18.990791730612983
1779033161,120,,Aggregated,40.500000,1.600000,2400,2600,2800,2900,3200,3400,3600,3700,4100,4500,4500,22192,614,2400,2479.135680930045,5.141700035892427,4536.756900022738,18.98895998558039
1779033162,120,,Aggregated,41.800000,1.400000,2400,2600,2800,2900,3200,3400,3600,3700,4100,4500,4500,22242,615,2400,2478.8510939843372,5.141700035892427,4536.756900022738,18.99082816293499
1779033163,120,,Aggregated,42.300000,1.300000,2400,2600,2800,2900,3200,3400,3600,3700,4100,4500,4500,22286,616,2400,2478.466513479309,5.141700035892427,4536.756900022738,18.988647581441263
1779033164,120,,Aggregated,41.900000,1.300000,2400,2600,2800,2900,3200,3400,3600,3700,4100,4500,4500,22330,616,2400,2477.966227935509,5.141700035892427,4536.756900022738,18.986206896551725
1779033165,120,,Aggregated,41.700000,1.000000,2400,2600,2800,2900,3200,3400,3600,3700,4100,4500,4500,22365,616,2400,2477.657262383183,5.141700035892427,4536.756900022738,18.982785602503913
1779033166,120,,Aggregated,40.600000,0.800000,2400,2600,2800,2900,3200,3400,3600,3700,4100,4500,4500,22404,616,2400,2477.7363155998924,5.141700035892427,4536.756900022738,18.982324584895554
1779033167,120,,Aggregated,40.000000,0.600000,2400,2600,2800,2900,3200,3400,3600,3700,4100,4500,4500,22446,617,2400,2478.0207771986134,5.141700035892427,4536.756900022738,18.98119932281921
1779033168,120,,Aggregated,40.100000,0.500000,2400,2600,2800,2900,3200,3400,3600,3700,4100,4500,4500,22484,618,2400,2478.2917754803484,5.141700035892427,4536.756900022738,18.984744707347446
1779033169,120,,Aggregated,41.200000,0.600000,2400,2600,2800,2900,3200,3400,3600,3700,4100,4500,4500,22537,621,2400,2477.973390979281,5.141700035892427,4536.756900022738,18.985179926343346
1779033170,120,,Aggregated,41.600000,0.700000,2400,2600,2800,2900,3200,3400,3600,3700,4100,4500,4500,22579,621,2400,2477.6756239293177,5.141700035892427,4536.756900022738,18.984366003808848
1779033171,120,,Aggregated,43.600000,1.000000,2400,2600,2800,2900,3200,3400,3600,3700,4100,4500,4500,22627,622,2400,2477.0143525876133,5.141700035892427,4536.756900022738,18.987271843372962
1779033172,120,,Aggregated,42.500000,0.700000,2400,2600,2800,2900,3200,3400,3600,3700,4100,4500,4500,22664,622,2400,2476.68921658136,5.141700035892427,4536.756900022738,18.985836569008118
1779033173,120,,Aggregated,43.100000,0.800000,2400,2600,2800,2900,3200,3400,3600,3700,4100,4500,4500,22714,626,2400,2476.3663168618396,5.141700035892427,4536.756900022738,18.98762877520472
1779033174,120,,Aggregated,42.600000,0.700000,2400,2600,2800,2900,3200,3400,3600,3700,4100,4500,4500,22750,626,2400,2476.2669715340626,5.141700035892427,4536.756900022738,18.985054945054944
1779033175,120,,Aggregated,41.700000,0.800000,2400,2600,2800,2900,3200,3300,3600,3700,4100,4500,4500,22792,627,2400,2476.4092790189625,5.141700035892427,4536.756900022738,18.98266935766936
1779033176,120,,Aggregated,41.400000,1.000000,2400,2600,2800,2900,3200,3300,3600,3700,4100,4500,4500,22829,628,2400,2476.605981519125,5.141700035892427,4536.756900022738,18.982390818695517
1779033177,120,,Aggregated,42.300000,1.100000,2400,2600,2800,2900,3200,3300,3600,3700,4100,4500,4500,22871,631,2400,2476.686562712608,5.141700035892427,4536.756900022738,18.986052205850203
1779033178,120,,Aggregated,42.300000,1.100000,2400,2600,2800,2900,3200,3300,3600,3700,4100,4500,4500,22909,632,2400,2476.9804804269115,5.141700035892427,4536.756900022738,18.985595180933256
1779033179,120,,Aggregated,41.700000,1.300000,2400,2600,2800,2900,3200,3300,3600,3700,4100,4500,4500,22945,634,2400,2477.196496556984,5.141700035892427,4536.756900022738,18.984789714534756
1779033180,120,,Aggregated,42.400000,1.400000,2400,2600,2800,2900,3200,3300,3600,3700,4100,4500,4500,22983,636,2400,2477.535973358565,5.141700035892427,4536.756900022738,18.985162946525694
1779033181,120,,Aggregated,40.200000,1.200000,2400,2600,2800,2900,3200,3400,3600,3700,4100,4500,4500,23026,637,2400,2477.809276118305,5.141700035892427,4536.756900022738,18.984669504038912
1779033182,120,,Aggregated,40.000000,1.500000,2400,2600,2800,2900,3200,3400,3600,3700,4100,4500,4500,23072,638,2400,2478.010378138008,5.141700035892427,4536.756900022738,18.98634708737864
1779033183,120,,Aggregated,39.500000,1.500000,2400,2600,2800,2900,3200,3300,3600,3700,4100,4500,4500,23113,640,2400,2477.9047130402905,5.141700035892427,4536.756900022738,18.98624150910743
1779033184,120,,Aggregated,39.900000,1.600000,2400,2600,2800,2900,3200,3300,3600,3700,4100,4500,4500,23150,641,2400,2477.8927447257133,5.141700035892427,4536.756900022738,18.986522678185747
1779033185,120,,Aggregated,40.400000,1.500000,2400,2600,2800,2900,3200,3300,3600,3700,4100,4500,4500,23181,641,2400,2478.192022363143,5.141700035892427,4536.756900022738,18.98352098701523
1779033186,120,,Aggregated,40.400000,1.500000,2400,2600,2800,2900,3200,3300,3600,3700,4100,4500,4500,23217,641,2400,2478.715691321012,5.141700035892427,4536.756900022738,18.98311582030409
1779033187,120,,Aggregated,38.900000,1.400000,2400,2600,2800,2900,3200,3400,3600,3700,4100,4500,4500,23260,641,2400,2479.426041294069,5.141700035892427,4536.756900022738,18.97889079965606
1779033188,120,,Aggregated,39.200000,1.400000,2400,2600,2800,2900,3200,3400,3600,3700,4100,4500,4500,23300,644,2400,2479.7170724592293,5.141700035892427,4536.756900022738,18.977768240343348
1779033189,120,,Aggregated,39.000000,1.100000,2400,2600,2800,2900,3200,3400,3600,3700,4100,4500,4500,23346,645,2400,2479.7389352137384,5.141700035892427,4536.756900022738,18.973956994774266
1779033190,120,,Aggregated,38.600000,1.200000,2400,2600,2800,2900,3200,3400,3600,3700,4100,4500,4500,23389,645,2400,2479.522419812728,5.141700035892427,4536.756900022738,18.97447518064047
1779033191,120,,Aggregated,40.100000,1.200000,2400,2600,2800,2900,3200,3400,3600,3700,4100,4500,4500,23432,647,2400,2479.2125480454083,5.141700035892427,4536.756900022738,18.9761010583817
1779033192,120,,Aggregated,40.500000,0.900000,2400,2600,2800,2900,3200,3300,3600,3700,4100,4500,4500,23481,649,2400,2478.9787947872774,5.141700035892427,4536.756900022738,18.97346791022529
1779033193,120,,Aggregated,41.100000,1.000000,2400,2600,2800,2900,3200,3300,3600,3700,4100,4500,4500,23514,650,2400,2479.014940958573,5.141700035892427,4536.756900022738,18.97507867653313
1779033194,120,,Aggregated,41.300000,1.100000,2400,2600,2800,2900,3200,3300,3600,3700,4100,4500,4500,23556,650,2400,2479.1458742910513,5.141700035892427,4536.756900022738,18.975462727118355
1779033195,120,,Aggregated,39.900000,1.000000,2400,2600,2800,2900,3200,3300,3600,3700,4100,4500,4500,23603,652,2400,2479.242272300143,5.141700035892427,4536.756900022738,18.976952082362413
1779033196,120,,Aggregated,39.500000,0.900000,2400,2600,2800,2900,3200,3300,3600,3700,4100,4500,4500,23646,653,2400,2479.1261076968763,5.141700035892427,4536.756900022738,18.978516450985367
1779033197,120,,Aggregated,41.800000,1.100000,2400,2600,2800,2900,3200,3300,3600,3700,4100,4500,4500,23674,653,2400,2479.159044479186,5.141700035892427,4536.756900022738,18.9758807130185
1779033198,120,,Aggregated,42.100000,1.100000,2400,2600,2800,2900,3200,3300,3600,3700,4100,4500,4500,23711,653,2400,2479.6794864029425,5.141700035892427,4536.756900022738,18.97351440259795
1779033199,120,,Aggregated,41.600000,1.200000,2400,2600,2800,2900,3200,3300,3600,3700,4100,4500,4500,23743,653,2400,2480.3708122688777,5.141700035892427,4536.756900022738,18.972497157056818
1779033200,120,,Aggregated,40.600000,0.900000,2400,2600,2800,2900,3200,3400,3600,3700,4100,4500,4500,23781,655,2400,2481.3501951305543,5.141700035892427,4536.756900022738,18.97624153736176
1779033201,120,,Aggregated,39.500000,0.800000,2400,2600,2800,2900,3200,3400,3600,3700,4100,4500,4500,23832,655,2400,2481.9329493495943,5.141700035892427,4536.756900022738,18.97776099362202
1779033202,120,,Aggregated,38.300000,1.000000,2400,2600,2800,2900,3200,3400,3600,3700,4100,4500,4500,23879,657,2400,2481.631483169284,5.141700035892427,4536.756900022738,18.976757820679257
1779033203,120,,Aggregated,38.500000,0.800000,2400,2600,2800,2900,3200,3400,3600,3700,4100,4500,4500,23914,657,2400,2481.216143648044,5.141700035892427,4536.756900022738,18.977000919963203
1779033204,120,,Aggregated,39.300000,0.800000,2400,2600,2800,2900,3200,3400,3600,3700,4100,4500,4500,23962,658,2400,2481.0219081587325,5.141700035892427,4536.756900022738,18.97612887071196
1779033205,120,,Aggregated,39.900000,0.800000,2400,2600,2800,2900,3200,3400,3600,3700,4100,4500,4500,24005,660,2400,2481.0276343678224,5.141700035892427,4536.756900022738,18.97642157883774
1779033206,120,,Aggregated,40.200000,0.700000,2400,2600,2800,2900,3200,3400,3600,3700,4100,4500,4500,24044,660,2400,2480.8077685284998,5.141700035892427,4536.756900022738,18.974255531525536
1779033207,120,,Aggregated,39.700000,0.700000,2400,2600,2800,2900,3200,3400,3600,3700,4100,4500,4500,24092,662,2400,2480.338888357083,5.141700035892427,4536.756900022738,18.97414079362444
1779033208,120,,Aggregated,39.800000,0.800000,2400,2600,2800,2900,3200,3400,3600,3700,4100,4500,4500,24130,662,2400,2480.3556849730135,5.141700035892427,4536.756900022738,18.971404890178203
1779033209,120,,Aggregated,40.700000,0.800000,2400,2600,2800,2900,3200,3300,3600,3700,4100,4500,4500,24184,664,2400,2479.836133410463,5.141700035892427,4536.756900022738,18.97283327820046
1779033210,120,,Aggregated,41.400000,0.900000,2400,2600,2800,2900,3200,3300,3600,3700,4100,4500,4500,24230,665,2400,2479.2419685761006,5.141700035892427,4536.756900022738,18.9705323978539
1779033211,120,,Aggregated,43.900000,1.100000,2400,2600,2800,2900,3200,3300,3600,3700,4100,4500,4500,24287,665,2400,2478.123271626742,5.141700035892427,4536.756900022738,18.971095647877465
1779033212,120,,Aggregated,44.500000,1.000000,2400,2600,2800,2900,3200,3300,3600,3700,4100,4500,4500,24343,668,2400,2476.8602929917874,5.141700035892427,4536.756900022738,18.971901573347573
1779033213,120,,Aggregated,45.300000,1.000000,2400,2600,2800,2900,3200,3300,3600,3700,4100,4500,4500,24390,670,2400,2475.446536867534,5.141700035892427,4536.756900022738,18.97671176711767
1779033214,120,,Aggregated,44.600000,0.800000,2400,2600,2800,2900,3200,3300,3600,3700,4100,4500,4500,24431,673,2400,2474.5179865662185,5.141700035892427,4536.756900022738,18.976259670091277
1779033215,120,,Aggregated,46.600000,1.100000,2400,2600,2800,2900,3200,3300,3600,3700,4100,4500,4500,24479,674,2400,2474.0368828424007,5.141700035892427,4536.756900022738,18.977327505208546
1779033216,120,,Aggregated,47.300000,1.500000,2400,2600,2800,2900,3200,3300,3600,3700,4100,4500,4500,24518,677,2400,2473.7721681172684,5.141700035892427,4536.756900022738,18.974753242515703
1779033217,120,,Aggregated,46.400000,1.400000,2400,2600,2800,2900,3200,3300,3600,3700,4100,4500,4500,24562,679,2400,2473.6631071532915,5.141700035892427,4536.756900022738,18.97752626007654
1779033218,120,,Aggregated,47.700000,1.700000,2400,2600,2800,2900,3200,3300,3600,3700,4100,4500,4500,24602,679,2400,2473.4339465043117,5.141700035892427,4536.756900022738,18.976627916429557
1779033219,120,,Aggregated,47.400000,1.700000,2400,2600,2800,2900,3200,3300,3600,3700,4100,4500,4500,24656,682,2400,2473.0604891547355,5.141700035892427,4536.756900022738,18.977044127190137
1779033220,120,,Aggregated,47.500000,1.700000,2400,2600,2800,2900,3200,3300,3600,3700,4100,4500,4500,24702,682,2400,2472.462501457323,5.141700035892427,4536.756900022738,18.977127358108657
1779033221,120,,Aggregated,46.600000,1.700000,2400,2600,2800,2900,3200,3300,3600,3700,4100,4500,4500,24741,682,2400,2472.019361545557,5.141700035892427,4536.756900022738,18.975587082171295
1779033222,120,,Aggregated,47.100000,1.700000,2400,2600,2800,2900,3200,3300,3600,3700,4100,4500,4500,24800,682,2400,2471.215799947506,5.141700035892427,4536.756900022738,18.97576612903226
1779033223,120,,Aggregated,45.400000,1.700000,2400,2600,2800,2900,3200,3300,3600,3700,4100,4500,4500,24830,682,2400,2470.8912947884833,5.141700035892427,4536.756900022738,18.974788562223118
1779033224,120,,Aggregated,46.300000,1.700000,2400,2600,2800,2900,3200,3300,3500,3700,4100,4500,4500,24867,682,2400,2470.947541754059,5.141700035892427,4536.756900022738,18.972654522057343
1779033225,120,,Aggregated,45.300000,1.400000,2400,2600,2800,2900,3200,3300,3500,3700,4100,4500,4500,24918,683,2400,2470.9853436631324,5.141700035892427,4536.756900022738,18.97604141584397
1779033226,120,,Aggregated,43.300000,1.000000,2400,2600,2800,2900,3200,3300,3500,3700,4100,4500,4500,24958,684,2400,2471.0856524400197,5.141700035892427,4536.756900022738,18.97523840051286
1779033227,120,,Aggregated,44.300000,0.900000,2400,2600,2800,2900,3200,3300,3500,3700,4100,4500,4500,25003,684,2400,2470.8975329439622,5.141700035892427,4536.756900022738,18.975202975642922
1779033228,120,,Aggregated,43.000000,0.700000,2400,2600,2800,2900,3200,3300,3500,3700,4100,4500,4500,25042,684,2400,2470.7400884553062,5.141700035892427,4536.756900022738,18.97504192955834
1779033229,120,,Aggregated,43.600000,0.600000,2400,2600,2800,2900,3200,3300,3500,3700,4100,4500,4500,25082,684,2400,2470.607028442629,5.141700035892427,4536.756900022738,18.97655689338968
1779033230,120,,Aggregated,43.800000,0.500000,2400,2600,2800,2900,3200,3300,3500,3700,4100,4500,4500,25123,684,2400,2470.6650599131526,5.141700035892427,4536.756900022738,18.9743263145325
1779033231,120,,Aggregated,42.800000,0.300000,2400,2600,2800,2900,3200,3300,3500,3700,4100,4500,4500,25168,686,2400,2470.864214621673,5.141700035892427,4536.756900022738,18.973140495867767
1779033232,120,,Aggregated,42.600000,0.200000,2400,2600,2800,2900,3200,3300,3500,3700,4100,4500,4500,25211,686,2400,2470.995407932975,5.141700035892427,4536.756900022738,18.97290865098568
1779033233,120,,Aggregated,42.500000,0.400000,2400,2600,2800,2900,3200,3300,3500,3700,4100,4500,4500,25242,686,2400,2471.02477012116,5.141700035892427,4536.756900022738,18.972545757071547
1779033234,120,,Aggregated,40.500000,0.400000,2400,2600,2800,2900,3200,3300,3500,3700,4100,4500,4500,25279,686,2400,2471.3333380829367,5.141700035892427,4536.756900022738,18.97246726531904
1779033235,120,,Aggregated,40.700000,0.400000,2400,2600,2800,2900,3200,3300,3500,3700,4100,4500,4500,25311,686,2400,2471.7825285250933,5.141700035892427,4536.756900022738,18.9714353443167
1779033236,120,,Aggregated,41.500000,0.400000,2400,2600,2800,2900,3200,3300,3500,3700,4100,4500,4500,25351,686,2400,2472.584053031386,5.141700035892427,4536.756900022738,18.97293992347442
1779033237,120,,Aggregated,39.500000,0.400000,2400,2600,2800,2900,3200,3300,3500,3700,4100,4500,4500,25390,686,2400,2473.3386074950213,5.141700035892427,4536.756900022738,18.97211500590784
1779033238,120,,Aggregated,39.300000,0.200000,2400,2600,2800,2900,3200,3300,3500,3700,4100,4500,4500,25415,686,2400,2473.760652461089,5.141700035892427,4536.756900022738,18.971198111351566
1779033239,120,,Aggregated,38.200000,0.200000,2400,2600,2800,2900,3200,3300,3600,3700,4100,4500,4500,25450,686,2400,2474.514433720973,5.141700035892427,4536.756900022738,18.970137524557956
1779033240,120,,Aggregated,37.600000,0.200000,2400,2600,2800,2900,3200,3300,3600,3700,4100,4500,4500,25495,686,2400,2475.6595197802963,5.141700035892427,4536.756900022738,18.97081780741322
1779033241,120,,Aggregated,36.600000,0.200000,2400,2600,2800,2900,3200,3300,3600,3700,4100,4500,4500,25542,687,2400,2476.0615030028544,5.141700035892427,4536.756900022738,18.970597447341632
1779033242,120,,Aggregated,36.100000,0.200000,2400,2600,2800,2900,3200,3300,3600,3700,4100,4500,4500,25580,687,2400,2475.93746242763,5.141700035892427,4536.756900022738,18.96817826426896
1779033243,120,,Aggregated,36.900000,0.000000,2400,2600,2800,2900,3200,3300,3600,3700,4100,4500,4500,25631,689,2400,2475.6472975029783,5.141700035892427,4536.756900022738,18.966602941750224
1779033244,120,,Aggregated,37.400000,0.100000,2400,2600,2800,2900,3200,3300,3600,3700,4100,4500,4500,25668,690,2400,2475.582634778672,5.141700035892427,4536.756900022738,18.964936886395513
1779033245,120,,Aggregated,37.000000,0.100000,2400,2600,2800,2900,3200,3300,3600,3700,4100,4500,4500,25705,691,2400,2475.4992741800825,5.141700035892427,4536.756900022738,18.965804318226027
1779033246,120,,Aggregated,38.100000,0.300000,2400,2600,2800,2900,3200,3300,3600,3700,4100,4500,4500,25738,691,2400,2475.7277342916695,5.141700035892427,4536.756900022738,18.964643717460564
1779033247,120,,Aggregated,39.000000,0.400000,2400,2600,2800,2900,3200,3300,3600,3700,4100,4500,4500,25770,693,2400,2476.2704643034162,5.141700035892427,4536.756900022738,18.96476523088863
1779033248,120,,Aggregated,38.600000,0.500000,2400,2600,2800,2900,3200,3300,3600,3700,4100,4500,4500,25801,693,2400,2476.9322036781095,5.141700035892427,4536.756900022738,18.96321847990388
1779033249,120,,Aggregated,38.200000,0.500000,2400,2600,2800,2900,3200,3300,3600,3700,4100,4500,4500,25847,697,2400,2477.8527582310976,5.141700035892427,4536.756900022738,18.969009943126864
1779033250,120,,Aggregated,37.900000,0.700000,2400,2600,2800,2900,3200,3300,3600,3700,4100,4500,4500,25890,699,2400,2478.4809342409853,5.141700035892427,4536.756900022738,18.96948628814214
1779033251,120,,Aggregated,38.300000,0.800000,2400,2600,2800,2900,3200,3300,3600,3700,4100,4500,4500,25934,699,2400,2478.3002493174617,5.141700035892427,4536.756900022738,18.97003933060847
1779033252,120,,Aggregated,39.300000,1.100000,2400,2600,2800,2900,3200,3300,3600,3700,4100,4500,4500,25973,699,2400,2478.024728772157,5.141700035892427,4536.756900022738,18.970700342663534
1779033253,120,,Aggregated,38.600000,1.300000,2400,2600,2800,2900,3200,3300,3600,3700,4100,4500,4500,26011,701,2400,2478.0035206450793,5.141700035892427,4536.756900022738,18.972703856060896
1779033254,120,,Aggregated,39.300000,1.200000,2400,2600,2800,2900,3200,3300,3600,3700,4100,4500,4500,26052,702,2400,2478.2931170121033,5.141700035892427,4536.756900022738,18.973399355135882
1779033255,120,,Aggregated,39.100000,1.300000,2400,2600,2800,2900,3200,3300,3600,3700,4100,4500,4500,26079,704,2400,2478.566175547346,5.141700035892427,4536.756900022738,18.9730050998888
1779033256,120,,Aggregated,38.000000,1.200000,2400,2600,2800,2900,3200,3300,3600,3700,4100,4500,4500,26123,705,2400,2479.2953726600917,5.141700035892427,4536.756900022738,18.972093557401525
1779033257,120,,Aggregated,38.000000,1.300000,2400,2600,2800,2900,3200,3300,3600,3700,4100,4500,4500,26162,706,2400,2479.840521890525,5.141700035892427,4536.756900022738,18.971905817598042
1779033258,120,,Aggregated,37.300000,1.400000,2400,2600,2800,2900,3200,3300,3600,3700,4100,4500,4500,26198,706,2400,2480.2167550881695,5.141700035892427,4536.756900022738,18.968814413313993
1779033259,120,,Aggregated,38.500000,1.500000,2400,2600,2800,2900,3200,3300,3600,3700,4100,4500,4500,26243,707,2400,2480.462110829546,5.141700035892427,4536.756900022738,18.969210837175627
1779033260,120,,Aggregated,39.300000,1.300000,2400,2600,2800,2900,3200,3300,3600,3700,4100,4500,4500,26287,708,2400,2480.520102206409,5.141700035892427,4536.756900022738,18.967360292159622
1779033261,120,,Aggregated,39.200000,1.200000,2400,2600,2800,2900,3200,3300,3600,3700,4100,4500,4500,26323,709,2400,2480.4825079132274,5.141700035892427,4536.756900022738,18.967139003912926
1779033262,120,,Aggregated,39.500000,1.000000,2400,2600,2800,2900,3200,3300,3600,3700,4100,4500,4500,26358,709,2400,2480.4137078344315,5.141700035892427,4536.756900022738,18.96649973442598
1779033263,120,,Aggregated,39.500000,0.900000,2400,2600,2800,2900,3200,3300,3600,3700,4100,4500,4500,26403,709,2400,2480.5031133166744,5.141700035892427,4536.756900022738,18.967087073438623
1779033264,120,,Aggregated,38.400000,1.000000,2400,2600,2800,2900,3200,3300,3600,3700,4100,4500,4500,26449,710,2400,2480.5167868426074,5.141700035892427,4536.756900022738,18.964611138417332
1779033265,120,,Aggregated,38.400000,0.900000,2400,2600,2800,2900,3200,3300,3600,3700,4100,4500,4500,26503,712,2400,2480.0682709580115,5.141700035892427,4536.756900022738,18.96585292231068
1779033266,120,,Aggregated,39.800000,0.800000,2400,2600,2800,2900,3200,3300,3600,3700,4100,4500,4500,26550,714,2400,2479.438244086626,5.141700035892427,4536.756900022738,18.97129943502825
1779033267,120,,Aggregated,40.600000,0.700000,2400,2600,2800,2900,3200,3300,3600,3700,4100,4500,4500,26593,716,2400,2478.859820888944,5.141700035892427,4536.756900022738,18.97570789305456
1779033268,120,,Aggregated,42.400000,0.700000,2400,2600,2800,2900,3200,3300,3600,3700,4100,4500,4500,26627,716,2400,2478.9624396965396,5.141700035892427,4536.756900022738,18.97551357644496
1779033269,120,,Aggregated,42.400000,0.800000,2400,2600,2800,2900,3200,3300,3600,3700,4100,4500,4500,26663,718,2400,2479.093840355541,5.141700035892427,4536.756900022738,18.977646926452387
1779033270,120,,Aggregated,42.500000,1.000000,2400,2600,2800,2900,3200,3300,3600,3700,4100,4500,4500,26708,719,2400,2479.4508555938182,5.141700035892427,4536.756900022738,18.974202486146474
1779033271,120,,Aggregated,42.800000,1.000000,2400,2600,2800,2900,3200,3300,3600,3700,4100,4500,4500,26757,723,2400,2479.2280902791535,5.141700035892427,4536.756900022738,18.978472922973427
1779033272,120,,Aggregated,41.700000,1.100000,2400,2600,2800,2900,3200,3300,3600,3700,4100,4500,4500,26801,723,2400,2478.918227510145,5.141700035892427,4536.756900022738,18.977724711764488
1779033273,120,,Aggregated,42.500000,1.200000,2400,2600,2800,2900,3200,3300,3600,3700,4100,4500,4500,26835,723,2400,2478.7816191466054,5.141700035892427,4536.756900022738,18.97622507918763
1779033274,120,,Aggregated,43.600000,1.400000,2400,2600,2800,2900,3200,3300,3600,3700,4100,4500,4500,26878,726,2400,2478.8794574596086,5.141700035892427,4536.756900022738,18.97429124190788
1779033275,120,,Aggregated,43.400000,1.400000,2400,2600,2800,2900,3200,3300,3600,3700,4100,4500,4500,26930,730,2400,2478.7907910137155,5.141700035892427,4536.756900022738,18.976160415893055
1779033276,120,,Aggregated,42.100000,1.400000,2400,2600,2800,2900,3200,3300,3600,3700,4100,4500,4500,26971,733,2400,2478.4228529605557,5.141700035892427,4536.756900022738,18.978421267287086
1779033277,120,,Aggregated,42.100000,1.600000,2400,2600,2800,2900,3200,3300,3600,3700,4100,4500,4500,27011,734,2400,2478.110258113337,5.141700035892427,4536.756900022738,18.97893450816334
1779033278,120,,Aggregated,42.300000,1.900000,2400,2600,2800,2900,3200,3300,3600,3700,4100,4500,4500,27046,736,2400,2478.12929410262,5.141700035892427,4536.756900022738,18.978887820749833
1779033279,120,,Aggregated,41.700000,1.900000,2400,2600,2800,2900,3200,3300,3600,3700,4100,4500,4500,27098,738,2400,2478.101355524367,5.141700035892427,4536.756900022738,18.981585356852904
1779033280,120,,Aggregated,41.900000,1.900000,2400,2600,2800,2900,3200,3300,3600,3700,4100,4500,4500,27131,739,2400,2478.1211780767217,5.141700035892427,4536.756900022738,18.981128598282407
1779033281,120,,Aggregated,41.700000,2.000000,2400,2600,2800,2900,3200,3300,3600,3700,4100,4500,4500,27175,739,2400,2478.2819013909675,5.141700035892427,4536.756900022738,18.981232750689973
1779033282,120,,Aggregated,43.200000,2.100000,2400,2600,2800,2900,3200,3300,3600,3700,4100,4500,4500,27224,741,2400,2478.029583723903,5.141700035892427,4536.756900022738,18.983727593300028
1779033283,120,,Aggregated,41.800000,1.900000,2400,2600,2800,2900,3200,3300,3600,3700,4100,4500,4500,27270,742,2400,2477.6169138137097,5.141700035892427,4536.756900022738,18.98734873487349
1779033284,120,,Aggregated,41.500000,1.700000,2400,2600,2800,2900,3200,3300,3600,3700,4100,4500,4500,27315,744,2400,2477.0158489291507,5.141700035892427,4536.756900022738,18.986966868021234
1779033285,120,,Aggregated,42.300000,1.800000,2400,2600,2800,2900,3200,3300,3600,3700,4100,4500,4500,27365,747,2400,2476.5292033911783,5.141700035892427,4536.756900022738,18.98695413849808
1779033286,120,,Aggregated,43.500000,1.900000,2400,2600,2800,2900,3200,3300,3600,3700,4100,4500,4500,27411,748,2400,2476.0585682353594,5.141700035892427,4536.756900022738,18.98577213527416
1779033287,120,,Aggregated,43.100000,1.900000,2400,2600,2800,2900,3200,3300,3600,3700,4100,4500,4500,27448,748,2400,2475.523232669032,5.141700035892427,4536.756900022738,18.98455260856893
1779033288,120,,Aggregated,43.500000,1.700000,2400,2600,2800,2900,3200,3300,3600,3700,4100,4500,4500,27492,749,2400,2475.4769208496905,5.141700035892427,4536.756900022738,18.983195111305108
1779033289,120,,Aggregated,44.200000,1.500000,2400,2600,2800,2900,3200,3300,3600,3700,4100,4500,4500,27539,750,2400,2475.3030758487866,5.141700035892427,4536.756900022738,18.983623225244198
1779033290,120,,Aggregated,43.500000,1.400000,2400,2600,2800,2900,3100,3300,3600,3700,4100,4500,4500,27590,753,2400,2474.589160369685,5.141700035892427,4536.756900022738,18.98709677419355
1779033291,120,,Aggregated,44.900000,1.300000,2400,2600,2800,2900,3100,3300,3600,3700,4100,4500,4500,27631,754,2400,2474.1723658137466,5.141700035892427,4536.756900022738,18.988708334841302
1779033292,120,,Aggregated,44.800000,1.100000,2400,2600,2800,2900,3100,3300,3600,3700,4100,4500,4500,27669,755,2400,2473.9644788391242,5.141700035892427,4536.756900022738,18.989157540930282
1779033293,120,,Aggregated,46.200000,1.400000,2400,2600,2800,2900,3100,3300,3600,3700,4100,4500,4500,27716,761,2400,2474.2509029802177,5.141700035892427,4536.756900022738,18.994299321691443
1779033294,120,,Aggregated,44.900000,1.400000,2400,2600,2800,2900,3100,3300,3600,3700,4100,4500,4500,27756,764,2400,2474.2183809770845,5.141700035892427,4536.756900022738,18.995100158524284
1779033295,120,,Aggregated,44.400000,1.500000,2400,2600,2800,2900,3100,3300,3600,3700,4100,4500,4500,27803,764,2400,2474.2029045642507,5.141700035892427,4536.756900022738,18.99410135596878
1779033296,120,,Aggregated,44.100000,1.900000,2400,2600,2800,2900,3100,3300,3600,3700,4100,4500,4500,27847,764,2400,2473.5402371565965,5.141700035892427,4536.756900022738,18.992638345243652
1779033297,120,,Aggregated,44.000000,1.900000,2400,2600,2800,2900,3100,3300,3600,3700,4100,4500,4500,27890,765,2400,2473.4276050268872,5.141700035892427,4536.756900022738,18.988992470419504
1779033298,120,,Aggregated,43.200000,1.600000,2400,2600,2800,2900,3100,3300,3600,3700,4100,4500,4500,27935,767,2400,2473.092742065517,5.141700035892427,4536.756900022738,18.99194558797208
1779033299,120,,Aggregated,43.300000,1.600000,2400,2600,2800,2900,3100,3300,3600,3700,4100,4500,4500,27971,769,2400,2473.1333709985406,5.141700035892427,4536.756900022738,18.98948911372493
1779033301,120,,Aggregated,44.100000,1.600000,2400,2600,2800,2900,3100,3300,3600,3700,4100,4500,4500,28010,770,2400,2473.2740054516307,5.141700035892427,4536.756900022738,18.989289539450198
1779033302,120,,Aggregated,42.100000,1.900000,2400,2600,2800,2900,3100,3300,3600,3700,4100,4500,4500,28063,773,2400,2473.413075401781,5.141700035892427,4536.756900022738,18.99362149449453
1779033303,120,,Aggregated,42.100000,1.900000,2400,2600,2800,2900,3100,3300,3500,3700,4100,4500,4500,28103,773,2400,2473.225949396873,5.141700035892427,4536.756900022738,18.993488239689714
1779033304,120,,Aggregated,43.000000,1.900000,2400,2600,2800,2900,3100,3300,3500,3700,4100,4500,4500,28146,774,2400,2472.928181173183,5.141700035892427,4536.756900022738,18.993036310665815
1779033305,120,,Aggregated,43.200000,1.700000,2400,2600,2800,2900,3100,3300,3500,3700,4100,4500,4500,28188,776,2400,2472.7380110862873,5.141700035892427,4536.756900022738,18.994572158365262
1779033306,120,,Aggregated,42.700000,1.300000,2400,2600,2800,2900,3100,3300,3500,3700,4100,4500,4500,28226,777,2400,2472.7731719017956,5.141700035892427,4536.756900022738,18.99227662438886
1779033307,120,,Aggregated,42.700000,1.300000,2400,2600,2800,2900,3100,3300,3500,3700,4100,4500,4500,28269,781,2400,2472.7487922813143,5.141700035892427,4536.756900022738,18.994340089851075
1779033308,120,,Aggregated,42.200000,1.300000,2400,2600,2800,2900,3100,3300,3500,3700,4100,4500,4500,28315,783,2400,2472.5725111848974,5.141700035892427,4536.756900022738,18.99452586968038
1779033309,120,,Aggregated,42.200000,1.300000,2400,2600,2800,2900,3100,3300,3500,3700,4100,4500,4500,28356,784,2400,2472.43019792286,5.141700035892427,4536.756900022738,18.995062773310764
1779033310,120,,Aggregated,42.000000,1.800000,2400,2600,2800,2900,3100,3300,3500,3700,4100,4500,4500,28389,786,2400,2472.421716041458,5.141700035892427,4536.756900022738,18.99489238789672
1779033311,120,,Aggregated,42.100000,1.700000,2400,2600,2800,2900,3100,3300,3500,3700,4100,4500,4500,28442,788,2400,2472.641592570882,5.141700035892427,4536.756900022738,18.99630827649251
1779033312,120,,Aggregated,41.700000,1.700000,2400,2600,2800,2900,3100,3300,3500,3700,4100,4500,4500,28499,790,2400,2471.705840829537,5.141700035892427,4536.756900022738,19.002280781781817
1779033313,120,,Aggregated,43.000000,1.700000,2400,2600,2800,2900,3100,3300,3500,3700,4100,4500,4500,28544,791,2400,2470.7499342629303,5.141700035892427,4536.756900022738,19.00010510089686
1779033314,120,,Aggregated,43.500000,1.700000,2400,2600,2800,2900,3100,3300,3500,3700,4100,4500,4500,28586,793,2400,2470.342163755027,5.141700035892427,4536.756900022738,19.001993983068633
1779033315,120,,Aggregated,44.000000,1.800000,2400,2600,2800,2900,3100,3300,3500,3700,4100,4500,4500,28622,794,2400,2470.19851297957,5.141700035892427,4536.756900022738,19.003284186989028
1779033316,120,,Aggregated,43.900000,1.900000,2400,2600,2800,2900,3100,3300,3500,3700,4100,4500,4500,28663,795,2400,2470.324518808252,5.141700035892427,4536.756900022738,19.00275616648641
1779033317,120,,Aggregated,43.300000,1.900000,2400,2600,2800,2900,3100,3300,3500,3700,4100,4500,4500,28709,796,2400,2470.3342380473446,5.141700035892427,4536.756900022738,19.002194433801247
1779033318,120,,Aggregated,43.300000,1.800000,2400,2600,2800,2900,3100,3300,3500,3700,4100,4500,4500,28750,799,2400,2470.2905882330842,5.141700035892427,4536.756900022738,19.00295652173913
1779033319,120,,Aggregated,43.500000,1.500000,2400,2600,2800,2900,3100,3300,3500,3700,4100,4500,4500,28799,800,2400,2470.1807566235343,5.141700035892427,4536.756900022738,19.004652939338172
1779033320,120,,Aggregated,43.700000,1.600000,2400,2600,2800,2900,3100,3300,3500,3700,4100,4500,4500,28842,800,2400,2469.8977085882148,5.141700035892427,4536.756900022738,19.006622286942655
1779033321,120,,Aggregated,43.300000,1.600000,2400,2600,2800,2900,3100,3300,3500,3700,4100,4500,4500,28886,802,2400,2469.583452773019,5.141700035892427,4536.756900022738,19.007269957765008
1779033322,120,,Aggregated,44.800000,1.400000,2400,2600,2800,2900,3100,3300,3500,3700,4100,4500,4500,28921,802,2400,2469.6031871374294,5.141700035892427,4536.756900022738,19.006016389474777
1779033323,120,,Aggregated,44.100000,1.400000,2400,2600,2800,2900,3100,3300,3500,3700,4100,4500,4500,28956,802,2400,2469.676582901688,5.141700035892427,4536.756900022738,19.00442050006907
1779033324,120,,Aggregated,42.000000,1.200000,2400,2600,2800,2900,3100,3300,3500,3700,4100,4500,4500,28992,802,2400,2470.0503724338146,5.141700035892427,4536.756900022738,19.0025869205298
1779033325,120,,Aggregated,40.900000,1.100000,2400,2600,2800,2900,3100,3300,3500,3700,4100,4500,4500,29038,803,2400,2470.6843434568914,5.141700035892427,4536.756900022738,19.00099869136993
1779033326,120,,Aggregated,39.900000,0.900000,2400,2600,2800,2900,3100,3300,3500,3700,4100,4500,4500,29074,805,2400,2470.9243012245083,5.141700035892427,4536.756900022738,19.00282038935131
1779033327,120,,Aggregated,40.900000,0.900000,2400,2600,2800,2900,3100,3300,3500,3700,4100,4500,4500,29101,806,2400,2471.182490299351,5.141700035892427,4536.756900022738,19.001649427854712
1779033328,120,,Aggregated,40.800000,1.000000,2400,2600,2800,2900,3100,3300,3500,3700,4100,4500,4500,29140,809,2400,2471.6421223233274,5.141700035892427,4536.756900022738,19.000789293067946
1779033329,120,,Aggregated,39.000000,1.000000,2400,2600,2800,2900,3100,3300,3500,3700,4100,4500,4500,29183,810,2400,2472.34689724504,5.141700035892427,4536.756900022738,19.000616797450572
1779033330,120,,Aggregated,38.500000,1.000000,2400,2600,2800,2900,3100,3300,3600,3700,4100,4500,4500,29220,810,2400,2472.7873933334013,5.141700035892427,4536.756900022738,18.99798083504449
1779033331,120,,Aggregated,38.600000,1.000000,2400,2600,2800,2900,3100,3300,3600,3700,4100,4500,4500,29265,812,2400,2472.961038209535,5.141700035892427,4536.756900022738,18.997471382197165
1779033332,120,,Aggregated,37.000000,1.000000,2400,2600,2800,2900,3100,3300,3600,3700,4100,4500,4500,29304,813,2400,2473.108501788228,5.141700035892427,4536.756900022738,18.995768495768495
1779033333,120,,Aggregated,37.200000,1.000000,2400,2600,2800,2900,3100,3300,3600,3700,4100,4500,4500,29342,814,2400,2473.09948337544,5.141700035892427,4536.756900022738,18.997648422057118
1779033334,120,,Aggregated,37.300000,1.000000,2400,2600,2800,2900,3100,3300,3600,3700,4100,4500,4500,29379,815,2400,2473.4827855611834,5.141700035892427,4536.756900022738,18.99816195241499
1779033335,120,,Aggregated,37.800000,1.100000,2400,2600,2800,2900,3100,3300,3600,3700,4100,4500,4500,29415,818,2400,2473.78278697269,5.141700035892427,4536.756900022738,18.997858235594084
1779033336,120,,Aggregated,37.900000,1.300000,2400,2600,2800,2900,3100,3300,3600,3700,4100,4500,4500,29447,819,2400,2474.1426095358393,5.141700035892427,4536.756900022738,18.997351173294394
1779033337,120,,Aggregated,37.600000,1.500000,2400,2600,2800,2900,3100,3300,3600,3700,4100,4500,4500,29491,822,2400,2474.6254504527456,5.141700035892427,4536.756900022738,18.99728730799227
1779033338,120,,Aggregated,37.500000,1.400000,2400,2600,2800,2900,3100,3300,3600,3700,4100,4500,4500,29533,823,2400,2474.8636915755906,5.141700035892427,4536.756900022738,18.997189584532556
1779033339,120,,Aggregated,38.800000,1.600000,2400,2600,2800,2900,3100,3300,3600,3700,4100,4500,4500,29575,823,2400,2475.0874299408965,5.141700035892427,4536.756900022738,18.99533389687236
1779033340,120,,Aggregated,38.600000,1.400000,2400,2600,2800,2900,3100,3300,3600,3700,4100,4500,4500,29620,823,2400,2475.044945732681,5.141700035892427,4536.756900022738,18.99382174206617
1779033341,120,,Aggregated,38.200000,1.300000,2400,2600,2800,2900,3100,3300,3600,3700,4100,4500,4500,29653,823,2400,2474.9537975888375,5.141700035892427,4536.756900022738,18.99419957508515
1779033342,120,,Aggregated,40.300000,1.300000,2400,2600,2800,2900,3100,3300,3600,3700,4100,4500,4500,29688,825,2400,2475.116709266433,5.141700035892427,4536.756900022738,18.99491376987335
1779033343,120,,Aggregated,39.200000,1.200000,2400,2600,2800,2900,3100,3300,3600,3700,4100,4500,4500,29732,825,2400,2475.5482472622634,5.141700035892427,4536.756900022738,18.995963944571507
1779033344,120,,Aggregated,38.700000,1.200000,2400,2600,2800,2900,3100,3300,3600,3700,4100,4500,4500,29763,826,2400,2476.0034053456175,5.141700035892427,4536.756900022738,18.993985821321775
1779033345,120,,Aggregated,39.000000,1.200000,2400,2600,2800,2900,3100,3300,3600,3700,4100,4500,4500,29799,826,2400,2476.608021326267,5.141700035892427,4536.756900022738,18.994697808651296
1779033346,120,,Aggregated,39.500000,1.100000,2400,2600,2800,2900,3100,3300,3600,3700,4100,4500,4500,29844,829,2400,2477.0238852131515,5.141700035892427,4536.756900022738,18.999128803109503
1779033347,120,,Aggregated,38.400000,0.800000,2400,2600,2800,2900,3200,3300,3600,3700,4100,4500,4500,29890,829,2400,2477.354948036174,5.141700035892427,4536.756900022738,18.997791903646704
1779033348,120,,Aggregated,38.600000,0.700000,2400,2600,2800,2900,3200,3300,3600,3700,4100,4500,4500,29920,829,2400,2477.4567845655542,5.141700035892427,4536.756900022738,18.995421122994653
1779033349,120,,Aggregated,38.900000,0.700000,2400,2600,2800,2900,3200,3300,3600,3700,4100,4500,4500,29968,831,2400,2477.3530371062934,5.141700035892427,4536.756900022738,19.00086759209824
1779033350,120,,Aggregated,39.300000,0.600000,2400,2600,2800,2900,3200,3300,3600,3700,4100,4300,4500,30005,832,2400,2477.4546685452915,5.141700035892427,4536.756900022738,18.999600066655557
1779033351,120,,Aggregated,40.300000,0.800000,2400,2600,2800,2900,3200,3300,3600,3700,4100,4300,4500,30048,832,2400,2477.539095194404,5.141700035892427,4536.756900022738,18.996572151224708
1779033352,120,,Aggregated,38.600000,0.900000,2400,2600,2800,2900,3200,3300,3600,3700,4100,4300,4500,30098,837,2400,2477.441615622342,5.141700035892427,4536.756900022738,18.99930227922121
1779033353,120,,Aggregated,38.700000,0.900000,2400,2600,2800,2900,3200,3300,3600,3700,4100,4300,4500,30136,838,2400,2477.352704731927,5.141700035892427,4536.756900022738,18.99847358640828
1779033354,120,,Aggregated,40.600000,1.100000,2400,2600,2800,2900,3100,3300,3600,3700,4100,4300,4500,30181,838,2400,2477.0693033067587,5.141700035892427,4536.756900022738,18.998277061727578
1779033355,120,,Aggregated,39.900000,1.200000,2400,2600,2800,2900,3100,3300,3600,3700,4100,4300,4500,30212,838,2400,2477.137740384657,5.141700035892427,4536.756900022738,18.995994968886535
1779033356,120,,Aggregated,41.000000,1.200000,2400,2600,2800,2900,3100,3300,3600,3700,4100,4300,4500,30251,842,2400,2477.509167786226,5.141700035892427,4536.756900022738,18.997719083666656
1779033357,120,,Aggregated,41.100000,1.200000,2400,2600,2800,2900,3100,3300,3600,3700,4100,4300,4500,30292,845,2400,2477.912777142522,5.141700035892427,4536.756900022738,18.99858048329592
1779033358,120,,Aggregated,40.400000,1.500000,2400,2600,2800,2900,3200,3300,3600,3700,4100,4300,4500,30328,846,2400,2478.338570291525,5.141700035892427,4536.756900022738,18.997856766024796
1779033359,120,,Aggregated,40.300000,1.300000,2400,2600,2800,2900,3200,3300,3600,3700,4100,4300,4500,30373,848,2400,2478.278596832766,5.141700035892427,4536.756900022738,18.999934152042933
1779033360,120,,Aggregated,40.100000,1.700000,2400,2600,2800,2900,3200,3300,3600,3700,4100,4300,4500,30416,848,2400,2478.3090988197478,5.141700035892427,4536.756900022738,18.997599947396107
1779033361,120,,Aggregated,39.900000,1.700000,2400,2600,2800,2900,3100,3300,3600,3700,4100,4300,4500,30462,850,2400,2478.232449159664,5.141700035892427,4536.756900022738,18.998325782942683
1779033362,120,,Aggregated,39.800000,1.600000,2400,2600,2800,2900,3100,3300,3600,3700,4100,4300,4500,30511,852,2400,2477.8529297696405,5.141700035892427,4536.756900022738,19.00052440103569
1779033363,120,,Aggregated,40.700000,1.600000,2400,2600,2800,2900,3100,3300,3600,3700,4100,4300,4500,30548,852,2400,2477.52984970543,5.141700035892427,4536.756900022738,18.99967264632709
1779033364,120,,Aggregated,40.800000,1.500000,2400,2600,2800,2900,3100,3300,3600,3700,4100,4300,4500,30589,853,2400,2477.3024838766178,5.141700035892427,4536.756900022738,19.0
1779033365,120,,Aggregated,41.900000,1.500000,2400,2600,2800,2900,3100,3300,3600,3700,4100,4300,4500,30625,853,2400,2477.5196958563884,5.141700035892427,4536.756900022738,18.998432653061226
1779033366,120,,Aggregated,41.000000,1.400000,2400,2600,2800,2900,3100,3300,3600,3700,4100,4300,4500,30676,854,2400,2477.698485177404,5.141700035892427,4536.756900022738,19.00277089581432
1779033367,120,,Aggregated,40.700000,1.500000,2400,2600,2800,2900,3100,3300,3600,3700,4100,4300,4500,30716,854,2400,2477.7006696250146,5.141700035892427,4536.756900022738,19.00237661153796
1779033368,120,,Aggregated,41.400000,1.300000,2400,2600,2800,2900,3100,3300,3600,3700,4100,4300,4500,30752,855,2400,2477.5767304078463,5.141700035892427,4536.756900022738,19.00156087408949
1779033369,120,,Aggregated,42.500000,1.200000,2400,2600,2800,2900,3100,3300,3600,3700,4100,4300,4500,30804,856,2400,2477.42472505526,5.141700035892427,4536.756900022738,19.003992987923645
1779033370,120,,Aggregated,42.500000,0.900000,2400,2600,2800,2900,3100,3300,3600,3700,4100,4300,4500,30849,856,2400,2477.3349702811247,5.141700035892427,4536.756900022738,19.002301533274984
1779033371,120,,Aggregated,42.000000,0.800000,2400,2600,2800,2900,3100,3300,3600,3700,4100,4300,4500,30883,856,2400,2477.076306045477,5.141700035892427,4536.756900022738,19.000582844930868
1779033372,120,,Aggregated,43.000000,0.800000,2400,2600,2800,2900,3100,3300,3600,3700,4100,4300,4500,30922,856,2400,2477.0824510608177,5.141700035892427,4536.756900022738,18.99835068882996
1779033373,120,,Aggregated,42.900000,0.800000,2400,2600,2800,2900,3100,3300,3600,3700,4100,4300,4500,30953,857,2400,2477.235880900157,5.141700035892427,4536.756900022738,18.997092365844992
1779033374,120,,Aggregated,41.400000,0.600000,2400,2600,2800,2900,3100,3300,3600,3700,4100,4300,4500,30991,861,2400,2477.807579974921,5.141700035892427,4536.756900022738,18.998128488916137
1779033375,120,,Aggregated,40.400000,0.500000,2400,2600,2800,2900,3100,3300,3600,3700,4100,4300,4500,31033,861,2400,2478.4639002127647,5.141700035892427,4536.756900022738,18.996809847581606
1779033376,120,,Aggregated,39.400000,0.700000,2400,2600,2800,2900,3100,3300,3600,3700,4100,4300,4500,31075,864,2400,2478.7337248721656,5.141700035892427,4536.756900022738,18.999871279163315
1779033377,120,,Aggregated,40.300000,0.800000,2400,2600,2800,2900,3100,3300,3600,3700,4100,4300,4500,31103,864,2400,2478.97641352289,5.141700035892427,4536.756900022738,18.99900331157766
1779033378,120,,Aggregated,40.600000,0.900000,2400,2600,2800,2900,3100,3300,3600,3700,4100,4300,4500,31151,864,2400,2479.257475223981,5.141700035892427,4536.756900022738,19.000417322076338
1779033379,120,,Aggregated,38.800000,1.000000,2400,2600,2800,2900,3100,3300,3600,3700,4100,4300,4500,31198,865,2400,2479.3907153055447,5.141700035892427,4536.756900022738,19.000448746714532
1779033380,120,,Aggregated,38.100000,0.900000,2400,2600,2800,2900,3100,3300,3600,3700,4100,4300,4500,31249,866,2400,2479.006802486549,5.141700035892427,4536.756900022738,18.999359979519344
1779033381,120,,Aggregated,39.100000,0.800000,2400,2600,2800,2900,3100,3300,3600,3700,4100,4300,4500,31302,867,2400,2478.136608293467,5.141700035892427,4536.756900022738,19.001213979937383
1779033382,120,,Aggregated,39.600000,0.900000,2400,2600,2800,2900,3100,3300,3600,3700,4100,4300,4500,31345,869,2400,2477.3445335014126,5.141700035892427,4536.756900022738,19.001914180890093
1779033383,120,,Aggregated,40.400000,1.100000,2400,2600,2800,2900,3100,3300,3600,3700,4100,4300,4500,31395,873,2400,2476.6774462717594,5.141700035892427,4536.756900022738,19.0060519190954
1779033384,120,,Aggregated,41.500000,1.300000,2400,2600,2800,2900,3100,3300,3600,3700,4100,4300,4500,31425,873,2400,2476.5633509817617,5.141700035892427,4536.756900022738,19.00467780429594
1779033385,120,,Aggregated,42.900000,1.500000,2400,2600,2800,2900,3100,3300,3600,3700,4100,4300,4500,31467,874,2400,2476.686836689288,5.141700035892427,4536.756900022738,19.00543426446754
1779033386,120,,Aggregated,44.000000,1.400000,2400,2600,2800,2900,3100,3300,3600,3700,4100,4300,4500,31513,877,2400,2476.851891467077,5.141700035892427,4536.756900022738,19.005426331989973
1779033387,120,,Aggregated,43.600000,1.300000,2400,2600,2800,2900,3100,3300,3600,3700,4100,4300,4500,31560,881,2400,2476.587754623003,5.141700035892427,4536.756900022738,19.008713561470216
1779033388,120,,Aggregated,43.200000,1.200000,2400,2600,2800,2900,3100,3300,3600,3700,4100,4300,4500,31596,881,2400,2476.5814030479182,5.141700035892427,4536.756900022738,19.005950120268388
1779033389,120,,Aggregated,44.700000,1.600000,2400,2600,2800,2900,3100,3300,3600,3700,4100,4300,4500,31643,883,2400,2476.3260566445088,5.141700035892427,4536.756900022738,19.007205385077267
1779033390,120,,Aggregated,44.900000,1.700000,2400,2600,2800,2900,3100,3300,3600,3700,4100,4300,4500,31699,885,2400,2476.018735404977,5.141700035892427,4536.756900022738,19.00902236663617
1779033391,120,,Aggregated,44.900000,1.900000,2400,2600,2800,2900,3100,3300,3600,3700,4100,4300,4500,31734,886,2400,2475.760181638066,5.141700035892427,4536.756900022738,19.00929602319279
1779033392,120,,Aggregated,44.300000,1.900000,2400,2600,2800,2900,3100,3300,3600,3700,4100,4300,4500,31771,886,2400,2475.5150777376402,5.141700035892427,4536.756900022738,19.009190771458247
1779033393,120,,Aggregated,43.900000,1.800000,2400,2600,2800,2900,3100,3300,3600,3700,4100,4300,4500,31801,886,2400,2475.59006425278,5.141700035892427,4536.756900022738,19.00698091254992
1779033394,120,,Aggregated,43.400000,1.700000,2400,2600,2800,2900,3100,3300,3600,3700,4100,4300,4500,31841,886,2400,2476.28684494214,5.141700035892427,4536.756900022738,19.006281209761
1779033395,120,,Aggregated,41.500000,1.400000,2400,2600,2800,2900,3100,3300,3600,3700,4100,4300,4500,31881,888,2400,2476.9391981965027,5.141700035892427,4536.756900022738,19.00561462940309
1779033396,120,,Aggregated,39.500000,1.300000,2400,2600,2800,2900,3100,3300,3600,3700,4100,4300,4500,31933,889,2400,2477.1091996869336,5.141700035892427,4536.756900022738,19.005730748755205
1779033397,120,,Aggregated,40.600000,1.200000,2400,2600,2800,2900,3100,3300,3600,3700,4100,4300,4500,31967,889,2400,2477.0275472801004,5.141700035892427,4536.756900022738,19.004097976037787
1779033398,120,,Aggregated,41.300000,1.300000,2400,2600,2800,2900,3100,3300,3600,3700,4100,4300,4500,32005,889,2400,2476.8646924981394,5.141700035892427,4536.756900022738,19.003436962974536
1779033399,120,,Aggregated,41.200000,0.900000,2400,2600,2800,2900,3100,3300,3600,3700,4100,4300,4500,32039,889,2400,2476.9721213958965,5.141700035892427,4536.756900022738,19.00156059802116
1779033400,120,,Aggregated,41.000000,0.800000,2400,2600,2800,2900,3100,3300,3600,3700,4100,4300,4500,32080,890,2400,2477.449604744488,5.141700035892427,4536.756900022738,19.00102867830424
1779033401,120,,Aggregated,40.000000,0.600000,2400,2600,2800,2900,3100,3300,3600,3700,4100,4300,4500,32119,891,2400,2477.78422452142,5.141700035892427,4536.756900022738,18.99919051028986
1779033402,120,,Aggregated,39.200000,0.500000,2400,2600,2800,2900,3100,3300,3600,3700,4100,4300,4500,32165,891,2400,2478.1976219898443,5.141700035892427,4536.756900022738,18.99713974817348
1779033403,120,,Aggregated,38.200000,0.500000,2400,2600,2800,2900,3100,3300,3600,3700,4100,4300,4500,32214,893,2400,2477.986909045854,5.141700035892427,4536.756900022738,18.996988886819395
1779033404,120,,Aggregated,37.400000,0.500000,2400,2600,2800,2900,3100,3300,3600,3700,4100,4300,4500,32254,894,2400,2477.6689611676975,5.141700035892427,4536.756900022738,18.99426427729894
1779033405,120,,Aggregated,39.600000,0.500000,2400,2600,2800,2900,3100,3300,3600,3700,4100,4300,4500,32313,894,2400,2476.9163113484697,5.141700035892427,4536.756900022738,18.99238696499861
1779033406,120,,Aggregated,42.500000,0.700000,2400,2600,2800,2900,3100,3300,3600,3700,4100,4300,4500,32354,895,2400,2476.553723910579,5.141700035892427,4536.756900022738,18.991191197378996
1779033407,120,,Aggregated,42.400000,0.800000,2400,2600,2800,2900,3100,3300,3600,3700,4100,4300,4500,32391,895,2400,2476.3324302986266,5.141700035892427,4536.756900022738,18.990028094223703
1779033408,120,,Aggregated,42.600000,0.600000,2400,2600,2800,2900,3100,3300,3600,3700,4100,4300,4500,32433,895,2400,2476.2114167731247,5.141700035892427,4536.756900022738,18.99056516510961
1779033409,120,,Aggregated,41.600000,0.600000,2400,2600,2800,2900,3100,3300,3600,3700,4100,4300,4500,32472,895,2400,2476.343994299794,5.141700035892427,4536.756900022738,18.98989898989899
1779033410,120,,Aggregated,42.800000,0.600000,2400,2600,2800,2900,3100,3300,3600,3700,4100,4300,4500,32508,897,2400,2476.4493557371434,5.141700035892427,4536.756900022738,18.989356466100652
1779033411,120,,Aggregated,43.000000,0.600000,2400,2600,2800,2900,3100,3300,3600,3700,4100,4300,4500,32549,898,2400,2476.5335042920856,5.141700035892427,4536.756900022738,18.98807951089127
1779033412,120,,Aggregated,43.000000,0.700000,2400,2600,2800,2900,3100,3300,3600,3700,4100,4300,4500,32589,898,2400,2476.9058410875746,5.141700035892427,4536.756900022738,18.985271103746662
1779033413,120,,Aggregated,42.500000,0.700000,2400,2600,2800,2900,3100,3300,3600,3700,4100,4300,4500,32618,901,2400,2477.174690897753,5.141700035892427,4536.756900022738,18.985008277638112
1779033414,120,,Aggregated,43.400000,0.700000,2400,2600,2800,2900,3100,3300,3600,3700,4100,4300,4500,32648,902,2400,2477.6693792943797,5.141700035892427,4536.756900022738,18.9839500122519
1779033415,120,,Aggregated,41.500000,0.800000,2400,2600,2800,2900,3100,3300,3600,3700,4100,4300,4500,32692,903,2400,2478.3778679983784,5.141700035892427,4536.756900022738,18.98641869570537
1779033416,120,,Aggregated,39.400000,0.800000,2400,2600,2800,2900,3100,3300,3600,3700,4100,4300,4500,32736,905,2400,2478.9649420913706,5.141700035892427,4536.756900022738,18.985887096774192
1779033417,120,,Aggregated,38.700000,0.900000,2400,2600,2800,2900,3100,3300,3600,3700,4100,4300,4500,32775,906,2400,2478.9077129856005,5.141700035892427,4536.756900022738,18.98636155606407
1779033418,120,,Aggregated,37.700000,0.900000,2400,2600,2800,2900,3100,3300,3600,3700,4100,4300,4500,32813,906,2400,2478.849032971771,5.141700035892427,4536.756900022738,18.985005942766588
1779033419,120,,Aggregated,38.300000,1.000000,2400,2600,2800,2900,3100,3300,3600,3700,4100,4300,4500,32859,907,2400,2479.0135577863784,5.141700035892427,4536.756900022738,18.986639885571684
1779033420,120,,Aggregated,37.700000,1.100000,2400,2600,2800,2900,3100,3300,3600,3700,4100,4300,4500,32890,907,2400,2479.1403638097477,5.141700035892427,4536.756900022738,18.98555792034053
1779033421,120,,Aggregated,36.900000,1.100000,2400,2600,2800,2900,3100,3300,3600,3700,4100,4300,4500,32926,908,2400,2479.417901072169,5.141700035892427,4536.756900022738,18.986849298426776
1779033422,120,,Aggregated,38.200000,1.100000,2400,2600,2800,2900,3100,3300,3600,3700,4100,4300,4500,32971,908,2400,2479.5775559947347,5.141700035892427,4536.756900022738,18.986927906341936
1779033423,120,,Aggregated,37.900000,1.100000,2400,2600,2800,2900,3200,3300,3600,3700,4100,4300,4500,33015,908,2400,2479.9651425898023,5.141700035892427,4536.756900022738,18.98518855065879
1779033424,120,,Aggregated,37.500000,1.000000,2400,2600,2800,2900,3200,3300,3600,3700,4100,4300,4500,33054,910,2400,2479.9232252224324,5.141700035892427,4536.756900022738,18.984600956011377
1779033425,120,,Aggregated,37.800000,0.900000,2400,2600,2800,2900,3100,3300,3600,3700,4100,4300,4500,33100,910,2400,2479.9564295982623,5.141700035892427,4536.756900022738,18.983293051359517
1779033426,120,,Aggregated,40.000000,0.700000,2400,2600,2800,2900,3100,3300,3600,3700,4100,4300,4500,33143,912,2400,2479.706653592079,5.141700035892427,4536.756900022738,18.98621126633075
1779033427,120,,Aggregated,40.000000,0.700000,2400,2600,2800,2900,3100,3300,3600,3700,4100,4300,4500,33192,914,2400,2479.340486255792,5.141700035892427,4536.756900022738,18.986472644010604
1779033428,120,,Aggregated,40.600000,0.700000,2400,2600,2800,2900,3100,3300,3600,3700,4100,4300,4500,33230,914,2400,2479.0329145261053,5.141700035892427,4536.756900022738,18.986427926572375
1779033429,120,,Aggregated,40.500000,0.700000,2400,2600,2800,2900,3100,3300,3600,3700,4100,4300,4500,33279,916,2400,2478.6209591755337,5.141700035892427,4536.756900022738,18.990624718290814
1779033430,120,,Aggregated,41.600000,0.800000,2400,2600,2800,2900,3100,3300,3600,3700,4100,4300,4500,33318,916,2400,2478.500136250753,5.141700035892427,4536.756900022738,18.989795305840687
1779033431,120,,Aggregated,42.300000,0.900000,2400,2600,2800,2900,3100,3300,3600,3700,4100,4300,4500,33363,917,2400,2478.2647495849437,5.141700035892427,4536.756900022738,18.99088810958247
1779033432,120,,Aggregated,41.500000,0.900000,2400,2600,2800,2900,3100,3300,3600,3700,4100,4300,4500,33416,921,2400,2477.877429491927,5.141700035892427,4536.756900022738,18.99189011252095
1779033433,120,,Aggregated,43.500000,0.800000,2400,2600,2800,2900,3100,3300,3600,3700,4100,4300,4500,33440,921,2400,2477.877227090374,5.141700035892427,4536.756900022738,18.99102870813397
1779033434,120,,Aggregated,43.400000,0.900000,2400,2600,2800,2900,3100,3300,3600,3700,4100,4300,4500,33491,922,2400,2478.043137750512,5.141700035892427,4536.756900022738,18.98877310322176
1779033435,120,,Aggregated,44.400000,1.300000,2400,2600,2800,2900,3100,3300,3600,3700,4100,4300,4500,33532,924,2400,2478.238663357467,5.141700035892427,4536.756900022738,18.98669927233687
1779033436,120,,Aggregated,42.700000,1.300000,2400,2600,2800,2900,3100,3300,3600,3700,4100,4300,4500,33564,926,2400,2478.2463481498844,5.141700035892427,4536.756900022738,18.98778453104517
1779033437,120,,Aggregated,43.300000,1.200000,2400,2600,2800,2900,3100,3300,3600,3700,4100,4300,4500,33605,928,2400,2478.4308117185697,5.141700035892427,4536.756900022738,18.98806725189704
1779033438,120,,Aggregated,43.000000,1.400000,2400,2600,2800,2900,3100,3300,3600,3700,4100,4300,4500,33649,928,2400,2478.6835470326773,5.141700035892427,4536.756900022738,18.989331035097624
1779033439,120,,Aggregated,41.700000,1.400000,2400,2600,2800,2900,3100,3300,3600,3700,4100,4300,4500,33700,929,2400,2478.684804359122,5.141700035892427,4536.756900022738,18.989228486646883
1779033440,120,,Aggregated,40.900000,1.400000,2400,2600,2800,2900,3100,3300,3600,3700,4100,4300,4500,33737,930,2400,2478.4114231852977,5.141700035892427,4536.756900022738,18.988943889498177
1779033441,120,,Aggregated,40.900000,1.300000,2400,2600,2800,2900,3100,3300,3600,3700,4100,4300,4500,33778,931,2400,2478.222756646414,5.141700035892427,4536.756900022738,18.99111847948369
1779033442,120,,Aggregated,42.100000,1.300000,2400,2600,2800,2900,3100,3300,3600,3700,4100,4300,4500,33825,932,2400,2478.086453569926,5.141700035892427,4536.756900022738,18.991249076127126
1779033443,120,,Aggregated,40.800000,1.400000,2400,2600,2800,2900,3100,3300,3600,3700,4100,4300,4500,33862,933,2400,2478.1000644469555,5.141700035892427,4536.756900022738,18.989575335183982
1779033444,120,,Aggregated,41.000000,1.400000,2400,2600,2800,2900,3100,3300,3600,3700,4100,4300,4500,33913,933,2400,2477.8916698552976,5.141700035892427,4536.756900022738,18.988323061952645
1779033445,120,,Aggregated,40.700000,1.100000,2400,2600,2800,2900,3100,3300,3600,3700,4100,4300,4500,33962,935,2400,2477.5913116395654,5.141700035892427,4536.756900022738,18.987486013780106
1779033446,120,,Aggregated,41.400000,1.200000,2400,2600,2800,2900,3100,3300,3600,3700,4100,4300,4500,34007,936,2400,2477.210690222689,5.141700035892427,4536.756900022738,18.985297144705502
1779033447,120,,Aggregated,42.100000,1.100000,2400,2600,2800,2900,3100,3300,3600,3700,4100,4300,4500,34057,940,2400,2476.425175200484,5.141700035892427,4536.756900022738,18.986228969081246
1779033448,120,,Aggregated,42.900000,1.100000,2400,2600,2800,2900,3100,3300,3600,3700,4100,4300,4500,34093,941,2400,2476.0906853665815,5.141700035892427,4536.756900022738,18.98533423283372
1779033449,120,,Aggregated,44.700000,1.200000,2400,2600,2800,2900,3100,3300,3600,3700,4100,4300,4500,34133,944,2400,2475.950091814447,5.141700035892427,4536.756900022738,18.984882664869772
1779033450,120,,Aggregated,45.000000,1.200000,2400,2600,2800,2900,3100,3300,3600,3700,4100,4300,4500,34185,947,2400,2475.781229404783,5.141700035892427,4536.756900022738,18.990024864706744
1779033451,120,,Aggregated,44.500000,1.400000,2400,2600,2800,2900,3100,3300,3600,3700,4100,4300,4500,34227,948,2400,2475.55878922202,5.141700035892427,4536.756900022738,18.989043737400298
1779033452,120,,Aggregated,43.100000,1.500000,2400,2600,2800,2900,3100,3300,3600,3700,4100,4300,4500,34269,950,2400,2475.220590329514,5.141700035892427,4536.756900022738,18.988648632875194
1779033453,120,,Aggregated,44.900000,1.700000,2400,2600,2800,2900,3100,3300,3600,3700,4100,4300,4500,34312,951,2400,2474.9712236186233,5.141700035892427,4536.756900022738,18.987817673117277
1779033455,120,,Aggregated,44.800000,1.700000,2400,2600,2800,2900,3100,3300,3600,3700,4100,4300,4500,34349,953,2400,2475.290489504855,5.141700035892427,4536.756900022738,18.988733296456957
1779033456,120,,Aggregated,44.400000,1.800000,2400,2600,2800,2900,3100,3300,3600,3700,4100,4300,4500,34385,953,2400,2475.529990097496,5.141700035892427,4536.756900022738,18.989064999272937
1779033457,120,,Aggregated,44.800000,1.800000,2400,2600,2800,2900,3100,3300,3600,3700,4100,4300,4500,34420,953,2400,2475.871151885599,5.141700035892427,4536.756900022738,18.988378849506102
1779033458,120,,Aggregated,42.100000,1.800000,2400,2600,2800,2900,3100,3300,3600,3700,4100,4300,4500,34468,954,2400,2476.0783063363815,5.141700035892427,4536.756900022738,18.98766972264129
1779033459,120,,Aggregated,42.100000,1.800000,2400,2600,2800,2900,3100,3300,3600,3700,4100,4300,4500,34504,954,2400,2476.275664589684,5.141700035892427,4536.756900022738,18.98716090888013
1779033460,120,,Aggregated,40.900000,1.400000,2400,2600,2800,2900,3100,3300,3600,3700,4100,4300,4500,34540,954,2400,2476.3096157296523,5.141700035892427,4536.756900022738,18.988245512449335
1779033461,120,,Aggregated,40.900000,1.400000,2400,2600,2800,2900,3100,3300,3600,3700,4100,4300,4500,34579,955,2400,2476.5476782122723,5.141700035892427,4536.756900022738,18.989010671216633
1779033462,120,,Aggregated,40.600000,1.000000,2400,2600,2800,2900,3100,3300,3600,3700,4100,4300,4500,34628,955,2400,2476.783346182348,5.141700035892427,4536.756900022738,18.990874436871895
1779033463,120,,Aggregated,39.000000,0.800000,2400,2600,2800,2900,3100,3300,3600,3700,4100,4300,4500,34666,957,2400,2476.760581359326,5.141700035892427,4536.756900022738,18.989932498701897
1779033464,120,,Aggregated,39.800000,0.700000,2400,2600,2800,2900,3100,3300,3600,3700,4100,4300,4500,34710,957,2400,2476.6496502939326,5.141700035892427,4536.756900022738,18.988072601555746
1779033465,120,,Aggregated,39.400000,0.700000,2400,2600,2800,2900,3100,3300,3600,3700,4100,4300,4500,34744,957,2400,2476.805433257605,5.141700035892427,4536.756900022738,18.98983997236933
1779033466,120,,Aggregated,39.600000,0.600000,2400,2600,2800,2900,3100,3300,3600,3700,4100,4300,4500,34786,957,2400,2476.94170198937,5.141700035892427,4536.756900022738,18.991548324038405
1779033467,120,,Aggregated,39.400000,0.400000,2400,2600,2800,2900,3100,3300,3600,3700,4100,4300,4500,34832,958,2400,2476.9855853784497,5.141700035892427,4536.756900022738,18.992707854846117
1779033468,120,,Aggregated,39.700000,0.400000,2400,2600,2800,2900,3100,3300,3600,3700,4100,4300,4500,34872,958,2400,2477.047607140457,5.141700035892427,4536.756900022738,18.991741225051616
1779033469,120,,Aggregated,41.000000,0.500000,2400,2600,2800,2900,3100,3300,3500,3700,4100,4300,4500,34905,959,2400,2477.1473474774957,5.141700035892427,4536.756900022738,18.990832258988682
1779033470,120,,Aggregated,40.100000,0.400000,2400,2600,2800,2900,3100,3300,3600,3700,4100,4300,4500,34946,961,2400,2477.3249311910295,5.141700035892427,4536.756900022738,18.99072855262405
1779033471,120,,Aggregated,39.700000,0.500000,2400,2600,2800,2900,3100,3300,3600,3700,4100,4300,4500,34981,962,2400,2477.7026110746297,5.141700035892427,4536.756900022738,18.991280981104026
1779033472,120,,Aggregated,40.500000,0.700000,2400,2600,2800,2900,3100,3300,3600,3700,4100,4300,4500,35021,962,2400,2478.0835994260938,5.141700035892427,4536.756900022738,18.98954912766626
1779033473,120,,Aggregated,39.700000,0.600000,2400,2600,2800,2900,3100,3300,3600,3700,4100,4300,4500,35057,962,2400,2478.3284334712466,5.141700035892427,4536.756900022738,18.99155660781014
1779033474,120,,Aggregated,39.200000,0.700000,2400,2600,2800,2900,3100,3300,3600,3700,4100,4300,4500,35102,963,2400,2478.5645548174234,5.141700035892427,4536.756900022738,18.990228477009857
1779033475,120,,Aggregated,38.900000,0.500000,2400,2600,2800,2900,3100,3300,3600,3700,4100,4300,4500,35142,964,2400,2478.6681191025323,5.141700035892427,4536.756900022738,18.99069489499744
1779033476,120,,Aggregated,38.600000,0.600000,2400,2600,2800,2900,3100,3300,3600,3700,4100,4300,4500,35182,966,2400,2478.781136879688,5.141700035892427,4536.756900022738,18.992297197430503
1779033477,120,,Aggregated,39.200000,0.600000,2400,2600,2800,2900,3100,3300,3600,3700,4100,4300,4500,35225,967,2400,2478.651292624594,5.141700035892427,4536.756900022738,18.992334989354152
1779033478,120,,Aggregated,39.200000,0.900000,2400,2600,2800,2900,3100,3300,3600,3700,4100,4300,4500,35269,967,2400,2478.5634492132267,5.141700035892427,4536.756900022738,18.99211772378009
1779033479,120,,Aggregated,39.200000,0.900000,2400,2600,2800,2900,3100,3300,3600,3700,4100,4300,4500,35305,967,2400,2478.338595949624,5.141700035892427,4536.756900022738,18.994901572015294
1779033480,120,,Aggregated,39.300000,0.900000,2400,2600,2800,2900,3100,3300,3600,3700,4100,4300,4500,35348,967,2400,2478.68635178232,5.141700035892427,4536.756900022738,18.992616272490665
1779033481,120,,Aggregated,40.200000,0.800000,2400,2600,2800,2900,3100,3300,3600,3700,4100,4300,4500,35382,969,2400,2478.754311884613,5.141700035892427,4536.756900022738,18.991803742015716
1779033482,120,,Aggregated,39.300000,0.600000,2400,2600,2800,2900,3100,3300,3600,3700,4100,4300,4500,35420,969,2400,2479.0077908808976,5.141700035892427,4536.756900022738,18.990796160361377
1779033483,120,,Aggregated,39.800000,0.800000,2400,2600,2800,2900,3100,3300,3600,3700,4100,4300,4500,35449,969,2400,2479.63284293214,5.141700035892427,4536.756900022738,18.989054698298965
1779033484,120,,Aggregated,39.800000,0.700000,2400,2600,2800,2900,3100,3300,3600,3700,4100,4300,4500,35496,971,2400,2480.197063218428,5.141700035892427,4536.756900022738,18.990618661257606
1779033485,120,,Aggregated,38.100000,0.700000,2400,2600,2800,2900,3200,3300,3600,3700,4100,4300,4500,35525,972,2400,2480.507485869141,5.141700035892427,4536.756900022738,18.99194933145672
1779033486,120,,Aggregated,39.100000,0.700000,2400,2600,2800,2900,3200,3300,3600,3700,4100,4300,4500,35570,975,2400,2480.6244686730784,5.141700035892427,4536.756900022738,18.992521788023616
1779033487,120,,Aggregated,38.200000,0.900000,2400,2600,2800,2900,3200,3300,3600,3700,4100,4300,4500,35637,978,2400,2480.2323808542083,5.141700035892427,4536.756900022738,18.99149760080815
1779033488,120,,Aggregated,38.800000,0.900000,2400,2600,2800,2900,3100,3300,3600,3700,4100,4300,4500,35685,981,2400,2479.3764750820046,5.141700035892427,4536.756900022738,18.991733221241418
1779033489,120,,Aggregated,40.500000,1.100000,2400,2600,2800,2900,3100,3300,3600,3700,4100,4300,4500,35737,983,2400,2478.521450572276,5.141700035892427,4536.756900022738,18.99188516103758
1779033490,120,,Aggregated,40.600000,1.400000,2400,2600,2800,2900,3100,3300,3600,3700,4100,4300,4500,35778,984,2400,2478.0259989994283,5.141700035892427,4536.756900022738,18.991642909050256
1779033491,120,,Aggregated,41.300000,1.500000,2400,2600,2800,2900,3100,3300,3600,3700,4100,4300,4500,35821,984,2400,2477.7079607130386,5.141700035892427,4536.756900022738,18.991401691745065
1779033492,120,,Aggregated,43.000000,1.600000,2400,2600,2800,2900,3100,3300,3600,3700,4100,4300,4500,35861,986,2400,2477.4772925741486,5.141700035892427,4536.756900022738,18.991020886199493
1779033493,120,,Aggregated,43.900000,1.500000,2400,2600,2800,2900,3100,3300,3600,3700,4100,4300,4500,35909,986,2400,2477.3654863043125,5.141700035892427,4536.756900022738,18.994124035757054
1779033494,120,,Aggregated,43.900000,1.700000,2400,2600,2800,2900,3100,3300,3600,3700,4100,4300,4500,35952,987,2400,2477.3272223298195,5.141700035892427,4536.756900022738,18.99446484201157
1779033495,120,,Aggregated,46.400000,1.700000,2400,2600,2800,2900,3100,3300,3600,3700,4100,4300,4500,35998,992,2400,2477.02010766714,5.141700035892427,4536.756900022738,18.995360853380742
1779033496,120,,Aggregated,45.200000,1.700000,2400,2600,2800,2900,3100,3300,3600,3700,4000,4300,4500,36043,994,2400,2476.741131587323,5.141700035892427,4536.756900022738,18.997419748633575
1779033497,120,,Aggregated,46.600000,1.900000,2400,2600,2800,2900,3100,3300,3600,3700,4000,4300,4500,36085,995,2400,2476.543888280506,5.141700035892427,4536.756900022738,18.997893861715394
1779033498,120,,Aggregated,46.500000,1.800000,2400,2600,2800,2900,3100,3300,3600,3700,4000,4300,4500,36127,995,2400,2476.4838539347847,5.141700035892427,4536.756900022738,18.996816785229882
1779033499,120,,Aggregated,43.600000,1.600000,2400,2600,2800,2900,3100,3300,3600,3700,4000,4300,4500,36175,995,2400,2476.1976778576914,5.141700035892427,4536.756900022738,19.000276434001382
1779033500,120,,Aggregated,44.000000,1.400000,2400,2600,2800,2900,3100,3300,3600,3700,4000,4300,4500,36217,997,2400,2476.048167134271,5.141700035892427,4536.756900022738,18.99812242869371
1779033501,120,,Aggregated,44.500000,1.300000,2400,2600,2800,2900,3100,3300,3600,3700,4000,4300,4500,36258,1000,2400,2475.7517600033593,5.141700035892427,4536.756900022738,19.000551602404986
1779033502,120,,Aggregated,43.400000,1.200000,2400,2600,2800,2900,3100,3300,3500,3700,4000,4300,4500,36306,1001,2400,2475.636258571643,5.141700035892427,4536.756900022738,19.000440698507134
1779033503,120,,Aggregated,43.000000,1.600000,2400,2600,2800,2900,3100,3300,3500,3700,4000,4300,4500,36368,1003,2400,2474.863497624347,5.141700035892427,4536.756900022738,19.005196876374836
1779033504,120,,Aggregated,42.700000,1.400000,2400,2600,2800,2900,3100,3300,3500,3700,4000,4300,4500,36413,1004,2400,2474.128214006053,5.141700035892427,4536.756900022738,19.004339109658638
1779033505,120,,Aggregated,45.000000,1.700000,2400,2600,2800,2900,3100,3300,3500,3700,4000,4300,4500,36455,1004,2400,2473.567140877861,5.141700035892427,4536.756900022738,19.002468797147166
1779033506,120,,Aggregated,46.000000,1.700000,2400,2600,2800,2900,3100,3300,3500,3700,4000,4300,4500,36500,1007,2400,2473.242529254864,5.141700035892427,4536.756900022738,19.002301369863012
1779033507,120,,Aggregated,45.700000,1.300000,2400,2600,2800,2900,3100,3300,3500,3700,4000,4300,4500,36538,1007,2400,2473.1687631042346,5.141700035892427,4536.756900022738,19.00123159450435
1779033508,120,,Aggregated,45.700000,1.200000,2400,2600,2800,2900,3100,3300,3500,3700,4000,4300,4500,36582,1008,2400,2473.1002966541582,5.141700035892427,4536.756900022738,19.002104860313814
1779033509,120,,Aggregated,46.000000,1.300000,2400,2600,2800,2900,3100,3300,3500,3700,4000,4300,4500,36621,1008,2400,2473.146753114397,5.141700035892427,4536.756900022738,18.99885311706398
1779033510,120,,Aggregated,46.000000,1.300000,2400,2600,2800,2900,3100,3300,3500,3700,4000,4300,4500,36666,1010,2400,2473.0215199831578,5.141700035892427,4536.756900022738,18.999127256859214
1779033511,120,,Aggregated,44.500000,1.300000,2400,2600,2800,2900,3100,3300,3500,3700,4000,4300,4500,36709,1010,2400,2473.038445885272,5.141700035892427,4536.756900022738,18.99697621836607
1779033512,120,,Aggregated,45.000000,1.500000,2400,2600,2800,2900,3100,3300,3500,3700,4000,4300,4500,36741,1010,2400,2473.051398358849,5.141700035892427,4536.756900022738,18.99686998176424
1779033513,120,,Aggregated,44.700000,1.000000,2400,2600,2800,2900,3100,3300,3500,3700,4000,4300,4500,36780,1010,2400,2473.332463953301,5.141700035892427,4536.756900022738,18.996112017400762
1779033514,120,,Aggregated,45.000000,1.000000,2400,2600,2800,2900,3100,3300,3500,3700,4000,4300,4500,36815,1012,2400,2473.7051579737144,5.141700035892427,4536.756900022738,18.99473040880076
1779033515,120,,Aggregated,41.400000,0.700000,2400,2600,2800,2900,3100,3300,3500,3700,4000,4300,4500,36850,1016,2400,2474.1795883799878,5.141700035892427,4536.756900022738,18.994654002713705
1779033516,120,,Aggregated,40.400000,0.700000,2400,2600,2800,2900,3100,3300,3500,3700,4000,4300,4500,36884,1017,2400,2474.5890747994436,5.141700035892427,4536.756900022738,18.995255395293352
1779033517,120,,Aggregated,39.400000,1.100000,2400,2600,2800,2900,3100,3300,3500,3700,4000,4300,4500,36919,1017,2400,2475.070208028454,5.141700035892427,4536.756900022738,18.99458273517701
1779033518,120,,Aggregated,38.400000,1.200000,2400,2600,2800,2900,3100,3300,3600,3700,4000,4300,4500,36953,1018,2400,2475.528951362605,5.141700035892427,4536.756900022738,18.99377587746597
1779033519,120,,Aggregated,38.500000,1.000000,2400,2600,2800,2900,3100,3300,3600,3700,4000,4300,4500,36996,1018,2400,2476.0343033031263,5.141700035892427,4536.756900022738,18.995161639096118
1779033520,120,,Aggregated,37.400000,1.000000,2400,2600,2800,2900,3100,3300,3600,3700,4000,4300,4500,37044,1019,2400,2476.076630955151,5.141700035892427,4536.756900022738,18.996868588705322
1779033521,120,,Aggregated,37.500000,1.000000,2400,2600,2800,2900,3100,3300,3600,3700,4000,4300,4500,37093,1020,2400,2475.916103038379,5.141700035892427,4536.756900022738,18.995902191788208
1779033522,120,,Aggregated,37.400000,0.900000,2400,2600,2800,2900,3100,3300,3600,3700,4000,4300,4500,37135,1021,2400,2475.6009624694366,5.141700035892427,4536.756900022738,18.994910461828464
1779033523,120,,Aggregated,37.300000,1.000000,2400,2600,2800,2900,3100,3300,3600,3700,4000,4300,4500,37175,1022,2400,2475.472711104302,5.141700035892427,4536.756900022738,18.994700739744452
1779033524,120,,Aggregated,38.500000,1.100000,2400,2600,2800,2900,3100,3300,3600,3700,4000,4300,4500,37209,1023,2400,2475.525094990525,5.141700035892427,4536.756900022738,18.99295869278938
1779033525,120,,Aggregated,39.100000,1.100000,2400,2600,2800,2900,3100,3300,3600,3700,4000,4300,4500,37244,1023,2400,2475.794696724372,5.141700035892427,4536.756900022738,18.991810761464933
1779033526,120,,Aggregated,39.200000,1.200000,2400,2600,2800,2900,3100,3300,3600,3700,4000,4300,4500,37286,1023,2400,2476.2425240144485,5.141700035892427,4536.756900022738,18.989433031164513
1779033527,120,,Aggregated,39.300000,0.800000,2400,2600,2800,2900,3100,3300,3600,3700,4000,4300,4500,37327,1026,2400,2476.303745864999,5.141700035892427,4536.756900022738,18.990382296996813
1779033528,120,,Aggregated,39.500000,0.600000,2400,2600,2800,2900,3100,3300,3600,3700,4000,4300,4500,37370,1028,2400,2476.363259609382,5.141700035892427,4536.756900022738,18.99146374096869
1779033529,120,,Aggregated,39.900000,0.700000,2400,2600,2800,2900,3100,3300,3600,3700,4000,4300,4500,37415,1030,2400,2476.3060593505975,5.141700035892427,4536.756900022738,18.992543097688092
1779033530,120,,Aggregated,40.900000,0.900000,2400,2600,2800,2900,3100,3300,3600,3700,4000,4300,4500,37458,1031,2400,2476.1903051338213,5.141700035892427,4536.756900022738,18.99167067115169
1779033531,120,,Aggregated,41.300000,1.100000,2400,2600,2800,2900,3100,3300,3600,3700,4000,4300,4500,37506,1032,2400,2476.041966336122,5.141700035892427,4536.756900022738,18.991414706980215
1779033532,120,,Aggregated,41.300000,1.100000,2400,2600,2800,2900,3100,3300,3600,3700,4000,4300,4500,37544,1032,2400,2475.7527537956225,5.141700035892427,4536.756900022738,18.991929469422544
1779033533,120,,Aggregated,41.600000,1.100000,2400,2600,2800,2900,3100,3300,3600,3700,4000,4300,4500,37587,1033,2400,2475.4773938809294,5.141700035892427,4536.756900022738,18.990980924255727
1779033534,120,,Aggregated,41.700000,1.100000,2400,2600,2800,2900,3100,3300,3600,3700,4000,4300,4500,37635,1033,2400,2475.4959903866716,5.141700035892427,4536.756900022738,18.990142154908995
1779033535,120,,Aggregated,42.000000,1.100000,2400,2600,2800,2900,3100,3300,3600,3700,4000,4300,4500,37668,1034,2400,2475.7301810476297,5.141700035892427,4536.756900022738,18.988743761282787
1779033536,120,,Aggregated,41.200000,1.000000,2400,2600,2800,2900,3100,3300,3600,3700,4000,4300,4500,37701,1034,2400,2475.7605128326077,5.141700035892427,4536.756900022738,18.98830269754118
1779033537,120,,Aggregated,41.800000,1.000000,2400,2600,2800,2900,3100,3300,3600,3700,4000,4300,4500,37746,1035,2400,2475.9876228501616,5.141700035892427,4536.756900022738,18.98590579134213
1779033538,120,,Aggregated,42.600000,1.100000,2400,2600,2800,2900,3100,3300,3600,3700,4000,4300,4500,37795,1037,2400,2475.9138639476764,5.141700035892427,4536.756900022738,18.9878026193941
1779033539,120,,Aggregated,41.800000,1.000000,2400,2600,2800,2900,3100,3300,3600,3700,4000,4300,4500,37841,1037,2400,2475.7320534896644,5.141700035892427,4536.756900022738,18.987579609418354
1779033540,120,,Aggregated,42.800000,1.000000,2400,2600,2800,2900,3100,3300,3600,3700,4000,4300,4500,37886,1037,2400,2475.452820693718,5.141700035892427,4536.756900022738,18.988914110753313
1779033541,120,,Aggregated,42.600000,0.800000,2400,2600,2800,2900,3100,3300,3600,3700,4000,4300,4500,37919,1037,2400,2475.3960666764006,5.141700035892427,4536.756900022738,18.987024974287298
1779033542,120,,Aggregated,42.500000,0.700000,2400,2600,2800,2900,3100,3300,3600,3700,4000,4300,4500,37968,1042,2400,2475.3912048409916,5.141700035892427,4536.756900022738,18.98864833544037
1779033543,120,,Aggregated,42.000000,0.600000,2400,2600,2800,2900,3100,3300,3600,3700,4000,4300,4500,38007,1044,2400,2475.474506425207,5.141700035892427,4536.756900022738,18.987449680322047
1779033544,120,,Aggregated,40.700000,0.600000,2400,2600,2800,2900,3100,3300,3500,3700,4000,4300,4500,38057,1045,2400,2475.3036042279446,5.141700035892427,4536.756900022738,18.99043539953228
1779033545,120,,Aggregated,41.300000,1.000000,2400,2600,2800,2900,3100,3300,3500,3700,4000,4300,4500,38113,1045,2400,2474.853576081727,5.141700035892427,4536.756900022738,18.99058064177577
1779033546,120,,Aggregated,42.500000,1.200000,2400,2600,2800,2900,3100,3300,3500,3700,4000,4300,4500,38159,1045,2400,2474.2145333473864,5.141700035892427,4536.756900022738,18.989648575696428
1779033547,120,,Aggregated,43.700000,1.200000,2400,2600,2800,2900,3100,3300,3500,3700,4000,4300,4500,38211,1045,2400,2473.5692650206224,5.141700035892427,4536.756900022738,18.98769987699877
1779033548,120,,Aggregated,44.200000,1.100000,2400,2600,2800,2900,3100,3300,3500,3700,4000,4300,4500,38261,1047,2400,2472.827516348321,5.141700035892427,4536.756900022738,18.98742845194846
1779033549,120,,Aggregated,45.900000,1.100000,2400,2600,2800,2900,3100,3300,3500,3700,4000,4300,4500,38303,1049,2400,2472.5495237136306,5.141700035892427,4536.756900022738,18.985536380962326
1779033550,120,,Aggregated,45.300000,0.800000,2400,2600,2800,2900,3100,3300,3500,3700,4000,4300,4500,38358,1050,2400,2471.868259995386,5.141700035892427,4536.756900022738,18.98769487460243
1779033551,120,,Aggregated,45.800000,1.000000,2400,2600,2800,2900,3100,3300,3500,3700,4000,4300,4500,38413,1053,2400,2471.034217931501,5.141700035892427,4536.756900022738,18.99002941712441
1779033552,120,,Aggregated,46.900000,1.200000,2400,2600,2800,2900,3100,3300,3500,3700,4000,4300,4500,38455,1055,2400,2470.5902996178042,5.141700035892427,4536.756900022738,18.989052138863606
1779033553,120,,Aggregated,48.600000,1.500000,2400,2600,2800,2900,3100,3300,3500,3700,4000,4300,4500,38493,1056,2400,2470.3122770192667,5.141700035892427,4536.756900022738,18.989322734003586
1779033554,120,,Aggregated,48.400000,1.500000,2400,2600,2800,2900,3100,3300,3500,3700,4000,4300,4500,38537,1057,2400,2470.2226101980605,5.141700035892427,4536.756900022738,18.98814126683447
1779033555,120,,Aggregated,48.500000,1.400000,2400,2600,2800,2900,3100,3300,3500,3700,4000,4300,4500,38589,1060,2400,2470.100044771906,5.141700035892427,4536.756900022738,18.988027676280804
1779033556,120,,Aggregated,48.200000,1.200000,2400,2600,2800,2900,3100,3300,3500,3700,4000,4300,4500,38639,1063,2400,2469.5917014933943,5.141700035892427,4536.756900022738,18.98988069049406
1779033557,120,,Aggregated,47.700000,1.400000,2400,2600,2800,2900,3100,3300,3500,3700,4000,4300,4500,38681,1064,2400,2469.3079862620784,5.141700035892427,4536.756900022738,18.98989167808485
1779033558,120,,Aggregated,48.100000,1.700000,2400,2600,2800,2900,3100,3300,3500,3700,4000,4300,4500,38717,1065,2400,2469.0868109461794,5.141700035892427,4536.756900022738,18.98866131156856
1779033559,120,,Aggregated,47.000000,1.900000,2400,2600,2800,2900,3100,3300,3500,3700,4000,4300,4500,38771,1066,2400,2469.1599910320306,5.141700035892427,4536.756900022738,18.988419179283486
1779033560,120,,Aggregated,46.400000,1.900000,2400,2600,2800,2900,3100,3300,3500,3700,4000,4300,4500,38822,1066,2400,2468.6288490186716,5.141700035892427,4536.756900022738,18.987944979650713
1779033561,120,,Aggregated,45.600000,1.800000,2400,2600,2800,2900,3100,3300,3500,3700,4000,4300,4500,38863,1067,2400,2468.1016038057487,5.141700035892427,4536.756900022738,18.986876978102565
1779033562,120,,Aggregated,45.900000,1.700000,2400,2600,2800,2900,3100,3300,3500,3700,4000,4300,4500,38905,1068,2400,2467.735643356971,5.141700035892427,4536.756900022738,18.9860429250739
1779033563,120,,Aggregated,45.100000,1.400000,2400,2600,2800,2900,3100,3300,3500,3700,4000,4300,4500,38949,1071,2400,2467.5974732471477,5.141700035892427,4536.756900022738,18.986033017535753
1779033564,120,,Aggregated,45.600000,1.500000,2400,2600,2800,2900,3100,3300,3500,3700,4000,4300,4500,38990,1074,2400,2467.679576483795,5.141700035892427,4536.756900022738,18.98650936137471
1779033565,120,,Aggregated,44.800000,1.400000,2400,2600,2800,2900,3100,3300,3500,3700,4000,4300,4500,39036,1075,2400,2467.51138749368,5.141700035892427,4536.756900022738,18.9883953273901
1779033566,120,,Aggregated,45.000000,1.600000,2400,2600,2800,2900,3100,3300,3500,3700,4000,4300,4500,39080,1075,2400,2467.3214231372344,5.141700035892427,4536.756900022738,18.988792221084953
1779033567,120,,Aggregated,44.200000,1.500000,2400,2600,2800,2900,3100,3300,3500,3700,4000,4300,4500,39122,1075,2400,2467.219237687308,5.141700035892427,4536.756900022738,18.988523081642043
1779033568,120,,Aggregated,43.300000,1.300000,2400,2600,2800,2900,3100,3300,3500,3700,4000,4300,4500,39152,1075,2400,2467.3019545030306,5.141700035892427,4536.756900022738,18.986871679607685
1779033569,120,,Aggregated,43.400000,1.100000,2400,2600,2800,2900,3100,3300,3500,3700,4000,4300,4500,39184,1075,2400,2467.688185739142,5.141700035892427,4536.756900022738,18.984917313189058
1779033570,120,,Aggregated,43.200000,1.100000,2400,2600,2800,2900,3100,3300,3500,3700,4000,4300,4500,39222,1075,2400,2468.154585026333,5.141700035892427,4536.756900022738,18.984957421855082
1779033571,120,,Aggregated,42.100000,1.000000,2400,2600,2800,2900,3100,3300,3500,3700,4000,4300,4500,39263,1076,2400,2468.7132158750715,5.141700035892427,4536.756900022738,18.984132643965054
1779033572,120,,Aggregated,40.100000,0.900000,2400,2600,2800,2900,3100,3300,3500,3700,4000,4300,4500,39313,1077,2400,2468.6827029354918,5.141700035892427,4536.756900022738,18.98506855238725
1779033573,120,,Aggregated,39.400000,0.900000,2400,2600,2800,2900,3100,3300,3500,3700,4000,4300,4500,39358,1077,2400,2468.5158105798746,5.141700035892427,4536.756900022738,18.985720819147314
1779033574,120,,Aggregated,39.500000,0.800000,2400,2600,2800,2900,3100,3300,3500,3700,4000,4300,4500,39401,1078,2400,2468.213260858937,5.141700035892427,4536.756900022738,18.984746580036038
1779033575,120,,Aggregated,40.600000,0.700000,2400,2600,2800,2900,3100,3300,3500,3700,4000,4300,4500,39438,1079,2400,2468.098767409677,5.141700035892427,4536.756900022738,18.98306202140068
1779033576,120,,Aggregated,40.500000,0.500000,2400,2600,2800,2900,3100,3300,3500,3700,4000,4300,4500,39480,1079,2400,2468.040630539591,5.141700035892427,4536.756900022738,18.983991894630194
1779033577,120,,Aggregated,40.700000,0.400000,2400,2600,2800,2900,3100,3300,3500,3700,4000,4300,4500,39514,1080,2400,2468.2267456471886,5.141700035892427,4536.756900022738,18.98289213949486
1779033578,120,,Aggregated,39.900000,0.400000,2400,2600,2800,2900,3100,3300,3500,3700,4000,4300,4500,39545,1081,2400,2468.4448005690488,5.141700035892427,4536.756900022738,18.981514730054368
1779033579,120,,Aggregated,40.100000,0.400000,2400,2600,2800,2900,3100,3300,3500,3700,4000,4300,4500,39589,1082,2400,2468.9573444796056,5.141700035892427,4536.756900022738,18.980676450529188
1779033580,120,,Aggregated,39.600000,0.500000,2400,2600,2800,2900,3100,3300,3500,3700,4000,4300,4500,39626,1083,2400,2469.2443661712828,5.141700035892427,4536.756900022738,18.981022560944833
1779033581,120,,Aggregated,40.000000,0.600000,2400,2600,2800,2900,3100,3300,3500,3700,4000,4300,4500,39671,1083,2400,2469.4454701672094,5.141700035892427,4536.756900022738,18.980691184996598
1779033582,120,,Aggregated,40.200000,0.800000,2400,2600,2800,2900,3100,3300,3500,3700,4000,4300,4500,39714,1084,2400,2469.477998912308,5.141700035892427,4536.756900022738,18.980712091453896
1779033583,120,,Aggregated,40.500000,0.800000,2400,2600,2800,2900,3100,3300,3500,3700,4000,4300,4500,39760,1088,2400,2469.281247527755,5.141700035892427,4536.756900022738,18.981363179074446
1779033584,120,,Aggregated,40.100000,0.800000,2400,2600,2800,2900,3100,3300,3500,3700,4000,4300,4500,39809,1088,2400,2469.035016526506,5.141700035892427,4536.756900022738,18.982516516365646
1779033585,120,,Aggregated,39.800000,0.800000,2400,2600,2800,2900,3100,3300,3500,3700,4000,4300,4500,39852,1089,2400,2468.784039782283,5.141700035892427,4536.756900022738,18.980628324801767
1779033586,120,,Aggregated,40.200000,1.000000,2400,2600,2800,2900,3100,3300,3500,3700,4000,4300,4500,39881,1089,2400,2468.7042473308993,5.141700035892427,4536.756900022738,18.979087786163838
1779033587,120,,Aggregated,40.600000,1.000000,2400,2600,2800,2900,3100,3300,3500,3700,4000,4300,4500,39917,1089,2400,2468.8861783326333,5.141700035892427,4536.756900022738,18.976626499987475
1779033588,120,,Aggregated,41.000000,1.000000,2400,2600,2800,2900,3100,3300,3500,3700,4000,4300,4500,39953,1091,2400,2469.1618081521688,5.141700035892427,4536.756900022738,18.977198207894276
1779033589,120,,Aggregated,39.900000,1.000000,2400,2600,2800,2900,3100,3300,3500,3700,4000,4300,4500,39997,1092,2400,2469.727721969242,5.141700035892427,4536.756900022738,18.976923269245194
1779033590,120,,Aggregated,39.700000,0.900000,2400,2600,2800,2900,3100,3300,3500,3700,4000,4300,4500,40031,1093,2400,2469.8229780820816,5.141700035892427,4536.756900022738,18.978266843196522
1779033591,120,,Aggregated,40.300000,1.000000,2400,2600,2800,2900,3100,3300,3500,3700,4000,4300,4500,40078,1095,2400,2469.9131492565452,5.141700035892427,4536.756900022738,18.978067767852686
1779033592,120,,Aggregated,41.000000,0.900000,2400,2600,2800,2900,3100,3300,3500,3700,4000,4300,4500,40125,1097,2400,2469.846116057419,5.141700035892427,4536.756900022738,18.977769470404983
1779033593,120,,Aggregated,39.800000,1.000000,2400,2600,2800,2900,3100,3300,3500,3700,4000,4300,4500,40169,1100,2400,2469.7065071075717,5.141700035892427,4536.756900022738,18.980034354850755
1779033594,120,,Aggregated,41.000000,1.100000,2400,2600,2800,2900,3100,3300,3500,3700,4000,4300,4500,40216,1100,2400,2469.3720637632837,5.141700035892427,4536.756900022738,18.97958523970559
1779033595,120,,Aggregated,40.700000,1.200000,2400,2600,2800,2900,3100,3300,3500,3700,4000,4300,4500,40264,1101,2400,2469.1098907859177,5.141700035892427,4536.756900022738,18.979733757202464
1779033596,120,,Aggregated,40.400000,1.200000,2400,2600,2800,2900,3100,3300,3500,3700,4000,4300,4500,40301,1103,2400,2469.000164829762,5.141700035892427,4536.756900022738,18.979603483784523
1779033597,120,,Aggregated,40.700000,1.200000,2400,2600,2800,2900,3100,3300,3500,3700,4000,4300,4500,40337,1103,2400,2468.9688412475984,5.141700035892427,4536.756900022738,18.978630041897016
1779033598,120,,Aggregated,41.400000,1.200000,2400,2600,2800,2900,3100,3300,3500,3700,4000,4300,4500,40374,1106,2400,2469.1443475554624,5.141700035892427,4536.756900022738,18.977980878783374
1779033599,120,,Aggregated,41.600000,1.400000,2400,2600,2800,2900,3100,3300,3500,3700,4000,4300,4500,40405,1107,2400,2469.4666806386385,5.141700035892427,4536.756900022738,18.977082044301447
1779033600,120,,Aggregated,41.800000,1.400000,2400,2600,2800,2900,3100,3300,3500,3700,4000,4300,4500,40451,1107,2400,2469.960933218063,5.141700035892427,4536.756900022738,18.97950606907122
1779033601,120,,Aggregated,41.900000,1.500000,2400,2600,2800,2900,3100,3300,3500,3700,4000,4300,4500,40489,1107,2400,2470.2451598780867,5.141700035892427,4536.756900022738,18.978339795993975
1779033602,120,,Aggregated,40.300000,1.500000,2400,2600,2800,2900,3100,3300,3600,3700,4000,4300,4500,40532,1109,2400,2470.3136069353586,5.141700035892427,4536.756900022738,18.978732853054378
1779033603,120,,Aggregated,42.100000,1.400000,2400,2600,2800,2900,3100,3300,3500,3700,4000,4300,4500,40574,1112,2400,2470.3722119264517,5.141700035892427,4536.756900022738,18.979814659634247
1779033604,120,,Aggregated,40.200000,1.200000,2400,2600,2800,2900,3100,3300,3500,3700,4000,4300,4500,40614,1115,2400,2470.3592845472967,5.141700035892427,4536.756900022738,18.98081942187423
1779033605,120,,Aggregated,40.400000,1.200000,2400,2600,2800,2900,3100,3300,3500,3700,4000,4300,4500,40658,1116,2400,2470.251330882089,5.141700035892427,4536.756900022738,18.980495843376456
1779033606,120,,Aggregated,40.200000,1.200000,2400,2600,2800,2900,3100,3300,3500,3700,4000,4300,4500,40705,1117,2400,2470.192646483333,5.141700035892427,4536.756900022738,18.980592064856896
1779033607,120,,Aggregated,39.300000,1.500000,2400,2600,2800,2900,3100,3300,3500,3700,4000,4300,4500,40739,1117,2400,2470.168134775124,5.141700035892427,4536.756900022738,18.980215518299417
1779033608,120,,Aggregated,39.300000,1.500000,2400,2600,2800,2900,3100,3300,3500,3700,4000,4300,4500,40786,1117,2400,2470.1725730913568,5.141700035892427,4536.756900022738,18.979282106605208
1779033609,120,,Aggregated,40.100000,1.400000,2400,2600,2800,2900,3100,3300,3500,3700,4000,4300,4500,40838,1119,2400,2469.909084100694,5.141700035892427,4536.756900022738,18.97886772124002
1779033610,120,,Aggregated,40.100000,1.400000,2400,2600,2800,2900,3100,3300,3500,3700,4000,4300,4500,40888,1121,2400,2469.3165128963024,5.141700035892427,4536.756900022738,18.97962727450597
1779033612,120,,Aggregated,41.000000,1.100000,2400,2600,2800,2900,3100,3300,3500,3700,4000,4300,4500,40948,1122,2400,2468.406936917656,5.141700035892427,4536.756900022738,18.98038976262577
1779033613,120,,Aggregated,43.600000,1.400000,2400,2600,2800,2900,3100,3300,3500,3700,4000,4300,4500,41003,1126,2400,2467.530441041002,5.141700035892427,4536.756900022738,18.98065995171085
1779033614,120,,Aggregated,45.900000,1.500000,2400,2600,2800,2900,3100,3300,3500,3700,4000,4300,4500,41045,1128,2400,2466.8926922817377,5.141700035892427,4536.756900022738,18.9811670118163
1779033615,120,,Aggregated,46.700000,1.700000,2400,2600,2800,2900,3100,3300,3500,3700,4000,4300,4500,41091,1130,2400,2466.4125039620403,5.141700035892427,4536.756900022738,18.98242924241318
1779033616,120,,Aggregated,46.600000,1.600000,2400,2600,2800,2900,3100,3300,3500,3700,4000,4300,4500,41118,1130,2400,2466.3200532322626,5.141700035892427,4536.756900022738,18.98231917894839
1779033617,120,,Aggregated,46.600000,1.600000,2400,2600,2800,2900,3100,3300,3500,3700,4000,4300,4500,41160,1130,2400,2466.498980524886,5.141700035892427,4536.756900022738,18.981486880466473
1779033618,120,,Aggregated,45.600000,1.400000,2400,2600,2800,2900,3100,3300,3500,3700,4000,4300,4500,41201,1131,2400,2466.726901296187,5.141700035892427,4536.756900022738,18.983131477391325
1779033619,120,,Aggregated,45.500000,1.300000,2400,2600,2800,2900,3100,3300,3500,3700,4000,4300,4500,41252,1132,2400,2466.8089301974223,5.141700035892427,4536.756900022738,18.982885678270144
1779033620,120,,Aggregated,46.000000,1.400000,2400,2600,2800,2900,3100,3300,3500,3700,4000,4300,4500,41284,1134,2400,2466.7418512087997,5.141700035892427,4536.756900022738,18.983141168491425
1779033621,120,,Aggregated,46.300000,1.500000,2400,2600,2800,2900,3100,3300,3500,3700,4000,4300,4500,41337,1136,2400,2466.556725657506,5.141700035892427,4536.756900022738,18.983767569005977
1779033622,120,,Aggregated,46.300000,1.500000,2400,2600,2800,2900,3100,3300,3500,3700,4000,4300,4500,41381,1136,2400,2466.4234108867436,5.141700035892427,4536.756900022738,18.98400231990527
1779033623,120,,Aggregated,44.400000,1.400000,2400,2600,2800,2900,3100,3300,3500,3700,4000,4300,4500,41417,1136,2400,2466.4036184418082,5.141700035892427,4536.756900022738,18.98266412342758
1779033624,120,,Aggregated,43.300000,1.400000,2400,2600,2800,2900,3100,3300,3500,3700,4000,4300,4500,41456,1137,2400,2466.327736856053,5.141700035892427,4536.756900022738,18.982197993052875
1779033625,120,,Aggregated,41.300000,1.000000,2400,2600,2800,2900,3100,3300,3500,3700,4000,4300,4500,41492,1137,2400,2466.5090888100053,5.141700035892427,4536.756900022738,18.98076737684373
1779033626,120,,Aggregated,41.400000,0.900000,2400,2600,2800,2900,3100,3300,3500,3700,4000,4300,4500,41533,1138,2400,2466.6806832664297,5.141700035892427,4536.756900022738,18.98061782197289
1779033627,120,,Aggregated,39.800000,0.700000,2400,2600,2800,2900,3100,3300,3500,3700,4000,4300,4500,41587,1140,2400,2466.8720016833317,5.141700035892427,4536.756900022738,18.981532690504245
1779033628,120,,Aggregated,40.800000,0.700000,2400,2600,2800,2900,3100,3300,3500,3700,4000,4300,4500,41625,1141,2400,2466.7391991760924,5.141700035892427,4536.756900022738,18.97993993993994
1779033629,120,,Aggregated,41.800000,0.900000,2400,2600,2800,2900,3100,3300,3500,3700,4000,4300,4500,41663,1142,2400,2466.5671371121825,5.141700035892427,4536.756900022738,18.980150253222284
1779033630,120,,Aggregated,42.300000,1.000000,2400,2600,2800,2900,3100,3300,3500,3700,4000,4300,4500,41716,1143,2400,2466.3410927271257,5.141700035892427,4536.756900022738,18.981973343561222
1779033631,120,,Aggregated,40.400000,1.000000,2400,2600,2800,2900,3100,3300,3500,3700,4000,4300,4500,41767,1144,2400,2465.846910601788,5.141700035892427,4536.756900022738,18.98336006895396
1779033632,120,,Aggregated,42.200000,0.900000,2400,2600,2800,2900,3100,3300,3500,3700,4000,4300,4500,41808,1145,2400,2465.4353441926173,5.141700035892427,4536.756900022738,18.985600841944127
1779033633,120,,Aggregated,42.900000,0.900000,2400,2600,2800,2900,3100,3300,3500,3700,4000,4300,4500,41857,1145,2400,2465.1417785270023,5.141700035892427,4536.756900022738,18.986382206082613
1779033634,120,,Aggregated,42.100000,0.900000,2400,2600,2800,2900,3100,3300,3500,3700,4000,4300,4500,41899,1146,2400,2465.063079622541,5.141700035892427,4536.756900022738,18.988591613164992
1779033635,120,,Aggregated,43.300000,0.900000,2400,2600,2800,2900,3100,3300,3500,3700,4000,4300,4500,41936,1147,2400,2464.794465306776,5.141700035892427,4536.756900022738,18.989269362838613
1779033636,120,,Aggregated,43.900000,0.900000,2400,2600,2800,2900,3100,3300,3500,3700,4000,4300,4500,41976,1148,2400,2464.7491114471277,5.141700035892427,4536.756900022738,18.988803125595577
1779033637,120,,Aggregated,44.600000,1.000000,2400,2600,2800,2900,3100,3300,3500,3700,4000,4300,4500,42014,1149,2400,2464.7097505332704,5.141700035892427,4536.756900022738,18.98819441138668
1779033638,120,,Aggregated,44.600000,1.100000,2400,2600,2800,2900,3100,3300,3500,3700,4000,4300,4500,42052,1149,2400,2464.9690927828606,5.141700035892427,4536.756900022738,18.98682583468087
1779033639,120,,Aggregated,42.500000,1.000000,2400,2600,2800,2900,3100,3300,3500,3700,4000,4300,4500,42093,1150,2400,2465.140114180614,5.141700035892427,4536.756900022738,18.98505689782149
1779033640,120,,Aggregated,42.700000,0.800000,2400,2600,2800,2900,3100,3300,3500,3700,4000,4300,4500,42128,1150,2400,2465.3573546953285,5.141700035892427,4536.756900022738,18.984974363843524
1779033641,120,,Aggregated,43.000000,0.800000,2400,2600,2800,2900,3100,3300,3500,3700,4000,4300,4500,42174,1151,2400,2465.661545179613,5.141700035892427,4536.756900022738,18.98363920899132
1779033642,120,,Aggregated,41.600000,0.700000,2400,2600,2800,2900,3100,3300,3500,3700,4000,4300,4500,42216,1151,2400,2465.7875971031212,5.141700035892427,4536.756900022738,18.98178415766534
1779033643,120,,Aggregated,40.100000,0.700000,2400,2600,2800,2900,3100,3300,3500,3700,4000,4300,4500,42259,1154,2400,2465.7422672284133,5.141700035892427,4536.756900022738,18.982039328900353
1779033644,120,,Aggregated,40.400000,0.600000,2400,2600,2800,2900,3100,3300,3500,3700,4000,4300,4500,42282,1154,2400,2465.7431934536066,5.141700035892427,4536.756900022738,18.98079561042524
1779033645,120,,Aggregated,40.500000,0.900000,2400,2600,2800,2900,3100,3300,3500,3700,4000,4300,4500,42323,1156,2400,2466.052963667641,5.141700035892427,4536.756900022738,18.980790586678637
1779033646,120,,Aggregated,38.600000,0.800000,2400,2600,2800,2900,3100,3300,3500,3700,4000,4300,4500,42364,1157,2400,2466.56162528103,5.141700035892427,4536.756900022738,18.980195448966104
1779033647,120,,Aggregated,38.200000,0.800000,2400,2600,2800,2900,3100,3300,3500,3700,4000,4300,4500,42408,1158,2400,2466.9260995921895,5.141700035892427,4536.756900022738,18.978801169590643
1779033648,120,,Aggregated,38.000000,0.800000,2400,2600,2800,2900,3100,3300,3500,3700,4000,4300,4500,42445,1158,2400,2467.011378591248,5.141700035892427,4536.756900022738,18.977806573212394
1779033649,120,,Aggregated,39.400000,0.900000,2400,2600,2800,2900,3100,3300,3500,3700,4000,4300,4500,42489,1158,2400,2466.9406665491224,5.141700035892427,4536.756900022738,18.9779943044082
1779033650,120,,Aggregated,38.700000,0.900000,2400,2600,2800,2900,3100,3300,3500,3700,4000,4300,4500,42534,1159,2400,2466.910940932092,5.141700035892427,4536.756900022738,18.97747684205577
1779033651,120,,Aggregated,39.600000,0.800000,2400,2600,2800,2900,3100,3300,3500,3700,4000,4300,4500,42573,1161,2400,2466.9138694244075,5.141700035892427,4536.756900022738,18.976369999765108
1779033652,120,,Aggregated,40.400000,0.900000,2400,2600,2800,2900,3100,3300,3500,3700,4000,4300,4500,42619,1163,2400,2466.8604307117757,5.141700035892427,4536.756900022738,18.976020084938643
1779033653,120,,Aggregated,40.300000,0.800000,2400,2600,2800,2900,3100,3300,3500,3700,4000,4300,4500,42655,1164,2400,2466.7644639738646,5.141700035892427,4536.756900022738,18.97674364083929
1779033654,120,,Aggregated,40.300000,1.200000,2400,2600,2800,2900,3100,3300,3500,3700,4000,4300,4500,42697,1164,2400,2466.9219237160783,5.141700035892427,4536.756900022738,18.975103637257888
1779033655,120,,Aggregated,40.100000,1.000000,2400,2600,2800,2900,3100,3300,3500,3700,4000,4300,4500,42736,1165,2400,2467.0768909960107,5.141700035892427,4536.756900022738,18.974939161362787
1779033656,120,,Aggregated,39.900000,1.000000,2400,2600,2800,2900,3100,3300,3500,3700,4000,4300,4500,42765,1165,2400,2467.316325385373,5.141700035892427,4536.756900022738,18.973389453992752
1779033657,120,,Aggregated,41.100000,1.000000,2400,2600,2800,2900,3100,3300,3500,3700,4000,4300,4500,42805,1167,2400,2467.523219873975,5.141700035892427,4536.756900022738,18.973437682513726
1779033658,120,,Aggregated,40.900000,0.900000,2400,2600,2800,2900,3100,3300,3500,3700,4000,4300,4500,42843,1167,2400,2467.876645473132,5.141700035892427,4536.756900022738,18.973671311532804
1779033659,120,,Aggregated,39.900000,0.800000,2400,2600,2800,2900,3100,3300,3500,3700,4000,4300,4500,42882,1168,2400,2468.2121326991587,5.141700035892427,4536.756900022738,18.97280910405298
1779033660,120,,Aggregated,40.300000,0.900000,2400,2600,2800,2900,3100,3300,3500,3700,4000,4300,4500,42930,1171,2400,2468.422492860595,5.141700035892427,4536.756900022738,18.973165618448636
1779033661,120,,Aggregated,39.100000,1.000000,2400,2600,2800,2900,3100,3300,3500,3700,4000,4300,4500,42971,1172,2400,2468.2327468293793,5.141700035892427,4536.756900022738,18.97428498289544
1779033662,120,,Aggregated,39.400000,1.100000,2400,2600,2800,2900,3100,3300,3500,3700,4000,4300,4500,43018,1173,2400,2468.0026351877227,5.141700035892427,4536.756900022738,18.974406062578456
1779033663,120,,Aggregated,40.000000,1.300000,2400,2600,2800,2900,3100,3300,3500,3700,4000,4300,4500,43052,1173,2400,2467.8811722337023,5.141700035892427,4536.756900022738,18.97417077023135
1779033664,120,,Aggregated,39.600000,1.000000,2400,2600,2800,2900,3100,3300,3500,3700,4000,4300,4500,43089,1174,2400,2468.0058022071817,5.141700035892427,4536.756900022738,18.97298614495579
1779033665,120,,Aggregated,39.000000,0.900000,2400,2600,2800,2900,3100,3300,3500,3700,4000,4300,4500,43130,1177,2400,2468.2175630073075,5.141700035892427,4536.756900022738,18.973475539067934
1779033666,120,,Aggregated,40.300000,1.000000,2400,2600,2800,2900,3100,3300,3500,3700,4000,4300,4500,43175,1177,2400,2468.41395527053,5.141700035892427,4536.756900022738,18.97317892298784
1779033667,120,,Aggregated,39.400000,1.000000,2400,2600,2800,2900,3100,3300,3500,3700,4000,4300,4500,43221,1177,2400,2468.5118077301518,5.141700035892427,4536.756900022738,18.97249022465931
1779033668,120,,Aggregated,40.000000,1.200000,2400,2600,2800,2900,3100,3300,3500,3700,4000,4300,4500,43257,1177,2400,2468.459688309523,5.141700035892427,4536.756900022738,18.972466883972537
1779033669,120,,Aggregated,40.200000,1.100000,2400,2600,2800,2900,3100,3300,3500,3700,4000,4300,4500,43307,1179,2400,2468.3582460781145,5.141700035892427,4536.756900022738,18.971528852148612
1779033670,120,,Aggregated,40.300000,1.000000,2400,2600,2800,2900,3100,3300,3500,3700,4000,4300,4500,43351,1180,2400,2468.212338790447,5.141700035892427,4536.756900022738,18.97102719660446
1779033671,120,,Aggregated,41.800000,0.900000,2400,2600,2800,2900,3100,3300,3500,3700,4000,4300,4500,43395,1181,2400,2468.012928819099,5.141700035892427,4536.756900022738,18.9723700887199
1779033672,120,,Aggregated,41.600000,1.000000,2400,2600,2800,2900,3100,3300,3500,3700,4000,4300,4500,43430,1181,2400,2467.8890209349483,5.141700035892427,4536.756900022738,18.971102924245912
1779033673,120,,Aggregated,41.000000,0.900000,2400,2600,2800,2900,3100,3300,3500,3700,4000,4300,4500,43468,1181,2400,2467.9518956221805,5.141700035892427,4536.756900022738,18.970253979939265
1779033674,120,,Aggregated,41.200000,0.800000,2400,2600,2800,2900,3100,3300,3500,3700,4000,4300,4500,43510,1183,2400,2468.1249707654547,5.141700035892427,4536.756900022738,18.971753619857505
1779033675,120,,Aggregated,41.300000,0.800000,2400,2600,2800,2900,3100,3300,3500,3700,4000,4300,4500,43557,1186,2400,2468.240037438415,5.141700035892427,4536.756900022738,18.97318456275685
1779033676,120,,Aggregated,41.200000,0.900000,2400,2600,2800,2900,3100,3300,3500,3700,4000,4300,4500,43597,1186,2400,2468.2132473932847,5.141700035892427,4536.756900022738,18.972475170309885
1779033677,120,,Aggregated,42.100000,0.900000,2400,2600,2800,2900,3100,3300,3500,3700,4000,4300,4500,43643,1188,2400,2467.8985217286863,5.141700035892427,4536.756900022738,18.971473088467796
1779033678,120,,Aggregated,42.300000,0.900000,2400,2600,2800,2900,3100,3300,3500,3700,4000,4300,4500,43686,1188,2400,2467.958963581123,5.141700035892427,4536.756900022738,18.96989882342169
1779033679,120,,Aggregated,43.300000,1.000000,2400,2600,2800,2900,3100,3300,3500,3700,4000,4300,4500,43732,1190,2400,2467.902826431557,5.141700035892427,4536.756900022738,18.96810116162078
1779033680,120,,Aggregated,41.700000,1.100000,2400,2600,2800,2900,3100,3300,3500,3700,4000,4300,4500,43768,1190,2400,2467.86166669038,5.141700035892427,4536.756900022738,18.968424419667336
1779033681,120,,Aggregated,42.000000,1.200000,2400,2600,2800,2900,3100,3300,3500,3700,4000,4300,4500,43804,1190,2400,2467.903722774279,5.141700035892427,4536.756900022738,18.966783855355676
1779033682,120,,Aggregated,41.800000,1.000000,2400,2600,2800,2900,3100,3300,3500,3700,4000,4300,4500,43843,1192,2400,2468.024278968237,5.141700035892427,4536.756900022738,18.966859019683874
1779033683,120,,Aggregated,41.100000,0.900000,2400,2600,2800,2900,3100,3300,3500,3700,4000,4300,4500,43875,1192,2400,2468.263891336854,5.141700035892427,4536.756900022738,18.965333333333334
1779033684,120,,Aggregated,40.900000,0.900000,2400,2600,2800,2900,3100,3300,3500,3700,4000,4300,4500,43920,1193,2400,2468.5673248566573,5.141700035892427,4536.756900022738,18.966188524590162
1779033685,120,,Aggregated,40.600000,1.100000,2400,2600,2800,2900,3100,3300,3500,3700,4000,4300,4500,43973,1194,2400,2468.431845339287,5.141700035892427,4536.756900022738,18.967138926159233
1779033686,120,,Aggregated,41.000000,1.000000,2400,2600,2800,2900,3100,3300,3500,3700,4000,4300,4500,44021,1194,2400,2468.2691000478067,5.141700035892427,4536.756900022738,18.96633424956271
1779033687,120,,Aggregated,41.100000,1.000000,2400,2600,2800,2900,3100,3300,3500,3700,4000,4300,4500,44060,1196,2400,2467.8743566251583,5.141700035892427,4536.756900022738,18.965910122560146
1779033688,120,,Aggregated,41.200000,0.800000,2400,2600,2800,2900,3100,3300,3500,3700,4000,4300,4500,44099,1196,2400,2467.775909932302,5.141700035892427,4536.756900022738,18.966620558289303
1779033689,120,,Aggregated,41.600000,0.900000,2400,2600,2800,2900,3100,3300,3500,3700,4000,4300,4500,44143,1197,2400,2467.757031037872,5.141700035892427,4536.756900022738,18.969938608612917
1779033690,120,,Aggregated,42.300000,0.800000,2400,2600,2800,2900,3100,3300,3500,3700,4000,4300,4500,44185,1199,2400,2467.791391386315,5.141700035892427,4536.756900022738,18.969899287088378
1779033691,120,,Aggregated,41.700000,0.700000,2400,2600,2800,2900,3100,3300,3500,3700,4000,4300,4500,44233,1201,2400,2467.7375356182997,5.141700035892427,4536.756900022738,18.970180634368006
1779033692,120,,Aggregated,41.200000,0.800000,2400,2600,2800,2900,3100,3300,3500,3700,4000,4300,4500,44273,1203,2400,2467.614526024983,5.141700035892427,4536.756900022738,18.970094640074088
1779033693,120,,Aggregated,42.500000,1.100000,2400,2600,2800,2900,3100,3300,3500,3700,4000,4300,4500,44302,1204,2400,2467.68604519444,5.141700035892427,4536.756900022738,18.969685341519572
1779033694,120,,Aggregated,43.100000,1.200000,2400,2600,2800,2900,3100,3300,3500,3700,4000,4300,4500,44337,1205,2400,2467.951685281003,5.141700035892427,4536.756900022738,18.97007014457451
1779033695,120,,Aggregated,42.500000,1.200000,2400,2600,2800,2900,3100,3300,3500,3700,4000,4300,4500,44369,1207,2400,2468.383246334243,5.141700035892427,4536.756900022738,18.969528274245533
1779033696,120,,Aggregated,42.200000,1.200000,2400,2600,2800,2900,3100,3300,3500,3700,4000,4300,4500,44405,1207,2400,2468.8807621530023,5.141700035892427,4536.756900022738,18.969823218106068
1779033697,120,,Aggregated,40.300000,1.300000,2400,2600,2800,2900,3100,3300,3500,3700,4000,4300,4500,44446,1208,2400,2469.3057208973605,5.141700035892427,4536.756900022738,18.97066102686406
1779033698,120,,Aggregated,39.600000,1.300000,2400,2600,2800,2900,3100,3300,3500,3700,4000,4300,4500,44490,1208,2400,2469.7020443651213,5.141700035892427,4536.756900022738,18.969611148572714
1779033699,120,,Aggregated,38.100000,1.200000,2400,2600,2800,2900,3100,3300,3500,3700,4000,4300,4500,44526,1208,2400,2469.862293177112,5.141700035892427,4536.756900022738,18.97039931725284
1779033700,120,,Aggregated,38.500000,1.200000,2400,2600,2800,2900,3100,3300,3500,3700,4000,4300,4500,44569,1208,2400,2469.8818418049354,5.141700035892427,4536.756900022738,18.971168300836904
1779033701,120,,Aggregated,38.100000,1.200000,2400,2600,2800,2900,3100,3300,3500,3700,4000,4300,4500,44607,1210,2400,2469.9289313382205,5.141700035892427,4536.756900022738,18.97114802609456
1779033702,120,,Aggregated,39.100000,1.000000,2400,2600,2800,2900,3100,3300,3500,3700,4000,4300,4500,44644,1211,2400,2470.1393904332926,5.141700035892427,4536.756900022738,18.969379983872415
1779033703,120,,Aggregated,37.600000,0.900000,2400,2600,2800,2900,3100,3300,3500,3700,4000,4300,4500,44691,1212,2400,2470.243825172942,5.141700035892427,4536.756900022738,18.97073236222058
1779033704,120,,Aggregated,36.200000,0.900000,2400,2600,2800,2900,3100,3300,3500,3700,4000,4300,4500,44737,1213,2400,2470.2519696717204,5.141700035892427,4536.756900022738,18.971231866240473
1779033705,120,,Aggregated,37.900000,0.700000,2400,2600,2800,2900,3100,3300,3500,3700,4000,4300,4500,44785,1214,2400,2469.9367566239553,5.141700035892427,4536.756900022738,18.97099475270738
1779033706,120,,Aggregated,38.800000,0.800000,2400,2600,2800,2900,3100,3300,3500,3700,4000,4300,4500,44832,1216,2400,2469.613342233309,5.141700035892427,4536.756900022738,18.972051213418986
1779033707,120,,Aggregated,40.700000,0.600000,2400,2600,2800,2900,3100,3300,3500,3700,4000,4300,4500,44869,1216,2400,2469.414602986556,5.141700035892427,4536.756900022738,18.972007399318013
1779033708,120,,Aggregated,42.100000,0.700000,2400,2600,2800,2900,3100,3300,3500,3700,4000,4300,4500,44921,1217,2400,2469.2608756106024,5.141700035892427,4536.756900022738,18.971928496694197
1779033709,120,,Aggregated,41.900000,0.800000,2400,2600,2800,2900,3100,3300,3500,3700,4000,4300,4500,44958,1217,2400,2469.1589317230273,5.141700035892427,4536.756900022738,18.97092842208283
1779033710,120,,Aggregated,42.800000,0.800000,2400,2600,2800,2900,3100,3300,3500,3700,4000,4300,4500,44996,1221,2400,2469.078702004712,5.141700035892427,4536.756900022738,18.971508578540316
1779033711,120,,Aggregated,43.100000,0.900000,2400,2600,2800,2900,3100,3300,3500,3700,4000,4300,4500,45043,1221,2400,2469.142019481473,5.141700035892427,4536.756900022738,18.97182692094221
1779033712,120,,Aggregated,41.800000,1.000000,2400,2600,2800,2900,3100,3300,3500,3700,4000,4300,4500,45085,1222,2400,2469.0863413708344,5.141700035892427,4536.756900022738,18.972607297327272
1779033713,120,,Aggregated,42.800000,1.100000,2400,2600,2800,2900,3100,3300,3500,3700,4000,4300,4500,45131,1223,2400,2468.9503347921404,5.141700035892427,4536.756900022738,18.97334426447453
1779033714,120,,Aggregated,44.400000,1.000000,2400,2600,2800,2900,3100,3300,3500,3700,4000,4300,4500,45183,1224,2400,2468.5743785252,5.141700035892427,4536.756900022738,18.974481552796405
1779033715,120,,Aggregated,43.800000,1.100000,2400,2600,2800,2900,3100,3300,3500,3700,4000,4300,4500,45225,1224,2400,2468.2978803516626,5.141700035892427,4536.756900022738,18.973819789939192
1779033716,120,,Aggregated,44.400000,1.000000,2400,2600,2800,2900,3100,3300,3500,3700,4000,4300,4500,45264,1225,2400,2468.20775519406,5.141700035892427,4536.756900022738,18.972870272180984
1779033717,120,,Aggregated,44.000000,1.100000,2400,2600,2800,2900,3100,3300,3500,3700,4000,4300,4500,45315,1225,2400,2468.120101591168,5.141700035892427,4536.756900022738,18.971311927617787
1779033718,120,,Aggregated,42.500000,1.100000,2400,2600,2800,2900,3100,3300,3500,3700,4000,4300,4500,45363,1227,2400,2467.916482772383,5.141700035892427,4536.756900022738,18.970548685051693
1779033719,120,,Aggregated,43.500000,0.900000,2400,2600,2800,2900,3100,3300,3500,3700,4000,4300,4500,45401,1228,2400,2467.6448854189057,5.141700035892427,4536.756900022738,18.970088764564657
1779033720,120,,Aggregated,44.200000,1.100000,2400,2600,2800,2900,3100,3300,3500,3700,4000,4300,4500,45436,1228,2400,2467.626957236639,5.141700035892427,4536.756900022738,18.969363500308127
1779033721,120,,Aggregated,44.200000,1.000000,2400,2600,2800,2900,3100,3300,3500,3700,4000,4300,4500,45473,1230,2400,2467.7909761045853,5.141700035892427,4536.756900022738,18.96934444615486
1779033722,120,,Aggregated,43.700000,1.000000,2400,2600,2800,2900,3100,3300,3500,3700,4000,4300,4500,45508,1231,2400,2468.085941720221,5.141700035892427,4536.756900022738,18.9702469895403
1779033723,120,,Aggregated,43.100000,0.800000,2400,2600,2800,2900,3100,3300,3500,3700,4000,4300,4500,45549,1231,2400,2468.458869061972,5.141700035892427,4536.756900022738,18.968693055829984
1779033724,120,,Aggregated,42.300000,0.900000,2400,2600,2800,2900,3100,3300,3500,3700,4000,4300,4500,45577,1232,2400,2468.812565377354,5.141700035892427,4536.756900022738,18.967088663141496
1779033725,120,,Aggregated,41.800000,0.900000,2400,2600,2800,2900,3100,3300,3500,3700,4000,4300,4500,45611,1233,2400,2469.163994856587,5.141700035892427,4536.756900022738,18.967551687093025
1779033726,120,,Aggregated,39.800000,0.800000,2400,2600,2800,2900,3100,3300,3500,3700,4000,4300,4500,45651,1235,2400,2469.675503704275,5.141700035892427,4536.756900022738,18.966660095069113
1779033727,120,,Aggregated,38.700000,0.900000,2400,2600,2800,2900,3100,3300,3500,3700,4000,4300,4500,45692,1237,2400,2470.0056049112286,5.141700035892427,4536.756900022738,18.96734658145846
1779033728,120,,Aggregated,38.600000,0.900000,2400,2600,2800,2900,3100,3300,3500,3700,4000,4300,4500,45730,1238,2400,2470.2526939559107,5.141700035892427,4536.756900022738,18.96689263065821
1779033729,120,,Aggregated,38.300000,1.200000,2400,2600,2800,2900,3100,3300,3500,3700,4000,4300,4500,45769,1239,2400,2470.3246269178635,5.141700035892427,4536.756900022738,18.965522515239574
1779033730,120,,Aggregated,36.700000,1.000000,2400,2600,2800,2900,3100,3300,3500,3700,4000,4300,4500,45821,1239,2400,2470.293004738081,5.141700035892427,4536.756900022738,18.965037864734512
1779033731,120,,Aggregated,36.600000,1.200000,2400,2600,2800,2900,3100,3300,3500,3700,4000,4300,4500,45854,1239,2400,2470.2734857330597,5.141700035892427,4536.756900022738,18.964016225411086
1779033732,120,,Aggregated,37.200000,1.100000,2400,2600,2800,2900,3100,3300,3500,3700,4000,4300,4500,45899,1242,2400,2470.2743234907884,5.141700035892427,4536.756900022738,18.964160439225257
1779033733,120,,Aggregated,38.700000,1.000000,2400,2600,2800,2900,3100,3300,3500,3700,4000,4300,4500,45936,1242,2400,2470.2605227317035,5.141700035892427,4536.756900022738,18.96384099616858
1779033734,120,,Aggregated,37.800000,1.000000,2400,2600,2800,2900,3100,3300,3500,3700,4000,4300,4500,45983,1244,2400,2470.2764959355313,5.141700035892427,4536.756900022738,18.96350825305004
1779033735,120,,Aggregated,38.900000,1.100000,2400,2600,2800,2900,3100,3300,3500,3700,4000,4300,4500,46029,1245,2400,2470.3295861457627,5.141700035892427,4536.756900022738,18.962588802711334
1779033736,120,,Aggregated,38.900000,1.100000,2400,2600,2800,2900,3100,3300,3500,3700,4000,4300,4500,46068,1245,2400,2470.1017388925793,5.141700035892427,4536.756900022738,18.96216462620474
1779033737,120,,Aggregated,40.400000,1.200000,2400,2600,2800,2900,3100,3300,3500,3700,4000,4300,4500,46117,1246,2400,2469.8487745582665,5.141700035892427,4536.756900022738,18.961337467745082
1779033738,120,,Aggregated,41.600000,1.100000,2400,2600,2800,2900,3100,3300,3500,3700,4000,4300,4500,46149,1246,2400,2469.819905642671,5.141700035892427,4536.756900022738,18.96103924245379
1779033739,120,,Aggregated,41.900000,0.900000,2400,2600,2800,2900,3100,3300,3500,3700,4000,4300,4500,46189,1246,2400,2469.916902476855,5.141700035892427,4536.756900022738,18.9622637424495
1779033740,120,,Aggregated,42.200000,0.900000,2400,2600,2800,2900,3100,3300,3500,3700,4000,4300,4500,46239,1247,2400,2470.2489422933745,5.141700035892427,4536.756900022738,18.961872012803045
1779033741,120,,Aggregated,41.400000,0.700000,2400,2600,2800,2900,3100,3300,3500,3700,4000,4300,4500,46280,1247,2400,2470.1682079019743,5.141700035892427,4536.756900022738,18.96281331028522
1779033742,120,,Aggregated,41.500000,0.700000,2400,2600,2800,2900,3100,3300,3500,3700,4000,4300,4500,46326,1247,2400,2470.027172920239,5.141700035892427,4536.756900022738,18.962137892328283
1779033743,120,,Aggregated,41.100000,0.800000,2400,2600,2800,2900,3100,3300,3500,3700,4000,4300,4500,46373,1247,2400,2469.730779470878,5.141700035892427,4536.756900022738,18.96312509434369
1779033744,120,,Aggregated,42.800000,0.700000,2400,2600,2800,2900,3100,3300,3500,3700,4000,4300,4500,46402,1248,2400,2469.648032313333,5.141700035892427,4536.756900022738,18.962717124261886
1779033745,120,,Aggregated,43.100000,0.500000,2400,2600,2800,2900,3100,3300,3500,3700,4000,4300,4500,46447,1249,2400,2469.741310414085,5.141700035892427,4536.756900022738,18.963011604624626
1779033746,120,,Aggregated,43.200000,0.500000,2400,2600,2800,2900,3100,3300,3500,3700,4000,4300,4500,46489,1249,2400,2469.94593812306,5.141700035892427,4536.756900022738,18.96184043537181
1779033747,120,,Aggregated,41.400000,0.300000,2400,2600,2800,2900,3100,3300,3500,3700,4000,4300,4500,46527,1249,2400,2469.8875939025215,5.141700035892427,4536.756900022738,18.960431577363682
1779033748,120,,Aggregated,41.500000,0.400000,2400,2600,2800,2900,3100,3300,3500,3700,4000,4300,4500,46569,1251,2400,2469.9098876892913,5.141700035892427,4536.756900022738,18.959264746934657
1779033749,120,,Aggregated,41.400000,0.300000,2400,2600,2800,2900,3100,3300,3500,3700,4000,4300,4500,46607,1252,2400,2469.996752704586,5.141700035892427,4536.756900022738,18.959598343596454
1779033750,120,,Aggregated,41.100000,0.300000,2400,2600,2800,2900,3100,3300,3500,3700,4000,4300,4500,46637,1252,2400,2470.1032177413326,5.141700035892427,4536.756900022738,18.958852413319896
1779033751,120,,Aggregated,41.500000,0.600000,2400,2600,2800,2900,3100,3300,3500,3700,4000,4300,4500,46677,1252,2400,2470.53717599894,5.141700035892427,4536.756900022738,18.957473702251644
1779033752,120,,Aggregated,41.600000,0.600000,2400,2600,2800,2900,3100,3300,3500,3700,4000,4300,4500,46713,1252,2400,2470.8309896667406,5.141700035892427,4536.756900022738,18.95684284888575
1779033753,120,,Aggregated,39.800000,0.500000,2400,2600,2800,2900,3100,3300,3500,3700,4000,4300,4500,46752,1252,2400,2471.1485132551047,5.141700035892427,4536.756900022738,18.955039356605067
1779033754,120,,Aggregated,39.000000,0.500000,2400,2600,2800,2900,3100,3300,3500,3700,4000,4300,4500,46793,1254,2400,2471.3320205971586,5.141700035892427,4536.756900022738,18.955420682580726
1779033755,120,,Aggregated,38.100000,0.500000,2400,2600,2800,2900,3100,3300,3600,3700,4000,4300,4500,46833,1255,2400,2471.5536741016545,5.141700035892427,4536.756900022738,18.954412486921616
1779033756,120,,Aggregated,38.200000,0.500000,2400,2600,2800,2900,3100,3300,3600,3700,4000,4300,4500,46878,1255,2400,2471.613851881534,5.141700035892427,4536.756900022738,18.95537352276121
1779033757,120,,Aggregated,38.700000,0.600000,2400,2600,2800,2900,3100,3300,3600,3700,4000,4300,4500,46924,1257,2400,2471.493716290224,5.141700035892427,4536.756900022738,18.95418122922172
1779033758,120,,Aggregated,38.200000,0.600000,2400,2600,2800,2900,3100,3300,3500,3700,4000,4300,4500,46960,1258,2400,2471.371174035397,5.141700035892427,4536.756900022738,18.95362010221465
1779033759,120,,Aggregated,38.400000,0.600000,2400,2600,2800,2900,3100,3300,3500,3700,4000,4300,4500,46994,1259,2400,2471.3627799421656,5.141700035892427,4536.756900022738,18.95263225092565
1779033760,120,,Aggregated,39.300000,0.800000,2400,2600,2800,2900,3100,3300,3500,3700,4000,4300,4500,47041,1260,2400,2471.438569851873,5.141700035892427,4536.756900022738,18.952807125698858
1779033761,120,,Aggregated,38.700000,0.600000,2400,2600,2800,2900,3100,3300,3500,3700,4000,4300,4500,47088,1261,2400,2471.5045782152997,5.141700035892427,4536.756900022738,18.95404349303432
1779033762,120,,Aggregated,38.400000,0.800000,2400,2600,2800,2900,3100,3300,3600,3700,4000,4300,4500,47138,1261,2400,2471.3315591115934,5.141700035892427,4536.756900022738,18.952246595103738
1779033763,120,,Aggregated,40.500000,0.800000,2400,2600,2800,2900,3100,3300,3500,3700,4000,4300,4500,47184,1263,2400,2471.1141858787437,5.141700035892427,4536.756900022738,18.95261105459478
1779033764,120,,Aggregated,40.900000,0.900000,2400,2600,2800,2900,3100,3300,3500,3700,4000,4300,4500,47227,1263,2400,2470.7512037352076,5.141700035892427,4536.756900022738,18.951108476083597
1779033765,120,,Aggregated,42.000000,1.000000,2400,2600,2800,2900,3100,3300,3500,3700,4000,4300,4500,47282,1265,2400,2470.40273074114,5.141700035892427,4536.756900022738,18.951334545915994
1779033766,120,,Aggregated,42.700000,1.100000,2400,2600,2800,2900,3100,3300,3500,3700,4000,4300,4500,47314,1265,2400,2470.2277138437357,5.141700035892427,4536.756900022738,18.95210719871497
1779033767,120,,Aggregated,43.700000,0.900000,2400,2600,2800,2900,3100,3300,3500,3700,4000,4300,4500,47350,1265,2400,2470.192580627296,5.141700035892427,4536.756900022738,18.953051742344243
1779033768,120,,Aggregated,44.600000,1.000000,2400,2600,2800,2900,3100,3300,3500,3700,4000,4300,4500,47387,1266,2400,2470.308022168582,5.141700035892427,4536.756900022738,18.95237090341233
1779033769,120,,Aggregated,43.500000,1.000000,2400,2600,2800,2900,3100,3300,3500,3700,4000,4300,4500,47429,1267,2400,2470.6144699741244,5.141700035892427,4536.756900022738,18.953151025743743
1779033770,120,,Aggregated,42.300000,0.800000,2400,2600,2800,2900,3100,3300,3500,3700,4000,4300,4500,47470,1268,2400,2470.7603270002746,5.141700035892427,4536.756900022738,18.952980829997895
1779033771,120,,Aggregated,42.800000,0.800000,2400,2600,2800,2900,3100,3300,3500,3700,4000,4300,4500,47518,1270,2400,2470.774783277979,5.141700035892427,4536.756900022738,18.95252325434572
1779033772,120,,Aggregated,43.200000,0.700000,2400,2600,2800,2900,3100,3300,3500,3700,4000,4300,4500,47554,1271,2400,2470.760652626549,5.141700035892427,4536.756900022738,18.95121335744627
1779033773,120,,Aggregated,42.600000,0.800000,2400,2600,2800,2900,3100,3300,3500,3700,4000,4300,4500,47596,1272,2400,2470.7259291579744,5.141700035892427,4536.756900022738,18.95184469283133
1779033774,120,,Aggregated,42.800000,1.000000,2400,2600,2800,2900,3100,3300,3500,3700,4000,4300,4500,47641,1274,2400,2470.6846741819645,5.141700035892427,4536.756900022738,18.95371633676875
1779033775,120,,Aggregated,41.100000,0.900000,2400,2600,2800,2900,3100,3300,3500,3700,4000,4300,4500,47681,1277,2400,2470.712963159394,5.141700035892427,4536.756900022738,18.953797109959943
1779033777,120,,Aggregated,40.900000,1.100000,2400,2600,2800,2900,3100,3300,3500,3700,4000,4300,4500,47718,1277,2400,2470.7761558070993,5.141700035892427,4536.756900022738,18.95230311412884
1779033778,120,,Aggregated,40.900000,1.100000,2400,2600,2800,2900,3100,3300,3500,3700,4000,4300,4500,47757,1278,2400,2470.8977947589524,5.141700035892427,4536.756900022738,18.95232112569885
1779033779,120,,Aggregated,39.900000,1.200000,2400,2600,2800,2900,3100,3300,3500,3700,4000,4300,4500,47801,1278,2400,2470.9645625113053,5.141700035892427,4536.756900022738,18.954101378632245
1779033780,120,,Aggregated,40.400000,1.300000,2400,2600,2800,2900,3100,3300,3500,3700,4000,4300,4500,47853,1280,2400,2470.9825554427734,5.141700035892427,4536.756900022738,18.952479468371887
1779033781,120,,Aggregated,41.100000,1.200000,2400,2600,2800,2900,3100,3300,3500,3700,4000,4300,4500,47895,1281,2400,2470.7153384738112,5.141700035892427,4536.756900022738,18.952646414030692
1779033782,120,,Aggregated,42.200000,1.300000,2400,2600,2800,2900,3100,3300,3500,3700,4000,4300,4500,47935,1282,2400,2470.512501687766,5.141700035892427,4536.756900022738,18.951851465526232
1779033783,120,,Aggregated,41.800000,1.300000,2400,2600,2800,2900,3100,3300,3500,3700,4000,4300,4500,47982,1283,2400,2470.3916925535227,5.141700035892427,4536.756900022738,18.953024050685674
1779033784,120,,Aggregated,41.300000,1.100000,2400,2600,2800,2900,3100,3300,3500,3700,4000,4300,4500,48024,1286,2400,2470.3435191779745,5.141700035892427,4536.756900022738,18.952773613193404
1779033785,120,,Aggregated,42.600000,1.200000,2400,2600,2800,2900,3100,3300,3500,3700,4000,4300,4500,48064,1286,2400,2470.3664192556384,5.141700035892427,4536.756900022738,18.95381158455393
1779033786,120,,Aggregated,42.400000,1.400000,2400,2600,2800,2900,3100,3300,3500,3700,4000,4300,4500,48100,1287,2400,2470.3917974907126,5.141700035892427,4536.756900022738,18.954033264033264
1779033787,120,,Aggregated,41.900000,1.200000,2400,2600,2800,2900,3100,3300,3500,3700,4000,4300,4500,48149,1291,2400,2470.441865230918,5.141700035892427,4536.756900022738,18.95499387318532
1779033788,120,,Aggregated,41.800000,1.000000,2400,2600,2800,2900,3100,3300,3500,3700,4000,4300,4500,48188,1292,2400,2470.46583381347,5.141700035892427,4536.756900022738,18.95500954594505
1779033789,120,,Aggregated,42.900000,1.400000,2400,2600,2800,2900,3100,3300,3500,3700,4000,4300,4500,48230,1293,2400,2470.3333608418698,5.141700035892427,4536.756900022738,18.956085424009952
1779033790,120,,Aggregated,42.500000,1.400000,2400,2600,2800,2900,3100,3300,3500,3700,4000,4300,4500,48276,1293,2400,2470.293569452799,5.141700035892427,4536.756900022738,18.955050128428205
1779033791,120,,Aggregated,42.800000,1.500000,2400,2600,2800,2900,3100,3300,3500,3700,4000,4300,4500,48315,1295,2400,2470.1890412295006,5.141700035892427,4536.756900022738,18.95572803477181
1779033792,120,,Aggregated,42.000000,1.300000,2400,2600,2800,2900,3100,3300,3500,3700,4000,4300,4500,48352,1295,2400,2470.163707838423,5.141700035892427,4536.756900022738,18.956527134348114
1779033793,120,,Aggregated,42.000000,1.400000,2400,2600,2800,2900,3100,3300,3500,3700,4000,4300,4500,48410,1296,2400,2470.047334709838,5.141700035892427,4536.756900022738,18.956641189836812
1779033794,120,,Aggregated,41.600000,1.300000,2400,2600,2800,2900,3100,3300,3500,3700,4000,4300,4500,48445,1297,2400,2469.926535403104,5.141700035892427,4536.756900022738,18.956280317886264
1779033795,120,,Aggregated,42.200000,1.300000,2400,2600,2800,2900,3100,3300,3500,3700,4000,4300,4500,48488,1299,2400,2469.7961516087153,5.141700035892427,4536.756900022738,18.95547351922125
1779033796,120,,Aggregated,42.000000,1.100000,2400,2600,2800,2900,3100,3300,3500,3700,4000,4300,4500,48523,1300,2400,2469.7929358201964,5.141700035892427,4536.756900022738,18.954495806112565
1779033797,120,,Aggregated,42.100000,1.200000,2400,2600,2800,2900,3100,3300,3500,3700,4000,4300,4500,48575,1301,2400,2469.8745992280715,5.141700035892427,4536.756900022738,18.954194544518785
1779033798,120,,Aggregated,42.000000,1.300000,2400,2600,2800,2900,3100,3300,3500,3700,4000,4300,4500,48615,1305,2400,2469.7341812733434,5.141700035892427,4536.756900022738,18.954376221330865
1779033799,120,,Aggregated,42.000000,0.900000,2400,2600,2800,2900,3100,3300,3500,3700,4000,4300,4500,48660,1305,2400,2469.524092137353,5.141700035892427,4536.756900022738,18.95550760378134
1779033800,120,,Aggregated,42.400000,1.100000,2400,2600,2800,2900,3100,3300,3500,3700,4000,4300,4500,48702,1305,2400,2469.40232076103,5.141700035892427,4536.756900022738,18.95568970473492
1779033801,120,,Aggregated,42.600000,1.200000,2400,2600,2800,2900,3100,3300,3500,3700,4000,4300,4500,48751,1309,2400,2469.222855646111,5.141700035892427,4536.756900022738,18.95665729933745
1779033802,120,,Aggregated,42.600000,1.200000,2400,2600,2800,2900,3100,3300,3500,3700,4000,4300,4500,48796,1310,2400,2469.100757976139,5.141700035892427,4536.756900022738,18.95595950487745
1779033803,120,,Aggregated,42.700000,1.300000,2400,2600,2800,2900,3100,3300,3500,3700,4000,4300,4500,48836,1311,2400,2468.891499152343,5.141700035892427,4536.756900022738,18.9552788926202
1779033804,120,,Aggregated,43.900000,1.400000,2400,2600,2800,2900,3100,3300,3500,3700,4000,4300,4500,48879,1313,2400,2468.7217467236196,5.141700035892427,4536.756900022738,18.954540804844616
1779033805,120,,Aggregated,42.800000,1.500000,2400,2600,2800,2900,3100,3300,3500,3700,4000,4300,4500,48925,1314,2400,2468.5750090220517,5.141700035892427,4536.756900022738,18.954706182933062
1779033806,120,,Aggregated,43.300000,1.500000,2400,2600,2800,2900,3100,3300,3500,3700,4000,4300,4500,48961,1315,2400,2468.5003021814086,5.141700035892427,4536.756900022738,18.954678213271787
1779033807,120,,Aggregated,44.300000,1.600000,2400,2600,2800,2900,3100,3300,3500,3700,4000,4300,4500,49008,1316,2400,2468.4769428277773,5.141700035892427,4536.756900022738,18.954619653934053
1779033808,120,,Aggregated,43.200000,1.500000,2400,2600,2800,2900,3100,3300,3500,3700,4000,4300,4500,49051,1318,2400,2468.5206995189424,5.141700035892427,4536.756900022738,18.95459827526452
1779033809,120,,Aggregated,43.700000,1.600000,2400,2600,2800,2900,3100,3300,3500,3700,4000,4300,4500,49096,1322,2400,2468.340655540243,5.141700035892427,4536.756900022738,18.955108359133128
1779033810,120,,Aggregated,43.800000,1.400000,2400,2600,2800,2900,3100,3300,3500,3700,4000,4300,4500,49134,1324,2400,2468.282591238324,5.141700035892427,4536.756900022738,18.954552855456505
1779033811,120,,Aggregated,43.600000,1.700000,2400,2600,2800,2900,3100,3300,3500,3700,4000,4300,4500,49168,1325,2400,2468.394079120641,5.141700035892427,4536.756900022738,18.95383176049463
1779033812,120,,Aggregated,42.900000,1.900000,2400,2600,2800,2900,3100,3300,3500,3700,4000,4300,4500,49207,1326,2400,2468.570801404347,5.141700035892427,4536.756900022738,18.95279126953482
1779033813,120,,Aggregated,41.900000,1.700000,2400,2600,2800,2900,3100,3300,3500,3700,4000,4300,4500,49232,1326,2400,2468.7991150553257,5.141700035892427,4536.756900022738,18.95285586610335
1779033814,120,,Aggregated,40.900000,1.600000,2400,2600,2800,2900,3100,3300,3500,3700,4000,4300,4500,49274,1327,2400,2469.4003882697457,5.141700035892427,4536.756900022738,18.951576896537727
1779033815,120,,Aggregated,39.700000,1.500000,2400,2600,2800,2900,3100,3300,3500,3700,4000,4300,4500,49319,1327,2400,2469.74394685017,5.141700035892427,4536.756900022738,18.951661631419938
1779033816,120,,Aggregated,39.000000,1.500000,2400,2600,2800,2900,3100,3300,3500,3700,4000,4300,4500,49366,1328,2400,2469.7064830572285,5.141700035892427,4536.756900022738,18.95116071790301
1779033817,120,,Aggregated,38.000000,1.300000,2400,2600,2800,2900,3100,3300,3500,3700,4000,4300,4500,49417,1330,2400,2469.3873048789487,5.141700035892427,4536.756900022738,18.950563571240668
1779033818,120,,Aggregated,40.900000,1.300000,2400,2600,2800,2900,3100,3300,3500,3700,4000,4300,4500,49461,1332,2400,2469.0311442126776,5.141700035892427,4536.756900022738,18.951759972503588
1779033819,120,,Aggregated,40.300000,1.300000,2400,2600,2800,2900,3100,3300,3500,3700,4000,4300,4500,49504,1333,2400,2468.8445408109114,5.141700035892427,4536.756900022738,18.954044117647058
1779033820,120,,Aggregated,40.600000,1.400000,2400,2600,2800,2900,3100,3300,3500,3700,4000,4300,4500,49548,1335,2400,2468.7000851034045,5.141700035892427,4536.756900022738,18.954407846936306
1779033821,120,,Aggregated,40.900000,1.100000,2400,2600,2800,2900,3100,3300,3500,3700,4000,4300,4500,49606,1340,2400,2468.261459563428,5.141700035892427,4536.756900022738,18.95675926299238
1779033822,120,,Aggregated,40.900000,1.000000,2400,2600,2800,2900,3100,3300,3500,3700,4000,4300,4500,49650,1340,2400,2467.895690572067,5.141700035892427,4536.756900022738,18.95766364551863
1779033823,120,,Aggregated,43.400000,1.400000,2400,2600,2800,2900,3100,3300,3500,3700,4000,4300,4500,49691,1341,2400,2467.603953251151,5.141700035892427,4536.756900022738,18.958121188947697
1779033824,120,,Aggregated,44.200000,1.500000,2400,2600,2800,2900,3100,3300,3500,3700,4000,4300,4500,49740,1343,2400,2467.3675565139283,5.141700035892427,4536.756900022738,18.958443908323282
1779033825,120,,Aggregated,45.400000,1.400000,2400,2600,2800,2900,3100,3300,3500,3700,4000,4300,4500,49780,1345,2400,2467.3444318120296,5.141700035892427,4536.756900022738,18.957894736842107
1779033826,120,,Aggregated,46.500000,1.600000,2400,2600,2800,2900,3100,3300,3500,3700,4000,4300,4500,49819,1348,2400,2467.279023715913,5.141700035892427,4536.756900022738,18.958208715550292
1779033827,120,,Aggregated,46.700000,1.800000,2400,2600,2800,2900,3100,3300,3500,3700,4000,4300,4500,49851,1348,2400,2467.4173148904365,5.141700035892427,4536.756900022738,18.956731058554492
1779033828,120,,Aggregated,44.500000,1.800000,2400,2600,2800,2900,3100,3300,3500,3700,4000,4300,4500,49896,1349,2400,2467.6153890693276,5.141700035892427,4536.756900022738,18.955848164181496
1779033829,120,,Aggregated,43.200000,1.900000,2400,2600,2800,2900,3100,3300,3500,3700,4000,4300,4500,49933,1349,2400,2467.716722840671,5.141700035892427,4536.756900022738,18.95495964592554
1779033830,120,,Aggregated,43.600000,1.700000,2400,2600,2800,2900,3100,3300,3500,3700,4000,4300,4500,49977,1349,2400,2467.7743710627515,5.141700035892427,4536.756900022738,18.955619585009103
1779033831,120,,Aggregated,42.300000,1.600000,2400,2600,2800,2900,3100,3300,3500,3700,4000,4300,4500,50013,1349,2400,2467.908636564553,5.141700035892427,4536.756900022738,18.954171915302023
1779033832,120,,Aggregated,42.900000,1.500000,2400,2600,2800,2900,3100,3300,3500,3700,4000,4300,4500,50057,1350,2400,2467.96705901478,5.141700035892427,4536.756900022738,18.95636973849811
1779033833,120,,Aggregated,40.700000,1.000000,2400,2600,2800,2900,3100,3300,3500,3700,4000,4300,4500,50096,1350,2400,2468.168166548285,5.141700035892427,4536.756900022738,18.956064356435643
1779033834,120,,Aggregated,40.300000,1.000000,2400,2600,2800,2900,3100,3300,3500,3700,4000,4300,4500,50143,1352,2400,2468.092670857404,5.141700035892427,4536.756900022738,18.956683884091497
1779033835,120,,Aggregated,40.100000,1.000000,2400,2600,2800,2900,3100,3300,3500,3700,4000,4300,4500,50186,1352,2400,2468.1226872733955,5.141700035892427,4536.756900022738,18.955744629976486
1779033836,120,,Aggregated,40.000000,0.900000,2400,2600,2800,2900,3100,3300,3500,3700,4000,4300,4500,50224,1354,2400,2468.0670680631247,5.141700035892427,4536.756900022738,18.955200700860146
1779033837,120,,Aggregated,39.700000,0.700000,2400,2600,2800,2900,3100,3300,3500,3700,4000,4300,4500,50269,1355,2400,2467.9860996539073,5.141700035892427,4536.756900022738,18.956613419801467
1779033838,120,,Aggregated,40.500000,0.800000,2400,2600,2800,2900,3100,3300,3500,3700,4000,4300,4500,50308,1358,2400,2468.0072927347974,5.141700035892427,4536.756900022738,18.9564482786038
1779033839,120,,Aggregated,41.800000,0.700000,2400,2600,2800,2900,3100,3300,3500,3700,4000,4300,4500,50356,1358,2400,2467.9885911470747,5.141700035892427,4536.756900022738,18.959329573437127
1779033840,120,,Aggregated,41.300000,1.000000,2400,2600,2800,2900,3100,3300,3500,3700,4000,4300,4500,50399,1362,2400,2468.0061783607275,5.141700035892427,4536.756900022738,18.96007857298756
1779033841,120,,Aggregated,41.200000,0.900000,2400,2600,2800,2900,3100,3300,3500,3700,4000,4300,4500,50441,1363,2400,2467.858186850034,5.141700035892427,4536.756900022738,18.959061081263258
1779033842,120,,Aggregated,41.100000,1.200000,2400,2600,2800,2900,3100,3300,3500,3700,4000,4300,4500,50484,1364,2400,2467.8221524741025,5.141700035892427,4536.756900022738,18.958046113620156
1779033843,120,,Aggregated,42.800000,1.400000,2400,2600,2800,2900,3100,3300,3500,3700,4000,4300,4500,50519,1365,2400,2467.7631212019764,5.141700035892427,4536.756900022738,18.957362576456383
1779033844,120,,Aggregated,41.900000,1.400000,2400,2600,2800,2900,3100,3300,3500,3700,4000,4300,4500,50557,1365,2400,2467.8994378108387,5.141700035892427,4536.756900022738,18.957829776292105
1779033845,120,,Aggregated,42.700000,1.500000,2400,2600,2800,2900,3100,3300,3500,3700,4000,4300,4500,50597,1365,2400,2468.0290269641014,5.141700035892427,4536.756900022738,18.95825839476649
1779033846,120,,Aggregated,41.200000,1.300000,2400,2600,2800,2900,3100,3300,3500,3700,4000,4300,4500,50637,1367,2400,2468.2960416652336,5.141700035892427,4536.756900022738,18.957777909433812
1779033847,120,,Aggregated,40.900000,1.300000,2400,2600,2800,2900,3100,3300,3500,3700,4000,4300,4500,50670,1367,2400,2468.4685205743513,5.141700035892427,4536.756900022738,18.95741069666469
1779033848,120,,Aggregated,41.100000,1.300000,2400,2600,2800,2900,3100,3300,3500,3700,4000,4300,4500,50716,1372,2400,2468.5658390666163,5.141700035892427,4536.756900022738,18.960150642795174
1779033849,120,,Aggregated,39.800000,1.200000,2400,2600,2800,2900,3100,3300,3500,3700,4000,4300,4500,50765,1375,2400,2468.675223049399,5.141700035892427,4536.756900022738,18.96038609278046
1779033850,120,,Aggregated,40.000000,1.200000,2400,2600,2800,2900,3100,3300,3500,3700,4000,4300,4500,50801,1375,2400,2468.4631753312433,5.141700035892427,4536.756900022738,18.96092596602429
1779033851,120,,Aggregated,40.500000,1.500000,2400,2600,2800,2900,3100,3300,3500,3700,4000,4300,4500,50844,1376,2400,2468.540525043317,5.141700035892427,4536.756900022738,18.961627724018566
1779033852,120,,Aggregated,40.900000,1.400000,2400,2600,2800,2900,3100,3300,3500,3700,4000,4300,4500,50882,1377,2400,2468.610345572157,5.141700035892427,4536.756900022738,18.961066781966117
1779033853,120,,Aggregated,39.100000,1.200000,2400,2600,2800,2900,3100,3300,3500,3700,4000,4300,4500,50932,1379,2400,2468.657708483905,5.141700035892427,4536.756900022738,18.96134061101076
1779033854,120,,Aggregated,40.700000,1.300000,2400,2600,2800,2900,3100,3300,3500,3700,4000,4300,4500,50969,1381,2400,2468.5458694893427,5.141700035892427,4536.756900022738,18.962938256587336
1779033855,120,,Aggregated,40.000000,1.400000,2400,2600,2800,2900,3100,3300,3500,3700,4000,4300,4500,51012,1382,2400,2468.5085796813,5.141700035892427,4536.756900022738,18.96146004861601
1779033856,120,,Aggregated,41.500000,1.500000,2400,2600,2800,2900,3100,3300,3500,3700,4000,4300,4500,51059,1383,2400,2468.3659615288657,5.141700035892427,4536.756900022738,18.96269022111675
1779033857,120,,Aggregated,41.200000,1.700000,2400,2600,2800,2900,3100,3300,3500,3700,4000,4300,4500,51095,1383,2400,2468.3470544867855,5.141700035892427,4536.756900022738,18.962990507877482
1779033858,120,,Aggregated,41.400000,1.500000,2400,2600,2800,2900,3100,3300,3500,3700,4000,4300,4500,51146,1384,2400,2468.2922607574783,5.141700035892427,4536.756900022738,18.962245336878738
1779033859,120,,Aggregated,42.400000,1.600000,2400,2600,2800,2900,3100,3300,3500,3700,4000,4300,4500,51186,1385,2400,2468.2325098347596,5.141700035892427,4536.756900022738,18.962020865080294
1779033860,120,,Aggregated,42.200000,1.400000,2400,2600,2800,2900,3100,3300,3500,3700,4000,4300,4500,51223,1385,2400,2468.018714513048,5.141700035892427,4536.756900022738,18.962106866056263
1779033861,120,,Aggregated,43.000000,1.200000,2400,2600,2800,2900,3100,3300,3500,3700,4000,4300,4500,51274,1386,2400,2468.0312222413286,5.141700035892427,4536.756900022738,18.96212505363342
1779033862,120,,Aggregated,42.400000,1.000000,2400,2600,2800,2900,3100,3300,3500,3700,4000,4300,4500,51314,1387,2400,2467.962896201856,5.141700035892427,4536.756900022738,18.96151147834899
1779033863,120,,Aggregated,42.600000,1.000000,2400,2600,2800,2900,3100,3300,3500,3700,4000,4300,4500,51360,1388,2400,2467.6985386410097,5.141700035892427,4536.756900022738,18.96320093457944
1779033864,120,,Aggregated,42.600000,0.900000,2400,2600,2800,2900,3100,3300,3500,3700,4000,4300,4500,51398,1388,2400,2467.604114076461,5.141700035892427,4536.756900022738,18.962508268804232
1779033865,120,,Aggregated,43.400000,0.900000,2400,2600,2800,2900,3100,3300,3500,3700,4000,4300,4500,51439,1388,2400,2467.588095291546,5.141700035892427,4536.756900022738,18.961935496413226
1779033866,120,,Aggregated,42.400000,0.800000,2400,2600,2800,2900,3100,3300,3500,3700,4000,4300,4500,51480,1389,2400,2467.6540564705065,5.141700035892427,4536.756900022738,18.96138306138306
1779033867,120,,Aggregated,43.400000,0.600000,2400,2600,2800,2900,3100,3300,3500,3700,4000,4300,4500,51514,1389,2400,2467.7716781186,5.141700035892427,4536.756900022738,18.960379702605117
1779033868,120,,Aggregated,42.700000,0.700000,2400,2600,2800,2900,3100,3300,3500,3700,4000,4300,4500,51563,1390,2400,2467.882099088524,5.141700035892427,4536.756900022738,18.96030099102069
1779033869,120,,Aggregated,41.600000,0.600000,2400,2600,2800,2900,3100,3300,3500,3700,4000,4300,4500,51603,1391,2400,2467.9060946515046,5.141700035892427,4536.756900022738,18.960448035966902
1779033870,120,,Aggregated,42.400000,0.600000,2400,2600,2800,2900,3100,3300,3500,3700,4000,4300,4500,51632,1392,2400,2467.862607139013,5.141700035892427,4536.756900022738,18.960276572668114
1779033871,120,,Aggregated,41.200000,0.600000,2400,2600,2800,2900,3100,3300,3500,3700,4000,4300,4500,51672,1394,2400,2468.0639984421246,5.141700035892427,4536.756900022738,18.961971667440782
1779033872,120,,Aggregated,41.400000,0.700000,2400,2600,2800,2900,3100,3300,3500,3700,4000,4300,4500,51706,1395,2400,2468.4984477159633,5.141700035892427,4536.756900022738,18.961532510733765
1779033873,120,,Aggregated,40.200000,0.700000,2400,2600,2800,2900,3100,3300,3500,3700,4000,4300,4500,51744,1397,2400,2468.7896345277063,5.141700035892427,4536.756900022738,18.96123222016079
1779033874,120,,Aggregated,39.000000,0.800000,2400,2600,2800,2900,3100,3300,3500,3700,4000,4300,4500,51798,1398,2400,2469.0152315302034,5.141700035892427,4536.756900022738,18.961735974361943
1779033875,120,,Aggregated,38.400000,0.800000,2400,2600,2800,2900,3100,3300,3500,3700,4000,4300,4500,51833,1398,2400,2468.9150224934197,5.141700035892427,4536.756900022738,18.962359886558755
1779033876,120,,Aggregated,39.200000,0.900000,2400,2600,2800,2900,3100,3300,3500,3700,4000,4300,4500,51882,1399,2400,2468.7289141995557,5.141700035892427,4536.756900022738,18.964303612042713
1779033877,120,,Aggregated,39.400000,1.000000,2400,2600,2800,2900,3100,3300,3500,3700,4000,4300,4500,51927,1400,2400,2468.630378306112,5.141700035892427,4536.756900022738,18.964989311918654
1779033878,120,,Aggregated,39.000000,0.900000,2400,2600,2800,2900,3100,3300,3500,3700,4000,4300,4500,51974,1400,2400,2468.423714817047,5.141700035892427,4536.756900022738,18.96427059683688
1779033879,120,,Aggregated,41.000000,1.000000,2400,2600,2800,2900,3100,3300,3500,3700,4000,4300,4500,52012,1401,2400,2468.3201274879157,5.141700035892427,4536.756900022738,18.96312389448589
1779033880,120,,Aggregated,39.700000,1.000000,2400,2600,2800,2900,3100,3300,3500,3700,4000,4300,4500,52047,1401,2400,2468.2995392760686,5.141700035892427,4536.756900022738,18.96191903471862
1779033881,120,,Aggregated,40.800000,0.900000,2400,2600,2800,2900,3100,3300,3500,3700,4000,4300,4500,52082,1401,2400,2468.3898214008973,5.141700035892427,4536.756900022738,18.96106140317192
1779033882,120,,Aggregated,40.300000,0.900000,2400,2600,2800,2900,3100,3300,3500,3700,4000,4300,4500,52121,1403,2400,2468.641427305724,5.141700035892427,4536.756900022738,18.96091786420061
1779033883,120,,Aggregated,40.900000,0.900000,2400,2600,2800,2900,3100,3300,3500,3700,4000,4300,4500,52171,1403,2400,2468.8669245078954,5.141700035892427,4536.756900022738,18.96020777826762
1779033884,120,,Aggregated,41.600000,0.700000,2400,2600,2800,2900,3100,3300,3500,3700,4000,4300,4500,52221,1406,2400,2468.6453971237906,5.141700035892427,4536.756900022738,18.96135654238716
1779033885,120,,Aggregated,41.300000,0.700000,2400,2600,2800,2900,3100,3300,3500,3700,4000,4300,4500,52271,1408,2400,2468.1614617876317,5.141700035892427,4536.756900022738,18.96057087103748
1779033886,120,,Aggregated,42.000000,0.900000,2400,2600,2800,2900,3100,3300,3500,3700,4000,4300,4500,52314,1411,2400,2467.7733315269634,5.141700035892427,4536.756900022738,18.960125396643345
1779033887,120,,Aggregated,42.600000,0.900000,2400,2600,2800,2900,3100,3300,3500,3700,4000,4300,4500,52358,1413,2400,2467.4967998701554,5.141700035892427,4536.756900022738,18.959872416822645
1779033888,120,,Aggregated,44.400000,1.200000,2400,2600,2800,2900,3100,3300,3500,3700,4000,4300,4500,52400,1414,2400,2467.4855258664475,5.141700035892427,4536.756900022738,18.959503816793895
1779033889,120,,Aggregated,43.200000,1.400000,2400,2600,2800,2900,3100,3300,3500,3700,4000,4300,4500,52444,1414,2400,2467.6102379223935,5.141700035892427,4536.756900022738,18.959499656776753
1779033890,120,,Aggregated,42.800000,1.300000,2400,2600,2800,2900,3100,3300,3500,3700,4000,4300,4500,52476,1415,2400,2467.5949926824087,5.141700035892427,4536.756900022738,18.959505297659884
1779033891,120,,Aggregated,41.800000,1.400000,2400,2600,2800,2900,3100,3300,3500,3700,4000,4300,4500,52520,1417,2400,2467.62330108915,5.141700035892427,4536.756900022738,18.95925361766946
1779033892,120,,Aggregated,43.400000,1.400000,2400,2600,2800,2900,3100,3300,3500,3700,4000,4300,4500,52560,1419,2400,2467.603274792658,5.141700035892427,4536.756900022738,18.959075342465752
1779033893,120,,Aggregated,43.800000,1.400000,2400,2600,2800,2900,3100,3300,3500,3700,4000,4300,4500,52592,1421,2400,2467.736127770424,5.141700035892427,4536.756900022738,18.95805445695163
1779033894,120,,Aggregated,43.800000,1.800000,2400,2600,2800,2900,3100,3300,3500,3700,4000,4300,4500,52627,1422,2400,2468.029515275472,5.141700035892427,4536.756900022738,18.957968343245863
1779033895,120,,Aggregated,43.600000,1.700000,2400,2600,2800,2900,3100,3300,3500,3700,4000,4300,4500,52660,1422,2400,2468.383872066128,5.141700035892427,4536.756900022738,18.957387011014053
1779033896,120,,Aggregated,40.900000,1.500000,2400,2600,2800,2900,3100,3300,3500,3700,4000,4300,4500,52697,1422,2400,2468.8639052906674,5.141700035892427,4536.756900022738,18.956581968613015
1779033897,120,,Aggregated,39.800000,1.500000,2400,2600,2800,2900,3100,3300,3500,3700,4000,4300,4500,52754,1423,2400,2469.0475980987635,5.141700035892427,4536.756900022738,18.957576676650113
1779033898,120,,Aggregated,37.200000,1.200000,2400,2600,2800,2900,3100,3300,3500,3700,4000,4300,4500,52800,1424,2400,2468.7776287765614,5.141700035892427,4536.756900022738,18.958503787878787
1779033899,120,,Aggregated,38.000000,0.900000,2400,2600,2800,2900,3100,3300,3500,3700,4000,4300,4500,52831,1425,2400,2468.6092311957464,5.141700035892427,4536.756900022738,18.958092786432207
1779033900,120,,Aggregated,40.300000,1.000000,2400,2600,2800,2900,3100,3300,3500,3700,4000,4300,4500,52866,1426,2400,2468.6742024647633,5.141700035892427,4536.756900022738,18.957553058676655
1779033901,120,,Aggregated,40.700000,1.100000,2400,2600,2800,2900,3100,3300,3500,3700,4000,4300,4500,52902,1426,2400,2468.896755376021,5.141700035892427,4536.756900022738,18.956580091489926
1779033902,120,,Aggregated,38.100000,1.100000,2400,2600,2800,2900,3100,3300,3500,3700,4000,4300,4500,52941,1426,2400,2469.274401900275,5.141700035892427,4536.756900022738,18.955516518388393
1779033903,120,,Aggregated,38.200000,1.100000,2400,2600,2800,2900,3100,3300,3500,3700,4000,4300,4500,52978,1426,2400,2469.4447622088833,5.141700035892427,4536.756900022738,18.954113028049377
1779033904,120,,Aggregated,37.900000,0.700000,2400,2600,2800,2900,3100,3300,3500,3700,4000,4300,4500,53027,1427,2400,2469.588170315163,5.141700035892427,4536.756900022738,18.95470232145888
1779033905,120,,Aggregated,37.800000,0.600000,2400,2600,2800,2900,3100,3300,3500,3700,4000,4300,4500,53072,1428,2400,2469.586828254109,5.141700035892427,4536.756900022738,18.955532107325897
1779033906,120,,Aggregated,39.300000,0.500000,2400,2600,2800,2900,3100,3300,3500,3700,4000,4300,4500,53110,1428,2400,2469.51559790251,5.141700035892427,4536.756900022738,18.955017887403503
1779033907,120,,Aggregated,40.100000,0.500000,2400,2600,2800,2900,3100,3300,3500,3700,4000,4300,4500,53151,1432,2400,2469.446630716303,5.141700035892427,4536.756900022738,18.955447686779177
1779033908,120,,Aggregated,41.300000,0.600000,2400,2600,2800,2900,3100,3300,3500,3700,4000,4300,4500,53194,1432,2400,2469.4705790578296,5.141700035892427,4536.756900022738,18.954675339323984
1779033909,120,,Aggregated,40.300000,0.700000,2400,2600,2800,2900,3100,3300,3500,3700,4000,4300,4500,53238,1433,2400,2469.426800379469,5.141700035892427,4536.756900022738,18.954280776888687
1779033910,120,,Aggregated,38.900000,0.900000,2400,2600,2800,2900,3100,3300,3500,3700,4000,4300,4500,53271,1434,2400,2469.39039102893,5.141700035892427,4536.756900022738,18.953576993110698
1779033911,120,,Aggregated,39.100000,0.800000,2400,2600,2800,2900,3100,3300,3500,3700,4000,4300,4500,53320,1437,2400,2469.3661937809857,5.141700035892427,4536.756900022738,18.954313578394597
1779033912,120,,Aggregated,41.000000,0.800000,2400,2600,2800,2900,3100,3300,3500,3700,4000,4300,4500,53370,1439,2400,2469.4068887952453,5.141700035892427,4536.756900022738,18.953513209668355
1779033913,120,,Aggregated,40.400000,0.800000,2400,2600,2800,2900,3100,3300,3500,3700,4000,4300,4500,53418,1439,2400,2469.1777257029844,5.141700035892427,4536.756900022738,18.95235688344753
1779033914,120,,Aggregated,41.300000,1.100000,2400,2600,2800,2900,3100,3300,3500,3700,4000,4300,4500,53451,1440,2400,2468.9978756693395,5.141700035892427,4536.756900022738,18.951937288357563
1779033915,120,,Aggregated,42.300000,1.300000,2400,2600,2800,2900,3100,3300,3500,3700,4000,4300,4500,53494,1441,2400,2468.8944805324295,5.141700035892427,4536.756900022738,18.951882454107004
1779033916,120,,Aggregated,42.800000,1.300000,2400,2600,2800,2900,3100,3300,3500,3700,4000,4300,4500,53532,1442,2400,2468.9837846727473,5.141700035892427,4536.756900022738,18.950795785698276
1779033917,120,,Aggregated,42.700000,1.300000,2400,2600,2800,2900,3100,3300,3500,3700,4000,4300,4500,53570,1442,2400,2469.077195267898,5.141700035892427,4536.756900022738,18.95098002613403
1779033918,120,,Aggregated,41.800000,1.300000,2400,2600,2800,2900,3100,3300,3500,3700,4000,4300,4500,53611,1443,2400,2469.247117289387,5.141700035892427,4536.756900022738,18.952043423924195
1779033919,120,,Aggregated,42.100000,1.300000,2400,2600,2800,2900,3100,3300,3500,3700,4000,4300,4500,53642,1444,2400,2469.35297998772,5.141700035892427,4536.756900022738,18.951176317064988
1779033920,120,,Aggregated,41.900000,1.000000,2400,2600,2800,2900,3100,3300,3500,3700,4000,4300,4500,53677,1444,2400,2469.5779868230597,5.141700035892427,4536.756900022738,18.951040482888388
1779033921,120,,Aggregated,41.300000,1.000000,2400,2600,2800,2900,3100,3300,3500,3700,4000,4300,4500,53723,1445,2400,2469.8058933585457,5.141700035892427,4536.756900022738,18.95257152430058
1779033922,120,,Aggregated,40.100000,1.000000,2400,2600,2800,2900,3100,3300,3500,3700,4000,4300,4500,53754,1446,2400,2470.0931064032648,5.141700035892427,4536.756900022738,18.951352457491534
1779033923,120,,Aggregated,40.800000,1.000000,2400,2600,2800,2900,3100,3300,3500,3700,4000,4300,4500,53785,1447,2400,2470.301076945266,5.141700035892427,4536.756900022738,18.950878497722414
1779033924,120,,Aggregated,39.900000,0.800000,2400,2600,2800,2900,3100,3300,3500,3700,4000,4300,4500,53821,1448,2400,2470.6620894279454,5.141700035892427,4536.756900022738,18.950948514520356
1779033925,120,,Aggregated,38.500000,0.700000,2400,2600,2800,2900,3100,3300,3500,3700,4000,4300,4500,53861,1448,2400,2471.123300618286,5.141700035892427,4536.756900022738,18.949740999981433
1779033926,120,,Aggregated,37.100000,0.800000,2400,2600,2800,2900,3100,3300,3500,3700,4000,4300,4500,53897,1448,2400,2471.4260188990434,5.141700035892427,4536.756900022738,18.9494591535707
1779033927,120,,Aggregated,35.800000,0.800000,2400,2600,2800,2900,3100,3300,3500,3700,4000,4300,4500,53935,1449,2400,2471.638436846232,5.141700035892427,4536.756900022738,18.949142486326135
1779033928,120,,Aggregated,36.900000,0.700000,2400,2600,2800,2900,3100,3300,3500,3700,4000,4300,4500,53983,1451,2400,2471.7538781412927,5.141700035892427,4536.756900022738,18.950095400403832
1779033929,120,,Aggregated,36.400000,0.600000,2400,2600,2800,2900,3100,3300,3500,3700,4000,4300,4500,54016,1452,2400,2471.829329178417,5.141700035892427,4536.756900022738,18.949292802132703
1779033930,120,,Aggregated,35.700000,0.700000,2400,2600,2800,2900,3100,3300,3500,3700,4000,4300,4500,54051,1453,2400,2472.0232636140163,5.141700035892427,4536.756900022738,18.9497696619859
1779033931,120,,Aggregated,36.900000,0.800000,2400,2600,2800,2900,3100,3300,3500,3700,4000,4300,4500,54096,1454,2400,2472.163468981093,5.141700035892427,4536.756900022738,18.950218130730555
1779033932,120,,Aggregated,37.000000,0.800000,2400,2600,2800,2900,3100,3300,3500,3700,4000,4300,4500,54144,1457,2400,2472.24849271944,5.141700035892427,4536.756900022738,18.94956043144208
1779033933,120,,Aggregated,36.900000,0.900000,2400,2600,2800,2900,3100,3300,3500,3700,4000,4300,4500,54182,1458,2400,2472.3242773855045,5.141700035892427,4536.756900022738,18.94907902993614
1779033934,120,,Aggregated,37.500000,0.900000,2400,2600,2800,2900,3100,3300,3500,3700,4000,4300,4500,54210,1458,2400,2472.346593888612,5.141700035892427,4536.756900022738,18.948182992067885
1779033935,120,,Aggregated,38.200000,1.100000,2400,2600,2800,2900,3100,3300,3500,3700,4000,4300,4500,54261,1459,2400,2472.464016733964,5.141700035892427,4536.756900022738,18.949300602642783
1779033936,120,,Aggregated,39.100000,1.100000,2400,2600,2800,2900,3100,3300,3500,3700,4000,4300,4500,54300,1461,2400,2472.5084779631943,5.141700035892427,4536.756900022738,18.948379373848987
1779033937,120,,Aggregated,39.000000,1.000000,2400,2600,2800,2900,3100,3300,3500,3700,4000,4300,4500,54346,1462,2400,2472.515103691186,5.141700035892427,4536.756900022738,18.947742244139402
1779033938,120,,Aggregated,39.500000,1.100000,2400,2600,2800,2900,3100,3300,3500,3700,4000,4300,4500,54388,1464,2400,2472.423356606263,5.141700035892427,4536.756900022738,18.94840773700081
1779033939,120,,Aggregated,39.700000,1.300000,2400,2600,2800,2900,3100,3300,3500,3700,4000,4300,4500,54434,1464,2400,2472.2706970937556,5.141700035892427,4536.756900022738,18.950233310063563
1779033940,120,,Aggregated,40.900000,1.300000,2400,2600,2800,2900,3100,3300,3500,3700,4000,4300,4500,54481,1465,2400,2472.066723595408,5.141700035892427,4536.756900022738,18.951964905196306
1779033941,120,,Aggregated,40.200000,1.300000,2400,2600,2800,2900,3100,3300,3500,3700,4000,4300,4500,54526,1465,2400,2471.7608129424793,5.141700035892427,4536.756900022738,18.95238968565455
1779033942,120,,Aggregated,41.300000,1.200000,2400,2600,2800,2900,3100,3300,3500,3700,4000,4300,4500,54579,1465,2400,2471.3160912677317,5.141700035892427,4536.756900022738,18.951703035966215
1779033943,120,,Aggregated,42.700000,1.200000,2400,2600,2800,2900,3100,3300,3500,3700,4000,4300,4500,54625,1466,2400,2470.9503388155904,5.141700035892427,4536.756900022738,18.951011441647598
1779033944,120,,Aggregated,42.600000,1.100000,2400,2600,2800,2900,3100,3300,3500,3700,4000,4300,4500,54674,1466,2400,2470.6370862476037,5.141700035892427,4536.756900022738,18.949957932472472
1779033945,120,,Aggregated,43.700000,0.800000,2400,2600,2800,2900,3100,3300,3500,3700,4000,4300,4500,54720,1466,2400,2470.3914623172773,5.141700035892427,4536.756900022738,18.95
1779033946,120,,Aggregated,44.100000,0.800000,2400,2600,2800,2900,3100,3300,3500,3700,4000,4300,4500,54766,1467,2400,2470.1749017091106,5.141700035892427,4536.756900022738,18.94883686959062
1779033948,120,,Aggregated,45.700000,0.800000,2400,2600,2800,2900,3100,3300,3500,3700,4000,4300,4500,54809,1468,2400,2470.032247056162,5.141700035892427,4536.756900022738,18.948037731029576
1779033949,120,,Aggregated,45.700000,0.700000,2400,2600,2800,2900,3100,3300,3500,3700,4000,4300,4500,54851,1468,2400,2469.8732681391625,5.141700035892427,4536.756900022738,18.94880676742448
1779033950,120,,Aggregated,46.500000,0.600000,2400,2600,2800,2900,3100,3300,3500,3700,4000,4300,4500,54890,1468,2400,2469.8114958353253,5.141700035892427,4536.756900022738,18.949681180542903
1779033951,120,,Aggregated,46.200000,0.600000,2400,2600,2800,2900,3100,3300,3500,3700,4000,4300,4500,54932,1470,2400,2469.9131316973885,5.141700035892427,4536.756900022738,18.949665040413603
1779033952,120,,Aggregated,45.500000,0.400000,2400,2600,2800,2900,3100,3300,3500,3700,4000,4300,4500,54977,1471,2400,2469.9264461938806,5.141700035892427,4536.756900022738,18.951161394765084
1779033953,120,,Aggregated,44.800000,0.500000,2400,2600,2800,2900,3100,3300,3500,3700,4000,4300,4500,55010,1471,2400,2470.0216475640973,5.141700035892427,4536.756900022738,18.950045446282495
1779033954,120,,Aggregated,44.700000,0.600000,2400,2600,2800,2900,3100,3300,3500,3700,4000,4300,4500,55044,1472,2400,2470.067832484937,5.141700035892427,4536.756900022738,18.9499127970351
1779033955,120,,Aggregated,44.700000,0.600000,2400,2600,2800,2900,3100,3300,3500,3700,4000,4300,4500,55091,1473,2400,2470.1909857236406,5.141700035892427,4536.756900022738,18.950554537038716
1779033956,120,,Aggregated,41.800000,0.600000,2400,2600,2800,2900,3100,3300,3500,3700,4000,4300,4500,55129,1473,2400,2470.3894649494982,5.141700035892427,4536.756900022738,18.94995374485298
1779033957,120,,Aggregated,41.700000,0.700000,2400,2600,2800,2900,3100,3300,3500,3700,4000,4300,4500,55171,1474,2400,2470.420923615687,5.141700035892427,4536.756900022738,18.948396802668068
1779033958,120,,Aggregated,40.500000,0.700000,2400,2600,2800,2900,3100,3300,3500,3700,4000,4300,4500,55220,1475,2400,2470.4067496867256,5.141700035892427,4536.756900022738,18.948279608837378
1779033959,120,,Aggregated,40.400000,0.700000,2400,2600,2800,2900,3100,3300,3500,3700,4000,4300,4500,55263,1476,2400,2470.293561913049,5.141700035892427,4536.756900022738,18.94949604617918
1779033960,120,,Aggregated,40.900000,0.700000,2400,2600,2800,2900,3100,3300,3500,3700,4000,4300,4500,55301,1477,2400,2470.199985955058,5.141700035892427,4536.756900022738,18.94940416990651
1779033961,120,,Aggregated,41.000000,0.800000,2400,2600,2800,2900,3100,3300,3500,3700,4000,4300,4500,55341,1477,2400,2470.2281387344074,5.141700035892427,4536.756900022738,18.948573390433854
1779033962,120,,Aggregated,41.000000,0.900000,2400,2600,2800,2900,3100,3300,3500,3700,4000,4300,4500,55384,1478,2400,2470.2794700617624,5.141700035892427,4536.756900022738,18.949064711830133
1779033963,120,,Aggregated,40.500000,0.700000,2400,2600,2800,2900,3100,3300,3500,3700,4000,4300,4500,55418,1479,2400,2470.4175335468776,5.141700035892427,4536.756900022738,18.947508029881988
1779033964,120,,Aggregated,40.500000,0.700000,2400,2600,2800,2900,3100,3300,3500,3700,4000,4300,4500,55450,1479,2400,2470.551285868366,5.141700035892427,4536.756900022738,18.94838593327322
1779033965,120,,Aggregated,40.700000,0.800000,2400,2600,2800,2900,3100,3300,3500,3700,4000,4300,4500,55484,1479,2400,2470.7811090711025,5.141700035892427,4536.756900022738,18.94827337610843
1779033966,120,,Aggregated,40.700000,0.800000,2400,2600,2800,2900,3100,3300,3500,3700,4000,4300,4500,55528,1479,2400,2471.109706458023,5.141700035892427,4536.756900022738,18.94775608701916
1779033967,120,,Aggregated,39.200000,0.600000,2400,2600,2800,2900,3100,3300,3500,3700,4000,4300,4500,55565,1481,2400,2471.267775475589,5.141700035892427,4536.756900022738,18.947556915324395
1779033968,120,,Aggregated,40.300000,0.600000,2400,2600,2800,2900,3100,3300,3500,3700,4000,4300,4500,55607,1481,2400,2471.453216992484,5.141700035892427,4536.756900022738,18.94774039239664
1779033969,120,,Aggregated,39.200000,0.700000,2400,2600,2800,2900,3100,3300,3500,3700,4000,4300,4500,55655,1481,2400,2471.3880468008497,5.141700035892427,4536.756900022738,18.947569849968556
1779033970,120,,Aggregated,38.800000,0.600000,2400,2600,2800,2900,3100,3300,3500,3700,4000,4300,4500,55692,1482,2400,2471.3270211538693,5.141700035892427,4536.756900022738,18.947209653092006
1779033971,120,,Aggregated,38.700000,0.500000,2400,2600,2800,2900,3100,3300,3500,3700,4000,4300,4500,55731,1484,2400,2471.41359489335,5.141700035892427,4536.756900022738,18.94643914517952
1779033972,120,,Aggregated,38.600000,0.500000,2400,2600,2800,2900,3100,3300,3500,3700,4000,4300,4500,55781,1486,2400,2471.3363393413774,5.141700035892427,4536.756900022738,18.947831698965597
1779033973,120,,Aggregated,39.000000,0.700000,2400,2600,2800,2900,3100,3300,3500,3700,4000,4300,4500,55834,1486,2400,2471.0416507200225,5.141700035892427,4536.756900022738,18.948078231901707
1779033974,120,,Aggregated,39.500000,0.800000,2400,2600,2800,2900,3100,3300,3500,3700,4000,4300,4500,55869,1487,2400,2470.835864597572,5.141700035892427,4536.756900022738,18.948271850221055
1779033975,120,,Aggregated,41.300000,0.700000,2400,2600,2800,2900,3100,3300,3500,3700,4000,4300,4500,55911,1489,2400,2470.69412014276,5.141700035892427,4536.756900022738,18.949348071041477
1779033976,120,,Aggregated,41.700000,0.800000,2400,2600,2800,2900,3100,3300,3500,3700,4000,4300,4500,55941,1489,2400,2470.8113016768,5.141700035892427,4536.756900022738,18.948838955327936
1779033977,120,,Aggregated,42.600000,1.000000,2400,2600,2800,2900,3100,3300,3500,3700,4000,4300,4500,55982,1491,2400,2471.0626280858482,5.141700035892427,4536.756900022738,18.950448358400916
1779033978,120,,Aggregated,40.800000,1.000000,2400,2600,2800,2900,3100,3300,3500,3700,4000,4300,4500,56021,1491,2400,2471.3678478910033,5.141700035892427,4536.756900022738,18.949590332196856
1779033979,120,,Aggregated,41.400000,1.000000,2400,2600,2800,2900,3100,3300,3500,3700,4000,4300,4500,56074,1494,2400,2471.3684701822917,5.141700035892427,4536.756900022738,18.949994649926882
1779033980,120,,Aggregated,41.100000,1.000000,2400,2600,2800,2900,3100,3300,3500,3700,4000,4300,4500,56115,1496,2400,2471.305773515134,5.141700035892427,4536.756900022738,18.95031631471086
1779033981,120,,Aggregated,41.700000,1.200000,2400,2600,2800,2900,3100,3300,3500,3700,4000,4300,4500,56148,1497,2400,2471.188232636987,5.141700035892427,4536.756900022738,18.94938377146114
1779033982,120,,Aggregated,42.100000,1.400000,2400,2600,2800,2900,3100,3300,3500,3700,4000,4300,4500,56194,1502,2400,2471.222802407758,5.141700035892427,4536.756900022738,18.950030252340106
1779033983,120,,Aggregated,41.700000,1.300000,2400,2600,2800,2900,3100,3300,3500,3700,4000,4300,4500,56238,1502,2400,2471.373370564415,5.141700035892427,4536.756900022738,18.94966037199047
1779033984,120,,Aggregated,40.900000,1.600000,2400,2600,2800,2900,3100,3300,3500,3700,4000,4300,4500,56261,1502,2400,2471.473913103242,5.141700035892427,4536.756900022738,18.949627628374895
1779033985,120,,Aggregated,39.500000,1.600000,2400,2600,2800,2900,3100,3300,3500,3700,4000,4300,4500,56301,1503,2400,2471.8150883750113,5.141700035892427,4536.756900022738,18.94831352906698
1779033986,120,,Aggregated,38.800000,1.500000,2400,2600,2800,2900,3100,3300,3500,3700,4000,4300,4500,56339,1503,2400,2472.0605134241223,5.141700035892427,4536.756900022738,18.947691652318998
1779033987,120,,Aggregated,38.500000,1.300000,2400,2600,2800,2900,3100,3300,3500,3700,4000,4300,4500,56382,1504,2400,2472.2509814533273,5.141700035892427,4536.756900022738,18.94725266929162
1779033988,120,,Aggregated,39.700000,1.400000,2400,2600,2800,2900,3100,3300,3500,3700,4000,4300,4500,56428,1506,2400,2472.207660585202,5.141700035892427,4536.756900022738,18.947774154674985
1779033989,120,,Aggregated,40.300000,1.300000,2400,2600,2800,2900,3100,3300,3500,3700,4000,4300,4500,56473,1507,2400,2472.1686850318215,5.141700035892427,4536.756900022738,18.947373080941336
1779033990,120,,Aggregated,40.200000,1.500000,2400,2600,2800,2900,3100,3300,3500,3700,4000,4300,4500,56518,1508,2400,2472.15845476843,5.141700035892427,4536.756900022738,18.94690187196999
1779033991,120,,Aggregated,39.600000,1.400000,2400,2600,2800,2900,3100,3300,3500,3700,4000,4300,4500,56561,1510,2400,2471.9775230883865,5.141700035892427,4536.756900022738,18.947967680910875
1779033992,120,,Aggregated,39.600000,1.100000,2400,2600,2800,2900,3100,3300,3500,3700,4000,4300,4500,56601,1510,2400,2471.938626105584,5.141700035892427,4536.756900022738,18.947792441829648
1779033993,120,,Aggregated,41.000000,1.300000,2400,2600,2800,2900,3100,3300,3500,3700,4000,4300,4500,56643,1511,2400,2471.7916340713227,5.141700035892427,4536.756900022738,18.947495718800205
1779033994,120,,Aggregated,40.200000,0.800000,2400,2600,2800,2900,3100,3300,3500,3700,4000,4300,4500,56685,1512,2400,2471.7312097768677,5.141700035892427,4536.756900022738,18.948293199259062
1779033995,120,,Aggregated,41.100000,0.900000,2400,2600,2800,2900,3100,3300,3500,3700,4000,4300,4500,56727,1513,2400,2471.746527364426,5.141700035892427,4536.756900022738,18.949212896856874
1779033996,120,,Aggregated,42.200000,1.000000,2400,2600,2800,2900,3100,3300,3500,3700,4000,4300,4500,56765,1514,2400,2471.7467388302966,5.141700035892427,4536.756900022738,18.94845415308729
1779033997,120,,Aggregated,42.500000,1.000000,2400,2600,2800,2900,3100,3300,3500,3700,4000,4300,4500,56810,1518,2400,2471.786566006016,5.141700035892427,4536.756900022738,18.948512585812356
1779033998,120,,Aggregated,42.600000,1.100000,2400,2600,2800,2900,3100,3300,3500,3700,4000,4300,4500,56844,1519,2400,2471.8770182323833,5.141700035892427,4536.756900022738,18.949475758215467
1779033999,120,,Aggregated,42.000000,1.300000,2400,2600,2800,2900,3100,3300,3500,3700,4000,4300,4500,56887,1520,2400,2471.9878034419444,5.141700035892427,4536.756900022738,18.949812786752684
1779034000,120,,Aggregated,41.800000,1.300000,2400,2600,2800,2900,3100,3300,3500,3700,4000,4300,4500,56927,1520,2400,2472.016668015212,5.141700035892427,4536.756900022738,18.95028720993553
1779034001,120,,Aggregated,41.800000,1.300000,2400,2600,2800,2900,3100,3300,3500,3700,4000,4300,4500,56975,1521,2400,2471.982791663046,5.141700035892427,4536.756900022738,18.950416849495394
1779034002,120,,Aggregated,41.500000,1.300000,2400,2600,2800,2900,3100,3300,3500,3700,4000,4300,4500,57020,1521,2400,2471.973483677695,5.141700035892427,4536.756900022738,18.95061381971238
1779034003,120,,Aggregated,40.800000,1.100000,2400,2600,2800,2900,3100,3300,3500,3700,4000,4300,4500,57066,1522,2400,2471.854361973895,5.141700035892427,4536.756900022738,18.950758770546386
1779034004,120,,Aggregated,42.100000,1.100000,2400,2600,2800,2900,3100,3300,3500,3700,4000,4300,4500,57116,1523,2400,2471.6471301124434,5.141700035892427,4536.756900022738,18.949453743259333
1779034005,120,,Aggregated,41.800000,1.100000,2400,2600,2800,2900,3100,3300,3500,3700,4000,4300,4500,57150,1523,2400,2471.4932488609334,5.141700035892427,4536.756900022738,18.94909886264217
1779034006,120,,Aggregated,42.200000,1.000000,2400,2600,2800,2900,3100,3300,3500,3700,4000,4300,4500,57188,1523,2400,2471.4368732968837,5.141700035892427,4536.756900022738,18.949220116108275
1779034007,120,,Aggregated,42.300000,1.100000,2400,2600,2800,2900,3100,3300,3500,3700,4000,4300,4500,57234,1524,2400,2471.52817460429,5.141700035892427,4536.756900022738,18.949715204249223
1779034008,120,,Aggregated,41.800000,0.900000,2400,2600,2800,2900,3100,3300,3500,3700,4000,4300,4500,57292,1528,2400,2471.290708140789,5.141700035892427,4536.756900022738,18.950586469315088
1779034009,120,,Aggregated,41.700000,0.700000,2400,2600,2800,2900,3100,3300,3500,3700,4000,4300,4500,57360,1528,2400,2470.5498151011507,5.141700035892427,4536.756900022738,18.951272663877266
1779034010,120,,Aggregated,43.700000,0.900000,2400,2600,2800,2900,3100,3300,3500,3700,4000,4300,4500,57399,1528,2400,2470.0140960278427,5.141700035892427,4536.756900022738,18.950173347967734
1779034011,120,,Aggregated,44.600000,0.800000,2400,2600,2800,2900,3100,3300,3500,3700,4000,4300,4500,57441,1530,2400,2469.6226631900904,5.141700035892427,4536.756900022738,18.95001827962605
1779034012,120,,Aggregated,47.200000,0.800000,2400,2600,2800,2900,3100,3300,3500,3700,4000,4300,4500,57477,1531,2400,2469.533499279746,5.141700035892427,4536.756900022738,18.950240965951597
1779034013,120,,Aggregated,46.500000,0.800000,2400,2600,2800,2900,3100,3300,3500,3700,4000,4300,4500,57526,1534,2400,2469.5581112923146,5.141700035892427,4536.756900022738,18.951569724993917
1779034014,120,,Aggregated,45.900000,0.900000,2400,2600,2800,2900,3100,3300,3500,3700,4000,4300,4500,57567,1535,2400,2469.573946295651,5.141700035892427,4536.756900022738,18.951830041516843
1779034015,120,,Aggregated,45.600000,1.200000,2400,2600,2800,2900,3100,3300,3500,3700,4000,4300,4500,57602,1535,2400,2469.5220250616635,5.141700035892427,4536.756900022738,18.950904482483246
1779034016,120,,Aggregated,45.500000,1.300000,2400,2600,2800,2900,3100,3300,3500,3700,4000,4300,4500,57648,1536,2400,2469.5786643942893,5.141700035892427,4536.756900022738,18.949781432139883
1779034017,120,,Aggregated,44.600000,1.200000,2400,2600,2800,2900,3100,3300,3500,3700,4000,4300,4500,57689,1539,2400,2469.7159252648166,5.141700035892427,4536.756900022738,18.95196657941722
1779034018,120,,Aggregated,45.300000,1.200000,2400,2600,2800,2900,3100,3300,3500,3700,4000,4300,4500,57718,1539,2400,2469.8572894833846,5.141700035892427,4536.756900022738,18.951263037527287
1779034019,120,,Aggregated,45.100000,1.300000,2400,2600,2800,2900,3100,3300,3500,3700,4000,4300,4500,57743,1539,2400,2470.0414140277044,5.141700035892427,4536.756900022738,18.95038359628007
1779034020,120,,Aggregated,43.000000,1.100000,2400,2600,2800,2900,3100,3300,3500,3700,4000,4300,4500,57792,1542,2400,2470.4397672792384,5.141700035892427,4536.756900022738,18.951602297895903
1779034021,120,,Aggregated,40.800000,1.100000,2400,2600,2800,2900,3100,3300,3500,3700,4000,4300,4500,57835,1545,2400,2470.672039410426,5.141700035892427,4536.756900022738,18.95146537563759
1779034022,120,,Aggregated,38.300000,1.200000,2400,2600,2800,2900,3100,3300,3500,3700,4000,4300,4500,57860,1545,2400,2470.750210954061,5.141700035892427,4536.756900022738,18.9510024196336
1779034023,120,,Aggregated,39.200000,1.600000,2400,2600,2800,2900,3100,3300,3500,3700,4000,4300,4500,57901,1547,2400,2470.9576301791312,5.141700035892427,4536.756900022738,18.951624324277645
1779034024,120,,Aggregated,38.500000,1.500000,2400,2600,2800,2900,3100,3300,3500,3700,4000,4300,4500,57947,1550,2400,2471.138931908499,5.141700035892427,4536.756900022738,18.952042383557387
1779034025,120,,Aggregated,37.900000,1.300000,2400,2600,2800,2900,3100,3300,3500,3700,4000,4300,4500,57996,1552,2400,2471.0910804383375,5.141700035892427,4536.756900022738,18.951703565763157
1779034026,120,,Aggregated,37.600000,1.500000,2400,2600,2800,2900,3100,3300,3500,3700,4000,4300,4500,58051,1553,2400,2470.783395238705,5.141700035892427,4536.756900022738,18.951215310675096
1779034027,120,,Aggregated,39.400000,1.700000,2400,2600,2800,2900,3100,3300,3500,3700,4000,4300,4500,58100,1554,2400,2470.292372327056,5.141700035892427,4536.756900022738,18.951635111876076
1779034028,120,,Aggregated,39.600000,1.700000,2400,2600,2800,2900,3100,3300,3500,3700,4000,4300,4500,58141,1554,2400,2470.09468907143,5.141700035892427,4536.756900022738,18.95208200753341
1779034029,120,,Aggregated,41.200000,1.700000,2400,2600,2800,2900,3100,3300,3500,3700,4000,4300,4500,58181,1554,2400,2469.937081507746,5.141700035892427,4536.756900022738,18.952750898059502
1779034030,120,,Aggregated,41.400000,1.500000,2400,2600,2800,2900,3100,3300,3500,3700,4000,4300,4500,58231,1558,2400,2469.838302407693,5.141700035892427,4536.756900022738,18.953117755147602
1779034031,120,,Aggregated,42.800000,1.500000,2400,2600,2800,2900,3100,3300,3500,3700,4000,4300,4500,58267,1559,2400,2469.754456728545,5.141700035892427,4536.756900022738,18.952340089587587
1779034032,120,,Aggregated,43.600000,1.800000,2400,2600,2800,2900,3100,3300,3500,3700,4000,4300,4500,58323,1559,2400,2469.617228126165,5.141700035892427,4536.756900022738,18.952060079214032
1779034033,120,,Aggregated,43.100000,1.300000,2400,2600,2800,2900,3100,3300,3500,3700,4000,4300,4500,58362,1560,2400,2469.4947090984283,5.141700035892427,4536.756900022738,18.95113258627189
1779034034,120,,Aggregated,43.800000,1.400000,2400,2600,2800,2900,3100,3300,3500,3700,4000,4300,4500,58394,1561,2400,2469.4082182707543,5.141700035892427,4536.756900022738,18.951347741206288
1779034035,120,,Aggregated,45.400000,1.300000,2400,2600,2800,2900,3100,3300,3500,3700,4000,4300,4500,58431,1561,2400,2469.512755693078,5.141700035892427,4536.756900022738,18.950351696873234
1779034036,120,,Aggregated,45.200000,1.100000,2400,2600,2800,2900,3100,3300,3500,3700,4000,4300,4500,58468,1562,2400,2469.7705267018246,5.141700035892427,4536.756900022738,18.94981870424848
1779034037,120,,Aggregated,43.300000,0.900000,2400,2600,2800,2900,3100,3300,3500,3700,4000,4300,4500,58503,1562,2400,2470.049059044868,5.141700035892427,4536.756900022738,18.948395808761944
1779034038,120,,Aggregated,42.400000,0.900000,2400,2600,2800,2900,3100,3300,3500,3700,4000,4300,4500,58544,1562,2400,2470.281437139622,5.141700035892427,4536.756900022738,18.948073244055752
1779034039,120,,Aggregated,41.000000,0.800000,2400,2600,2800,2900,3100,3300,3500,3700,4000,4300,4500,58590,1562,2400,2470.395474548591,5.141700035892427,4536.756900022738,18.947943335040108
1779034040,120,,Aggregated,41.000000,0.800000,2400,2600,2800,2900,3100,3300,3500,3700,4000,4300,4500,58629,1562,2400,2470.419696278323,5.141700035892427,4536.756900022738,18.94729570690273
1779034041,120,,Aggregated,40.900000,0.800000,2400,2600,2800,2900,3100,3300,3500,3700,4000,4300,4500,58667,1563,2400,2470.4944629059246,5.141700035892427,4536.756900022738,18.946545758262737
1779034042,120,,Aggregated,40.000000,0.400000,2400,2600,2800,2900,3100,3300,3500,3700,4000,4300,4500,58709,1565,2400,2470.623158214275,5.141700035892427,4536.756900022738,18.94670323119113
1779034043,120,,Aggregated,39.400000,0.400000,2400,2600,2800,2900,3100,3300,3500,3700,4000,4300,4500,58739,1565,2400,2470.73845960609,5.141700035892427,4536.756900022738,18.947445479153544
1779034044,120,,Aggregated,39.300000,0.500000,2400,2600,2800,2900,3100,3300,3500,3700,4000,4300,4500,58778,1569,2400,2470.9361223655483,5.141700035892427,4536.756900022738,18.94741229711797
1779034045,120,,Aggregated,37.700000,0.500000,2400,2600,2800,2900,3100,3300,3500,3700,4000,4300,4500,58818,1569,2400,2471.1417483576824,5.141700035892427,4536.756900022738,18.947125029752797
1779034046,120,,Aggregated,37.600000,0.800000,2400,2600,2800,2900,3100,3300,3500,3700,4000,4300,4500,58856,1570,2400,2471.3123226553344,5.141700035892427,4536.756900022738,18.945782927823842
1779034047,120,,Aggregated,38.300000,0.800000,2400,2600,2800,2900,3100,3300,3500,3700,4000,4300,4500,58893,1570,2400,2471.4229710662116,5.141700035892427,4536.756900022738,18.94637732837519
1779034048,120,,Aggregated,38.800000,0.900000,2400,2600,2800,2900,3100,3300,3500,3700,4000,4300,4500,58932,1570,2400,2471.730954332154,5.141700035892427,4536.756900022738,18.945225005090613
1779034049,120,,Aggregated,38.700000,0.800000,2400,2600,2800,2900,3100,3300,3500,3700,4000,4300,4500,58977,1572,2400,2471.876434257464,5.141700035892427,4536.756900022738,18.94555504688268
1779034050,120,,Aggregated,37.800000,0.800000,2400,2600,2800,2900,3100,3300,3500,3700,4000,4300,4500,59024,1574,2400,2471.7456042796584,5.141700035892427,4536.756900022738,18.947241799945786
1779034051,120,,Aggregated,37.900000,0.800000,2400,2600,2800,2900,3100,3300,3500,3700,4000,4300,4500,59069,1575,2400,2471.4931994092076,5.141700035892427,4536.756900022738,18.9466217474479
1779034052,120,,Aggregated,39.400000,1.100000,2400,2600,2800,2900,3100,3300,3500,3700,4000,4300,4500,59115,1577,2400,2471.3574214700584,5.141700035892427,4536.756900022738,18.947441427725618
1779034053,120,,Aggregated,39.800000,1.200000,2400,2600,2800,2900,3100,3300,3500,3700,4000,4300,4500,59153,1578,2400,2471.348310680822,5.141700035892427,4536.756900022738,18.946866600172434
1779034054,120,,Aggregated,40.700000,1.100000,2400,2600,2800,2900,3100,3300,3500,3700,4000,4300,4500,59189,1579,2400,2471.3698760682355,5.141700035892427,4536.756900022738,18.94612174559462
1779034055,120,,Aggregated,41.200000,1.200000,2400,2600,2800,2900,3100,3300,3500,3700,4000,4300,4500,59250,1582,2400,2471.287089203423,5.141700035892427,4536.756900022738,18.949350210970465
1779034056,120,,Aggregated,40.700000,1.000000,2400,2600,2800,2900,3100,3300,3500,3700,4000,4300,4500,59298,1582,2400,2471.0029761628152,5.141700035892427,4536.756900022738,18.94876724341462
1779034057,120,,Aggregated,41.600000,1.100000,2400,2600,2800,2900,3100,3300,3500,3700,4000,4300,4500,59330,1582,2400,2470.8328319215034,5.141700035892427,4536.756900022738,18.947867857744818
1779034058,120,,Aggregated,43.200000,1.200000,2400,2600,2800,2900,3100,3300,3500,3700,4000,4300,4500,59373,1583,2400,2470.811446677829,5.141700035892427,4536.756900022738,18.948225624442088
1779034059,120,,Aggregated,43.500000,1.200000,2400,2600,2800,2900,3100,3300,3500,3700,4000,4300,4500,59423,1585,2400,2470.7585232755455,5.141700035892427,4536.756900022738,18.948790872221196
1779034060,120,,Aggregated,43.500000,1.300000,2400,2600,2800,2900,3100,3300,3500,3700,4000,4300,4500,59466,1586,2400,2470.5714507433263,5.141700035892427,4536.756900022738,18.9482897790334
1779034061,120,,Aggregated,44.200000,1.300000,2400,2600,2800,2900,3100,3300,3500,3700,4000,4300,4500,59519,1588,2400,2470.200141665727,5.141700035892427,4536.756900022738,18.94739494951192
1779034062,120,,Aggregated,43.600000,1.200000,2400,2600,2800,2900,3100,3300,3500,3700,4000,4300,4500,59565,1588,2400,2469.8073390867535,5.141700035892427,4536.756900022738,18.94762024678922
1779034063,120,,Aggregated,44.600000,1.300000,2400,2600,2800,2900,3100,3300,3500,3700,4000,4300,4500,59605,1590,2400,2469.641940865742,5.141700035892427,4536.756900022738,18.94846069960574
1779034064,120,,Aggregated,44.500000,1.300000,2400,2600,2800,2900,3100,3300,3500,3700,4000,4300,4500,59637,1591,2400,2469.661552172356,5.141700035892427,4536.756900022738,18.947968543018597
1779034065,120,,Aggregated,44.900000,1.200000,2400,2600,2800,2900,3100,3300,3500,3700,4000,4300,4500,59679,1594,2400,2469.7726502907676,5.141700035892427,4536.756900022738,18.947871110440857
1779034066,120,,Aggregated,44.900000,1.100000,2400,2600,2800,2900,3100,3300,3500,3700,4000,4300,4500,59724,1597,2400,2469.895043428148,5.141700035892427,4536.756900022738,18.94836246734981
1779034067,120,,Aggregated,43.500000,1.200000,2400,2600,2800,2900,3100,3300,3500,3700,4000,4300,4500,59768,1598,2400,2469.7953804829103,5.141700035892427,4536.756900022738,18.95054209610494
1779034068,120,,Aggregated,42.700000,1.300000,2400,2600,2800,2900,3100,3300,3500,3700,4000,4300,4500,59813,1598,2400,2469.7096171601947,5.141700035892427,4536.756900022738,18.949626335412034
1779034069,120,,Aggregated,42.900000,1.500000,2400,2600,2800,2900,3100,3300,3500,3700,4000,4300,4500,59854,1598,2400,2469.6257598139196,5.141700035892427,4536.756900022738,18.948892304607877
1779034070,120,,Aggregated,44.300000,1.500000,2400,2600,2800,2900,3100,3300,3500,3700,4000,4300,4500,59901,1599,2400,2469.4731281297886,5.141700035892427,4536.756900022738,18.95003422313484
1779034071,120,,Aggregated,43.700000,1.500000,2400,2600,2800,2900,3100,3300,3500,3700,4000,4300,4500,59954,1601,2400,2469.349659597401,5.141700035892427,4536.756900022738,18.949728124895753
1779034072,120,,Aggregated,42.700000,1.300000,2400,2600,2800,2900,3100,3300,3500,3700,4000,4300,4500,59996,1604,2400,2469.076056835498,5.141700035892427,4536.756900022738,18.951396759783986
1779034073,120,,Aggregated,43.000000,1.200000,2400,2600,2800,2900,3100,3300,3500,3700,4000,4300,4500,60031,1604,2400,2468.941955384756,5.141700035892427,4536.756900022738,18.95062551015309
1779034074,120,,Aggregated,43.400000,1.500000,2400,2600,2800,2900,3100,3300,3500,3700,4000,4300,4500,60057,1604,2400,2469.042041708749,5.141700035892427,4536.756900022738,18.94943137352848
1779034075,120,,Aggregated,42.600000,1.500000,2400,2600,2800,2900,3100,3300,3500,3700,4000,4300,4500,60104,1605,2400,2469.2493583954897,5.141700035892427,4536.756900022738,18.95140090509783
1779034076,120,,Aggregated,42.700000,1.400000,2400,2600,2800,2900,3100,3300,3500,3700,4000,4300,4500,60157,1608,2400,2469.43555651217,5.141700035892427,4536.756900022738,18.952341373406252
1779034077,120,,Aggregated,41.700000,1.200000,2400,2600,2800,2900,3100,3300,3500,3700,4000,4300,4500,60208,1609,2400,2469.10299404236,5.141700035892427,4536.756900022738,18.953129152272123
1779034078,120,,Aggregated,42.000000,1.200000,2400,2600,2800,2900,3100,3300,3500,3700,4000,4300,4500,60252,1609,2400,2468.7465122618723,5.141700035892427,4536.756900022738,18.951968399389234
1779034079,120,,Aggregated,43.100000,1.200000,2400,2600,2800,2900,3100,3300,3500,3700,4000,4300,4500,60297,1610,2400,2468.5276957527312,5.141700035892427,4536.756900022738,18.951788646201305
1779034080,120,,Aggregated,43.600000,1.100000,2400,2600,2800,2900,3100,3300,3500,3700,4000,4300,4500,60335,1610,2400,2468.449620777364,5.141700035892427,4536.756900022738,18.951553824479987
1779034081,120,,Aggregated,43.600000,1.200000,2400,2600,2800,2900,3100,3300,3500,3700,4000,4300,4500,60364,1610,2400,2468.5047338712175,5.141700035892427,4536.756900022738,18.950831621496256
1779034082,120,,Aggregated,43.900000,1.200000,2400,2600,2800,2900,3100,3300,3500,3700,4000,4300,4500,60412,1611,2400,2468.731589899392,5.141700035892427,4536.756900022738,18.95100311196451
1779034083,120,,Aggregated,42.600000,1.100000,2400,2600,2800,2900,3100,3300,3500,3700,4000,4300,4500,60452,1612,2400,2468.874235955835,5.141700035892427,4536.756900022738,18.950241513928407
1779034084,120,,Aggregated,40.400000,0.700000,2400,2600,2800,2900,3100,3300,3500,3700,4000,4300,4500,60499,1617,2400,2468.829631696425,5.141700035892427,4536.756900022738,18.95237937817154
1779034085,120,,Aggregated,41.400000,0.700000,2400,2600,2800,2900,3100,3300,3500,3700,4000,4300,4500,60531,1621,2400,2468.866572728057,5.141700035892427,4536.756900022738,18.952701921329567
1779034086,120,,Aggregated,42.400000,0.900000,2400,2600,2800,2900,3100,3300,3500,3700,4000,4300,4500,60572,1621,2400,2468.970384955126,5.141700035892427,4536.756900022738,18.954698540579805
1779034087,120,,Aggregated,43.700000,1.300000,2400,2600,2800,2900,3100,3300,3500,3700,4000,4300,4500,60619,1623,2400,2469.0992548458717,5.141700035892427,4536.756900022738,18.95499760801069
1779034088,120,,Aggregated,41.900000,1.400000,2400,2600,2800,2900,3100,3300,3500,3700,4000,4300,4500,60667,1623,2400,2469.0255841199,5.141700035892427,4536.756900022738,18.953928824566898
1779034089,120,,Aggregated,41.300000,1.300000,2400,2600,2800,2900,3100,3300,3500,3700,4000,4300,4500,60707,1624,2400,2468.8524117779166,5.141700035892427,4536.756900022738,18.953514421730606
1779034090,120,,Aggregated,40.600000,1.400000,2400,2600,2800,2900,3100,3300,3500,3700,4000,4300,4500,60754,1626,2400,2468.579960394408,5.141700035892427,4536.756900022738,18.952990749580273
1779034091,120,,Aggregated,41.100000,1.300000,2400,2600,2800,2900,3100,3300,3500,3700,4000,4300,4500,60800,1627,2400,2468.364966143123,5.141700035892427,4536.756900022738,18.952894736842104
1779034092,120,,Aggregated,41.500000,1.400000,2400,2600,2800,2900,3100,3300,3500,3700,4000,4300,4500,60842,1627,2400,2468.2634569245292,5.141700035892427,4536.756900022738,18.953190230432924
1779034093,120,,Aggregated,42.100000,1.600000,2400,2600,2800,2900,3100,3300,3500,3700,4000,4300,4500,60873,1627,2400,2468.236929206743,5.141700035892427,4536.756900022738,18.95334548979022
1779034094,120,,Aggregated,43.400000,1.700000,2400,2600,2800,2900,3100,3300,3500,3700,4000,4300,4500,60928,1628,2400,2468.153759906813,5.141700035892427,4536.756900022738,18.954273897058822
1779034095,120,,Aggregated,43.100000,1.600000,2400,2600,2800,2900,3100,3300,3500,3700,4000,4300,4500,60974,1628,2400,2468.14615491361,5.141700035892427,4536.756900022738,18.95297995867091
1779034096,120,,Aggregated,42.900000,1.400000,2400,2600,2800,2900,3100,3300,3500,3700,4000,4300,4500,61015,1629,2400,2467.929239128122,5.141700035892427,4536.756900022738,18.95378185692043
1779034097,120,,Aggregated,43.100000,1.100000,2400,2600,2800,2900,3100,3300,3500,3700,4000,4300,4500,61051,1629,2400,2467.891135891341,5.141700035892427,4536.756900022738,18.953121160996545
1779034098,120,,Aggregated,44.400000,0.700000,2400,2600,2800,2900,3100,3300,3500,3700,4000,4300,4500,61094,1630,2400,2467.925774624388,5.141700035892427,4536.756900022738,18.954201721936688
1779034099,120,,Aggregated,43.700000,0.700000,2400,2600,2800,2900,3100,3300,3500,3700,4000,4300,4500,61132,1630,2400,2468.056686205296,5.141700035892427,4536.756900022738,18.953559510567295
1779034100,120,,Aggregated,42.900000,0.600000,2400,2600,2800,2900,3100,3300,3500,3700,4000,4300,4500,61179,1631,2400,2468.052344113209,5.141700035892427,4536.756900022738,18.955442226907927
1779034101,120,,Aggregated,42.300000,0.700000,2400,2600,2800,2900,3100,3300,3500,3700,4000,4300,4500,61218,1632,2400,2468.0171815806148,5.141700035892427,4536.756900022738,18.954849880754026
1779034102,120,,Aggregated,41.800000,0.600000,2400,2600,2800,2900,3100,3300,3500,3700,4000,4300,4500,61262,1633,2400,2467.9290407953076,5.141700035892427,4536.756900022738,18.95439260879501
1779034103,120,,Aggregated,41.500000,0.500000,2400,2600,2700,2900,3100,3300,3500,3700,4000,4300,4500,61304,1633,2400,2467.8375659663698,5.141700035892427,4536.756900022738,18.95364087172126
1779034104,120,,Aggregated,41.800000,0.500000,2400,2600,2700,2900,3100,3300,3500,3700,4000,4300,4500,61354,1637,2400,2467.7612274130797,5.141700035892427,4536.756900022738,18.953075594093296
1779034105,120,,Aggregated,42.100000,0.600000,2400,2600,2700,2900,3100,3300,3500,3700,4000,4300,4500,61402,1641,2400,2467.556302231233,5.141700035892427,4536.756900022738,18.95433373505749
1779034106,120,,Aggregated,41.500000,0.600000,2400,2600,2700,2900,3100,3300,3500,3700,4000,4300,4500,61460,1644,2400,2467.097777683081,5.141700035892427,4536.756900022738,18.95496257728604
1779034107,120,,Aggregated,42.300000,1.000000,2400,2600,2700,2900,3100,3300,3500,3700,4000,4300,4500,61504,1644,2400,2466.720883201123,5.141700035892427,4536.756900022738,18.95398673257024
1779034108,120,,Aggregated,43.000000,1.400000,2400,2600,2700,2900,3100,3300,3500,3700,4000,4300,4500,61561,1645,2400,2466.262831321811,5.141700035892427,4536.756900022738,18.955020223843018
1779034109,120,,Aggregated,44.400000,1.500000,2400,2600,2700,2900,3100,3300,3500,3700,4000,4300,4500,61608,1647,2400,2465.9554137693517,5.141700035892427,4536.756900022738,18.954762368523568
1779034110,120,,Aggregated,45.300000,1.500000,2400,2600,2700,2900,3100,3300,3500,3700,4000,4300,4500,61643,1648,2400,2465.7741464611104,5.141700035892427,4536.756900022738,18.953652482844767
1779034111,120,,Aggregated,46.400000,1.500000,2400,2600,2700,2900,3100,3300,3500,3700,4000,4300,4500,61687,1648,2400,2465.723146110238,5.141700035892427,4536.756900022738,18.95310195016778
1779034112,120,,Aggregated,47.000000,1.700000,2400,2600,2700,2900,3100,3300,3500,3700,4000,4300,4500,61732,1649,2400,2465.6694578419997,5.141700035892427,4536.756900022738,18.95271496144625
1779034113,120,,Aggregated,46.500000,1.700000,2400,2600,2700,2900,3100,3300,3500,3700,4000,4300,4500,61773,1651,2400,2465.616333216821,5.141700035892427,4536.756900022738,18.953167241351398
1779034114,120,,Aggregated,46.500000,1.600000,2400,2600,2700,2900,3100,3300,3500,3700,4000,4300,4500,61817,1651,2400,2465.535946260779,5.141700035892427,4536.756900022738,18.953168222333662
1779034115,120,,Aggregated,46.200000,1.600000,2400,2600,2700,2900,3100,3300,3500,3700,4000,4300,4500,61856,1652,2400,2465.4804273571317,5.141700035892427,4536.756900022738,18.953375581996895
1779034116,120,,Aggregated,46.500000,1.800000,2400,2600,2700,2900,3100,3300,3500,3700,4000,4300,4500,61892,1653,2400,2465.5322767304815,5.141700035892427,4536.756900022738,18.953742002197377
1779034117,120,,Aggregated,46.100000,1.300000,2400,2600,2700,2900,3100,3300,3500,3700,4000,4300,4500,61935,1654,2400,2465.635628431465,5.141700035892427,4536.756900022738,18.954371518527488
1779034118,120,,Aggregated,44.600000,1.000000,2400,2600,2700,2900,3100,3300,3500,3700,4000,4300,4500,61975,1655,2400,2465.7368500444177,5.141700035892427,4536.756900022738,18.95430415490117
1779034119,120,,Aggregated,42.700000,0.900000,2400,2600,2700,2900,3100,3300,3500,3700,4000,4300,4500,62022,1656,2400,2465.712493126677,5.141700035892427,4536.756900022738,18.955225565122053
1779034120,120,,Aggregated,42.700000,1.000000,2400,2600,2700,2900,3100,3300,3500,3700,4000,4300,4500,62058,1656,2400,2465.711425637353,5.141700035892427,4536.756900022738,18.953624029134037
1779034121,120,,Aggregated,41.300000,1.000000,2400,2600,2700,2900,3100,3300,3500,3700,4000,4300,4500,62092,1656,2400,2465.7367339287325,5.141700035892427,4536.756900022738,18.95281195645172
1779034123,120,,Aggregated,41.500000,0.900000,2400,2600,2700,2900,3100,3300,3500,3700,4000,4300,4500,62130,1656,2400,2465.8198718139793,5.141700035892427,4536.756900022738,18.952840817640432
1779034124,120,,Aggregated,40.300000,0.800000,2400,2600,2700,2900,3100,3300,3500,3700,4000,4300,4500,62168,1658,2400,2465.9945245062167,5.141700035892427,4536.756900022738,18.952628361858192
1779034125,120,,Aggregated,39.600000,0.700000,2400,2600,2700,2900,3100,3300,3500,3700,4000,4300,4500,62219,1662,2400,2466.0977605056746,5.141700035892427,4536.756900022738,18.955174464391906
1779034126,120,,Aggregated,39.400000,0.700000,2400,2600,2700,2900,3100,3300,3500,3700,4000,4300,4500,62262,1664,2400,2466.0718313096695,5.141700035892427,4536.756900022738,18.95546240082233
1779034127,120,,Aggregated,40.000000,1.100000,2400,2600,2700,2900,3100,3300,3500,3700,4000,4300,4500,62299,1665,2400,2465.9781338448906,5.141700035892427,4536.756900022738,18.954525754827525
1779034128,120,,Aggregated,40.000000,1.100000,2400,2600,2700,2900,3100,3300,3500,3700,4000,4300,4500,62360,1665,2400,2465.7570041148642,5.141700035892427,4536.756900022738,18.95570878768441
1779034129,120,,Aggregated,40.500000,1.200000,2400,2600,2700,2900,3100,3300,3500,3700,4000,4300,4500,62404,1666,2400,2465.5397537481963,5.141700035892427,4536.756900022738,18.95557977052753
1779034130,120,,Aggregated,40.500000,1.200000,2400,2600,2700,2900,3100,3300,3500,3700,4000,4300,4500,62445,1666,2400,2465.298605944472,5.141700035892427,4536.756900022738,18.955897189526784
1779034131,120,,Aggregated,42.500000,1.100000,2400,2600,2700,2900,3100,3300,3500,3700,4000,4300,4500,62491,1671,2400,2465.1896307932725,5.141700035892427,4536.756900022738,18.95701781056472
1779034132,120,,Aggregated,42.200000,1.000000,2400,2600,2700,2900,3100,3300,3500,3700,4000,4300,4500,62543,1672,2400,2464.9629102170065,5.141700035892427,4536.756900022738,18.957868986137537
1779034133,120,,Aggregated,43.200000,1.500000,2400,2600,2700,2900,3100,3300,3500,3700,4000,4300,4500,62584,1673,2400,2464.831797250129,5.141700035892427,4536.756900022738,18.957321360092035
1779034134,120,,Aggregated,44.900000,1.600000,2400,2600,2700,2900,3100,3300,3500,3700,4000,4300,4500,62621,1674,2400,2464.7217825729736,5.141700035892427,4536.756900022738,18.95645230833107
1779034135,120,,Aggregated,45.300000,1.700000,2400,2600,2700,2900,3100,3300,3500,3700,4000,4300,4500,62658,1675,2400,2464.7289566488275,5.141700035892427,4536.756900022738,18.956525902518433
1779034136,120,,Aggregated,45.000000,1.500000,2400,2600,2700,2900,3100,3300,3500,3700,4000,4300,4500,62706,1676,2400,2464.8319213105992,5.141700035892427,4536.756900022738,18.956798392498325
1779034137,120,,Aggregated,43.500000,1.200000,2400,2600,2700,2900,3100,3300,3500,3700,4000,4300,4500,62747,1676,2400,2464.788128822134,5.141700035892427,4536.756900022738,18.95653975488868
1779034138,120,,Aggregated,44.000000,1.200000,2400,2600,2700,2900,3100,3300,3500,3700,4000,4300,4500,62783,1677,2400,2464.7305680423456,5.141700035892427,4536.756900022738,18.95654874727235
1779034139,120,,Aggregated,44.800000,1.100000,2400,2600,2700,2900,3100,3300,3500,3700,4000,4300,4500,62826,1678,2400,2464.8580915003818,5.141700035892427,4536.756900022738,18.95821793524974
1779034140,120,,Aggregated,41.900000,1.200000,2400,2600,2700,2900,3100,3300,3500,3700,4000,4300,4500,62865,1678,2400,2465.026879107657,5.141700035892427,4536.756900022738,18.95832339139426
1779034141,120,,Aggregated,41.600000,1.200000,2400,2600,2700,2900,3100,3300,3500,3700,4000,4300,4500,62906,1682,2400,2465.1011778797383,5.141700035892427,4536.756900022738,18.95825517438718
1779034142,120,,Aggregated,41.700000,1.200000,2400,2600,2700,2900,3100,3300,3500,3700,4000,4300,4500,62946,1682,2400,2465.136765171777,5.141700035892427,4536.756900022738,18.95740793696184
1779034143,120,,Aggregated,40.900000,1.100000,2400,2600,2700,2900,3100,3300,3500,3700,4000,4300,4500,62987,1683,2400,2465.1155121850948,5.141700035892427,4536.756900022738,18.958531125470333
1779034144,120,,Aggregated,39.800000,1.000000,2400,2600,2700,2900,3100,3300,3500,3700,4000,4300,4500,63027,1685,2400,2465.157901342325,5.141700035892427,4536.756900022738,18.95743094229457
1779034145,120,,Aggregated,39.900000,1.000000,2400,2600,2700,2900,3100,3300,3500,3700,4000,4300,4500,63059,1686,2400,2465.2372416578546,5.141700035892427,4536.756900022738,18.957420828113353
1779034146,120,,Aggregated,40.500000,1.200000,2400,2600,2700,2900,3100,3300,3500,3700,4000,4300,4500,63095,1686,2400,2465.3715113416665,5.141700035892427,4536.756900022738,18.956842856010777
1779034147,120,,Aggregated,39.900000,1.100000,2400,2600,2700,2900,3100,3300,3500,3700,4000,4300,4500,63136,1688,2400,2465.6469320974143,5.141700035892427,4536.756900022738,18.95807463253928
1779034148,120,,Aggregated,38.900000,1.000000,2400,2600,2700,2900,3100,3300,3500,3700,4000,4300,4500,63167,1689,2400,2465.8596752402736,5.141700035892427,4536.756900022738,18.957604445359127
1779034149,120,,Aggregated,38.400000,1.200000,2400,2600,2700,2900,3100,3300,3500,3700,4000,4300,4500,63205,1689,2400,2466.208888597461,5.141700035892427,4536.756900022738,18.956490783956966
1779034150,120,,Aggregated,38.400000,1.100000,2400,2600,2700,2900,3100,3300,3500,3700,4000,4300,4500,63243,1690,2400,2466.4904728855745,5.141700035892427,4536.756900022738,18.956121626108818
1779034151,120,,Aggregated,38.000000,1.100000,2400,2600,2700,2900,3100,3300,3500,3700,4000,4300,4500,63287,1693,2400,2466.709201984652,5.141700035892427,4536.756900022738,18.956736770584797
1779034152,120,,Aggregated,37.300000,1.200000,2400,2600,2700,2900,3100,3300,3500,3700,4000,4300,4500,63314,1693,2400,2466.8487015257697,5.141700035892427,4536.756900022738,18.95569700224279
1779034153,120,,Aggregated,37.700000,1.100000,2400,2600,2700,2900,3100,3300,3500,3700,4000,4300,4500,63347,1694,2400,2467.0506412632412,5.141700035892427,4536.756900022738,18.955183355170725
1779034154,120,,Aggregated,36.800000,1.100000,2400,2600,2700,2900,3100,3300,3500,3700,4000,4300,4500,63396,1696,2400,2467.427979312615,5.141700035892427,4536.756900022738,18.95575430626538
1779034155,120,,Aggregated,36.000000,1.100000,2400,2600,2700,2900,3100,3300,3500,3700,4000,4300,4500,63426,1698,2400,2467.6328760745228,5.141700035892427,4536.756900022738,18.955822533345945
1779034156,120,,Aggregated,36.100000,1.000000,2400,2600,2800,2900,3100,3300,3500,3700,4000,4300,4500,63459,1699,2400,2467.8321771805845,5.141700035892427,4536.756900022738,18.955640649868418
1779034157,120,,Aggregated,36.900000,1.300000,2400,2600,2800,2900,3100,3300,3500,3700,4000,4300,4500,63490,1700,2400,2468.1216151457347,5.141700035892427,4536.756900022738,18.955567805953695
1779034158,120,,Aggregated,36.200000,1.200000,2400,2600,2800,2900,3100,3300,3500,3700,4000,4300,4500,63531,1702,2400,2468.494314818007,5.141700035892427,4536.756900022738,18.954809463096755
1779034159,120,,Aggregated,35.100000,1.200000,2400,2600,2800,2900,3100,3300,3500,3700,4000,4300,4500,63564,1702,2400,2468.765027293796,5.141700035892427,4536.756900022738,18.95420363727896
1779034160,120,,Aggregated,36.100000,1.400000,2400,2600,2800,2900,3100,3300,3500,3700,4000,4300,4500,63606,1702,2400,2469.02480738928,5.141700035892427,4536.756900022738,18.953573562242557
1779034161,120,,Aggregated,36.100000,1.300000,2400,2600,2800,2900,3100,3300,3500,3700,4000,4300,4500,63650,1703,2400,2469.1527739262037,5.141700035892427,4536.756900022738,18.953087195600943
1779034162,120,,Aggregated,35.900000,1.200000,2400,2600,2800,2900,3100,3300,3500,3700,4000,4300,4500,63694,1703,2400,2469.166147092391,5.141700035892427,4536.756900022738,18.952051998618394
1779034163,120,,Aggregated,36.700000,1.000000,2400,2600,2800,2900,3100,3300,3500,3700,4000,4300,4500,63736,1703,2400,2469.091149781955,5.141700035892427,4536.756900022738,18.95235032007029
1779034164,120,,Aggregated,37.200000,1.000000,2400,2600,2800,2900,3100,3300,3500,3700,4000,4300,4500,63775,1703,2400,2469.0518771901675,5.141700035892427,4536.756900022738,18.952630341042727
1779034165,120,,Aggregated,39.000000,0.900000,2400,2600,2800,2900,3100,3300,3500,3700,4000,4300,4500,63811,1703,2400,2469.0844336932996,5.141700035892427,4536.756900022738,18.9522025982981
1779034166,120,,Aggregated,38.300000,0.800000,2400,2600,2800,2900,3100,3300,3500,3700,4000,4300,4500,63848,1705,2400,2469.2759025310597,5.141700035892427,4536.756900022738,18.952355594537025
1779034167,120,,Aggregated,38.400000,0.500000,2400,2600,2800,2900,3100,3300,3500,3700,4000,4300,4500,63889,1707,2400,2469.4004565481277,5.141700035892427,4536.756900022738,18.953403559298156
1779034168,120,,Aggregated,38.700000,0.600000,2400,2600,2800,2900,3100,3300,3500,3700,4000,4300,4500,63938,1709,2400,2469.432999932797,5.141700035892427,4536.756900022738,18.954487159435704
1779034169,120,,Aggregated,39.700000,0.700000,2400,2600,2800,2900,3100,3300,3500,3700,4000,4300,4500,63988,1712,2400,2469.252152034807,5.141700035892427,4536.756900022738,18.954132024754642
1779034170,120,,Aggregated,40.700000,0.700000,2400,2600,2800,2900,3100,3300,3500,3700,4000,4300,4500,64028,1713,2400,2469.064395397378,5.141700035892427,4536.756900022738,18.954691697382394
1779034171,120,,Aggregated,41.700000,0.900000,2400,2600,2800,2900,3100,3300,3500,3700,4000,4300,4500,64072,1715,2400,2469.0270144166475,5.141700035892427,4536.756900022738,18.955362716943437
1779034172,120,,Aggregated,42.100000,1.100000,2400,2600,2800,2900,3100,3300,3500,3700,4000,4300,4500,64113,1715,2400,2469.059929025371,5.141700035892427,4536.756900022738,18.95461138926583
1779034173,120,,Aggregated,40.800000,1.100000,2400,2600,2800,2900,3100,3300,3500,3700,4000,4300,4500,64154,1717,2400,2469.0770786311573,5.141700035892427,4536.756900022738,18.95414159678274
1779034174,120,,Aggregated,41.000000,1.200000,2400,2600,2800,2900,3100,3300,3500,3700,4000,4300,4500,64186,1717,2400,2469.0990331240982,5.141700035892427,4536.756900022738,18.954164459539463
1779034175,120,,Aggregated,40.700000,1.300000,2400,2600,2800,2900,3100,3300,3500,3700,4000,4300,4500,64212,1717,2400,2469.2893121426464,5.141700035892427,4536.756900022738,18.953139600074753
1779034176,120,,Aggregated,41.100000,1.400000,2400,2600,2800,2900,3100,3300,3500,3700,4000,4300,4500,64259,1717,2400,2469.6282908853764,5.141700035892427,4536.756900022738,18.9536251731275
1779034177,120,,Aggregated,39.900000,1.400000,2400,2600,2800,2900,3100,3300,3500,3700,4000,4300,4500,64299,1717,2400,2469.810948492257,5.141700035892427,4536.756900022738,18.95435387797633
1779034178,120,,Aggregated,40.000000,1.300000,2400,2600,2800,2900,3100,3300,3500,3700,4000,4300,4500,64356,1722,2400,2469.8251421390964,5.141700035892427,4536.756900022738,18.955186773572006
1779034179,120,,Aggregated,41.100000,1.000000,2400,2600,2800,2900,3100,3300,3500,3700,4000,4300,4500,64391,1722,2400,2469.6358837897183,5.141700035892427,4536.756900022738,18.95513348138715
1779034180,120,,Aggregated,39.900000,0.900000,2400,2600,2800,2900,3100,3300,3500,3700,4000,4300,4500,64432,1723,2400,2469.5603293721133,5.141700035892427,4536.756900022738,18.954494661037995
1779034181,120,,Aggregated,40.500000,1.100000,2400,2600,2800,2900,3100,3300,3500,3700,4000,4300,4500,64484,1726,2400,2469.347815020844,5.141700035892427,4536.756900022738,18.954035109484522
1779034182,120,,Aggregated,40.200000,0.900000,2400,2600,2800,2900,3100,3300,3500,3700,4000,4300,4500,64533,1728,2400,2469.1217223421218,5.141700035892427,4536.756900022738,18.955402662203834
1779034183,120,,Aggregated,41.300000,1.100000,2400,2600,2800,2900,3100,3300,3500,3700,4000,4300,4500,64582,1731,2400,2468.7747771376585,5.141700035892427,4536.756900022738,18.95704685516088
1779034184,120,,Aggregated,42.600000,1.200000,2400,2600,2800,2900,3100,3300,3500,3700,4000,4300,4500,64638,1733,2400,2468.365339062228,5.141700035892427,4536.756900022738,18.957176892849407
1779034185,120,,Aggregated,42.500000,1.500000,2400,2600,2800,2900,3100,3300,3500,3700,4000,4300,4500,64687,1734,2400,2467.9782370291446,5.141700035892427,4536.756900022738,18.957843152410838
1779034186,120,,Aggregated,44.100000,1.500000,2400,2600,2800,2900,3100,3300,3500,3700,4000,4300,4500,64732,1736,2400,2467.629611859736,5.141700035892427,4536.756900022738,18.957748872273374
1779034187,120,,Aggregated,46.400000,1.700000,2400,2600,2800,2900,3100,3300,3500,3700,4000,4300,4500,64782,1736,2400,2467.3327938888033,5.141700035892427,4536.756900022738,18.95767342780402
1779034188,120,,Aggregated,47.100000,1.700000,2400,2600,2800,2900,3100,3300,3500,3700,4000,4300,4500,64823,1736,2400,2467.1156781929944,5.141700035892427,4536.756900022738,18.95734538666831
1779034189,120,,Aggregated,47.400000,1.900000,2400,2600,2800,2900,3100,3300,3500,3700,4000,4300,4500,64871,1737,2400,2466.8665952552665,5.141700035892427,4536.756900022738,18.957315287262414
1779034190,120,,Aggregated,47.900000,1.800000,2400,2600,2800,2900,3100,3300,3500,3700,4000,4300,4500,64921,1739,2400,2466.620381291175,5.141700035892427,4536.756900022738,18.957240338257268
1779034191,120,,Aggregated,47.400000,1.500000,2400,2600,2700,2900,3100,3300,3500,3700,4000,4300,4500,64958,1739,2400,2466.4769074525757,5.141700035892427,4536.756900022738,18.956494965978017
1779034192,120,,Aggregated,48.700000,1.500000,2400,2600,2700,2900,3100,3300,3500,3700,4000,4300,4500,65001,1741,2400,2466.462774946603,5.141700035892427,4536.756900022738,18.956585283303333
1779034193,120,,Aggregated,47.900000,1.400000,2400,2600,2700,2900,3100,3300,3500,3700,4000,4300,4500,65050,1744,2400,2466.4637181430326,5.141700035892427,4536.756900022738,18.9569715603382
1779034194,120,,Aggregated,46.200000,1.300000,2400,2600,2700,2900,3100,3300,3500,3700,4000,4300,4500,65082,1745,2400,2466.43719247725,5.141700035892427,4536.756900022738,18.95671614271227
1779034195,120,,Aggregated,45.900000,1.200000,2400,2600,2700,2900,3100,3300,3500,3700,4000,4300,4500,65134,1747,2400,2466.3319701968894,5.141700035892427,4536.756900022738,18.957042404888384
1779034196,120,,Aggregated,44.700000,1.300000,2400,2600,2700,2900,3100,3300,3500,3700,4000,4300,4500,65175,1748,2400,2466.2450362931195,5.141700035892427,4536.756900022738,18.95637897967012
1779034197,120,,Aggregated,43.600000,1.100000,2400,2600,2700,2900,3100,3300,3500,3700,4000,4300,4500,65228,1750,2400,2466.0970742059194,5.141700035892427,4536.756900022738,18.95669037836512
1779034198,120,,Aggregated,44.600000,1.300000,2400,2600,2700,2900,3100,3300,3500,3700,4000,4300,4500,65275,1756,2400,2465.798228392247,5.141700035892427,4536.756900022738,18.956905400229797
1779034199,120,,Aggregated,44.600000,1.400000,2400,2600,2700,2900,3100,3300,3500,3700,4000,4300,4500,65339,1760,2400,2465.313762538512,5.141700035892427,4536.756900022738,18.957697546641363
1779034200,120,,Aggregated,44.400000,1.800000,2400,2600,2700,2900,3100,3300,3500,3700,4000,4300,4500,65387,1762,2400,2464.888338247722,5.141700035892427,4536.756900022738,18.958019178124093
1779034201,120,,Aggregated,44.500000,2.100000,2400,2600,2700,2900,3100,3300,3500,3700,4000,4300,4500,65433,1762,2400,2464.5011380038154,5.141700035892427,4536.756900022738,18.957941711368882
1779034202,120,,Aggregated,44.900000,2.400000,2400,2600,2700,2900,3100,3300,3500,3700,4000,4300,4500,65476,1763,2400,2464.136604820145,5.141700035892427,4536.756900022738,18.95825951493677
1779034203,120,,Aggregated,45.900000,2.300000,2400,2600,2700,2900,3100,3300,3500,3700,4000,4300,4500,65530,1766,2400,2463.8378786129074,5.141700035892427,4536.756900022738,18.95780558522814
1779034204,120,,Aggregated,48.000000,2.300000,2400,2600,2700,2900,3100,3300,3500,3700,4000,4300,4500,65573,1766,2400,2463.5798890138262,5.141700035892427,4536.756900022738,18.95893126744239
1779034205,120,,Aggregated,48.400000,2.200000,2400,2600,2700,2900,3100,3300,3500,3700,4000,4300,4500,65617,1766,2400,2463.392615325355,5.141700035892427,4536.756900022738,18.958013929317097
1779034206,120,,Aggregated,48.400000,2.100000,2400,2600,2700,2900,3100,3300,3500,3700,4000,4300,4500,65664,1766,2400,2463.2168317099695,5.141700035892427,4536.756900022738,18.95860745614035
1779034207,120,,Aggregated,49.400000,2.100000,2400,2600,2700,2900,3100,3300,3500,3700,4000,4300,4500,65715,1769,2400,2462.9557986335462,5.141700035892427,4536.756900022738,18.958776535037664
1779034208,120,,Aggregated,47.800000,1.900000,2400,2600,2700,2800,3100,3300,3500,3700,4000,4300,4500,65767,1770,2400,2462.6225228838684,5.141700035892427,4536.756900022738,18.957988048717443
1779034209,120,,Aggregated,48.200000,1.800000,2400,2600,2700,2800,3100,3300,3500,3700,4000,4300,4500,65820,1772,2400,2462.2437079170954,5.141700035892427,4536.756900022738,18.95896384077788
1779034210,120,,Aggregated,48.900000,1.600000,2400,2600,2700,2800,3100,3300,3500,3700,4000,4300,4500,65866,1773,2400,2461.9890902119946,5.141700035892427,4536.756900022738,18.95832447696839
1779034211,120,,Aggregated,48.500000,1.200000,2400,2600,2700,2800,3100,3300,3500,3700,4000,4300,4500,65904,1773,2400,2461.803198875688,5.141700035892427,4536.756900022738,18.95704357853848
1779034212,120,,Aggregated,48.300000,1.200000,2400,2600,2700,2800,3100,3300,3500,3700,4000,4300,4500,65942,1774,2400,2461.6519438764885,5.141700035892427,4536.756900022738,18.957159321828275
1779034213,120,,Aggregated,48.000000,1.100000,2400,2600,2700,2800,3100,3300,3500,3700,4000,4300,4500,65991,1776,2400,2461.627374886023,5.141700035892427,4536.756900022738,18.95670621751451
1779034214,120,,Aggregated,46.800000,1.100000,2400,2600,2700,2800,3100,3300,3500,3700,4000,4300,4500,66036,1780,2400,2461.6019938094905,5.141700035892427,4536.756900022738,18.95772003149797
1779034215,120,,Aggregated,45.700000,0.900000,2400,2600,2700,2800,3100,3300,3500,3700,4000,4300,4500,66080,1780,2400,2461.491478612342,5.141700035892427,4536.756900022738,18.95673426150121
1779034216,120,,Aggregated,46.000000,1.100000,2400,2600,2700,2800,3100,3300,3500,3700,4000,4300,4500,66116,1781,2400,2461.384041714616,5.141700035892427,4536.756900022738,18.956803194385625
1779034217,120,,Aggregated,45.700000,1.400000,2400,2600,2700,2800,3100,3300,3500,3700,4000,4300,4500,66169,1782,2400,2461.3287767293396,5.141700035892427,4536.756900022738,18.957019147939366
1779034218,120,,Aggregated,46.200000,1.400000,2400,2600,2700,2800,3100,3300,3500,3700,4000,4300,4500,66211,1782,2400,2461.2607827748216,5.141700035892427,4536.756900022738,18.95680476053828
1779034219,120,,Aggregated,45.200000,1.400000,2400,2600,2700,2800,3100,3300,3500,3700,4000,4300,4500,66263,1783,2400,2461.0335339813146,5.141700035892427,4536.756900022738,18.956868840831234
1779034220,120,,Aggregated,44.100000,1.200000,2400,2600,2700,2800,3100,3300,3500,3700,4000,4300,4500,66308,1786,2400,2460.801793209022,5.141700035892427,4536.756900022738,18.95632502865416
1779034221,120,,Aggregated,44.200000,1.200000,2400,2600,2700,2800,3100,3300,3500,3700,4000,4300,4500,66372,1791,2400,2460.175458723618,5.141700035892427,4536.756900022738,18.95892846381004
1779034222,120,,Aggregated,44.600000,1.100000,2400,2600,2700,2800,3100,3300,3500,3700,4000,4300,4500,66421,1792,2400,2459.6879245766286,5.141700035892427,4536.756900022738,18.95776938016591
1779034223,120,,Aggregated,45.500000,1.400000,2400,2600,2700,2800,3100,3300,3500,3700,4000,4300,4500,66481,1796,2400,2459.1429241648593,5.141700035892427,4536.756900022738,18.958258750620477
1779034224,120,,Aggregated,46.100000,1.800000,2400,2600,2700,2800,3100,3300,3500,3700,4000,4300,4500,66529,1798,2400,2458.7043778638495,5.141700035892427,4536.756900022738,18.95797321468833
1779034225,120,,Aggregated,47.800000,2.000000,2400,2600,2700,2800,3100,3300,3500,3700,4000,4300,4500,66580,1798,2400,2458.207839277616,5.141700035892427,4536.756900022738,18.958005407029138
1779034226,120,,Aggregated,48.900000,2.000000,2400,2600,2700,2800,3100,3300,3500,3700,4000,4300,4500,66629,1798,2400,2457.867128777316,5.141700035892427,4536.756900022738,18.95827642618079
1779034227,120,,Aggregated,49.400000,1.800000,2400,2600,2700,2800,3100,3300,3500,3700,4000,4300,4500,66676,1802,2400,2457.549336939883,5.141700035892427,4536.756900022738,18.958950746895436
1779034228,120,,Aggregated,49.800000,1.800000,2400,2600,2700,2800,3100,3300,3500,3700,4000,4300,4500,66734,1807,2400,2457.17712120064,5.141700035892427,4536.756900022738,18.959286121017772
1779034229,120,,Aggregated,50.300000,1.600000,2400,2600,2700,2800,3100,3300,3500,3700,4000,4300,4500,66780,1807,2400,2456.93747666822,5.141700035892427,4536.756900022738,18.95801138065289
1779034230,120,,Aggregated,51.100000,2.100000,2400,2600,2700,2800,3100,3300,3500,3700,4000,4300,4500,66822,1809,2400,2456.647439003678,5.141700035892427,4536.756900022738,18.959025470653376
1779034231,120,,Aggregated,51.800000,2.500000,2400,2600,2700,2800,3100,3300,3500,3700,4000,4300,4500,66859,1810,2400,2456.5313999671503,5.141700035892427,4536.756900022738,18.960035298164794
1779034232,120,,Aggregated,51.000000,2.400000,2400,2600,2700,2800,3100,3300,3500,3700,4000,4300,4500,66906,1811,2400,2456.4725235614756,5.141700035892427,4536.756900022738,18.95962992855648
1779034233,120,,Aggregated,50.100000,2.200000,2400,2600,2700,2800,3100,3300,3500,3700,4000,4300,4500,66944,1811,2400,2456.464559885935,5.141700035892427,4536.756900022738,18.958861137667306
1779034234,120,,Aggregated,49.100000,1.800000,2400,2600,2700,2800,3100,3300,3500,3700,4000,4300,4500,66981,1811,2400,2456.513849612637,5.141700035892427,4536.756900022738,18.958182171063434
1779034235,120,,Aggregated,47.600000,1.700000,2400,2600,2700,2800,3100,3300,3500,3700,4000,4300,4500,67027,1812,2400,2456.5201340564818,5.141700035892427,4536.756900022738,18.957912483029226
1779034236,120,,Aggregated,45.500000,1.400000,2400,2600,2700,2800,3100,3300,3500,3700,4000,4300,4500,67077,1817,2400,2456.445941695424,5.141700035892427,4536.756900022738,18.95956885370544
1779034237,120,,Aggregated,45.400000,1.300000,2400,2600,2700,2800,3100,3300,3500,3700,4000,4300,4500,67125,1820,2400,2456.1755300633763,5.141700035892427,4536.756900022738,18.961743016759776
1779034238,120,,Aggregated,45.100000,1.500000,2400,2600,2700,2800,3100,3300,3500,3700,4000,4300,4500,67173,1822,2400,2455.9560880547856,5.141700035892427,4536.756900022738,18.96111532907567
1779034239,120,,Aggregated,45.000000,2.000000,2400,2600,2700,2800,3100,3300,3500,3700,4000,4300,4500,67239,1826,2400,2455.3861216095474,5.141700035892427,4536.756900022738,18.962432516842902
1779034240,120,,Aggregated,44.500000,1.800000,2400,2600,2700,2800,3100,3300,3500,3700,4000,4300,4500,67294,1828,2400,2454.7763652228177,5.141700035892427,4536.756900022738,18.962225458436116
1779034241,120,,Aggregated,45.200000,1.600000,2400,2600,2700,2800,3100,3300,3500,3700,4000,4300,4500,67343,1830,2400,2454.195049062329,5.141700035892427,4536.756900022738,18.963247850556108
1779034242,120,,Aggregated,46.500000,1.900000,2400,2600,2700,2800,3100,3300,3500,3700,4000,4300,4500,67396,1833,2400,2453.7192663897617,5.141700035892427,4536.756900022738,18.963158050922903
1779034243,120,,Aggregated,46.400000,1.900000,2400,2600,2700,2800,3100,3300,3500,3700,4000,4300,4500,67448,1834,2400,2453.3332324932435,5.141700035892427,4536.756900022738,18.962563752816983
1779034244,120,,Aggregated,47.900000,2.100000,2400,2600,2700,2800,3100,3300,3500,3700,4000,4300,4500,67488,1835,2400,2453.021395468887,5.141700035892427,4536.756900022738,18.96356389284021
1779034245,120,,Aggregated,49.100000,2.200000,2400,2600,2700,2800,3100,3300,3500,3700,4000,4300,4500,67546,1838,2400,2452.5910693824094,5.141700035892427,4536.756900022738,18.96494240961715
1779034246,120,,Aggregated,50.600000,2.300000,2400,2600,2700,2800,3100,3300,3500,3700,4000,4300,4500,67579,1839,2400,2452.51414238157,5.141700035892427,4536.756900022738,18.965359061246836
1779034247,120,,Aggregated,50.700000,2.700000,2400,2600,2700,2800,3100,3300,3500,3700,4000,4300,4500,67630,1841,2400,2452.31361912914,5.141700035892427,4536.756900022738,18.966094928286264
1779034248,120,,Aggregated,50.700000,2.500000,2400,2600,2700,2800,3100,3300,3500,3700,4000,4300,4500,67672,1841,2400,2452.3021577876216,5.141700035892427,4536.756900022738,18.9664115143634
1779034249,120,,Aggregated,50.100000,2.300000,2400,2600,2700,2800,3100,3300,3500,3700,4000,4300,4500,67720,1842,2400,2452.087849766743,5.141700035892427,4536.756900022738,18.967660956881275
1779034250,120,,Aggregated,50.000000,2.000000,2400,2600,2700,2800,3100,3300,3500,3700,4000,4300,4500,67763,1843,2400,2451.968635364487,5.141700035892427,4536.756900022738,18.96704691350737
1779034251,120,,Aggregated,49.200000,1.800000,2400,2600,2700,2800,3100,3300,3500,3700,4000,4300,4500,67807,1844,2400,2451.901265322218,5.141700035892427,4536.756900022738,18.96664061232616
1779034252,120,,Aggregated,47.400000,1.500000,2400,2600,2700,2800,3100,3300,3500,3700,4000,4300,4500,67844,1846,2400,2451.901807601318,5.141700035892427,4536.756900022738,18.9657891633748
1779034253,120,,Aggregated,47.000000,1.500000,2400,2600,2700,2800,3100,3300,3500,3700,4000,4300,4500,67885,1846,2400,2451.8744913295095,5.141700035892427,4536.756900022738,18.966045518155706
1779034254,120,,Aggregated,45.900000,1.500000,2400,2600,2700,2800,3100,3300,3500,3700,4000,4300,4500,67937,1847,2400,2451.8171957799673,5.141700035892427,4536.756900022738,18.964864506822497
1779034255,120,,Aggregated,44.600000,1.300000,2400,2600,2700,2800,3100,3300,3500,3700,4000,4300,4500,67991,1848,2400,2451.4662169772987,5.141700035892427,4536.756900022738,18.96623082466797
1779034256,120,,Aggregated,44.200000,1.300000,2400,2600,2700,2800,3100,3300,3500,3700,4000,4300,4500,68034,1850,2400,2451.2275832760574,5.141700035892427,4536.756900022738,18.966163976835112
1779034257,120,,Aggregated,44.700000,1.000000,2400,2600,2700,2800,3100,3300,3500,3700,4000,4300,4500,68088,1853,2400,2450.9314734270815,5.141700035892427,4536.756900022738,18.9654417812243
1779034258,120,,Aggregated,44.400000,1.000000,2400,2600,2700,2800,3100,3300,3500,3700,4000,4300,4500,68130,1854,2400,2450.63606792166,5.141700035892427,4536.756900022738,18.96563921913988
1779034259,120,,Aggregated,45.200000,1.000000,2400,2600,2700,2800,3100,3300,3500,3700,4000,4300,4500,68185,1856,2400,2450.3636036650632,5.141700035892427,4536.756900022738,18.96606291706387
1779034260,120,,Aggregated,45.600000,1.200000,2400,2600,2700,2800,3100,3300,3500,3700,4000,4300,4500,68220,1859,2400,2450.1865599472653,5.141700035892427,4536.756900022738,18.96610964526532
1779034261,120,,Aggregated,45.300000,1.500000,2400,2600,2700,2800,3100,3300,3500,3700,4000,4300,4500,68273,1859,2400,2449.979156498212,5.141700035892427,4536.756900022738,18.96650213114994
1779034262,120,,Aggregated,46.400000,1.500000,2400,2600,2700,2800,3100,3300,3500,3700,4000,4300,4500,68317,1860,2400,2449.8360184507887,5.141700035892427,4536.756900022738,18.966377329215277
1779034263,120,,Aggregated,46.600000,1.600000,2400,2600,2700,2800,3100,3300,3500,3700,4000,4300,4500,68356,1861,2400,2449.7555145313167,5.141700035892427,4536.756900022738,18.966118555796125
1779034264,120,,Aggregated,46.200000,1.300000,2400,2600,2700,2800,3100,3300,3500,3700,4000,4300,4500,68389,1863,2400,2449.8044902733295,5.141700035892427,4536.756900022738,18.965740104402755
1779034265,120,,Aggregated,46.600000,1.400000,2400,2600,2700,2800,3100,3300,3500,3700,4000,4300,4500,68447,1866,2400,2449.7383467909895,5.141700035892427,4536.756900022738,18.967536926380994
1779034266,120,,Aggregated,46.500000,1.400000,2400,2600,2700,2800,3100,3300,3500,3700,4000,4300,4500,68505,1867,2400,2449.2945903233767,5.141700035892427,4536.756900022738,18.967549813882197
1779034267,120,,Aggregated,44.400000,1.600000,2400,2600,2700,2800,3100,3300,3500,3700,4000,4300,4500,68551,1867,2400,2448.94408822925,5.141700035892427,4536.756900022738,18.966389987016967
1779034268,120,,Aggregated,46.600000,1.800000,2400,2600,2700,2800,3100,3300,3500,3700,4000,4300,4500,68606,1870,2400,2448.5246825627937,5.141700035892427,4536.756900022738,18.966650147217443
1779034269,120,,Aggregated,46.700000,1.600000,2400,2600,2700,2800,3100,3300,3500,3700,4000,4300,4500,68652,1870,2400,2448.259505127354,5.141700035892427,4536.756900022738,18.96565285789198
1779034270,120,,Aggregated,46.800000,1.500000,2400,2600,2700,2800,3100,3300,3500,3700,4000,4300,4500,68700,1870,2400,2447.8914393726786,5.141700035892427,4536.756900022738,18.966768558951966
1779034271,120,,Aggregated,47.100000,1.400000,2400,2600,2700,2800,3100,3300,3500,3700,4000,4300,4500,68747,1871,2400,2447.6075046766136,5.141700035892427,4536.756900022738,18.966747639897015
1779034272,120,,Aggregated,46.200000,1.300000,2400,2600,2700,2800,3100,3300,3500,3700,4000,4300,4500,68795,1873,2400,2447.359900402694,5.141700035892427,4536.756900022738,18.96687259248492
1779034273,120,,Aggregated,47.600000,1.100000,2400,2600,2700,2800,3100,3300,3500,3700,4000,4300,4500,68837,1873,2400,2447.148077900013,5.141700035892427,4536.756900022738,18.967575577087903
1779034274,120,,Aggregated,47.700000,1.300000,2400,2600,2700,2800,3100,3300,3500,3700,4000,4300,4500,68872,1873,2400,2447.1798089978975,5.141700035892427,4536.756900022738,18.96666279474968
1779034275,120,,Aggregated,48.100000,1.300000,2400,2600,2700,2800,3100,3300,3500,3700,4000,4300,4500,68913,1873,2400,2447.2210428932613,5.141700035892427,4536.756900022738,18.966174742066084
1779034276,120,,Aggregated,47.400000,1.200000,2400,2600,2700,2800,3100,3300,3500,3700,4000,4300,4500,68959,1873,2400,2447.351626595562,5.141700035892427,4536.756900022738,18.96518220971882
1779034277,120,,Aggregated,47.700000,0.900000,2400,2600,2700,2800,3100,3300,3500,3700,4000,4300,4500,69015,1876,2400,2447.144091664181,5.141700035892427,4536.756900022738,18.967224516409477
1779034278,120,,Aggregated,45.300000,0.700000,2400,2600,2700,2800,3100,3300,3500,3700,4000,4300,4500,69066,1878,2400,2446.818124588126,5.141700035892427,4536.756900022738,18.96776995916949
1779034279,120,,Aggregated,45.600000,0.800000,2400,2600,2700,2800,3100,3300,3500,3700,4000,4300,4500,69115,1880,2400,2446.450889663652,5.141700035892427,4536.756900022738,18.967734934529407
1779034280,120,,Aggregated,45.500000,0.800000,2400,2600,2700,2800,3100,3300,3500,3700,4000,4300,4500,69182,1884,2400,2445.79967983729,5.141700035892427,4536.756900022738,18.9688502789743
1779034281,120,,Aggregated,45.300000,0.800000,2400,2600,2700,2800,3100,3300,3500,3700,4000,4300,4500,69237,1885,2400,2445.050318043869,5.141700035892427,4536.756900022738,18.969756055288357
1779034282,120,,Aggregated,46.000000,1.000000,2400,2600,2700,2800,3100,3300,3500,3700,4000,4300,4500,69281,1885,2400,2444.6543785093104,5.141700035892427,4536.756900022738,18.96950101759501
1779034283,120,,Aggregated,47.400000,1.400000,2400,2600,2700,2800,3100,3300,3500,3700,4000,4300,4500,69330,1889,2400,2444.339677650416,5.141700035892427,4536.756900022738,18.96991201500072
1779034284,120,,Aggregated,48.600000,1.300000,2400,2600,2700,2800,3100,3300,3500,3700,4000,4300,4500,69375,1893,2400,2444.1095633427512,5.141700035892427,4536.756900022738,18.969744144144144
1779034285,120,,Aggregated,48.800000,1.300000,2400,2600,2700,2800,3100,3300,3500,3700,4000,4300,4500,69425,1893,2400,2443.9438907627386,5.141700035892427,4536.756900022738,18.96990997479294
1779034286,120,,Aggregated,50.000000,1.600000,2400,2600,2700,2800,3100,3300,3500,3700,4000,4300,4500,69476,1894,2400,2443.6308764437053,5.141700035892427,4536.756900022738,18.97059416201278
1779034287,120,,Aggregated,50.200000,2.000000,2400,2600,2700,2800,3100,3300,3500,3700,4000,4300,4500,69527,1896,2400,2443.2961825291313,5.141700035892427,4536.756900022738,18.971090367770795
1779034288,120,,Aggregated,51.300000,2.000000,2400,2600,2700,2800,3100,3300,3500,3700,4000,4300,4500,69571,1898,2400,2443.077744672395,5.141700035892427,4536.756900022738,18.970490577970708
1779034289,120,,Aggregated,50.700000,1.900000,2400,2600,2700,2800,3100,3300,3500,3700,4000,4300,4500,69618,1899,2400,2442.881644265901,5.141700035892427,4536.756900022738,18.971013243701343
1779034290,120,,Aggregated,51.400000,2.000000,2400,2600,2700,2800,3100,3300,3500,3700,4000,4300,4500,69669,1902,2400,2442.6060322769604,5.141700035892427,4536.756900022738,18.971622959996555
1779034291,120,,Aggregated,50.900000,2.000000,2400,2600,2700,2800,3100,3300,3500,3700,4000,4300,4500,69720,1902,2400,2442.250222749616,5.141700035892427,4536.756900022738,18.971328169822147
1779034292,120,,Aggregated,50.100000,1.900000,2400,2600,2700,2800,3100,3300,3500,3700,4000,4300,4500,69761,1904,2400,2441.983431779982,5.141700035892427,4536.756900022738,18.970771634580927
1779034293,120,,Aggregated,48.200000,1.800000,2400,2600,2700,2800,3100,3300,3500,3700,4000,4300,4500,69803,1906,2400,2441.902309936584,5.141700035892427,4536.756900022738,18.96991533315187
1779034295,120,,Aggregated,47.900000,1.700000,2400,2600,2700,2800,3100,3300,3500,3700,4000,4300,4500,69858,1907,2400,2441.8331711386436,5.141700035892427,4536.756900022738,18.9711557731398
1779034296,120,,Aggregated,47.100000,1.800000,2400,2600,2700,2800,3100,3300,3500,3700,4000,4300,4500,69910,1908,2400,2441.5115628279746,5.141700035892427,4536.756900022738,18.972149907023315
1779034297,120,,Aggregated,47.800000,1.400000,2400,2600,2700,2800,3100,3300,3500,3700,4000,4300,4500,69957,1908,2400,2441.169576199717,5.141700035892427,4536.756900022738,18.97251168574982
1779034298,120,,Aggregated,47.800000,1.400000,2400,2600,2700,2800,3100,3300,3500,3700,4000,4300,4500,70000,1912,2400,2440.9209999457694,5.141700035892427,4536.756900022738,18.97337142857143
1779034299,120,,Aggregated,48.200000,1.500000,2400,2600,2700,2800,3100,3300,3500,3700,4000,4300,4500,70044,1913,2400,2440.8973419879485,5.141700035892427,4536.756900022738,18.972831363143168
1779034300,120,,Aggregated,47.600000,1.400000,2400,2600,2700,2800,3100,3300,3500,3700,4000,4300,4500,70082,1916,2400,2440.9277072544137,5.141700035892427,4536.756900022738,18.973202819554235
1779034301,120,,Aggregated,46.900000,1.500000,2400,2600,2700,2800,3100,3300,3500,3700,4000,4300,4500,70120,1916,2400,2440.971347415917,5.141700035892427,4536.756900022738,18.972746719908727
1779034302,120,,Aggregated,46.400000,1.700000,2400,2600,2700,2800,3100,3300,3500,3700,4000,4300,4500,70162,1916,2400,2440.9638833072613,5.141700035892427,4536.756900022738,18.97199338673356
1779034303,120,,Aggregated,44.700000,1.400000,2400,2600,2700,2800,3100,3300,3500,3700,4000,4300,4500,70215,1918,2400,2440.858198610041,5.141700035892427,4536.756900022738,18.973054190699994
1779034304,120,,Aggregated,44.100000,1.400000,2400,2600,2700,2800,3100,3300,3500,3700,4000,4300,4500,70268,1919,2400,2440.658855796436,5.141700035892427,4536.756900022738,18.9719787100814
1779034305,120,,Aggregated,44.100000,1.400000,2400,2600,2700,2800,3100,3300,3500,3700,4000,4300,4500,70305,1920,2400,2440.4090356561305,5.141700035892427,4536.756900022738,18.9721499182135
1779034306,120,,Aggregated,46.300000,1.300000,2400,2600,2700,2800,3100,3300,3500,3700,4000,4300,4500,70348,1920,2400,2440.2934481990183,5.141700035892427,4536.756900022738,18.971129243190994
1779034307,120,,Aggregated,46.300000,1.300000,2400,2600,2700,2800,3100,3300,3500,3700,4000,4300,4500,70397,1922,2400,2440.2312209810725,5.141700035892427,4536.756900022738,18.970950466639202
1779034308,120,,Aggregated,43.600000,1.200000,2400,2600,2700,2800,3100,3300,3500,3700,4000,4300,4500,70448,1925,2400,2440.0309783259204,5.141700035892427,4536.756900022738,18.97151090165796
1779034309,120,,Aggregated,44.300000,1.400000,2400,2600,2700,2800,3100,3300,3500,3700,4000,4300,4500,70493,1927,2400,2439.8668894004304,5.141700035892427,4536.756900022738,18.970734682876316
1779034310,120,,Aggregated,44.500000,1.200000,2400,2600,2700,2800,3100,3300,3500,3700,4000,4300,4500,70538,1929,2400,2439.672442357375,5.141700035892427,4536.756900022738,18.969931100966853
1779034311,120,,Aggregated,44.800000,1.400000,2400,2600,2700,2800,3100,3300,3500,3700,4000,4300,4500,70586,1929,2400,2439.473732418674,5.141700035892427,4536.756900022738,18.969484033661065
1779034312,120,,Aggregated,45.400000,1.300000,2400,2600,2700,2800,3100,3300,3500,3700,4000,4300,4500,70637,1930,2400,2439.3173598751973,5.141700035892427,4536.756900022738,18.969406968019594
1779034313,120,,Aggregated,46.700000,1.300000,2400,2600,2700,2800,3100,3300,3500,3700,4000,4300,4500,70688,1930,2400,2438.9742433992255,5.141700035892427,4536.756900022738,18.970037347215936
1779034314,120,,Aggregated,47.300000,1.400000,2400,2600,2700,2800,3100,3300,3500,3700,4000,4300,4500,70730,1930,2400,2438.7873284745415,5.141700035892427,4536.756900022738,18.968909939205428
1779034315,120,,Aggregated,46.900000,1.200000,2400,2600,2700,2800,3100,3300,3500,3700,4000,4300,4500,70773,1932,2400,2438.5858586297613,5.141700035892427,4536.756900022738,18.968942958472866
1779034316,120,,Aggregated,45.800000,1.100000,2400,2600,2700,2800,3100,3300,3500,3700,4000,4300,4500,70835,1934,2400,2438.3074368716652,5.141700035892427,4536.756900022738,18.970438342627233
1779034317,120,,Aggregated,46.500000,1.200000,2400,2600,2700,2800,3100,3300,3500,3700,4000,4300,4500,70876,1934,2400,2438.0638648330073,5.141700035892427,4536.756900022738,18.969129183362494
1779034318,120,,Aggregated,48.400000,1.400000,2400,2600,2700,2800,3100,3300,3500,3700,4000,4300,4500,70917,1935,2400,2437.9627461413243,5.141700035892427,4536.756900022738,18.9682586685844
1779034319,120,,Aggregated,47.600000,1.200000,2400,2600,2700,2800,3100,3300,3500,3700,4000,4300,4500,70967,1936,2400,2437.868843618926,5.141700035892427,4536.756900022738,18.969436498654304
1779034320,120,,Aggregated,46.500000,1.100000,2400,2600,2700,2800,3100,3300,3500,3700,4000,4300,4500,71014,1938,2400,2437.7023399907694,5.141700035892427,4536.756900022738,18.9689216210888
1779034321,120,,Aggregated,47.000000,0.900000,2400,2600,2700,2800,3100,3300,3500,3700,4000,4300,4500,71068,1942,2400,2437.321102655264,5.141700035892427,4536.756900022738,18.96960657398548
1779034322,120,,Aggregated,46.900000,0.800000,2400,2600,2700,2800,3100,3300,3500,3700,4000,4300,4500,71116,1943,2400,2436.990479364766,5.141700035892427,4536.756900022738,18.969795826536927
1779034323,120,,Aggregated,47.400000,1.200000,2400,2600,2700,2800,3100,3300,3500,3700,4000,4300,4500,71156,1945,2400,2436.8284915383774,5.141700035892427,4536.756900022738,18.969447411321603
1779034324,120,,Aggregated,47.600000,1.300000,2400,2600,2700,2800,3100,3300,3500,3700,4000,4300,4500,71193,1945,2400,2436.7589747728666,5.141700035892427,4536.756900022738,18.969336873007176
1779034325,120,,Aggregated,46.400000,1.500000,2400,2600,2700,2800,3100,3300,3500,3700,4000,4300,4500,71230,1946,2400,2436.8308085835297,5.141700035892427,4536.756900022738,18.96855257616173
1779034326,120,,Aggregated,46.600000,1.500000,2400,2600,2700,2800,3100,3300,3500,3700,4000,4300,4500,71282,1948,2400,2436.8943666396162,5.141700035892427,4536.756900022738,18.968351056367666
1779034327,120,,Aggregated,45.300000,1.400000,2400,2600,2700,2800,3100,3300,3500,3700,4000,4300,4500,71329,1950,2400,2436.7136747508735,5.141700035892427,4536.756900022738,18.968778477197212
1779034328,120,,Aggregated,44.400000,1.400000,2400,2600,2700,2800,3100,3300,3500,3700,4000,4300,4500,71382,1950,2400,2436.3862267266986,5.141700035892427,4536.756900022738,18.9690398139587
1779034329,120,,Aggregated,45.200000,1.600000,2400,2600,2700,2800,3100,3300,3500,3700,4000,4300,4500,71435,1950,2400,2436.0248246504557,5.141700035892427,4536.756900022738,18.968964793168613
1779034330,120,,Aggregated,46.200000,1.500000,2400,2600,2700,2800,3100,3300,3500,3700,4000,4300,4500,71488,1951,2400,2435.5995310682283,5.141700035892427,4536.756900022738,18.968246418979408
1779034331,120,,Aggregated,46.400000,1.400000,2400,2600,2700,2800,3100,3300,3500,3700,4000,4300,4500,71530,1952,2400,2435.3204551363815,5.141700035892427,4536.756900022738,18.967594016496577
1779034332,120,,Aggregated,47.200000,1.300000,2400,2600,2700,2800,3100,3300,3500,3700,4000,4300,4500,71572,1953,2400,2435.151720369769,5.141700035892427,4536.756900022738,18.967780696361707
1779034333,120,,Aggregated,46.700000,1.100000,2400,2600,2700,2800,3100,3300,3500,3700,4000,4300,4500,71615,1953,2400,2435.1450380744996,5.141700035892427,4536.756900022738,18.967450953012637
1779034334,120,,Aggregated,45.500000,1.000000,2400,2600,2700,2800,3100,3300,3500,3700,4000,4300,4500,71654,1954,2400,2435.1186584085367,5.141700035892427,4536.756900022738,18.967636140341085
1779034335,120,,Aggregated,46.100000,0.800000,2400,2600,2700,2800,3100,3300,3500,3700,4000,4300,4500,71698,1954,2400,2435.168611929277,5.141700035892427,4536.756900022738,18.966470473374432
1779034336,120,,Aggregated,45.600000,0.800000,2400,2600,2700,2800,3100,3300,3500,3700,4000,4300,4500,71742,1955,2400,2435.2061079856376,5.141700035892427,4536.756900022738,18.965320175071785
1779034337,120,,Aggregated,47.100000,0.800000,2400,2600,2700,2800,3100,3300,3500,3700,4000,4300,4500,71783,1955,2400,2435.155203663902,5.141700035892427,4536.756900022738,18.96497778025438
1779034338,120,,Aggregated,45.500000,0.700000,2400,2600,2700,2800,3100,3300,3500,3700,4000,4300,4500,71831,1955,2400,2435.1539219126266,5.141700035892427,4536.756900022738,18.965766869457475
1779034339,120,,Aggregated,44.800000,0.500000,2400,2600,2700,2800,3100,3300,3500,3700,4000,4300,4500,71874,1956,2400,2435.0748140232386,5.141700035892427,4536.756900022738,18.96585691627014
1779034340,120,,Aggregated,44.500000,0.500000,2400,2600,2700,2800,3100,3300,3500,3700,4000,4300,4500,71925,1959,2400,2434.870514502695,5.141700035892427,4536.756900022738,18.965936739659366
1779034341,120,,Aggregated,43.700000,0.500000,2400,2600,2700,2800,3100,3300,3500,3700,4000,4300,4500,71967,1959,2400,2434.657562774689,5.141700035892427,4536.756900022738,18.965345227673794
1779034342,120,,Aggregated,43.200000,0.800000,2400,2600,2700,2800,3100,3300,3500,3700,4000,4300,4500,72017,1960,2400,2434.45055688249,5.141700035892427,4536.756900022738,18.964189010927974
1779034343,120,,Aggregated,43.200000,0.700000,2400,2600,2700,2800,3100,3300,3500,3700,4000,4300,4500,72057,1961,2400,2434.3315974979027,5.141700035892427,4536.756900022738,18.963639896193293
1779034344,120,,Aggregated,43.900000,0.700000,2400,2600,2700,2800,3100,3300,3500,3700,4000,4300,4500,72106,1962,2400,2434.1450961501987,5.141700035892427,4536.756900022738,18.963553657115913
1779034345,120,,Aggregated,44.000000,0.800000,2400,2600,2700,2800,3100,3300,3500,3700,4000,4300,4500,72149,1963,2400,2434.012282195265,5.141700035892427,4536.756900022738,18.963519937906277
1779034346,120,,Aggregated,44.800000,0.900000,2400,2600,2700,2800,3100,3300,3500,3700,4000,4300,4500,72203,1965,2400,2433.785356313534,5.141700035892427,4536.756900022738,18.964807556472724
1779034347,120,,Aggregated,44.300000,0.800000,2400,2600,2700,2800,3100,3300,3500,3700,4000,4300,4500,72244,1967,2400,2433.6368568214107,5.141700035892427,4536.756900022738,18.96529815624827
1779034348,120,,Aggregated,46.000000,0.900000,2400,2600,2700,2800,3100,3300,3500,3700,4000,4300,4500,72285,1969,2400,2433.5485380771415,5.141700035892427,4536.756900022738,18.96509649304835
1779034349,120,,Aggregated,45.400000,1.100000,2400,2600,2700,2800,3100,3300,3500,3700,4000,4300,4500,72322,1971,2400,2433.553228367662,5.141700035892427,4536.756900022738,18.964505959459085
1779034350,120,,Aggregated,45.300000,1.300000,2400,2600,2700,2800,3100,3300,3500,3700,4000,4300,4500,72365,1972,2400,2433.594972314051,5.141700035892427,4536.756900022738,18.963849927451115
1779034351,120,,Aggregated,45.100000,1.600000,2400,2600,2700,2800,3100,3300,3500,3700,4000,4300,4500,72410,1974,2400,2433.5581877075847,5.141700035892427,4536.756900022738,18.96354094738296
1779034352,120,,Aggregated,44.200000,1.400000,2400,2600,2700,2800,3100,3300,3500,3700,4000,4300,4500,72455,1975,2400,2433.603614534626,5.141700035892427,4536.756900022738,18.962224829204334
1779034353,120,,Aggregated,43.800000,1.400000,2400,2600,2700,2800,3100,3300,3500,3700,4000,4300,4500,72499,1975,2400,2433.4683957889924,5.141700035892427,4536.756900022738,18.963516738161907
1779034354,120,,Aggregated,43.200000,1.500000,2400,2600,2700,2800,3100,3300,3500,3700,4000,4300,4500,72538,1976,2400,2433.3990829703857,5.141700035892427,4536.756900022738,18.9631779205382
1779034355,120,,Aggregated,43.800000,1.400000,2400,2600,2700,2800,3100,3300,3500,3700,4000,4300,4500,72578,1977,2400,2433.334965281571,5.141700035892427,4536.756900022738,18.9633222188542
1779034356,120,,Aggregated,43.400000,1.400000,2400,2600,2700,2800,3100,3300,3500,3700,4000,4300,4500,72619,1977,2400,2433.4039592504164,5.141700035892427,4536.756900022738,18.963163910271415
1779034357,120,,Aggregated,42.800000,1.400000,2400,2600,2700,2800,3100,3300,3500,3700,4000,4300,4500,72662,1979,2400,2433.4833277408516,5.141700035892427,4536.756900022738,18.963006798601747
1779034358,120,,Aggregated,42.100000,1.300000,2400,2600,2700,2800,3100,3300,3500,3700,4000,4300,4500,72703,1980,2400,2433.5341844904015,5.141700035892427,4536.756900022738,18.962807587032174
1779034359,120,,Aggregated,42.100000,1.300000,2400,2600,2700,2800,3100,3300,3500,3700,4000,4300,4500,72744,1980,2400,2433.55684508421,5.141700035892427,4536.756900022738,18.962154954360496
1779034360,120,,Aggregated,41.900000,1.200000,2400,2600,2700,2800,3100,3300,3500,3700,4000,4300,4500,72787,1981,2400,2433.566744951784,5.141700035892427,4536.756900022738,18.963001634907332
1779034361,120,,Aggregated,41.700000,0.900000,2400,2600,2700,2800,3100,3300,3500,3700,4000,4300,4500,72826,1981,2400,2433.666177758019,5.141700035892427,4536.756900022738,18.962582044874082
1779034362,120,,Aggregated,41.900000,0.900000,2400,2600,2700,2800,3100,3300,3500,3700,4000,4300,4500,72859,1982,2400,2433.7626074336117,5.141700035892427,4536.756900022738,18.962365665188926
1779034363,120,,Aggregated,41.400000,0.800000,2400,2600,2700,2800,3100,3300,3500,3600,4000,4300,4500,72911,1985,2400,2433.836920040947,5.141700035892427,4536.756900022738,18.963489734059333
1779034364,120,,Aggregated,40.900000,0.600000,2400,2600,2700,2800,3100,3300,3500,3600,4000,4300,4500,72955,1986,2400,2433.817014210207,5.141700035892427,4536.756900022738,18.96400520869029
1779034365,120,,Aggregated,40.300000,0.900000,2400,2600,2700,2800,3100,3300,3500,3600,4000,4300,4500,72991,1986,2400,2433.6310936129903,5.141700035892427,4536.756900022738,18.96439287035388
1779034366,120,,Aggregated,41.000000,1.000000,2400,2600,2700,2800,3100,3300,3500,3600,4000,4300,4500,73034,1986,2400,2433.6157512666127,5.141700035892427,4536.756900022738,18.9644412191582
1779034367,120,,Aggregated,41.800000,1.000000,2400,2600,2700,2800,3100,3300,3500,3600,4000,4300,4500,73079,1986,2400,2433.5555088781457,5.141700035892427,4536.756900022738,18.96464100493986
1779034368,120,,Aggregated,41.300000,0.900000,2400,2600,2700,2800,3100,3300,3500,3600,4000,4300,4500,73125,1986,2400,2433.576032366574,5.141700035892427,4536.756900022738,18.963268376068378
1779034369,120,,Aggregated,41.400000,0.700000,2400,2600,2700,2800,3100,3300,3500,3600,4000,4300,4500,73165,1989,2400,2433.521534638225,5.141700035892427,4536.756900022738,18.962974099637805
1779034370,120,,Aggregated,41.800000,0.600000,2400,2600,2700,2800,3100,3300,3500,3600,4000,4300,4500,73213,1990,2400,2433.41983236045,5.141700035892427,4536.756900022738,18.96245202354773
1779034371,120,,Aggregated,41.900000,0.800000,2400,2600,2700,2800,3100,3300,3500,3600,4000,4300,4500,73260,1992,2400,2433.346416019728,5.141700035892427,4536.756900022738,18.96188916188916
1779034372,120,,Aggregated,43.000000,0.900000,2400,2600,2700,2800,3100,3300,3500,3600,4000,4300,4500,73307,1993,2400,2433.2053689498316,5.141700035892427,4536.756900022738,18.96135430450025
1779034373,120,,Aggregated,42.900000,0.900000,2400,2600,2700,2800,3100,3300,3500,3600,4000,4300,4500,73352,1995,2400,2433.0428230901016,5.141700035892427,4536.756900022738,18.96122805104155
1779034374,120,,Aggregated,44.100000,1.100000,2400,2600,2700,2800,3100,3300,3500,3600,4000,4300,4500,73391,1995,2400,2432.9525634942306,5.141700035892427,4536.756900022738,18.960758131105994
1779034375,120,,Aggregated,44.400000,1.100000,2400,2600,2700,2800,3100,3300,3500,3600,4000,4300,4500,73428,1996,2400,2432.972739674308,5.141700035892427,4536.756900022738,18.960205915999346
1779034376,120,,Aggregated,43.800000,0.900000,2400,2600,2700,2800,3100,3300,3500,3600,4000,4300,4500,73472,1996,2400,2433.052062124416,5.141700035892427,4536.756900022738,18.960733340592334
1779034377,120,,Aggregated,42.700000,0.900000,2400,2600,2700,2800,3100,3300,3500,3600,4000,4300,4500,73518,1997,2400,2433.034209473935,5.141700035892427,4536.756900022738,18.960866726515956
1779034378,120,,Aggregated,43.500000,1.000000,2400,2600,2700,2800,3100,3300,3500,3600,4000,4300,4500,73561,1997,2400,2432.9773136268504,5.141700035892427,4536.756900022738,18.96170525142399
1779034379,120,,Aggregated,44.300000,1.100000,2400,2600,2700,2800,3100,3300,3500,3600,4000,4300,4500,73609,1997,2400,2432.8665023693416,5.141700035892427,4536.756900022738,18.96185249086389
1779034380,120,,Aggregated,43.600000,1.100000,2400,2600,2700,2800,3100,3300,3500,3600,4000,4300,4500,73658,1999,2400,2432.674638901483,5.141700035892427,4536.756900022738,18.961171902576773
1779034381,120,,Aggregated,43.800000,0.900000,2400,2600,2700,2800,3100,3300,3500,3600,4000,4300,4500,73711,1999,2400,2432.34661576163,5.141700035892427,4536.756900022738,18.961349052380243
1779034382,120,,Aggregated,43.900000,0.800000,2400,2600,2700,2800,3100,3300,3500,3600,4000,4300,4500,73775,1999,2400,2431.9920488635084,5.141700035892427,4536.756900022738,18.96169434090139
1779034383,120,,Aggregated,45.100000,0.900000,2400,2600,2700,2800,3100,3300,3500,3600,4000,4300,4500,73817,1999,2400,2431.612441440395,5.141700035892427,4536.756900022738,18.961363913461668
1779034384,120,,Aggregated,45.000000,0.700000,2400,2600,2700,2800,3100,3300,3500,3600,4000,4300,4500,73860,2000,2400,2431.3386162104766,5.141700035892427,4536.756900022738,18.961020850257242
1779034385,120,,Aggregated,46.300000,0.400000,2400,2600,2700,2800,3100,3300,3500,3600,4000,4300,4500,73904,2001,2400,2431.2091221314945,5.141700035892427,4536.756900022738,18.960719311539293
1779034386,120,,Aggregated,46.300000,0.400000,2400,2600,2700,2800,3100,3300,3500,3600,4000,4300,4500,73966,2005,2400,2430.9873032069563,5.141700035892427,4536.756900022738,18.96053592191007
1779034387,120,,Aggregated,47.300000,0.500000,2400,2600,2700,2800,3100,3300,3500,3600,4000,4300,4500,74021,2007,2400,2430.512917210053,5.141700035892427,4536.756900022738,18.961835154888476
1779034388,120,,Aggregated,47.800000,0.600000,2400,2600,2700,2800,3100,3300,3500,3600,4000,4300,4500,74067,2008,2400,2430.1289035900663,5.141700035892427,4536.756900022738,18.96102177757976
1779034389,120,,Aggregated,49.000000,0.800000,2400,2600,2700,2800,3100,3300,3500,3600,4000,4300,4500,74115,2008,2400,2429.7940702098867,5.141700035892427,4536.756900022738,18.96124940970114
1779034390,120,,Aggregated,50.300000,1.000000,2400,2600,2700,2800,3100,3300,3500,3600,4000,4300,4500,74168,2011,2400,2429.550767937732,5.141700035892427,4536.756900022738,18.960913062237083
1779034391,120,,Aggregated,50.800000,1.100000,2400,2600,2700,2800,3100,3300,3500,3600,4000,4300,4500,74214,2012,2400,2429.315726197293,5.141700035892427,4536.756900022738,18.960950764006792
1779034392,120,,Aggregated,50.400000,1.100000,2400,2600,2700,2800,3100,3300,3500,3600,4000,4300,4500,74266,2014,2400,2429.0749673417977,5.141700035892427,4536.756900022738,18.960062478119195
1779034393,120,,Aggregated,49.700000,1.200000,2400,2600,2700,2800,3100,3300,3500,3600,4000,4300,4500,74315,2016,2400,2428.7735069192768,5.141700035892427,4536.756900022738,18.961420978268183
1779034394,120,,Aggregated,50.100000,1.400000,2400,2600,2700,2800,3100,3300,3500,3600,4000,4300,4500,74349,2018,2400,2428.7016160594776,5.141700035892427,4536.756900022738,18.960470214797777
1779034395,120,,Aggregated,49.100000,1.600000,2400,2600,2700,2800,3100,3300,3500,3600,4000,4300,4500,74389,2019,2400,2428.6597365928556,5.141700035892427,4536.756900022738,18.960639341838174
1779034396,120,,Aggregated,48.600000,1.900000,2400,2600,2700,2800,3100,3300,3500,3600,4000,4300,4500,74438,2022,2400,2428.6925490919402,5.141700035892427,4536.756900022738,18.961525027539697
1779034397,120,,Aggregated,48.000000,1.900000,2400,2600,2700,2800,3100,3300,3500,3600,4000,4300,4500,74493,2024,2400,2428.467227889944,5.141700035892427,4536.756900022738,18.962036701435036
1779034398,120,,Aggregated,47.000000,1.800000,2400,2600,2700,2800,3100,3300,3500,3600,4000,4300,4500,74540,2024,2400,2428.205907667097,5.141700035892427,4536.756900022738,18.962248457204186
1779034399,120,,Aggregated,46.300000,1.700000,2400,2600,2700,2800,3100,3300,3500,3600,4000,4300,4500,74590,2024,2400,2427.8802629361244,5.141700035892427,4536.756900022738,18.962313983107656
1779034400,120,,Aggregated,46.400000,1.700000,2400,2600,2700,2800,3100,3300,3500,3600,4000,4300,4500,74639,2025,2400,2427.6050207707153,5.141700035892427,4536.756900022738,18.96229853025898
1779034401,120,,Aggregated,46.400000,1.600000,2400,2600,2700,2800,3100,3300,3500,3600,4000,4300,4500,74700,2026,2400,2427.110238832738,5.141700035892427,4536.756900022738,18.96362784471218
1779034402,120,,Aggregated,46.800000,1.500000,2400,2600,2700,2800,3100,3300,3500,3600,4000,4300,4500,74745,2026,2400,2426.7717737615294,5.141700035892427,4536.756900022738,18.962726603786205
1779034403,120,,Aggregated,47.300000,1.500000,2400,2600,2700,2800,3100,3300,3500,3600,4000,4300,4500,74797,2029,2400,2426.3985066126334,5.141700035892427,4536.756900022738,18.963902295546614
1779034404,120,,Aggregated,47.900000,1.300000,2400,2600,2700,2800,3100,3300,3500,3600,4000,4300,4500,74842,2031,2400,2426.2043128671758,5.141700035892427,4536.756900022738,18.96393736137463
1779034405,120,,Aggregated,47.900000,1.200000,2400,2600,2700,2800,3100,3300,3500,3600,4000,4300,4500,74883,2031,2400,2426.0241266215967,5.141700035892427,4536.756900022738,18.963890335590186
1779034406,120,,Aggregated,48.600000,1.100000,2400,2600,2700,2800,3100,3300,3500,3600,4000,4300,4500,74950,2034,2400,2425.587988050769,5.141700035892427,4536.756900022738,18.96525683789193
1779034407,120,,Aggregated,49.400000,1.200000,2400,2600,2700,2800,3100,3300,3500,3600,4000,4300,4500,75005,2036,2400,2425.1728958003487,5.141700035892427,4536.756900022738,18.96476234917672
1779034408,120,,Aggregated,50.500000,1.300000,2400,2600,2700,2800,3100,3300,3500,3600,4000,4300,4500,75054,2036,2400,2424.701806252894,5.141700035892427,4536.756900022738,18.96518506675194
1779034409,120,,Aggregated,50.500000,1.200000,2400,2600,2700,2800,3100,3300,3500,3600,4000,4300,4500,75110,2040,2400,2424.311966965844,5.141700035892427,4536.756900022738,18.964771668219942
1779034410,120,,Aggregated,51.000000,1.200000,2400,2600,2700,2800,3100,3300,3500,3600,4000,4300,4500,75157,2041,2400,2423.9648043722405,5.141700035892427,4536.756900022738,18.964048591614887
1779034411,120,,Aggregated,51.000000,1.300000,2400,2600,2700,2800,3100,3300,3500,3600,4000,4300,4500,75209,2043,2400,2423.636135820241,5.141700035892427,4536.756900022738,18.96473826270792
1779034412,120,,Aggregated,51.600000,1.600000,2400,2600,2700,2800,3100,3300,3500,3600,4000,4300,4500,75248,2044,2400,2423.4953239156466,5.141700035892427,4536.756900022738,18.963773123538168
